; NUCLEON — 6 ellipses a=20.0 b=12.4, weld=1.0, 12 layers
; PRINTER=k2plus
; MATERIAL=pla
; LAYER_H=0.6
; PRESSED_LAYER1=0.1
; FLOW=36.0
; FLOW_DERATE=bead pinned at the 1.2x0.6 stacking doctrine -> 36 of 55 mm3/s at the 50 north star. Widening the bead is the fix if this part's walls allow it.
; ARGV: nucleon-preview/build.py --variant compact-40
; flow=36.0 mm3/s delivered at 50.0 mm/s (north star), bead 1.2x0.6 = 0.72mm2, requested 55
; predicted junctions/layer = 2*N*(N-1) = 60
; HEADER_BLOCK_START
; total layer number: 12
; HEADER_BLOCK_END
M140 S80
M104 S210
G90
G28
TEMPERATURE_WAIT SENSOR=heater_bed MINIMUM=75 MAXIMUM=85
M109 S210
M204 S8000
M107
; fans OFF through layer 1 (pla); switched on below once it has bonded
M82
G92 E0
G1 Z0.100 F600
G0 F9000 X140.000 Y163.000
G1 E25 F300                      ; ~5s stationary purge — build pressure before moving
G1 F1200 X195.000 Y175.000 E37   ; prime line, ending exactly where the object begins
G92 E0
; BODY_START
; VASE — one continuous extrusion, 6385 points, Z 0.10 -> 7.20, 66 junctions
; continuous from the prime — no reposition
G1 F3000 X194.890 Y176.215 Z0.1009 E0.36513
G1 X194.865 Y176.393 Z0.1010 E0.41888
G1 X194.825 Y176.568 Z0.1012 E0.47263
G1 X194.531 Y177.628 Z0.1020 E0.80196
G1 X194.477 Y177.795 Z0.1021 E0.85468
G1 X194.408 Y177.957 Z0.1022 E0.90740
G1 X193.791 Y179.246 Z0.1033 E1.33497
G1 X192.709 Y180.762 Z0.1047 E1.89256
G1 X191.102 Y182.355 Z0.1063 E2.56979
G1 X189.033 Y183.835 Z0.1082 E3.33133
G1 X186.517 Y185.138 Z0.1103 E4.17957
G1 X183.591 Y186.198 Z0.1126 E5.11111
G1 X180.329 Y186.952 Z0.1151 E6.11323
G1 X176.840 Y187.347 Z0.1177 E7.16451
G1 X173.257 Y187.353 Z0.1203 E8.23693
G1 X169.730 Y186.962 Z0.1230 E9.29922
G1 X166.403 Y186.196 Z0.1255 E10.32104
G1 X163.402 Y185.102 Z0.1278 E11.27710
G1 X160.820 Y183.745 Z0.1300 E12.15040
G1 X158.711 Y182.195 Z0.1319 E12.93394
G1 X157.223 Y180.656 Z0.1335 E13.57473
G1 X157.099 Y180.516 Z0.1337 E13.63067
G1 X156.989 Y180.365 Z0.1338 E13.68661
G1 X156.079 Y178.981 Z0.1350 E14.18238
G1 X155.980 Y178.814 Z0.1352 E14.24041
G1 X155.898 Y178.639 Z0.1353 E14.29843
G1 X155.407 Y177.436 Z0.1363 E14.68735
G1 X155.344 Y177.257 Z0.1364 E14.74411
G1 X155.297 Y177.073 Z0.1365 E14.80086
G1 X155.078 Y175.983 Z0.1374 E15.13375
G1 X155.050 Y175.800 Z0.1375 E15.18928
G1 X155.039 Y175.614 Z0.1376 E15.24480
G1 X155.026 Y174.577 Z0.1384 E15.55535
G1 X155.032 Y174.396 Z0.1385 E15.60972
G1 X155.054 Y174.215 Z0.1387 E15.66409
G1 X155.232 Y173.177 Z0.1395 E15.97938
G1 X155.269 Y173.003 Z0.1396 E16.03267
G1 X155.322 Y172.833 Z0.1397 E16.08596
G1 X155.715 Y171.747 Z0.1406 E16.43179
G1 X155.782 Y171.585 Z0.1407 E16.48410
G1 X155.862 Y171.430 Z0.1408 E16.53641
G1 X156.623 Y170.107 Z0.1420 E16.99331
G1 X157.912 Y168.557 Z0.1434 E17.59681
G1 X159.718 Y167.001 Z0.1452 E18.31023
G1 X161.979 Y165.588 Z0.1472 E19.10831
G1 X164.675 Y164.380 Z0.1494 E19.99276
G1 X167.754 Y163.442 Z0.1517 E20.95626
G1 X171.127 Y162.835 Z0.1543 E21.98225
G1 X174.674 Y162.602 Z0.1569 E23.04618
G1 X178.251 Y162.765 Z0.1596 E24.11817
G1 X181.711 Y163.319 Z0.1621 E25.16682
G1 X184.913 Y164.230 Z0.1646 E26.16347
G1 X187.746 Y165.444 Z0.1669 E27.08602
G1 X190.132 Y166.892 Z0.1689 E27.92158
G1 X191.899 Y168.388 Z0.1707 E28.61441
G1 X192.028 Y168.508 Z0.1708 E28.66736
G1 X192.147 Y168.639 Z0.1709 E28.72030
G1 X193.325 Y170.062 Z0.1723 E29.27327
G1 X193.440 Y170.215 Z0.1724 E29.33042
G1 X193.539 Y170.378 Z0.1726 E29.38757
G1 X194.250 Y171.678 Z0.1737 E29.83138
G1 X194.334 Y171.851 Z0.1738 E29.88887
G1 X194.401 Y172.031 Z0.1739 E29.94637
G1 X194.767 Y173.179 Z0.1748 E30.30710
G1 X194.815 Y173.361 Z0.1750 E30.36333
G1 X194.847 Y173.546 Z0.1751 E30.41957
G1 X194.997 Y174.790 Z0.1760 E30.79476
G1 X195.000 Y175.000 Z0.1762 E30.85748
G1 X194.977 Y175.952 Z0.1769 E31.14243
G1 X194.909 Y176.901 Z0.1776 E31.42737
G1 X194.796 Y177.846 Z0.1783 E31.71232
G1 X194.639 Y178.785 Z0.1790 E31.99726
G1 X194.436 Y179.715 Z0.1797 E32.28221
G1 X194.190 Y180.635 Z0.1804 E32.56715
G1 X193.900 Y181.541 Z0.1811 E32.85210
G1 X193.567 Y182.433 Z0.1818 E33.13704
G1 X193.193 Y183.308 Z0.1825 E33.42199
G1 X192.777 Y184.165 Z0.1832 E33.70693
G1 X191.617 Y185.997 Z0.1848 E34.35596
G1 X191.507 Y186.139 Z0.1850 E34.40971
G1 X191.385 Y186.270 Z0.1851 E34.46346
G1 X190.601 Y187.041 Z0.1859 E34.79279
G1 X190.470 Y187.159 Z0.1860 E34.84551
G1 X190.329 Y187.265 Z0.1862 E34.89823
G1 X189.151 Y188.072 Z0.1872 E35.32580
G1 X187.456 Y188.845 Z0.1886 E35.88339
G1 X185.268 Y189.420 Z0.1903 E36.56062
G1 X182.736 Y189.668 Z0.1922 E37.32216
G1 X179.905 Y189.538 Z0.1942 E38.17041
G1 X176.841 Y188.993 Z0.1965 E39.10194
G1 X173.639 Y188.015 Z0.1990 E40.10406
G1 X170.419 Y186.613 Z0.2016 E41.15534
G1 X167.314 Y184.826 Z0.2043 E42.22776
G1 X164.455 Y182.724 Z0.2069 E43.29005
G1 X161.957 Y180.398 Z0.2094 E44.31187
G1 X159.905 Y177.950 Z0.2118 E45.26793
G1 X158.348 Y175.483 Z0.2139 E46.14123
G1 X157.296 Y173.086 Z0.2159 E46.92477
G1 X156.776 Y171.010 Z0.2174 E47.56556
G1 X156.739 Y170.826 Z0.2176 E47.62150
G1 X156.720 Y170.641 Z0.2177 E47.67744
G1 X156.623 Y168.987 Z0.2189 E48.17321
G1 X156.621 Y168.793 Z0.2191 E48.23124
G1 X156.638 Y168.600 Z0.2192 E48.28926
G1 X156.814 Y167.313 Z0.2202 E48.67818
G1 X156.848 Y167.127 Z0.2203 E48.73494
G1 X156.900 Y166.944 Z0.2205 E48.79169
G1 X157.256 Y165.890 Z0.2213 E49.12459
G1 X157.323 Y165.718 Z0.2214 E49.18011
G1 X157.406 Y165.552 Z0.2216 E49.23563
G1 X157.914 Y164.647 Z0.2223 E49.54619
G1 X158.009 Y164.493 Z0.2225 E49.60055
G1 X158.119 Y164.348 Z0.2226 E49.65492
G1 X158.792 Y163.537 Z0.2234 E49.97021
G1 X158.911 Y163.405 Z0.2235 E50.02350
G1 X159.042 Y163.285 Z0.2236 E50.07679
G1 X159.926 Y162.540 Z0.2245 E50.42262
G1 X160.064 Y162.434 Z0.2246 E50.47493
G1 X160.211 Y162.339 Z0.2248 E50.52724
G1 X161.532 Y161.574 Z0.2259 E50.98414
G1 X163.423 Y160.876 Z0.2274 E51.58764
G1 X165.765 Y160.432 Z0.2291 E52.30106
G1 X168.429 Y160.338 Z0.2311 E53.09914
G1 X171.368 Y160.640 Z0.2333 E53.98359
G1 X174.504 Y161.368 Z0.2357 E54.94709
G1 X177.729 Y162.528 Z0.2382 E55.97308
G1 X180.917 Y164.100 Z0.2408 E57.03701
G1 X183.933 Y166.030 Z0.2435 E58.10900
G1 X186.652 Y168.239 Z0.2461 E59.15766
G1 X188.970 Y170.630 Z0.2485 E60.15431
G1 X190.816 Y173.097 Z0.2508 E61.07685
G1 X192.159 Y175.544 Z0.2529 E61.91241
G1 X192.941 Y177.723 Z0.2546 E62.60524
G1 X192.993 Y177.892 Z0.2547 E62.65819
G1 X193.031 Y178.065 Z0.2548 E62.71113
G1 X193.339 Y179.886 Z0.2562 E63.26410
G1 X193.362 Y180.076 Z0.2563 E63.32125
G1 X193.367 Y180.266 Z0.2565 E63.37840
G1 X193.332 Y181.749 Z0.2576 E63.82221
G1 X193.318 Y181.940 Z0.2577 E63.87971
G1 X193.286 Y182.130 Z0.2579 E63.93720
G1 X193.029 Y183.307 Z0.2588 E64.29793
G1 X192.980 Y183.488 Z0.2589 E64.35416
G1 X192.915 Y183.664 Z0.2590 E64.41040
G1 X192.423 Y184.817 Z0.2600 E64.78559
G1 X192.321 Y185.000 Z0.2601 E64.84831
G1 X191.825 Y185.813 Z0.2608 E65.13326
G1 X191.292 Y186.601 Z0.2615 E65.41820
G1 X190.721 Y187.363 Z0.2622 E65.70315
G1 X190.115 Y188.097 Z0.2629 E65.98809
G1 X189.475 Y188.802 Z0.2636 E66.27304
G1 X188.802 Y189.475 Z0.2643 E66.55799
G1 X188.097 Y190.115 Z0.2650 E66.84293
G1 X187.363 Y190.721 Z0.2657 E67.12788
G1 X186.601 Y191.292 Z0.2664 E67.41282
G1 X185.813 Y191.825 Z0.2672 E67.69777
G1 X183.893 Y192.832 Z0.2688 E68.34680
G1 X183.727 Y192.900 Z0.2689 E68.40054
G1 X183.555 Y192.953 Z0.2690 E68.45429
G1 X182.490 Y193.229 Z0.2698 E68.78362
G1 X182.318 Y193.265 Z0.2700 E68.83634
G1 X182.143 Y193.286 Z0.2701 E68.88906
G1 X180.719 Y193.396 Z0.2712 E69.31663
G1 X178.864 Y193.218 Z0.2725 E69.87422
G1 X176.682 Y192.622 Z0.2742 E70.55145
G1 X174.365 Y191.571 Z0.2761 E71.31299
G1 X171.979 Y190.043 Z0.2782 E72.16124
G1 X169.598 Y188.039 Z0.2805 E73.09277
G1 X167.314 Y185.591 Z0.2829 E74.09489
G1 X165.227 Y182.767 Z0.2855 E75.14617
G1 X163.431 Y179.667 Z0.2882 E76.21860
G1 X162.006 Y176.417 Z0.2908 E77.28088
G1 X161.006 Y173.153 Z0.2933 E78.30270
G1 X160.452 Y170.007 Z0.2957 E79.25876
G1 X160.337 Y167.092 Z0.2979 E80.13206
G1 X160.625 Y164.491 Z0.2998 E80.91560
G1 X161.213 Y162.432 Z0.3014 E81.55639
G1 X161.273 Y162.255 Z0.3015 E81.61233
G1 X161.348 Y162.085 Z0.3016 E81.66827
G1 X162.092 Y160.604 Z0.3029 E82.16405
G1 X162.187 Y160.436 Z0.3030 E82.22207
G1 X162.298 Y160.277 Z0.3032 E82.28009
G1 X163.094 Y159.250 Z0.3041 E82.66901
G1 X163.217 Y159.106 Z0.3043 E82.72577
G1 X163.353 Y158.974 Z0.3044 E82.78253
G1 X164.188 Y158.239 Z0.3052 E83.11542
G1 X164.333 Y158.123 Z0.3054 E83.17094
G1 X164.488 Y158.021 Z0.3055 E83.22646
G1 X165.379 Y157.491 Z0.3063 E83.53702
G1 X165.540 Y157.405 Z0.3064 E83.59138
G1 X165.707 Y157.334 Z0.3065 E83.64575
G1 X166.695 Y156.969 Z0.3073 E83.96104
G1 X166.864 Y156.914 Z0.3074 E84.01433
G1 X167.038 Y156.875 Z0.3076 E84.06762
G1 X168.175 Y156.672 Z0.3084 E84.41345
G1 X168.348 Y156.649 Z0.3086 E84.46576
G1 X168.523 Y156.641 Z0.3087 E84.51807
G1 X170.049 Y156.638 Z0.3098 E84.97497
G1 X172.036 Y156.980 Z0.3113 E85.57847
G1 X174.286 Y157.766 Z0.3131 E86.29189
G1 X176.640 Y159.017 Z0.3150 E87.08997
G1 X179.035 Y160.748 Z0.3172 E87.97442
G1 X181.386 Y162.946 Z0.3196 E88.93792
G1 X183.599 Y165.564 Z0.3221 E89.96391
G1 X185.574 Y168.519 Z0.3248 E91.02784
G1 X187.222 Y171.698 Z0.3274 E92.09983
G1 X188.471 Y174.971 Z0.3300 E93.14849
G1 X189.283 Y178.200 Z0.3325 E94.14514
G1 X189.648 Y181.260 Z0.3347 E95.06768
G1 X189.588 Y184.051 Z0.3368 E95.90324
G1 X189.176 Y186.328 Z0.3385 E96.59608
G1 X189.137 Y186.501 Z0.3386 E96.64902
G1 X189.083 Y186.669 Z0.3388 E96.70196
G1 X188.439 Y188.401 Z0.3401 E97.25493
G1 X188.364 Y188.576 Z0.3403 E97.31208
G1 X188.273 Y188.744 Z0.3404 E97.36924
G1 X187.502 Y190.011 Z0.3415 E97.81304
G1 X187.394 Y190.170 Z0.3417 E97.87054
G1 X187.272 Y190.318 Z0.3418 E97.92803
G1 X186.460 Y191.208 Z0.3427 E98.28876
G1 X186.327 Y191.341 Z0.3428 E98.34499
G1 X186.182 Y191.461 Z0.3430 E98.40123
G1 X185.180 Y192.213 Z0.3439 E98.77642
G1 X185.000 Y192.321 Z0.3440 E98.83914
G1 X184.165 Y192.777 Z0.3447 E99.12409
G1 X183.308 Y193.193 Z0.3455 E99.40904
G1 X182.433 Y193.567 Z0.3462 E99.69398
G1 X181.541 Y193.900 Z0.3469 E99.97893
G1 X180.635 Y194.190 Z0.3476 E100.26387
G1 X179.715 Y194.436 Z0.3483 E100.54882
G1 X178.785 Y194.639 Z0.3490 E100.83376
G1 X177.846 Y194.796 Z0.3497 E101.11871
G1 X176.901 Y194.909 Z0.3504 E101.40365
G1 X175.952 Y194.977 Z0.3511 E101.68860
G1 X173.785 Y194.890 Z0.3527 E102.33763
G1 X173.607 Y194.865 Z0.3528 E102.39137
G1 X173.432 Y194.825 Z0.3529 E102.44512
G1 X172.372 Y194.531 Z0.3538 E102.77445
G1 X172.205 Y194.477 Z0.3539 E102.82717
G1 X172.043 Y194.408 Z0.3540 E102.87990
G1 X170.754 Y193.791 Z0.3551 E103.30746
G1 X169.238 Y192.709 Z0.3565 E103.86505
G1 X167.645 Y191.102 Z0.3581 E104.54228
G1 X166.165 Y189.033 Z0.3600 E105.30382
G1 X164.862 Y186.517 Z0.3621 E106.15207
G1 X163.802 Y183.591 Z0.3644 E107.08360
G1 X163.048 Y180.329 Z0.3669 E108.08572
G1 X162.653 Y176.840 Z0.3695 E109.13701
G1 X162.647 Y173.257 Z0.3721 E110.20943
G1 X163.038 Y169.730 Z0.3747 E111.27171
G1 X163.804 Y166.403 Z0.3773 E112.29353
G1 X164.898 Y163.402 Z0.3796 E113.24959
G1 X166.255 Y160.820 Z0.3818 E114.12289
G1 X167.805 Y158.711 Z0.3837 E114.90643
G1 X169.344 Y157.223 Z0.3853 E115.54722
G1 X169.484 Y157.099 Z0.3854 E115.60316
G1 X169.635 Y156.989 Z0.3856 E115.65910
G1 X171.019 Y156.079 Z0.3868 E116.15488
G1 X171.186 Y155.980 Z0.3869 E116.21290
G1 X171.361 Y155.898 Z0.3871 E116.27092
G1 X172.564 Y155.407 Z0.3880 E116.65984
G1 X172.743 Y155.344 Z0.3882 E116.71660
G1 X172.927 Y155.297 Z0.3883 E116.77336
G1 X174.017 Y155.078 Z0.3891 E117.10625
G1 X174.200 Y155.050 Z0.3893 E117.16177
G1 X174.386 Y155.039 Z0.3894 E117.21729
G1 X175.423 Y155.026 Z0.3902 E117.52785
G1 X175.604 Y155.032 Z0.3903 E117.58221
G1 X175.785 Y155.054 Z0.3905 E117.63658
G1 X176.823 Y155.232 Z0.3912 E117.95187
G1 X176.997 Y155.269 Z0.3914 E118.00516
G1 X177.167 Y155.322 Z0.3915 E118.05845
G1 X178.253 Y155.715 Z0.3924 E118.40429
G1 X178.415 Y155.782 Z0.3925 E118.45659
G1 X178.570 Y155.862 Z0.3926 E118.50890
G1 X179.893 Y156.623 Z0.3937 E118.96580
G1 X181.443 Y157.912 Z0.3952 E119.56930
G1 X182.999 Y159.718 Z0.3970 E120.28272
G1 X184.412 Y161.979 Z0.3990 E121.08080
G1 X185.620 Y164.675 Z0.4011 E121.96525
G1 X186.558 Y167.754 Z0.4035 E122.92875
G1 X187.165 Y171.127 Z0.4061 E123.95474
G1 X187.398 Y174.674 Z0.4087 E125.01867
G1 X187.235 Y178.251 Z0.4113 E126.09066
G1 X186.681 Y181.711 Z0.4139 E127.13932
G1 X185.770 Y184.913 Z0.4164 E128.13597
G1 X184.556 Y187.746 Z0.4187 E129.05852
G1 X183.108 Y190.132 Z0.4207 E129.89407
G1 X181.612 Y191.899 Z0.4224 E130.58691
G1 X181.492 Y192.028 Z0.4226 E130.63985
G1 X181.361 Y192.147 Z0.4227 E130.69279
G1 X179.938 Y193.325 Z0.4241 E131.24576
G1 X179.785 Y193.440 Z0.4242 E131.30292
G1 X179.622 Y193.539 Z0.4243 E131.36007
G1 X178.322 Y194.250 Z0.4254 E131.80387
G1 X178.149 Y194.334 Z0.4256 E131.86137
G1 X177.969 Y194.401 Z0.4257 E131.91886
G1 X176.821 Y194.767 Z0.4266 E132.27959
G1 X176.639 Y194.815 Z0.4268 E132.33583
G1 X176.454 Y194.847 Z0.4269 E132.39206
G1 X175.210 Y194.997 Z0.4278 E132.76725
G1 X175.000 Y195.000 Z0.4280 E132.82998
G1 X174.048 Y194.977 Z0.4287 E133.11492
G1 X173.099 Y194.909 Z0.4294 E133.39987
G1 X172.154 Y194.796 Z0.4301 E133.68481
G1 X171.215 Y194.639 Z0.4308 E133.96976
G1 X170.285 Y194.436 Z0.4315 E134.25470
G1 X169.365 Y194.190 Z0.4322 E134.53965
G1 X168.459 Y193.900 Z0.4329 E134.82459
G1 X167.567 Y193.567 Z0.4336 E135.10954
G1 X166.692 Y193.193 Z0.4343 E135.39448
G1 X165.835 Y192.777 Z0.4350 E135.67943
G1 X164.003 Y191.617 Z0.4366 E136.32846
G1 X163.861 Y191.507 Z0.4367 E136.38221
G1 X163.730 Y191.385 Z0.4369 E136.43595
G1 X162.959 Y190.601 Z0.4377 E136.76528
G1 X162.841 Y190.470 Z0.4378 E136.81800
G1 X162.735 Y190.329 Z0.4379 E136.87073
G1 X161.928 Y189.151 Z0.4390 E137.29829
G1 X161.155 Y187.456 Z0.4404 E137.85588
G1 X160.580 Y185.268 Z0.4421 E138.53311
G1 X160.332 Y182.736 Z0.4439 E139.29465
G1 X160.462 Y179.905 Z0.4460 E140.14290
G1 X161.007 Y176.841 Z0.4483 E141.07444
G1 X161.985 Y173.639 Z0.4508 E142.07655
G1 X163.387 Y170.419 Z0.4534 E143.12784
G1 X165.174 Y167.314 Z0.4560 E144.20026
G1 X167.276 Y164.455 Z0.4587 E145.26254
G1 X169.602 Y161.957 Z0.4612 E146.28436
G1 X172.050 Y159.905 Z0.4636 E147.24042
G1 X174.517 Y158.348 Z0.4657 E148.11372
G1 X176.914 Y157.296 Z0.4676 E148.89726
G1 X178.990 Y156.776 Z0.4692 E149.53805
G1 X179.174 Y156.739 Z0.4694 E149.59399
G1 X179.359 Y156.720 Z0.4695 E149.64993
G1 X181.013 Y156.623 Z0.4707 E150.14571
G1 X181.207 Y156.621 Z0.4709 E150.20373
G1 X181.400 Y156.638 Z0.4710 E150.26175
G1 X182.687 Y156.814 Z0.4720 E150.65068
G1 X182.873 Y156.848 Z0.4721 E150.70743
G1 X183.056 Y156.900 Z0.4723 E150.76419
G1 X184.110 Y157.256 Z0.4731 E151.09708
G1 X184.282 Y157.323 Z0.4732 E151.15260
G1 X184.448 Y157.406 Z0.4733 E151.20813
G1 X185.353 Y157.914 Z0.4741 E151.51868
G1 X185.507 Y158.009 Z0.4743 E151.57305
G1 X185.652 Y158.119 Z0.4744 E151.62741
G1 X186.463 Y158.792 Z0.4752 E151.94270
G1 X186.595 Y158.911 Z0.4753 E151.99599
G1 X186.715 Y159.042 Z0.4754 E152.04929
G1 X187.460 Y159.926 Z0.4763 E152.39512
G1 X187.566 Y160.064 Z0.4764 E152.44743
G1 X187.661 Y160.211 Z0.4765 E152.49973
G1 X188.426 Y161.532 Z0.4777 E152.95663
G1 X189.124 Y163.423 Z0.4792 E153.56013
G1 X189.568 Y165.765 Z0.4809 E154.27355
G1 X189.662 Y168.429 Z0.4829 E155.07163
G1 X189.360 Y171.368 Z0.4851 E155.95609
G1 X188.632 Y174.504 Z0.4875 E156.91958
G1 X187.472 Y177.729 Z0.4900 E157.94557
G1 X185.900 Y180.917 Z0.4926 E159.00950
G1 X183.970 Y183.933 Z0.4953 E160.08150
G1 X181.761 Y186.652 Z0.4978 E161.13015
G1 X179.370 Y188.970 Z0.5003 E162.12680
G1 X176.903 Y190.816 Z0.5026 E163.04935
G1 X174.456 Y192.159 Z0.5046 E163.88490
G1 X172.277 Y192.941 Z0.5064 E164.57774
G1 X172.108 Y192.993 Z0.5065 E164.63068
G1 X171.935 Y193.031 Z0.5066 E164.68362
G1 X170.114 Y193.339 Z0.5080 E165.23659
G1 X169.924 Y193.362 Z0.5081 E165.29375
G1 X169.734 Y193.367 Z0.5083 E165.35090
G1 X168.251 Y193.332 Z0.5094 E165.79470
G1 X168.060 Y193.318 Z0.5095 E165.85220
G1 X167.870 Y193.286 Z0.5096 E165.90970
G1 X166.693 Y193.029 Z0.5105 E166.27042
G1 X166.512 Y192.980 Z0.5107 E166.32666
G1 X166.336 Y192.915 Z0.5108 E166.38289
G1 X165.183 Y192.423 Z0.5117 E166.75808
G1 X165.000 Y192.321 Z0.5119 E166.82081
G1 X164.187 Y191.825 Z0.5126 E167.10575
G1 X163.399 Y191.292 Z0.5133 E167.39070
G1 X162.637 Y190.721 Z0.5140 E167.67564
G1 X161.903 Y190.115 Z0.5147 E167.96059
G1 X161.198 Y189.475 Z0.5154 E168.24553
G1 X160.525 Y188.802 Z0.5161 E168.53048
G1 X159.885 Y188.097 Z0.5168 E168.81542
G1 X159.279 Y187.363 Z0.5175 E169.10037
G1 X158.708 Y186.601 Z0.5182 E169.38531
G1 X158.175 Y185.813 Z0.5189 E169.67026
G1 X157.168 Y183.893 Z0.5205 E170.31929
G1 X157.100 Y183.727 Z0.5207 E170.37304
G1 X157.047 Y183.555 Z0.5208 E170.42678
G1 X156.771 Y182.490 Z0.5216 E170.75611
G1 X156.735 Y182.318 Z0.5217 E170.80883
G1 X156.714 Y182.143 Z0.5219 E170.86156
G1 X156.604 Y180.719 Z0.5229 E171.28912
G1 X156.782 Y178.864 Z0.5243 E171.84672
G1 X157.378 Y176.682 Z0.5260 E172.52394
G1 X158.429 Y174.365 Z0.5279 E173.28548
G1 X159.957 Y171.979 Z0.5300 E174.13373
G1 X161.961 Y169.598 Z0.5323 E175.06527
G1 X164.409 Y167.314 Z0.5347 E176.06738
G1 X167.233 Y165.227 Z0.5373 E177.11867
G1 X170.333 Y163.431 Z0.5400 E178.19109
G1 X173.583 Y162.006 Z0.5426 E179.25338
G1 X176.847 Y161.006 Z0.5451 E180.27519
G1 X179.993 Y160.452 Z0.5475 E181.23126
G1 X182.908 Y160.337 Z0.5496 E182.10455
G1 X185.509 Y160.625 Z0.5516 E182.88809
G1 X187.568 Y161.213 Z0.5532 E183.52888
G1 X187.745 Y161.273 Z0.5533 E183.58482
G1 X187.915 Y161.348 Z0.5534 E183.64076
G1 X189.396 Y162.092 Z0.5547 E184.13654
G1 X189.564 Y162.187 Z0.5548 E184.19456
G1 X189.723 Y162.298 Z0.5549 E184.25258
G1 X190.750 Y163.094 Z0.5559 E184.64151
G1 X190.894 Y163.217 Z0.5560 E184.69826
G1 X191.026 Y163.353 Z0.5562 E184.75502
G1 X191.761 Y164.188 Z0.5570 E185.08791
G1 X191.877 Y164.333 Z0.5571 E185.14343
G1 X191.979 Y164.488 Z0.5573 E185.19896
G1 X192.509 Y165.379 Z0.5580 E185.50951
G1 X192.595 Y165.540 Z0.5582 E185.56388
G1 X192.666 Y165.707 Z0.5583 E185.61824
G1 X193.031 Y166.695 Z0.5591 E185.93353
G1 X193.086 Y166.864 Z0.5592 E185.98682
G1 X193.125 Y167.038 Z0.5594 E186.04012
G1 X193.328 Y168.175 Z0.5602 E186.38595
G1 X193.351 Y168.348 Z0.5603 E186.43826
G1 X193.359 Y168.523 Z0.5605 E186.49057
G1 X193.362 Y170.049 Z0.5616 E186.94746
G1 X193.020 Y172.036 Z0.5631 E187.55096
G1 X192.234 Y174.286 Z0.5648 E188.26438
G1 X190.983 Y176.640 Z0.5668 E189.06246
G1 X189.252 Y179.035 Z0.5690 E189.94692
G1 X187.054 Y181.386 Z0.5714 E190.91041
G1 X184.436 Y183.599 Z0.5739 E191.93640
G1 X181.481 Y185.574 Z0.5765 E193.00033
G1 X178.302 Y187.222 Z0.5792 E194.07233
G1 X175.029 Y188.471 Z0.5818 E195.12098
G1 X171.800 Y189.283 Z0.5842 E196.11763
G1 X168.740 Y189.648 Z0.5865 E197.04018
G1 X165.949 Y189.588 Z0.5886 E197.87573
G1 X163.672 Y189.176 Z0.5903 E198.56857
G1 X163.499 Y189.137 Z0.5904 E198.62151
G1 X163.331 Y189.083 Z0.5905 E198.67446
G1 X161.599 Y188.439 Z0.5919 E199.22743
G1 X161.424 Y188.364 Z0.5921 E199.28458
G1 X161.256 Y188.273 Z0.5922 E199.34173
G1 X159.989 Y187.502 Z0.5933 E199.78554
G1 X159.830 Y187.394 Z0.5934 E199.84303
G1 X159.682 Y187.272 Z0.5936 E199.90053
G1 X158.792 Y186.460 Z0.5945 E200.26125
G1 X158.659 Y186.327 Z0.5946 E200.31749
G1 X158.539 Y186.182 Z0.5947 E200.37372
G1 X157.787 Y185.180 Z0.5957 E200.74891
G1 X157.679 Y185.000 Z0.5958 E200.81164
G1 X157.206 Y184.130 Z0.5966 E201.10813
G1 X156.775 Y183.238 Z0.5973 E201.40463
G1 X156.390 Y182.326 Z0.5980 E201.70112
G1 X156.050 Y181.395 Z0.5988 E201.99762
G1 X155.757 Y180.449 Z0.5995 E202.29411
G1 X155.510 Y179.490 Z0.6002 E202.59061
G1 X155.312 Y178.519 Z0.6010 E202.88710
G1 X155.162 Y177.540 Z0.6017 E203.18360
G1 X155.061 Y176.555 Z0.6024 E203.48009
G1 X155.008 Y175.566 Z0.6031 E203.77659
G1 X155.005 Y174.575 Z0.6039 E204.07308
G1 X155.050 Y173.586 Z0.6046 E204.36958
G1 X155.145 Y172.600 Z0.6053 E204.66607
G1 X155.288 Y171.620 Z0.6061 E204.96257
G1 X155.479 Y170.648 Z0.6068 E205.25906
G1 X155.719 Y169.687 Z0.6075 E205.55556
G1 X156.005 Y168.739 Z0.6083 E205.85205
G1 X156.339 Y167.806 Z0.6090 E206.14854
G1 X156.718 Y166.891 Z0.6097 E206.44504
G1 X157.141 Y165.996 Z0.6105 E206.74153
G1 X157.609 Y165.123 Z0.6112 E207.03803
G1 X158.120 Y164.274 Z0.6119 E207.33452
G1 X158.671 Y163.451 Z0.6127 E207.63102
G1 X159.263 Y162.657 Z0.6134 E207.92751
G1 X159.893 Y161.893 Z0.6141 E208.22401
G1 X160.561 Y161.161 Z0.6149 E208.52050
G1 X161.264 Y160.463 Z0.6156 E208.81700
G1 X162.000 Y159.801 Z0.6163 E209.11349
G1 X162.769 Y159.176 Z0.6171 E209.40999
G1 X163.567 Y158.590 Z0.6178 E209.70648
G1 X164.394 Y158.044 Z0.6185 E210.00298
G1 X165.246 Y157.540 Z0.6193 E210.29947
G1 X166.123 Y157.078 Z0.6200 E210.59597
G1 X167.021 Y156.661 Z0.6207 E210.89246
G1 X167.938 Y156.288 Z0.6214 E211.18896
G1 X168.874 Y155.961 Z0.6222 E211.48545
G1 X169.824 Y155.681 Z0.6229 E211.78195
G1 X170.786 Y155.449 Z0.6236 E212.07844
G1 X171.760 Y155.264 Z0.6244 E212.37494
G1 X172.741 Y155.128 Z0.6251 E212.67143
G1 X173.727 Y155.041 Z0.6258 E212.96792
G1 X174.717 Y155.002 Z0.6266 E213.26442
G1 X175.707 Y155.013 Z0.6273 E213.56091
G1 X176.696 Y155.072 Z0.6280 E213.85741
G1 X177.681 Y155.180 Z0.6288 E214.15390
G1 X178.659 Y155.337 Z0.6295 E214.45040
G1 X179.628 Y155.543 Z0.6302 E214.74689
G1 X180.585 Y155.796 Z0.6310 E215.04339
G1 X181.529 Y156.096 Z0.6317 E215.33988
G1 X182.457 Y156.442 Z0.6324 E215.63638
G1 X183.367 Y156.834 Z0.6332 E215.93287
G1 X184.256 Y157.271 Z0.6339 E216.22937
G1 X185.122 Y157.751 Z0.6346 E216.52586
G1 X185.964 Y158.273 Z0.6354 E216.82236
G1 X186.779 Y158.836 Z0.6361 E217.11885
G1 X187.564 Y159.439 Z0.6368 E217.41535
G1 X188.319 Y160.080 Z0.6376 E217.71184
G1 X189.042 Y160.758 Z0.6383 E218.00834
G1 X189.730 Y161.471 Z0.6390 E218.30483
G1 X190.381 Y162.217 Z0.6398 E218.60133
G1 X190.995 Y162.994 Z0.6405 E218.89782
G1 X191.570 Y163.801 Z0.6412 E219.19432
G1 X192.104 Y164.635 Z0.6419 E219.49081
G1 X192.597 Y165.494 Z0.6427 E219.78731
G1 X193.046 Y166.377 Z0.6434 E220.08380
G1 X193.450 Y167.281 Z0.6441 E220.38029
G1 X193.810 Y168.204 Z0.6449 E220.67679
G1 X194.123 Y169.144 Z0.6456 E220.97328
G1 X194.390 Y170.098 Z0.6463 E221.26978
G1 X194.609 Y171.064 Z0.6471 E221.56627
G1 X194.780 Y172.039 Z0.6478 E221.86277
G1 X194.902 Y173.022 Z0.6485 E222.15926
G1 X194.975 Y174.010 Z0.6493 E222.45576
G1 X195.000 Y175.000 Z0.6500 E222.75225
G1 F3000 X194.890 Y176.215 Z0.6509 E223.11739
G1 X194.865 Y176.393 Z0.6510 E223.17113
G1 X194.825 Y176.568 Z0.6512 E223.22488
G1 X194.531 Y177.628 Z0.6520 E223.55421
G1 X194.477 Y177.795 Z0.6521 E223.60693
G1 X194.408 Y177.957 Z0.6522 E223.65965
G1 X193.791 Y179.246 Z0.6533 E224.08722
G1 X192.709 Y180.762 Z0.6547 E224.64481
G1 X191.102 Y182.355 Z0.6563 E225.32204
G1 X189.033 Y183.835 Z0.6582 E226.08358
G1 X186.517 Y185.138 Z0.6603 E226.93183
G1 X183.591 Y186.198 Z0.6626 E227.86336
G1 X180.329 Y186.952 Z0.6651 E228.86548
G1 X176.840 Y187.347 Z0.6677 E229.91676
G1 X173.257 Y187.353 Z0.6703 E230.98919
G1 X169.730 Y186.962 Z0.6730 E232.05147
G1 X166.403 Y186.196 Z0.6755 E233.07329
G1 X163.402 Y185.102 Z0.6778 E234.02935
G1 X160.820 Y183.745 Z0.6800 E234.90265
G1 X158.711 Y182.195 Z0.6819 E235.68619
G1 X157.223 Y180.656 Z0.6835 E236.32698
G1 X157.099 Y180.516 Z0.6837 E236.38292
G1 X156.989 Y180.365 Z0.6838 E236.43886
G1 X156.079 Y178.981 Z0.6850 E236.93464
G1 X155.980 Y178.814 Z0.6852 E236.99266
G1 X155.898 Y178.639 Z0.6853 E237.05068
G1 X155.407 Y177.436 Z0.6863 E237.43960
G1 X155.344 Y177.257 Z0.6864 E237.49636
G1 X155.297 Y177.073 Z0.6865 E237.55312
G1 X155.078 Y175.983 Z0.6874 E237.88601
G1 X155.050 Y175.800 Z0.6875 E237.94153
G1 X155.039 Y175.614 Z0.6876 E237.99705
G1 X155.026 Y174.577 Z0.6884 E238.30761
G1 X155.032 Y174.396 Z0.6885 E238.36197
G1 X155.054 Y174.215 Z0.6887 E238.41634
G1 X155.232 Y173.177 Z0.6895 E238.73163
G1 X155.269 Y173.003 Z0.6896 E238.78492
G1 X155.322 Y172.833 Z0.6897 E238.83821
G1 X155.715 Y171.747 Z0.6906 E239.18405
G1 X155.782 Y171.585 Z0.6907 E239.23635
G1 X155.862 Y171.430 Z0.6908 E239.28866
G1 X156.623 Y170.107 Z0.6920 E239.74556
G1 X157.912 Y168.557 Z0.6934 E240.34906
G1 X159.718 Y167.001 Z0.6952 E241.06248
G1 X161.979 Y165.588 Z0.6972 E241.86056
G1 X164.675 Y164.380 Z0.6994 E242.74501
G1 X167.754 Y163.442 Z0.7017 E243.70851
G1 X171.127 Y162.835 Z0.7043 E244.73450
G1 X174.674 Y162.602 Z0.7069 E245.79843
G1 X178.251 Y162.765 Z0.7096 E246.87042
G1 X181.711 Y163.319 Z0.7121 E247.91908
G1 X184.913 Y164.230 Z0.7146 E248.91573
G1 X187.746 Y165.444 Z0.7169 E249.83827
G1 X190.132 Y166.892 Z0.7189 E250.67383
G1 X191.899 Y168.388 Z0.7207 E251.36667
G1 X192.028 Y168.508 Z0.7208 E251.41961
G1 X192.147 Y168.639 Z0.7209 E251.47255
G1 X193.325 Y170.062 Z0.7223 E252.02552
G1 X193.440 Y170.215 Z0.7224 E252.08267
G1 X193.539 Y170.378 Z0.7226 E252.13983
G1 X194.250 Y171.678 Z0.7237 E252.58363
G1 X194.334 Y171.851 Z0.7238 E252.64113
G1 X194.401 Y172.031 Z0.7239 E252.69862
G1 X194.767 Y173.179 Z0.7248 E253.05935
G1 X194.815 Y173.361 Z0.7250 E253.11559
G1 X194.847 Y173.546 Z0.7251 E253.17182
G1 X194.997 Y174.790 Z0.7260 E253.54701
G1 X195.000 Y175.000 Z0.7262 E253.60974
G1 X194.977 Y175.952 Z0.7269 E253.89468
G1 X194.909 Y176.901 Z0.7276 E254.17963
G1 X194.796 Y177.846 Z0.7283 E254.46457
G1 X194.639 Y178.785 Z0.7290 E254.74952
G1 X194.436 Y179.715 Z0.7297 E255.03446
G1 X194.190 Y180.635 Z0.7304 E255.31941
G1 X193.900 Y181.541 Z0.7311 E255.60435
G1 X193.567 Y182.433 Z0.7318 E255.88930
G1 X193.193 Y183.308 Z0.7325 E256.17424
G1 X192.777 Y184.165 Z0.7332 E256.45919
G1 X191.617 Y185.997 Z0.7348 E257.10822
G1 X191.507 Y186.139 Z0.7350 E257.16196
G1 X191.385 Y186.270 Z0.7351 E257.21571
G1 X190.601 Y187.041 Z0.7359 E257.54504
G1 X190.470 Y187.159 Z0.7360 E257.59776
G1 X190.329 Y187.265 Z0.7362 E257.65049
G1 X189.151 Y188.072 Z0.7372 E258.07805
G1 X187.456 Y188.845 Z0.7386 E258.63564
G1 X185.268 Y189.420 Z0.7403 E259.31287
G1 X182.736 Y189.668 Z0.7422 E260.07441
G1 X179.905 Y189.538 Z0.7442 E260.92266
G1 X176.841 Y188.993 Z0.7465 E261.85419
G1 X173.639 Y188.015 Z0.7490 E262.85631
G1 X170.419 Y186.613 Z0.7516 E263.90760
G1 X167.314 Y184.826 Z0.7543 E264.98002
G1 X164.455 Y182.724 Z0.7569 E266.04230
G1 X161.957 Y180.398 Z0.7594 E267.06412
G1 X159.905 Y177.950 Z0.7618 E268.02018
G1 X158.348 Y175.483 Z0.7639 E268.89348
G1 X157.296 Y173.086 Z0.7659 E269.67702
G1 X156.776 Y171.010 Z0.7674 E270.31781
G1 X156.739 Y170.826 Z0.7676 E270.37375
G1 X156.720 Y170.641 Z0.7677 E270.42969
G1 X156.623 Y168.987 Z0.7689 E270.92547
G1 X156.621 Y168.793 Z0.7691 E270.98349
G1 X156.638 Y168.600 Z0.7692 E271.04151
G1 X156.814 Y167.313 Z0.7702 E271.43043
G1 X156.848 Y167.127 Z0.7703 E271.48719
G1 X156.900 Y166.944 Z0.7705 E271.54395
G1 X157.256 Y165.890 Z0.7713 E271.87684
G1 X157.323 Y165.718 Z0.7714 E271.93236
G1 X157.406 Y165.552 Z0.7716 E271.98789
G1 X157.914 Y164.647 Z0.7723 E272.29844
G1 X158.009 Y164.493 Z0.7725 E272.35280
G1 X158.119 Y164.348 Z0.7726 E272.40717
G1 X158.792 Y163.537 Z0.7734 E272.72246
G1 X158.911 Y163.405 Z0.7735 E272.77575
G1 X159.042 Y163.285 Z0.7736 E272.82905
G1 X159.926 Y162.540 Z0.7745 E273.17488
G1 X160.064 Y162.434 Z0.7746 E273.22718
G1 X160.211 Y162.339 Z0.7748 E273.27949
G1 X161.532 Y161.574 Z0.7759 E273.73639
G1 X163.423 Y160.876 Z0.7774 E274.33989
G1 X165.765 Y160.432 Z0.7791 E275.05331
G1 X168.429 Y160.338 Z0.7811 E275.85139
G1 X171.368 Y160.640 Z0.7833 E276.73585
G1 X174.504 Y161.368 Z0.7857 E277.69934
G1 X177.729 Y162.528 Z0.7882 E278.72533
G1 X180.917 Y164.100 Z0.7908 E279.78926
G1 X183.933 Y166.030 Z0.7935 E280.86125
G1 X186.652 Y168.239 Z0.7961 E281.90991
G1 X188.970 Y170.630 Z0.7985 E282.90656
G1 X190.816 Y173.097 Z0.8008 E283.82911
G1 X192.159 Y175.544 Z0.8029 E284.66466
G1 X192.941 Y177.723 Z0.8046 E285.35750
G1 X192.993 Y177.892 Z0.8047 E285.41044
G1 X193.031 Y178.065 Z0.8048 E285.46338
G1 X193.339 Y179.886 Z0.8062 E286.01635
G1 X193.362 Y180.076 Z0.8063 E286.07351
G1 X193.367 Y180.266 Z0.8065 E286.13066
G1 X193.332 Y181.749 Z0.8076 E286.57446
G1 X193.318 Y181.940 Z0.8077 E286.63196
G1 X193.286 Y182.130 Z0.8079 E286.68945
G1 X193.029 Y183.307 Z0.8088 E287.05018
G1 X192.980 Y183.488 Z0.8089 E287.10642
G1 X192.915 Y183.664 Z0.8090 E287.16265
G1 X192.423 Y184.817 Z0.8100 E287.53784
G1 X192.321 Y185.000 Z0.8101 E287.60057
G1 X191.825 Y185.813 Z0.8108 E287.88551
G1 X191.292 Y186.601 Z0.8115 E288.17046
G1 X190.721 Y187.363 Z0.8122 E288.45540
G1 X190.115 Y188.097 Z0.8129 E288.74035
G1 X189.475 Y188.802 Z0.8136 E289.02529
G1 X188.802 Y189.475 Z0.8143 E289.31024
G1 X188.097 Y190.115 Z0.8150 E289.59518
G1 X187.363 Y190.721 Z0.8157 E289.88013
G1 X186.601 Y191.292 Z0.8164 E290.16507
G1 X185.813 Y191.825 Z0.8172 E290.45002
G1 X183.893 Y192.832 Z0.8188 E291.09905
G1 X183.727 Y192.900 Z0.8189 E291.15280
G1 X183.555 Y192.953 Z0.8190 E291.20654
G1 X182.490 Y193.229 Z0.8198 E291.53587
G1 X182.318 Y193.265 Z0.8200 E291.58859
G1 X182.143 Y193.286 Z0.8201 E291.64132
G1 X180.719 Y193.396 Z0.8212 E292.06888
G1 X178.864 Y193.218 Z0.8225 E292.62648
G1 X176.682 Y192.622 Z0.8242 E293.30370
G1 X174.365 Y191.571 Z0.8261 E294.06524
G1 X171.979 Y190.043 Z0.8282 E294.91349
G1 X169.598 Y188.039 Z0.8305 E295.84503
G1 X167.314 Y185.591 Z0.8329 E296.84714
G1 X165.227 Y182.767 Z0.8355 E297.89843
G1 X163.431 Y179.667 Z0.8382 E298.97085
G1 X162.006 Y176.417 Z0.8408 E300.03314
G1 X161.006 Y173.153 Z0.8433 E301.05495
G1 X160.452 Y170.007 Z0.8457 E302.01102
G1 X160.337 Y167.092 Z0.8479 E302.88431
G1 X160.625 Y164.491 Z0.8498 E303.66785
G1 X161.213 Y162.432 Z0.8514 E304.30864
G1 X161.273 Y162.255 Z0.8515 E304.36458
G1 X161.348 Y162.085 Z0.8516 E304.42052
G1 X162.092 Y160.604 Z0.8529 E304.91630
G1 X162.187 Y160.436 Z0.8530 E304.97432
G1 X162.298 Y160.277 Z0.8532 E305.03234
G1 X163.094 Y159.250 Z0.8541 E305.42127
G1 X163.217 Y159.106 Z0.8543 E305.47802
G1 X163.353 Y158.974 Z0.8544 E305.53478
G1 X164.188 Y158.239 Z0.8552 E305.86767
G1 X164.333 Y158.123 Z0.8554 E305.92319
G1 X164.488 Y158.021 Z0.8555 E305.97872
G1 X165.379 Y157.491 Z0.8563 E306.28927
G1 X165.540 Y157.405 Z0.8564 E306.34364
G1 X165.707 Y157.334 Z0.8565 E306.39800
G1 X166.695 Y156.969 Z0.8573 E306.71329
G1 X166.864 Y156.914 Z0.8574 E306.76658
G1 X167.038 Y156.875 Z0.8576 E306.81988
G1 X168.175 Y156.672 Z0.8584 E307.16571
G1 X168.348 Y156.649 Z0.8586 E307.21802
G1 X168.523 Y156.641 Z0.8587 E307.27032
G1 X170.049 Y156.638 Z0.8598 E307.72722
G1 X172.036 Y156.980 Z0.8613 E308.33072
G1 X174.286 Y157.766 Z0.8631 E309.04414
G1 X176.640 Y159.017 Z0.8650 E309.84222
G1 X179.035 Y160.748 Z0.8672 E310.72668
G1 X181.386 Y162.946 Z0.8696 E311.69017
G1 X183.599 Y165.564 Z0.8721 E312.71616
G1 X185.574 Y168.519 Z0.8748 E313.78009
G1 X187.222 Y171.698 Z0.8774 E314.85209
G1 X188.471 Y174.971 Z0.8800 E315.90074
G1 X189.283 Y178.200 Z0.8825 E316.89739
G1 X189.648 Y181.260 Z0.8847 E317.81994
G1 X189.588 Y184.051 Z0.8868 E318.65549
G1 X189.176 Y186.328 Z0.8885 E319.34833
G1 X189.137 Y186.501 Z0.8886 E319.40127
G1 X189.083 Y186.669 Z0.8888 E319.45421
G1 X188.439 Y188.401 Z0.8901 E320.00718
G1 X188.364 Y188.576 Z0.8903 E320.06434
G1 X188.273 Y188.744 Z0.8904 E320.12149
G1 X187.502 Y190.011 Z0.8915 E320.56529
G1 X187.394 Y190.170 Z0.8917 E320.62279
G1 X187.272 Y190.318 Z0.8918 E320.68029
G1 X186.460 Y191.208 Z0.8927 E321.04101
G1 X186.327 Y191.341 Z0.8928 E321.09725
G1 X186.182 Y191.461 Z0.8930 E321.15348
G1 X185.180 Y192.213 Z0.8939 E321.52867
G1 X185.000 Y192.321 Z0.8940 E321.59140
G1 X184.165 Y192.777 Z0.8947 E321.87634
G1 X183.308 Y193.193 Z0.8955 E322.16129
G1 X182.433 Y193.567 Z0.8962 E322.44623
G1 X181.541 Y193.900 Z0.8969 E322.73118
G1 X180.635 Y194.190 Z0.8976 E323.01612
G1 X179.715 Y194.436 Z0.8983 E323.30107
G1 X178.785 Y194.639 Z0.8990 E323.58601
G1 X177.846 Y194.796 Z0.8997 E323.87096
G1 X176.901 Y194.909 Z0.9004 E324.15591
G1 X175.952 Y194.977 Z0.9011 E324.44085
G1 X173.785 Y194.890 Z0.9027 E325.08988
G1 X173.607 Y194.865 Z0.9028 E325.14363
G1 X173.432 Y194.825 Z0.9029 E325.19737
G1 X172.372 Y194.531 Z0.9038 E325.52670
G1 X172.205 Y194.477 Z0.9039 E325.57943
G1 X172.043 Y194.408 Z0.9040 E325.63215
G1 X170.754 Y193.791 Z0.9051 E326.05971
G1 X169.238 Y192.709 Z0.9065 E326.61731
G1 X167.645 Y191.102 Z0.9081 E327.29453
G1 X166.165 Y189.033 Z0.9100 E328.05607
G1 X164.862 Y186.517 Z0.9121 E328.90432
G1 X163.802 Y183.591 Z0.9144 E329.83586
G1 X163.048 Y180.329 Z0.9169 E330.83797
G1 X162.653 Y176.840 Z0.9195 E331.88926
G1 X162.647 Y173.257 Z0.9221 E332.96168
G1 X163.038 Y169.730 Z0.9247 E334.02397
G1 X163.804 Y166.403 Z0.9273 E335.04578
G1 X164.898 Y163.402 Z0.9296 E336.00185
G1 X166.255 Y160.820 Z0.9318 E336.87514
G1 X167.805 Y158.711 Z0.9337 E337.65868
G1 X169.344 Y157.223 Z0.9353 E338.29947
G1 X169.484 Y157.099 Z0.9354 E338.35541
G1 X169.635 Y156.989 Z0.9356 E338.41135
G1 X171.019 Y156.079 Z0.9368 E338.90713
G1 X171.186 Y155.980 Z0.9369 E338.96515
G1 X171.361 Y155.898 Z0.9371 E339.02317
G1 X172.564 Y155.407 Z0.9380 E339.41210
G1 X172.743 Y155.344 Z0.9382 E339.46885
G1 X172.927 Y155.297 Z0.9383 E339.52561
G1 X174.017 Y155.078 Z0.9391 E339.85850
G1 X174.200 Y155.050 Z0.9393 E339.91402
G1 X174.386 Y155.039 Z0.9394 E339.96955
G1 X175.423 Y155.026 Z0.9402 E340.28010
G1 X175.604 Y155.032 Z0.9403 E340.33447
G1 X175.785 Y155.054 Z0.9405 E340.38883
G1 X176.823 Y155.232 Z0.9412 E340.70412
G1 X176.997 Y155.269 Z0.9414 E340.75741
G1 X177.167 Y155.322 Z0.9415 E340.81071
G1 X178.253 Y155.715 Z0.9424 E341.15654
G1 X178.415 Y155.782 Z0.9425 E341.20885
G1 X178.570 Y155.862 Z0.9426 E341.26116
G1 X179.893 Y156.623 Z0.9437 E341.71805
G1 X181.443 Y157.912 Z0.9452 E342.32155
G1 X182.999 Y159.718 Z0.9470 E343.03497
G1 X184.412 Y161.979 Z0.9490 E343.83305
G1 X185.620 Y164.675 Z0.9511 E344.71751
G1 X186.558 Y167.754 Z0.9535 E345.68100
G1 X187.165 Y171.127 Z0.9561 E346.70699
G1 X187.398 Y174.674 Z0.9587 E347.77092
G1 X187.235 Y178.251 Z0.9613 E348.84292
G1 X186.681 Y181.711 Z0.9639 E349.89157
G1 X185.770 Y184.913 Z0.9664 E350.88822
G1 X184.556 Y187.746 Z0.9687 E351.81077
G1 X183.108 Y190.132 Z0.9707 E352.64632
G1 X181.612 Y191.899 Z0.9724 E353.33916
G1 X181.492 Y192.028 Z0.9726 E353.39210
G1 X181.361 Y192.147 Z0.9727 E353.44505
G1 X179.938 Y193.325 Z0.9741 E353.99802
G1 X179.785 Y193.440 Z0.9742 E354.05517
G1 X179.622 Y193.539 Z0.9743 E354.11232
G1 X178.322 Y194.250 Z0.9754 E354.55613
G1 X178.149 Y194.334 Z0.9756 E354.61362
G1 X177.969 Y194.401 Z0.9757 E354.67112
G1 X176.821 Y194.767 Z0.9766 E355.03185
G1 X176.639 Y194.815 Z0.9768 E355.08808
G1 X176.454 Y194.847 Z0.9769 E355.14431
G1 X175.210 Y194.997 Z0.9778 E355.51950
G1 X175.000 Y195.000 Z0.9780 E355.58223
G1 X174.048 Y194.977 Z0.9787 E355.86717
G1 X173.099 Y194.909 Z0.9794 E356.15212
G1 X172.154 Y194.796 Z0.9801 E356.43706
G1 X171.215 Y194.639 Z0.9808 E356.72201
G1 X170.285 Y194.436 Z0.9815 E357.00696
G1 X169.365 Y194.190 Z0.9822 E357.29190
G1 X168.459 Y193.900 Z0.9829 E357.57685
G1 X167.567 Y193.567 Z0.9836 E357.86179
G1 X166.692 Y193.193 Z0.9843 E358.14674
G1 X165.835 Y192.777 Z0.9850 E358.43168
G1 X164.003 Y191.617 Z0.9866 E359.08071
G1 X163.861 Y191.507 Z0.9867 E359.13446
G1 X163.730 Y191.385 Z0.9869 E359.18821
G1 X162.959 Y190.601 Z0.9877 E359.51753
G1 X162.841 Y190.470 Z0.9878 E359.57026
G1 X162.735 Y190.329 Z0.9879 E359.62298
G1 X161.928 Y189.151 Z0.9890 E360.05055
G1 X161.155 Y187.456 Z0.9904 E360.60814
G1 X160.580 Y185.268 Z0.9921 E361.28536
G1 X160.332 Y182.736 Z0.9939 E362.04690
G1 X160.462 Y179.905 Z0.9960 E362.89515
G1 X161.007 Y176.841 Z0.9983 E363.82669
G1 X161.985 Y173.639 Z1.0008 E364.82880
G1 X163.387 Y170.419 Z1.0034 E365.88009
G1 X165.174 Y167.314 Z1.0060 E366.95251
G1 X167.276 Y164.455 Z1.0087 E368.01480
G1 X169.602 Y161.957 Z1.0112 E369.03661
G1 X172.050 Y159.905 Z1.0136 E369.99268
G1 X174.517 Y158.348 Z1.0157 E370.86598
G1 X176.914 Y157.296 Z1.0176 E371.64951
G1 X178.990 Y156.776 Z1.0192 E372.29031
G1 X179.174 Y156.739 Z1.0194 E372.34624
G1 X179.359 Y156.720 Z1.0195 E372.40218
G1 X181.013 Y156.623 Z1.0207 E372.89796
G1 X181.207 Y156.621 Z1.0209 E372.95598
G1 X181.400 Y156.638 Z1.0210 E373.01401
G1 X182.687 Y156.814 Z1.0220 E373.40293
G1 X182.873 Y156.848 Z1.0221 E373.45968
G1 X183.056 Y156.900 Z1.0223 E373.51644
G1 X184.110 Y157.256 Z1.0231 E373.84933
G1 X184.282 Y157.323 Z1.0232 E373.90486
G1 X184.448 Y157.406 Z1.0233 E373.96038
G1 X185.353 Y157.914 Z1.0241 E374.27093
G1 X185.507 Y158.009 Z1.0243 E374.32530
G1 X185.652 Y158.119 Z1.0244 E374.37966
G1 X186.463 Y158.792 Z1.0252 E374.69495
G1 X186.595 Y158.911 Z1.0253 E374.74825
G1 X186.715 Y159.042 Z1.0254 E374.80154
G1 X187.460 Y159.926 Z1.0263 E375.14737
G1 X187.566 Y160.064 Z1.0264 E375.19968
G1 X187.661 Y160.211 Z1.0265 E375.25199
G1 X188.426 Y161.532 Z1.0277 E375.70888
G1 X189.124 Y163.423 Z1.0292 E376.31239
G1 X189.568 Y165.765 Z1.0309 E377.02580
G1 X189.662 Y168.429 Z1.0329 E377.82388
G1 X189.360 Y171.368 Z1.0351 E378.70834
G1 X188.632 Y174.504 Z1.0375 E379.67184
G1 X187.472 Y177.729 Z1.0400 E380.69782
G1 X185.900 Y180.917 Z1.0426 E381.76176
G1 X183.970 Y183.933 Z1.0453 E382.83375
G1 X181.761 Y186.652 Z1.0478 E383.88240
G1 X179.370 Y188.970 Z1.0503 E384.87905
G1 X176.903 Y190.816 Z1.0526 E385.80160
G1 X174.456 Y192.159 Z1.0546 E386.63716
G1 X172.277 Y192.941 Z1.0564 E387.32999
G1 X172.108 Y192.993 Z1.0565 E387.38293
G1 X171.935 Y193.031 Z1.0566 E387.43588
G1 X170.114 Y193.339 Z1.0580 E387.98885
G1 X169.924 Y193.362 Z1.0581 E388.04600
G1 X169.734 Y193.367 Z1.0583 E388.10315
G1 X168.251 Y193.332 Z1.0594 E388.54696
G1 X168.060 Y193.318 Z1.0595 E388.60445
G1 X167.870 Y193.286 Z1.0596 E388.66195
G1 X166.693 Y193.029 Z1.0605 E389.02268
G1 X166.512 Y192.980 Z1.0607 E389.07891
G1 X166.336 Y192.915 Z1.0608 E389.13514
G1 X165.183 Y192.423 Z1.0617 E389.51033
G1 X165.000 Y192.321 Z1.0619 E389.57306
G1 X164.187 Y191.825 Z1.0626 E389.85801
G1 X163.399 Y191.292 Z1.0633 E390.14295
G1 X162.637 Y190.721 Z1.0640 E390.42790
G1 X161.903 Y190.115 Z1.0647 E390.71284
G1 X161.198 Y189.475 Z1.0654 E390.99779
G1 X160.525 Y188.802 Z1.0661 E391.28273
G1 X159.885 Y188.097 Z1.0668 E391.56768
G1 X159.279 Y187.363 Z1.0675 E391.85262
G1 X158.708 Y186.601 Z1.0682 E392.13757
G1 X158.175 Y185.813 Z1.0689 E392.42251
G1 X157.168 Y183.893 Z1.0705 E393.07154
G1 X157.100 Y183.727 Z1.0707 E393.12529
G1 X157.047 Y183.555 Z1.0708 E393.17904
G1 X156.771 Y182.490 Z1.0716 E393.50836
G1 X156.735 Y182.318 Z1.0717 E393.56109
G1 X156.714 Y182.143 Z1.0719 E393.61381
G1 X156.604 Y180.719 Z1.0729 E394.04138
G1 X156.782 Y178.864 Z1.0743 E394.59897
G1 X157.378 Y176.682 Z1.0760 E395.27619
G1 X158.429 Y174.365 Z1.0779 E396.03774
G1 X159.957 Y171.979 Z1.0800 E396.88598
G1 X161.961 Y169.598 Z1.0823 E397.81752
G1 X164.409 Y167.314 Z1.0847 E398.81963
G1 X167.233 Y165.227 Z1.0873 E399.87092
G1 X170.333 Y163.431 Z1.0900 E400.94334
G1 X173.583 Y162.006 Z1.0926 E402.00563
G1 X176.847 Y161.006 Z1.0951 E403.02745
G1 X179.993 Y160.452 Z1.0975 E403.98351
G1 X182.908 Y160.337 Z1.0996 E404.85681
G1 X185.509 Y160.625 Z1.1016 E405.64035
G1 X187.568 Y161.213 Z1.1032 E406.28114
G1 X187.745 Y161.273 Z1.1033 E406.33708
G1 X187.915 Y161.348 Z1.1034 E406.39301
G1 X189.396 Y162.092 Z1.1047 E406.88879
G1 X189.564 Y162.187 Z1.1048 E406.94681
G1 X189.723 Y162.298 Z1.1049 E407.00484
G1 X190.750 Y163.094 Z1.1059 E407.39376
G1 X190.894 Y163.217 Z1.1060 E407.45052
G1 X191.026 Y163.353 Z1.1062 E407.50727
G1 X191.761 Y164.188 Z1.1070 E407.84016
G1 X191.877 Y164.333 Z1.1071 E407.89569
G1 X191.979 Y164.488 Z1.1073 E407.95121
G1 X192.509 Y165.379 Z1.1080 E408.26176
G1 X192.595 Y165.540 Z1.1082 E408.31613
G1 X192.666 Y165.707 Z1.1083 E408.37050
G1 X193.031 Y166.695 Z1.1091 E408.68578
G1 X193.086 Y166.864 Z1.1092 E408.73908
G1 X193.125 Y167.038 Z1.1094 E408.79237
G1 X193.328 Y168.175 Z1.1102 E409.13820
G1 X193.351 Y168.348 Z1.1103 E409.19051
G1 X193.359 Y168.523 Z1.1105 E409.24282
G1 X193.362 Y170.049 Z1.1116 E409.69972
G1 X193.020 Y172.036 Z1.1131 E410.30322
G1 X192.234 Y174.286 Z1.1148 E411.01664
G1 X190.983 Y176.640 Z1.1168 E411.81471
G1 X189.252 Y179.035 Z1.1190 E412.69917
G1 X187.054 Y181.386 Z1.1214 E413.66267
G1 X184.436 Y183.599 Z1.1239 E414.68866
G1 X181.481 Y185.574 Z1.1265 E415.75259
G1 X178.302 Y187.222 Z1.1292 E416.82458
G1 X175.029 Y188.471 Z1.1318 E417.87323
G1 X171.800 Y189.283 Z1.1342 E418.86988
G1 X168.740 Y189.648 Z1.1365 E419.79243
G1 X165.949 Y189.588 Z1.1386 E420.62799
G1 X163.672 Y189.176 Z1.1403 E421.32082
G1 X163.499 Y189.137 Z1.1404 E421.37376
G1 X163.331 Y189.083 Z1.1405 E421.42671
G1 X161.599 Y188.439 Z1.1419 E421.97968
G1 X161.424 Y188.364 Z1.1421 E422.03683
G1 X161.256 Y188.273 Z1.1422 E422.09398
G1 X159.989 Y187.502 Z1.1433 E422.53779
G1 X159.830 Y187.394 Z1.1434 E422.59528
G1 X159.682 Y187.272 Z1.1436 E422.65278
G1 X158.792 Y186.460 Z1.1445 E423.01351
G1 X158.659 Y186.327 Z1.1446 E423.06974
G1 X158.539 Y186.182 Z1.1447 E423.12598
G1 X157.787 Y185.180 Z1.1457 E423.50117
G1 X157.679 Y185.000 Z1.1458 E423.56389
G1 X157.206 Y184.130 Z1.1466 E423.86039
G1 X156.775 Y183.238 Z1.1473 E424.15688
G1 X156.390 Y182.326 Z1.1480 E424.45338
G1 X156.050 Y181.395 Z1.1488 E424.74987
G1 X155.757 Y180.449 Z1.1495 E425.04637
G1 X155.510 Y179.490 Z1.1502 E425.34286
G1 X155.312 Y178.519 Z1.1510 E425.63936
G1 X155.162 Y177.540 Z1.1517 E425.93585
G1 X155.061 Y176.555 Z1.1524 E426.23234
G1 X155.008 Y175.566 Z1.1531 E426.52884
G1 X155.005 Y174.575 Z1.1539 E426.82533
G1 X155.050 Y173.586 Z1.1546 E427.12183
G1 X155.145 Y172.600 Z1.1553 E427.41832
G1 X155.288 Y171.620 Z1.1561 E427.71482
G1 X155.479 Y170.648 Z1.1568 E428.01131
G1 X155.719 Y169.687 Z1.1575 E428.30781
G1 X156.005 Y168.739 Z1.1583 E428.60430
G1 X156.339 Y167.806 Z1.1590 E428.90080
G1 X156.718 Y166.891 Z1.1597 E429.19729
G1 X157.141 Y165.996 Z1.1605 E429.49379
G1 X157.609 Y165.123 Z1.1612 E429.79028
G1 X158.120 Y164.274 Z1.1619 E430.08678
G1 X158.671 Y163.451 Z1.1627 E430.38327
G1 X159.263 Y162.657 Z1.1634 E430.67977
G1 X159.893 Y161.893 Z1.1641 E430.97626
G1 X160.561 Y161.161 Z1.1649 E431.27276
G1 X161.264 Y160.463 Z1.1656 E431.56925
G1 X162.000 Y159.801 Z1.1663 E431.86575
G1 X162.769 Y159.176 Z1.1671 E432.16224
G1 X163.567 Y158.590 Z1.1678 E432.45874
G1 X164.394 Y158.044 Z1.1685 E432.75523
G1 X165.246 Y157.540 Z1.1693 E433.05172
G1 X166.123 Y157.078 Z1.1700 E433.34822
G1 X167.021 Y156.661 Z1.1707 E433.64471
G1 X167.938 Y156.288 Z1.1714 E433.94121
G1 X168.874 Y155.961 Z1.1722 E434.23770
G1 X169.824 Y155.681 Z1.1729 E434.53420
G1 X170.786 Y155.449 Z1.1736 E434.83069
G1 X171.760 Y155.264 Z1.1744 E435.12719
G1 X172.741 Y155.128 Z1.1751 E435.42368
G1 X173.727 Y155.041 Z1.1758 E435.72018
G1 X174.717 Y155.002 Z1.1766 E436.01667
G1 X175.707 Y155.013 Z1.1773 E436.31317
G1 X176.696 Y155.072 Z1.1780 E436.60966
G1 X177.681 Y155.180 Z1.1788 E436.90616
G1 X178.659 Y155.337 Z1.1795 E437.20265
G1 X179.628 Y155.543 Z1.1802 E437.49915
G1 X180.585 Y155.796 Z1.1810 E437.79564
G1 X181.529 Y156.096 Z1.1817 E438.09214
G1 X182.457 Y156.442 Z1.1824 E438.38863
G1 X183.367 Y156.834 Z1.1832 E438.68513
G1 X184.256 Y157.271 Z1.1839 E438.98162
G1 X185.122 Y157.751 Z1.1846 E439.27812
G1 X185.964 Y158.273 Z1.1854 E439.57461
G1 X186.779 Y158.836 Z1.1861 E439.87110
G1 X187.564 Y159.439 Z1.1868 E440.16760
G1 X188.319 Y160.080 Z1.1876 E440.46409
G1 X189.042 Y160.758 Z1.1883 E440.76059
G1 X189.730 Y161.471 Z1.1890 E441.05708
G1 X190.381 Y162.217 Z1.1898 E441.35358
G1 X190.995 Y162.994 Z1.1905 E441.65007
G1 X191.570 Y163.801 Z1.1912 E441.94657
G1 X192.104 Y164.635 Z1.1919 E442.24306
G1 X192.597 Y165.494 Z1.1927 E442.53956
G1 X193.046 Y166.377 Z1.1934 E442.83605
G1 X193.450 Y167.281 Z1.1941 E443.13255
G1 X193.810 Y168.204 Z1.1949 E443.42904
G1 X194.123 Y169.144 Z1.1956 E443.72554
G1 X194.390 Y170.098 Z1.1963 E444.02203
G1 X194.609 Y171.064 Z1.1971 E444.31853
G1 X194.780 Y172.039 Z1.1978 E444.61502
G1 X194.902 Y173.022 Z1.1985 E444.91152
G1 X194.975 Y174.010 Z1.1993 E445.20801
G1 X195.000 Y175.000 Z1.2000 E445.50451
G1 X194.890 Y176.215 Z1.2009 E445.86964
G1 X194.865 Y176.393 Z1.2010 E445.92339
G1 X194.825 Y176.568 Z1.2012 E445.97713
G1 X194.531 Y177.628 Z1.2020 E446.30646
G1 X194.477 Y177.795 Z1.2021 E446.35918
G1 X194.408 Y177.957 Z1.2022 E446.41191
G1 X193.791 Y179.246 Z1.2033 E446.83947
G1 X192.709 Y180.762 Z1.2047 E447.39707
G1 X191.102 Y182.355 Z1.2063 E448.07429
G1 X189.033 Y183.835 Z1.2082 E448.83583
G1 X186.517 Y185.138 Z1.2103 E449.68408
G1 X183.591 Y186.198 Z1.2126 E450.61562
G1 X180.329 Y186.952 Z1.2151 E451.61773
G1 X176.840 Y187.347 Z1.2177 E452.66902
G1 X173.257 Y187.353 Z1.2203 E453.74144
G1 X169.730 Y186.962 Z1.2230 E454.80373
G1 X166.403 Y186.196 Z1.2255 E455.82554
G1 X163.402 Y185.102 Z1.2278 E456.78161
G1 X160.820 Y183.745 Z1.2300 E457.65490
G1 X158.711 Y182.195 Z1.2319 E458.43844
G1 X157.223 Y180.656 Z1.2335 E459.07923
G1 X157.099 Y180.516 Z1.2337 E459.13517
G1 X156.989 Y180.365 Z1.2338 E459.19111
G1 X156.079 Y178.981 Z1.2350 E459.68689
G1 X155.980 Y178.814 Z1.2352 E459.74491
G1 X155.898 Y178.639 Z1.2353 E459.80293
G1 X155.407 Y177.436 Z1.2363 E460.19186
G1 X155.344 Y177.257 Z1.2364 E460.24861
G1 X155.297 Y177.073 Z1.2365 E460.30537
G1 X155.078 Y175.983 Z1.2374 E460.63826
G1 X155.050 Y175.800 Z1.2375 E460.69378
G1 X155.039 Y175.614 Z1.2376 E460.74931
G1 X155.026 Y174.577 Z1.2384 E461.05986
G1 X155.032 Y174.396 Z1.2385 E461.11423
G1 X155.054 Y174.215 Z1.2387 E461.16859
G1 X155.232 Y173.177 Z1.2395 E461.48388
G1 X155.269 Y173.003 Z1.2396 E461.53717
G1 X155.322 Y172.833 Z1.2397 E461.59047
G1 X155.715 Y171.747 Z1.2406 E461.93630
G1 X155.782 Y171.585 Z1.2407 E461.98861
G1 X155.862 Y171.430 Z1.2408 E462.04091
G1 X156.623 Y170.107 Z1.2420 E462.49781
G1 X157.912 Y168.557 Z1.2434 E463.10131
G1 X159.718 Y167.001 Z1.2452 E463.81473
G1 X161.979 Y165.588 Z1.2472 E464.61281
G1 X164.675 Y164.380 Z1.2494 E465.49727
G1 X167.754 Y163.442 Z1.2517 E466.46076
G1 X171.127 Y162.835 Z1.2543 E467.48675
G1 X174.674 Y162.602 Z1.2569 E468.55068
G1 X178.251 Y162.765 Z1.2596 E469.62268
G1 X181.711 Y163.319 Z1.2621 E470.67133
G1 X184.913 Y164.230 Z1.2646 E471.66798
G1 X187.746 Y165.444 Z1.2669 E472.59053
G1 X190.132 Y166.892 Z1.2689 E473.42608
G1 X191.899 Y168.388 Z1.2707 E474.11892
G1 X192.028 Y168.508 Z1.2708 E474.17186
G1 X192.147 Y168.639 Z1.2709 E474.22480
G1 X193.325 Y170.062 Z1.2723 E474.77778
G1 X193.440 Y170.215 Z1.2724 E474.83493
G1 X193.539 Y170.378 Z1.2726 E474.89208
G1 X194.250 Y171.678 Z1.2737 E475.33589
G1 X194.334 Y171.851 Z1.2738 E475.39338
G1 X194.401 Y172.031 Z1.2739 E475.45088
G1 X194.767 Y173.179 Z1.2748 E475.81160
G1 X194.815 Y173.361 Z1.2750 E475.86784
G1 X194.847 Y173.546 Z1.2751 E475.92407
G1 X194.997 Y174.790 Z1.2760 E476.29926
G1 X195.000 Y175.000 Z1.2762 E476.36199
G1 X194.977 Y175.952 Z1.2769 E476.64693
G1 X194.909 Y176.901 Z1.2776 E476.93188
G1 X194.796 Y177.846 Z1.2783 E477.21682
G1 X194.639 Y178.785 Z1.2790 E477.50177
G1 X194.436 Y179.715 Z1.2797 E477.78671
G1 X194.190 Y180.635 Z1.2804 E478.07166
G1 X193.900 Y181.541 Z1.2811 E478.35660
G1 X193.567 Y182.433 Z1.2818 E478.64155
G1 X193.193 Y183.308 Z1.2825 E478.92650
G1 X192.777 Y184.165 Z1.2832 E479.21144
G1 X191.617 Y185.997 Z1.2848 E479.86047
G1 X191.507 Y186.139 Z1.2850 E479.91422
G1 X191.385 Y186.270 Z1.2851 E479.96796
G1 X190.601 Y187.041 Z1.2859 E480.29729
G1 X190.470 Y187.159 Z1.2860 E480.35002
G1 X190.329 Y187.265 Z1.2862 E480.40274
G1 X189.151 Y188.072 Z1.2872 E480.83031
G1 X187.456 Y188.845 Z1.2886 E481.38790
G1 X185.268 Y189.420 Z1.2903 E482.06512
G1 X182.736 Y189.668 Z1.2922 E482.82666
G1 X179.905 Y189.538 Z1.2942 E483.67491
G1 X176.841 Y188.993 Z1.2965 E484.60645
G1 X173.639 Y188.015 Z1.2990 E485.60856
G1 X170.419 Y186.613 Z1.3016 E486.65985
G1 X167.314 Y184.826 Z1.3043 E487.73227
G1 X164.455 Y182.724 Z1.3069 E488.79456
G1 X161.957 Y180.398 Z1.3094 E489.81637
G1 X159.905 Y177.950 Z1.3118 E490.77244
G1 X158.348 Y175.483 Z1.3139 E491.64574
G1 X157.296 Y173.086 Z1.3159 E492.42927
G1 X156.776 Y171.010 Z1.3174 E493.07006
G1 X156.739 Y170.826 Z1.3176 E493.12600
G1 X156.720 Y170.641 Z1.3177 E493.18194
G1 X156.623 Y168.987 Z1.3189 E493.67772
G1 X156.621 Y168.793 Z1.3191 E493.73574
G1 X156.638 Y168.600 Z1.3192 E493.79376
G1 X156.814 Y167.313 Z1.3202 E494.18269
G1 X156.848 Y167.127 Z1.3203 E494.23944
G1 X156.900 Y166.944 Z1.3205 E494.29620
G1 X157.256 Y165.890 Z1.3213 E494.62909
G1 X157.323 Y165.718 Z1.3214 E494.68461
G1 X157.406 Y165.552 Z1.3216 E494.74014
G1 X157.914 Y164.647 Z1.3223 E495.05069
G1 X158.009 Y164.493 Z1.3225 E495.10506
G1 X158.119 Y164.348 Z1.3226 E495.15942
G1 X158.792 Y163.537 Z1.3234 E495.47471
G1 X158.911 Y163.405 Z1.3235 E495.52801
G1 X159.042 Y163.285 Z1.3236 E495.58130
G1 X159.926 Y162.540 Z1.3245 E495.92713
G1 X160.064 Y162.434 Z1.3246 E495.97944
G1 X160.211 Y162.339 Z1.3248 E496.03175
G1 X161.532 Y161.574 Z1.3259 E496.48864
G1 X163.423 Y160.876 Z1.3274 E497.09214
G1 X165.765 Y160.432 Z1.3291 E497.80556
G1 X168.429 Y160.338 Z1.3311 E498.60364
G1 X171.368 Y160.640 Z1.3333 E499.48810
G1 X174.504 Y161.368 Z1.3357 E500.45159
G1 X177.729 Y162.528 Z1.3382 E501.47758
G1 X180.917 Y164.100 Z1.3408 E502.54151
G1 X183.933 Y166.030 Z1.3435 E503.61351
G1 X186.652 Y168.239 Z1.3461 E504.66216
G1 X188.970 Y170.630 Z1.3485 E505.65881
G1 X190.816 Y173.097 Z1.3508 E506.58136
G1 X192.159 Y175.544 Z1.3529 E507.41692
G1 X192.941 Y177.723 Z1.3546 E508.10975
G1 X192.993 Y177.892 Z1.3547 E508.16269
G1 X193.031 Y178.065 Z1.3548 E508.21564
G1 X193.339 Y179.886 Z1.3562 E508.76861
G1 X193.362 Y180.076 Z1.3563 E508.82576
G1 X193.367 Y180.266 Z1.3565 E508.88291
G1 X193.332 Y181.749 Z1.3576 E509.32672
G1 X193.318 Y181.940 Z1.3577 E509.38421
G1 X193.286 Y182.130 Z1.3579 E509.44171
G1 X193.029 Y183.307 Z1.3588 E509.80244
G1 X192.980 Y183.488 Z1.3589 E509.85867
G1 X192.915 Y183.664 Z1.3590 E509.91490
G1 X192.423 Y184.817 Z1.3600 E510.29009
G1 X192.321 Y185.000 Z1.3601 E510.35282
G1 X191.825 Y185.813 Z1.3608 E510.63776
G1 X191.292 Y186.601 Z1.3615 E510.92271
G1 X190.721 Y187.363 Z1.3622 E511.20766
G1 X190.115 Y188.097 Z1.3629 E511.49260
G1 X189.475 Y188.802 Z1.3636 E511.77755
G1 X188.802 Y189.475 Z1.3643 E512.06249
G1 X188.097 Y190.115 Z1.3650 E512.34744
G1 X187.363 Y190.721 Z1.3657 E512.63238
G1 X186.601 Y191.292 Z1.3664 E512.91733
G1 X185.813 Y191.825 Z1.3672 E513.20227
G1 X183.893 Y192.832 Z1.3688 E513.85130
G1 X183.727 Y192.900 Z1.3689 E513.90505
G1 X183.555 Y192.953 Z1.3690 E513.95880
G1 X182.490 Y193.229 Z1.3698 E514.28812
G1 X182.318 Y193.265 Z1.3700 E514.34085
G1 X182.143 Y193.286 Z1.3701 E514.39357
G1 X180.719 Y193.396 Z1.3712 E514.82114
G1 X178.864 Y193.218 Z1.3725 E515.37873
G1 X176.682 Y192.622 Z1.3742 E516.05595
G1 X174.365 Y191.571 Z1.3761 E516.81750
G1 X171.979 Y190.043 Z1.3782 E517.66574
G1 X169.598 Y188.039 Z1.3805 E518.59728
G1 X167.314 Y185.591 Z1.3829 E519.59939
G1 X165.227 Y182.767 Z1.3855 E520.65068
G1 X163.431 Y179.667 Z1.3882 E521.72310
G1 X162.006 Y176.417 Z1.3908 E522.78539
G1 X161.006 Y173.153 Z1.3933 E523.80720
G1 X160.452 Y170.007 Z1.3957 E524.76327
G1 X160.337 Y167.092 Z1.3979 E525.63657
G1 X160.625 Y164.491 Z1.3998 E526.42010
G1 X161.213 Y162.432 Z1.4014 E527.06090
G1 X161.273 Y162.255 Z1.4015 E527.11683
G1 X161.348 Y162.085 Z1.4016 E527.17277
G1 X162.092 Y160.604 Z1.4029 E527.66855
G1 X162.187 Y160.436 Z1.4030 E527.72657
G1 X162.298 Y160.277 Z1.4032 E527.78460
G1 X163.094 Y159.250 Z1.4041 E528.17352
G1 X163.217 Y159.106 Z1.4043 E528.23028
G1 X163.353 Y158.974 Z1.4044 E528.28703
G1 X164.188 Y158.239 Z1.4052 E528.61992
G1 X164.333 Y158.123 Z1.4054 E528.67545
G1 X164.488 Y158.021 Z1.4055 E528.73097
G1 X165.379 Y157.491 Z1.4063 E529.04152
G1 X165.540 Y157.405 Z1.4064 E529.09589
G1 X165.707 Y157.334 Z1.4065 E529.15025
G1 X166.695 Y156.969 Z1.4073 E529.46554
G1 X166.864 Y156.914 Z1.4074 E529.51884
G1 X167.038 Y156.875 Z1.4076 E529.57213
G1 X168.175 Y156.672 Z1.4084 E529.91796
G1 X168.348 Y156.649 Z1.4086 E529.97027
G1 X168.523 Y156.641 Z1.4087 E530.02258
G1 X170.049 Y156.638 Z1.4098 E530.47947
G1 X172.036 Y156.980 Z1.4113 E531.08298
G1 X174.286 Y157.766 Z1.4131 E531.79640
G1 X176.640 Y159.017 Z1.4150 E532.59447
G1 X179.035 Y160.748 Z1.4172 E533.47893
G1 X181.386 Y162.946 Z1.4196 E534.44243
G1 X183.599 Y165.564 Z1.4221 E535.46841
G1 X185.574 Y168.519 Z1.4248 E536.53235
G1 X187.222 Y171.698 Z1.4274 E537.60434
G1 X188.471 Y174.971 Z1.4300 E538.65299
G1 X189.283 Y178.200 Z1.4325 E539.64964
G1 X189.648 Y181.260 Z1.4347 E540.57219
G1 X189.588 Y184.051 Z1.4368 E541.40775
G1 X189.176 Y186.328 Z1.4385 E542.10058
G1 X189.137 Y186.501 Z1.4386 E542.15352
G1 X189.083 Y186.669 Z1.4388 E542.20647
G1 X188.439 Y188.401 Z1.4401 E542.75944
G1 X188.364 Y188.576 Z1.4403 E542.81659
G1 X188.273 Y188.744 Z1.4404 E542.87374
G1 X187.502 Y190.011 Z1.4415 E543.31755
G1 X187.394 Y190.170 Z1.4417 E543.37504
G1 X187.272 Y190.318 Z1.4418 E543.43254
G1 X186.460 Y191.208 Z1.4427 E543.79327
G1 X186.327 Y191.341 Z1.4428 E543.84950
G1 X186.182 Y191.461 Z1.4430 E543.90573
G1 X185.180 Y192.213 Z1.4439 E544.28093
G1 X185.000 Y192.321 Z1.4440 E544.34365
G1 X184.165 Y192.777 Z1.4447 E544.62860
G1 X183.308 Y193.193 Z1.4455 E544.91354
G1 X182.433 Y193.567 Z1.4462 E545.19849
G1 X181.541 Y193.900 Z1.4469 E545.48343
G1 X180.635 Y194.190 Z1.4476 E545.76838
G1 X179.715 Y194.436 Z1.4483 E546.05332
G1 X178.785 Y194.639 Z1.4490 E546.33827
G1 X177.846 Y194.796 Z1.4497 E546.62321
G1 X176.901 Y194.909 Z1.4504 E546.90816
G1 X175.952 Y194.977 Z1.4511 E547.19310
G1 X173.785 Y194.890 Z1.4527 E547.84213
G1 X173.607 Y194.865 Z1.4528 E547.89588
G1 X173.432 Y194.825 Z1.4529 E547.94963
G1 X172.372 Y194.531 Z1.4538 E548.27895
G1 X172.205 Y194.477 Z1.4539 E548.33168
G1 X172.043 Y194.408 Z1.4540 E548.38440
G1 X170.754 Y193.791 Z1.4551 E548.81197
G1 X169.238 Y192.709 Z1.4565 E549.36956
G1 X167.645 Y191.102 Z1.4581 E550.04678
G1 X166.165 Y189.033 Z1.4600 E550.80833
G1 X164.862 Y186.517 Z1.4621 E551.65657
G1 X163.802 Y183.591 Z1.4644 E552.58811
G1 X163.048 Y180.329 Z1.4669 E553.59022
G1 X162.653 Y176.840 Z1.4695 E554.64151
G1 X162.647 Y173.257 Z1.4721 E555.71393
G1 X163.038 Y169.730 Z1.4747 E556.77622
G1 X163.804 Y166.403 Z1.4773 E557.79804
G1 X164.898 Y163.402 Z1.4796 E558.75410
G1 X166.255 Y160.820 Z1.4818 E559.62740
G1 X167.805 Y158.711 Z1.4837 E560.41094
G1 X169.344 Y157.223 Z1.4853 E561.05173
G1 X169.484 Y157.099 Z1.4854 E561.10767
G1 X169.635 Y156.989 Z1.4856 E561.16361
G1 X171.019 Y156.079 Z1.4868 E561.65938
G1 X171.186 Y155.980 Z1.4869 E561.71740
G1 X171.361 Y155.898 Z1.4871 E561.77543
G1 X172.564 Y155.407 Z1.4880 E562.16435
G1 X172.743 Y155.344 Z1.4882 E562.22111
G1 X172.927 Y155.297 Z1.4883 E562.27786
G1 X174.017 Y155.078 Z1.4891 E562.61075
G1 X174.200 Y155.050 Z1.4893 E562.66628
G1 X174.386 Y155.039 Z1.4894 E562.72180
G1 X175.423 Y155.026 Z1.4902 E563.03235
G1 X175.604 Y155.032 Z1.4903 E563.08672
G1 X175.785 Y155.054 Z1.4905 E563.14109
G1 X176.823 Y155.232 Z1.4912 E563.45637
G1 X176.997 Y155.269 Z1.4914 E563.50967
G1 X177.167 Y155.322 Z1.4915 E563.56296
G1 X178.253 Y155.715 Z1.4924 E563.90879
G1 X178.415 Y155.782 Z1.4925 E563.96110
G1 X178.570 Y155.862 Z1.4926 E564.01341
G1 X179.893 Y156.623 Z1.4937 E564.47031
G1 X181.443 Y157.912 Z1.4952 E565.07381
G1 X182.999 Y159.718 Z1.4970 E565.78723
G1 X184.412 Y161.979 Z1.4990 E566.58531
G1 X185.620 Y164.675 Z1.5011 E567.46976
G1 X186.558 Y167.754 Z1.5035 E568.43326
G1 X187.165 Y171.127 Z1.5061 E569.45925
G1 X187.398 Y174.674 Z1.5087 E570.52318
G1 X187.235 Y178.251 Z1.5113 E571.59517
G1 X186.681 Y181.711 Z1.5139 E572.64382
G1 X185.770 Y184.913 Z1.5164 E573.64047
G1 X184.556 Y187.746 Z1.5187 E574.56302
G1 X183.108 Y190.132 Z1.5207 E575.39858
G1 X181.612 Y191.899 Z1.5224 E576.09141
G1 X181.492 Y192.028 Z1.5226 E576.14436
G1 X181.361 Y192.147 Z1.5227 E576.19730
G1 X179.938 Y193.325 Z1.5241 E576.75027
G1 X179.785 Y193.440 Z1.5242 E576.80742
G1 X179.622 Y193.539 Z1.5243 E576.86457
G1 X178.322 Y194.250 Z1.5254 E577.30838
G1 X178.149 Y194.334 Z1.5256 E577.36587
G1 X177.969 Y194.401 Z1.5257 E577.42337
G1 X176.821 Y194.767 Z1.5266 E577.78410
G1 X176.639 Y194.815 Z1.5268 E577.84033
G1 X176.454 Y194.847 Z1.5269 E577.89657
G1 X175.210 Y194.997 Z1.5278 E578.27176
G1 X175.000 Y195.000 Z1.5280 E578.33448
G1 X174.048 Y194.977 Z1.5287 E578.61943
G1 X173.099 Y194.909 Z1.5294 E578.90437
G1 X172.154 Y194.796 Z1.5301 E579.18932
G1 X171.215 Y194.639 Z1.5308 E579.47426
G1 X170.285 Y194.436 Z1.5315 E579.75921
G1 X169.365 Y194.190 Z1.5322 E580.04415
G1 X168.459 Y193.900 Z1.5329 E580.32910
G1 X167.567 Y193.567 Z1.5336 E580.61404
G1 X166.692 Y193.193 Z1.5343 E580.89899
G1 X165.835 Y192.777 Z1.5350 E581.18393
G1 X164.003 Y191.617 Z1.5366 E581.83296
G1 X163.861 Y191.507 Z1.5367 E581.88671
G1 X163.730 Y191.385 Z1.5369 E581.94046
G1 X162.959 Y190.601 Z1.5377 E582.26979
G1 X162.841 Y190.470 Z1.5378 E582.32251
G1 X162.735 Y190.329 Z1.5379 E582.37523
G1 X161.928 Y189.151 Z1.5390 E582.80280
G1 X161.155 Y187.456 Z1.5404 E583.36039
G1 X160.580 Y185.268 Z1.5421 E584.03762
G1 X160.332 Y182.736 Z1.5439 E584.79916
G1 X160.462 Y179.905 Z1.5460 E585.64741
G1 X161.007 Y176.841 Z1.5483 E586.57894
G1 X161.985 Y173.639 Z1.5508 E587.58106
G1 X163.387 Y170.419 Z1.5534 E588.63234
G1 X165.174 Y167.314 Z1.5560 E589.70476
G1 X167.276 Y164.455 Z1.5587 E590.76705
G1 X169.602 Y161.957 Z1.5612 E591.78887
G1 X172.050 Y159.905 Z1.5636 E592.74493
G1 X174.517 Y158.348 Z1.5657 E593.61823
G1 X176.914 Y157.296 Z1.5676 E594.40177
G1 X178.990 Y156.776 Z1.5692 E595.04256
G1 X179.174 Y156.739 Z1.5694 E595.09850
G1 X179.359 Y156.720 Z1.5695 E595.15444
G1 X181.013 Y156.623 Z1.5707 E595.65021
G1 X181.207 Y156.621 Z1.5709 E595.70824
G1 X181.400 Y156.638 Z1.5710 E595.76626
G1 X182.687 Y156.814 Z1.5720 E596.15518
G1 X182.873 Y156.848 Z1.5721 E596.21194
G1 X183.056 Y156.900 Z1.5723 E596.26869
G1 X184.110 Y157.256 Z1.5731 E596.60159
G1 X184.282 Y157.323 Z1.5732 E596.65711
G1 X184.448 Y157.406 Z1.5733 E596.71263
G1 X185.353 Y157.914 Z1.5741 E597.02319
G1 X185.507 Y158.009 Z1.5743 E597.07755
G1 X185.652 Y158.119 Z1.5744 E597.13192
G1 X186.463 Y158.792 Z1.5752 E597.44721
G1 X186.595 Y158.911 Z1.5753 E597.50050
G1 X186.715 Y159.042 Z1.5754 E597.55379
G1 X187.460 Y159.926 Z1.5763 E597.89962
G1 X187.566 Y160.064 Z1.5764 E597.95193
G1 X187.661 Y160.211 Z1.5765 E598.00424
G1 X188.426 Y161.532 Z1.5777 E598.46114
G1 X189.124 Y163.423 Z1.5792 E599.06464
G1 X189.568 Y165.765 Z1.5809 E599.77806
G1 X189.662 Y168.429 Z1.5829 E600.57614
G1 X189.360 Y171.368 Z1.5851 E601.46059
G1 X188.632 Y174.504 Z1.5875 E602.42409
G1 X187.472 Y177.729 Z1.5900 E603.45008
G1 X185.900 Y180.917 Z1.5926 E604.51401
G1 X183.970 Y183.933 Z1.5953 E605.58600
G1 X181.761 Y186.652 Z1.5978 E606.63466
G1 X179.370 Y188.970 Z1.6003 E607.63131
G1 X176.903 Y190.816 Z1.6026 E608.55385
G1 X174.456 Y192.159 Z1.6046 E609.38941
G1 X172.277 Y192.941 Z1.6064 E610.08224
G1 X172.108 Y192.993 Z1.6065 E610.13519
G1 X171.935 Y193.031 Z1.6066 E610.18813
G1 X170.114 Y193.339 Z1.6080 E610.74110
G1 X169.924 Y193.362 Z1.6081 E610.79825
G1 X169.734 Y193.367 Z1.6083 E610.85540
G1 X168.251 Y193.332 Z1.6094 E611.29921
G1 X168.060 Y193.318 Z1.6095 E611.35671
G1 X167.870 Y193.286 Z1.6096 E611.41420
G1 X166.693 Y193.029 Z1.6105 E611.77493
G1 X166.512 Y192.980 Z1.6107 E611.83116
G1 X166.336 Y192.915 Z1.6108 E611.88740
G1 X165.183 Y192.423 Z1.6117 E612.26259
G1 X165.000 Y192.321 Z1.6119 E612.32531
G1 X164.187 Y191.825 Z1.6126 E612.61026
G1 X163.399 Y191.292 Z1.6133 E612.89520
G1 X162.637 Y190.721 Z1.6140 E613.18015
G1 X161.903 Y190.115 Z1.6147 E613.46509
G1 X161.198 Y189.475 Z1.6154 E613.75004
G1 X160.525 Y188.802 Z1.6161 E614.03498
G1 X159.885 Y188.097 Z1.6168 E614.31993
G1 X159.279 Y187.363 Z1.6175 E614.60488
G1 X158.708 Y186.601 Z1.6182 E614.88982
G1 X158.175 Y185.813 Z1.6189 E615.17477
G1 X157.168 Y183.893 Z1.6205 E615.82380
G1 X157.100 Y183.727 Z1.6207 E615.87754
G1 X157.047 Y183.555 Z1.6208 E615.93129
G1 X156.771 Y182.490 Z1.6216 E616.26062
G1 X156.735 Y182.318 Z1.6217 E616.31334
G1 X156.714 Y182.143 Z1.6219 E616.36606
G1 X156.604 Y180.719 Z1.6229 E616.79363
G1 X156.782 Y178.864 Z1.6243 E617.35122
G1 X157.378 Y176.682 Z1.6260 E618.02845
G1 X158.429 Y174.365 Z1.6279 E618.78999
G1 X159.957 Y171.979 Z1.6300 E619.63824
G1 X161.961 Y169.598 Z1.6323 E620.56977
G1 X164.409 Y167.314 Z1.6347 E621.57189
G1 X167.233 Y165.227 Z1.6373 E622.62317
G1 X170.333 Y163.431 Z1.6400 E623.69560
G1 X173.583 Y162.006 Z1.6426 E624.75788
G1 X176.847 Y161.006 Z1.6451 E625.77970
G1 X179.993 Y160.452 Z1.6475 E626.73576
G1 X182.908 Y160.337 Z1.6496 E627.60906
G1 X185.509 Y160.625 Z1.6516 E628.39260
G1 X187.568 Y161.213 Z1.6532 E629.03339
G1 X187.745 Y161.273 Z1.6533 E629.08933
G1 X187.915 Y161.348 Z1.6534 E629.14527
G1 X189.396 Y162.092 Z1.6547 E629.64105
G1 X189.564 Y162.187 Z1.6548 E629.69907
G1 X189.723 Y162.298 Z1.6549 E629.75709
G1 X190.750 Y163.094 Z1.6559 E630.14601
G1 X190.894 Y163.217 Z1.6560 E630.20277
G1 X191.026 Y163.353 Z1.6562 E630.25953
G1 X191.761 Y164.188 Z1.6570 E630.59242
G1 X191.877 Y164.333 Z1.6571 E630.64794
G1 X191.979 Y164.488 Z1.6573 E630.70346
G1 X192.509 Y165.379 Z1.6580 E631.01402
G1 X192.595 Y165.540 Z1.6582 E631.06838
G1 X192.666 Y165.707 Z1.6583 E631.12275
G1 X193.031 Y166.695 Z1.6591 E631.43804
G1 X193.086 Y166.864 Z1.6592 E631.49133
G1 X193.125 Y167.038 Z1.6594 E631.54462
G1 X193.328 Y168.175 Z1.6602 E631.89045
G1 X193.351 Y168.348 Z1.6603 E631.94276
G1 X193.359 Y168.523 Z1.6605 E631.99507
G1 X193.362 Y170.049 Z1.6616 E632.45197
G1 X193.020 Y172.036 Z1.6631 E633.05547
G1 X192.234 Y174.286 Z1.6648 E633.76889
G1 X190.983 Y176.640 Z1.6668 E634.56697
G1 X189.252 Y179.035 Z1.6690 E635.45142
G1 X187.054 Y181.386 Z1.6714 E636.41492
G1 X184.436 Y183.599 Z1.6739 E637.44091
G1 X181.481 Y185.574 Z1.6765 E638.50484
G1 X178.302 Y187.222 Z1.6792 E639.57683
G1 X175.029 Y188.471 Z1.6818 E640.62549
G1 X171.800 Y189.283 Z1.6842 E641.62214
G1 X168.740 Y189.648 Z1.6865 E642.54468
G1 X165.949 Y189.588 Z1.6886 E643.38024
G1 X163.672 Y189.176 Z1.6903 E644.07307
G1 X163.499 Y189.137 Z1.6904 E644.12602
G1 X163.331 Y189.083 Z1.6905 E644.17896
G1 X161.599 Y188.439 Z1.6919 E644.73193
G1 X161.424 Y188.364 Z1.6921 E644.78908
G1 X161.256 Y188.273 Z1.6922 E644.84624
G1 X159.989 Y187.502 Z1.6933 E645.29004
G1 X159.830 Y187.394 Z1.6934 E645.34754
G1 X159.682 Y187.272 Z1.6936 E645.40503
G1 X158.792 Y186.460 Z1.6945 E645.76576
G1 X158.659 Y186.327 Z1.6946 E645.82199
G1 X158.539 Y186.182 Z1.6947 E645.87823
G1 X157.787 Y185.180 Z1.6957 E646.25342
G1 X157.679 Y185.000 Z1.6958 E646.31614
G1 X157.206 Y184.130 Z1.6966 E646.61264
G1 X156.775 Y183.238 Z1.6973 E646.90913
G1 X156.390 Y182.326 Z1.6980 E647.20563
G1 X156.050 Y181.395 Z1.6988 E647.50212
G1 X155.757 Y180.449 Z1.6995 E647.79862
G1 X155.510 Y179.490 Z1.7002 E648.09511
G1 X155.312 Y178.519 Z1.7010 E648.39161
G1 X155.162 Y177.540 Z1.7017 E648.68810
G1 X155.061 Y176.555 Z1.7024 E648.98460
G1 X155.008 Y175.566 Z1.7031 E649.28109
G1 X155.005 Y174.575 Z1.7039 E649.57759
G1 X155.050 Y173.586 Z1.7046 E649.87408
G1 X155.145 Y172.600 Z1.7053 E650.17058
G1 X155.288 Y171.620 Z1.7061 E650.46707
G1 X155.479 Y170.648 Z1.7068 E650.76357
G1 X155.719 Y169.687 Z1.7075 E651.06006
G1 X156.005 Y168.739 Z1.7083 E651.35656
G1 X156.339 Y167.806 Z1.7090 E651.65305
G1 X156.718 Y166.891 Z1.7097 E651.94955
G1 X157.141 Y165.996 Z1.7105 E652.24604
G1 X157.609 Y165.123 Z1.7112 E652.54253
G1 X158.120 Y164.274 Z1.7119 E652.83903
G1 X158.671 Y163.451 Z1.7127 E653.13552
G1 X159.263 Y162.657 Z1.7134 E653.43202
G1 X159.893 Y161.893 Z1.7141 E653.72851
G1 X160.561 Y161.161 Z1.7149 E654.02501
G1 X161.264 Y160.463 Z1.7156 E654.32150
G1 X162.000 Y159.801 Z1.7163 E654.61800
G1 X162.769 Y159.176 Z1.7171 E654.91449
G1 X163.567 Y158.590 Z1.7178 E655.21099
G1 X164.394 Y158.044 Z1.7185 E655.50748
G1 X165.246 Y157.540 Z1.7193 E655.80398
G1 X166.123 Y157.078 Z1.7200 E656.10047
G1 X167.021 Y156.661 Z1.7207 E656.39697
G1 X167.938 Y156.288 Z1.7214 E656.69346
G1 X168.874 Y155.961 Z1.7222 E656.98996
G1 X169.824 Y155.681 Z1.7229 E657.28645
G1 X170.786 Y155.449 Z1.7236 E657.58295
G1 X171.760 Y155.264 Z1.7244 E657.87944
G1 X172.741 Y155.128 Z1.7251 E658.17594
G1 X173.727 Y155.041 Z1.7258 E658.47243
G1 X174.717 Y155.002 Z1.7266 E658.76893
G1 X175.707 Y155.013 Z1.7273 E659.06542
G1 X176.696 Y155.072 Z1.7280 E659.36192
G1 X177.681 Y155.180 Z1.7288 E659.65841
G1 X178.659 Y155.337 Z1.7295 E659.95490
G1 X179.628 Y155.543 Z1.7302 E660.25140
G1 X180.585 Y155.796 Z1.7310 E660.54789
G1 X181.529 Y156.096 Z1.7317 E660.84439
G1 X182.457 Y156.442 Z1.7324 E661.14088
G1 X183.367 Y156.834 Z1.7332 E661.43738
G1 X184.256 Y157.271 Z1.7339 E661.73387
G1 X185.122 Y157.751 Z1.7346 E662.03037
G1 X185.964 Y158.273 Z1.7354 E662.32686
G1 X186.779 Y158.836 Z1.7361 E662.62336
G1 X187.564 Y159.439 Z1.7368 E662.91985
G1 X188.319 Y160.080 Z1.7376 E663.21635
G1 X189.042 Y160.758 Z1.7383 E663.51284
G1 X189.730 Y161.471 Z1.7390 E663.80934
G1 X190.381 Y162.217 Z1.7398 E664.10583
G1 X190.995 Y162.994 Z1.7405 E664.40233
G1 X191.570 Y163.801 Z1.7412 E664.69882
G1 X192.104 Y164.635 Z1.7419 E664.99532
G1 X192.597 Y165.494 Z1.7427 E665.29181
G1 X193.046 Y166.377 Z1.7434 E665.58831
G1 X193.450 Y167.281 Z1.7441 E665.88480
G1 X193.810 Y168.204 Z1.7449 E666.18130
G1 X194.123 Y169.144 Z1.7456 E666.47779
G1 X194.390 Y170.098 Z1.7463 E666.77428
G1 X194.609 Y171.064 Z1.7471 E667.07078
G1 X194.780 Y172.039 Z1.7478 E667.36727
G1 X194.902 Y173.022 Z1.7485 E667.66377
G1 X194.975 Y174.010 Z1.7493 E667.96026
G1 X195.000 Y175.000 Z1.7500 E668.25676
G1 X194.890 Y176.215 Z1.7509 E668.62189
G1 X194.865 Y176.393 Z1.7510 E668.67564
G1 X194.825 Y176.568 Z1.7512 E668.72939
G1 X194.531 Y177.628 Z1.7520 E669.05871
G1 X194.477 Y177.795 Z1.7521 E669.11144
G1 X194.408 Y177.957 Z1.7522 E669.16416
G1 X193.791 Y179.246 Z1.7533 E669.59173
G1 X192.709 Y180.762 Z1.7547 E670.14932
G1 X191.102 Y182.355 Z1.7563 E670.82654
G1 X189.033 Y183.835 Z1.7582 E671.58809
G1 X186.517 Y185.138 Z1.7603 E672.43633
G1 X183.591 Y186.198 Z1.7626 E673.36787
G1 X180.329 Y186.952 Z1.7651 E674.36998
G1 X176.840 Y187.347 Z1.7677 E675.42127
G1 X173.257 Y187.353 Z1.7703 E676.49369
G1 X169.730 Y186.962 Z1.7730 E677.55598
G1 X166.403 Y186.196 Z1.7755 E678.57780
G1 X163.402 Y185.102 Z1.7778 E679.53386
G1 X160.820 Y183.745 Z1.7800 E680.40716
G1 X158.711 Y182.195 Z1.7819 E681.19070
G1 X157.223 Y180.656 Z1.7835 E681.83149
G1 X157.099 Y180.516 Z1.7837 E681.88743
G1 X156.989 Y180.365 Z1.7838 E681.94336
G1 X156.079 Y178.981 Z1.7850 E682.43914
G1 X155.980 Y178.814 Z1.7852 E682.49716
G1 X155.898 Y178.639 Z1.7853 E682.55519
G1 X155.407 Y177.436 Z1.7863 E682.94411
G1 X155.344 Y177.257 Z1.7864 E683.00087
G1 X155.297 Y177.073 Z1.7865 E683.05762
G1 X155.078 Y175.983 Z1.7874 E683.39051
G1 X155.050 Y175.800 Z1.7875 E683.44604
G1 X155.039 Y175.614 Z1.7876 E683.50156
G1 X155.026 Y174.577 Z1.7884 E683.81211
G1 X155.032 Y174.396 Z1.7885 E683.86648
G1 X155.054 Y174.215 Z1.7887 E683.92084
G1 X155.232 Y173.177 Z1.7895 E684.23613
G1 X155.269 Y173.003 Z1.7896 E684.28943
G1 X155.322 Y172.833 Z1.7897 E684.34272
G1 X155.715 Y171.747 Z1.7906 E684.68855
G1 X155.782 Y171.585 Z1.7907 E684.74086
G1 X155.862 Y171.430 Z1.7908 E684.79317
G1 X156.623 Y170.107 Z1.7920 E685.25007
G1 X157.912 Y168.557 Z1.7934 E685.85357
G1 X159.718 Y167.001 Z1.7952 E686.56699
G1 X161.979 Y165.588 Z1.7972 E687.36506
G1 X164.675 Y164.380 Z1.7994 E688.24952
G1 X167.754 Y163.442 Z1.8017 E689.21302
G1 X171.127 Y162.835 Z1.8043 E690.23900
G1 X174.674 Y162.602 Z1.8069 E691.30294
G1 X178.251 Y162.765 Z1.8096 E692.37493
G1 X181.711 Y163.319 Z1.8121 E693.42358
G1 X184.913 Y164.230 Z1.8146 E694.42023
G1 X187.746 Y165.444 Z1.8169 E695.34278
G1 X190.132 Y166.892 Z1.8189 E696.17834
G1 X191.899 Y168.388 Z1.8207 E696.87117
G1 X192.028 Y168.508 Z1.8208 E696.92411
G1 X192.147 Y168.639 Z1.8209 E696.97706
G1 X193.325 Y170.062 Z1.8223 E697.53003
G1 X193.440 Y170.215 Z1.8224 E697.58718
G1 X193.539 Y170.378 Z1.8226 E697.64433
G1 X194.250 Y171.678 Z1.8237 E698.08814
G1 X194.334 Y171.851 Z1.8238 E698.14563
G1 X194.401 Y172.031 Z1.8239 E698.20313
G1 X194.767 Y173.179 Z1.8248 E698.56386
G1 X194.815 Y173.361 Z1.8250 E698.62009
G1 X194.847 Y173.546 Z1.8251 E698.67633
G1 X194.997 Y174.790 Z1.8260 E699.05152
G1 X195.000 Y175.000 Z1.8262 E699.11424
G1 X194.977 Y175.952 Z1.8269 E699.39919
G1 X194.909 Y176.901 Z1.8276 E699.68413
G1 X194.796 Y177.846 Z1.8283 E699.96908
G1 X194.639 Y178.785 Z1.8290 E700.25402
G1 X194.436 Y179.715 Z1.8297 E700.53897
G1 X194.190 Y180.635 Z1.8304 E700.82391
G1 X193.900 Y181.541 Z1.8311 E701.10886
G1 X193.567 Y182.433 Z1.8318 E701.39380
G1 X193.193 Y183.308 Z1.8325 E701.67875
G1 X192.777 Y184.165 Z1.8332 E701.96369
G1 X191.617 Y185.997 Z1.8348 E702.61272
G1 X191.507 Y186.139 Z1.8350 E702.66647
G1 X191.385 Y186.270 Z1.8351 E702.72022
G1 X190.601 Y187.041 Z1.8359 E703.04955
G1 X190.470 Y187.159 Z1.8360 E703.10227
G1 X190.329 Y187.265 Z1.8362 E703.15499
G1 X189.151 Y188.072 Z1.8372 E703.58256
G1 X187.456 Y188.845 Z1.8386 E704.14015
G1 X185.268 Y189.420 Z1.8403 E704.81738
G1 X182.736 Y189.668 Z1.8422 E705.57892
G1 X179.905 Y189.538 Z1.8442 E706.42716
G1 X176.841 Y188.993 Z1.8465 E707.35870
G1 X173.639 Y188.015 Z1.8490 E708.36082
G1 X170.419 Y186.613 Z1.8516 E709.41210
G1 X167.314 Y184.826 Z1.8543 E710.48452
G1 X164.455 Y182.724 Z1.8569 E711.54681
G1 X161.957 Y180.398 Z1.8594 E712.56863
G1 X159.905 Y177.950 Z1.8618 E713.52469
G1 X158.348 Y175.483 Z1.8639 E714.39799
G1 X157.296 Y173.086 Z1.8659 E715.18153
G1 X156.776 Y171.010 Z1.8674 E715.82232
G1 X156.739 Y170.826 Z1.8676 E715.87826
G1 X156.720 Y170.641 Z1.8677 E715.93420
G1 X156.623 Y168.987 Z1.8689 E716.42997
G1 X156.621 Y168.793 Z1.8691 E716.48800
G1 X156.638 Y168.600 Z1.8692 E716.54602
G1 X156.814 Y167.313 Z1.8702 E716.93494
G1 X156.848 Y167.127 Z1.8703 E716.99170
G1 X156.900 Y166.944 Z1.8705 E717.04845
G1 X157.256 Y165.890 Z1.8713 E717.38134
G1 X157.323 Y165.718 Z1.8714 E717.43687
G1 X157.406 Y165.552 Z1.8716 E717.49239
G1 X157.914 Y164.647 Z1.8723 E717.80294
G1 X158.009 Y164.493 Z1.8725 E717.85731
G1 X158.119 Y164.348 Z1.8726 E717.91168
G1 X158.792 Y163.537 Z1.8734 E718.22697
G1 X158.911 Y163.405 Z1.8735 E718.28026
G1 X159.042 Y163.285 Z1.8736 E718.33355
G1 X159.926 Y162.540 Z1.8745 E718.67938
G1 X160.064 Y162.434 Z1.8746 E718.73169
G1 X160.211 Y162.339 Z1.8748 E718.78400
G1 X161.532 Y161.574 Z1.8759 E719.24090
G1 X163.423 Y160.876 Z1.8774 E719.84440
G1 X165.765 Y160.432 Z1.8791 E720.55782
G1 X168.429 Y160.338 Z1.8811 E721.35590
G1 X171.368 Y160.640 Z1.8833 E722.24035
G1 X174.504 Y161.368 Z1.8857 E723.20385
G1 X177.729 Y162.528 Z1.8882 E724.22984
G1 X180.917 Y164.100 Z1.8908 E725.29377
G1 X183.933 Y166.030 Z1.8935 E726.36576
G1 X186.652 Y168.239 Z1.8961 E727.41441
G1 X188.970 Y170.630 Z1.8985 E728.41106
G1 X190.816 Y173.097 Z1.9008 E729.33361
G1 X192.159 Y175.544 Z1.9029 E730.16917
G1 X192.941 Y177.723 Z1.9046 E730.86200
G1 X192.993 Y177.892 Z1.9047 E730.91495
G1 X193.031 Y178.065 Z1.9048 E730.96789
G1 X193.339 Y179.886 Z1.9062 E731.52086
G1 X193.362 Y180.076 Z1.9063 E731.57801
G1 X193.367 Y180.266 Z1.9065 E731.63516
G1 X193.332 Y181.749 Z1.9076 E732.07897
G1 X193.318 Y181.940 Z1.9077 E732.13646
G1 X193.286 Y182.130 Z1.9079 E732.19396
G1 X193.029 Y183.307 Z1.9088 E732.55469
G1 X192.980 Y183.488 Z1.9089 E732.61092
G1 X192.915 Y183.664 Z1.9090 E732.66716
G1 X192.423 Y184.817 Z1.9100 E733.04235
G1 X192.321 Y185.000 Z1.9101 E733.10507
G1 X191.825 Y185.813 Z1.9108 E733.39002
G1 X191.292 Y186.601 Z1.9115 E733.67496
G1 X190.721 Y187.363 Z1.9122 E733.95991
G1 X190.115 Y188.097 Z1.9129 E734.24485
G1 X189.475 Y188.802 Z1.9136 E734.52980
G1 X188.802 Y189.475 Z1.9143 E734.81474
G1 X188.097 Y190.115 Z1.9150 E735.09969
G1 X187.363 Y190.721 Z1.9157 E735.38463
G1 X186.601 Y191.292 Z1.9164 E735.66958
G1 X185.813 Y191.825 Z1.9172 E735.95452
G1 X183.893 Y192.832 Z1.9188 E736.60355
G1 X183.727 Y192.900 Z1.9189 E736.65730
G1 X183.555 Y192.953 Z1.9190 E736.71105
G1 X182.490 Y193.229 Z1.9198 E737.04038
G1 X182.318 Y193.265 Z1.9200 E737.09310
G1 X182.143 Y193.286 Z1.9201 E737.14582
G1 X180.719 Y193.396 Z1.9212 E737.57339
G1 X178.864 Y193.218 Z1.9225 E738.13098
G1 X176.682 Y192.622 Z1.9242 E738.80821
G1 X174.365 Y191.571 Z1.9261 E739.56975
G1 X171.979 Y190.043 Z1.9282 E740.41800
G1 X169.598 Y188.039 Z1.9305 E741.34953
G1 X167.314 Y185.591 Z1.9329 E742.35165
G1 X165.227 Y182.767 Z1.9355 E743.40293
G1 X163.431 Y179.667 Z1.9382 E744.47535
G1 X162.006 Y176.417 Z1.9408 E745.53764
G1 X161.006 Y173.153 Z1.9433 E746.55946
G1 X160.452 Y170.007 Z1.9457 E747.51552
G1 X160.337 Y167.092 Z1.9479 E748.38882
G1 X160.625 Y164.491 Z1.9498 E749.17236
G1 X161.213 Y162.432 Z1.9514 E749.81315
G1 X161.273 Y162.255 Z1.9515 E749.86909
G1 X161.348 Y162.085 Z1.9516 E749.92503
G1 X162.092 Y160.604 Z1.9529 E750.42080
G1 X162.187 Y160.436 Z1.9530 E750.47883
G1 X162.298 Y160.277 Z1.9532 E750.53685
G1 X163.094 Y159.250 Z1.9541 E750.92577
G1 X163.217 Y159.106 Z1.9543 E750.98253
G1 X163.353 Y158.974 Z1.9544 E751.03928
G1 X164.188 Y158.239 Z1.9552 E751.37218
G1 X164.333 Y158.123 Z1.9554 E751.42770
G1 X164.488 Y158.021 Z1.9555 E751.48322
G1 X165.379 Y157.491 Z1.9563 E751.79378
G1 X165.540 Y157.405 Z1.9564 E751.84814
G1 X165.707 Y157.334 Z1.9565 E751.90251
G1 X166.695 Y156.969 Z1.9573 E752.21780
G1 X166.864 Y156.914 Z1.9574 E752.27109
G1 X167.038 Y156.875 Z1.9576 E752.32438
G1 X168.175 Y156.672 Z1.9584 E752.67021
G1 X168.348 Y156.649 Z1.9586 E752.72252
G1 X168.523 Y156.641 Z1.9587 E752.77483
G1 X170.049 Y156.638 Z1.9598 E753.23173
G1 X172.036 Y156.980 Z1.9613 E753.83523
G1 X174.286 Y157.766 Z1.9631 E754.54865
G1 X176.640 Y159.017 Z1.9650 E755.34673
G1 X179.035 Y160.748 Z1.9672 E756.23118
G1 X181.386 Y162.946 Z1.9696 E757.19468
G1 X183.599 Y165.564 Z1.9721 E758.22067
G1 X185.574 Y168.519 Z1.9748 E759.28460
G1 X187.222 Y171.698 Z1.9774 E760.35659
G1 X188.471 Y174.971 Z1.9800 E761.40525
G1 X189.283 Y178.200 Z1.9825 E762.40190
G1 X189.648 Y181.260 Z1.9847 E763.32444
G1 X189.588 Y184.051 Z1.9868 E764.16000
G1 X189.176 Y186.328 Z1.9885 E764.85283
G1 X189.137 Y186.501 Z1.9886 E764.90578
G1 X189.083 Y186.669 Z1.9888 E764.95872
G1 X188.439 Y188.401 Z1.9901 E765.51169
G1 X188.364 Y188.576 Z1.9903 E765.56884
G1 X188.273 Y188.744 Z1.9904 E765.62599
G1 X187.502 Y190.011 Z1.9915 E766.06980
G1 X187.394 Y190.170 Z1.9917 E766.12730
G1 X187.272 Y190.318 Z1.9918 E766.18479
G1 X186.460 Y191.208 Z1.9927 E766.54552
G1 X186.327 Y191.341 Z1.9928 E766.60175
G1 X186.182 Y191.461 Z1.9930 E766.65799
G1 X185.180 Y192.213 Z1.9939 E767.03318
G1 X185.000 Y192.321 Z1.9940 E767.09590
G1 X184.165 Y192.777 Z1.9947 E767.38085
G1 X183.308 Y193.193 Z1.9955 E767.66579
G1 X182.433 Y193.567 Z1.9962 E767.95074
G1 X181.541 Y193.900 Z1.9969 E768.23568
G1 X180.635 Y194.190 Z1.9976 E768.52063
G1 X179.715 Y194.436 Z1.9983 E768.80558
G1 X178.785 Y194.639 Z1.9990 E769.09052
G1 X177.846 Y194.796 Z1.9997 E769.37547
G1 X176.901 Y194.909 Z2.0004 E769.66041
G1 X175.952 Y194.977 Z2.0011 E769.94536
G1 X173.785 Y194.890 Z2.0027 E770.59439
G1 X173.607 Y194.865 Z2.0028 E770.64813
G1 X173.432 Y194.825 Z2.0029 E770.70188
G1 X172.372 Y194.531 Z2.0038 E771.03121
G1 X172.205 Y194.477 Z2.0039 E771.08393
G1 X172.043 Y194.408 Z2.0040 E771.13665
G1 X170.754 Y193.791 Z2.0051 E771.56422
G1 X169.238 Y192.709 Z2.0065 E772.12181
G1 X167.645 Y191.102 Z2.0081 E772.79904
G1 X166.165 Y189.033 Z2.0100 E773.56058
G1 X164.862 Y186.517 Z2.0121 E774.40883
G1 X163.802 Y183.591 Z2.0144 E775.34036
G1 X163.048 Y180.329 Z2.0169 E776.34248
G1 X162.653 Y176.840 Z2.0195 E777.39376
G1 X162.647 Y173.257 Z2.0221 E778.46619
G1 X163.038 Y169.730 Z2.0247 E779.52847
G1 X163.804 Y166.403 Z2.0273 E780.55029
G1 X164.898 Y163.402 Z2.0296 E781.50635
G1 X166.255 Y160.820 Z2.0318 E782.37965
G1 X167.805 Y158.711 Z2.0337 E783.16319
G1 X169.344 Y157.223 Z2.0353 E783.80398
G1 X169.484 Y157.099 Z2.0354 E783.85992
G1 X169.635 Y156.989 Z2.0356 E783.91586
G1 X171.019 Y156.079 Z2.0368 E784.41164
G1 X171.186 Y155.980 Z2.0369 E784.46966
G1 X171.361 Y155.898 Z2.0371 E784.52768
G1 X172.564 Y155.407 Z2.0380 E784.91660
G1 X172.743 Y155.344 Z2.0382 E784.97336
G1 X172.927 Y155.297 Z2.0383 E785.03012
G1 X174.017 Y155.078 Z2.0391 E785.36301
G1 X174.200 Y155.050 Z2.0393 E785.41853
G1 X174.386 Y155.039 Z2.0394 E785.47405
G1 X175.423 Y155.026 Z2.0402 E785.78461
G1 X175.604 Y155.032 Z2.0403 E785.83897
G1 X175.785 Y155.054 Z2.0405 E785.89334
G1 X176.823 Y155.232 Z2.0412 E786.20863
G1 X176.997 Y155.269 Z2.0414 E786.26192
G1 X177.167 Y155.322 Z2.0415 E786.31521
G1 X178.253 Y155.715 Z2.0424 E786.66104
G1 X178.415 Y155.782 Z2.0425 E786.71335
G1 X178.570 Y155.862 Z2.0426 E786.76566
G1 X179.893 Y156.623 Z2.0437 E787.22256
G1 X181.443 Y157.912 Z2.0452 E787.82606
G1 X182.999 Y159.718 Z2.0470 E788.53948
G1 X184.412 Y161.979 Z2.0490 E789.33756
G1 X185.620 Y164.675 Z2.0511 E790.22201
G1 X186.558 Y167.754 Z2.0535 E791.18551
G1 X187.165 Y171.127 Z2.0561 E792.21150
G1 X187.398 Y174.674 Z2.0587 E793.27543
G1 X187.235 Y178.251 Z2.0613 E794.34742
G1 X186.681 Y181.711 Z2.0639 E795.39608
G1 X185.770 Y184.913 Z2.0664 E796.39273
G1 X184.556 Y187.746 Z2.0687 E797.31527
G1 X183.108 Y190.132 Z2.0707 E798.15083
G1 X181.612 Y191.899 Z2.0724 E798.84367
G1 X181.492 Y192.028 Z2.0726 E798.89661
G1 X181.361 Y192.147 Z2.0727 E798.94955
G1 X179.938 Y193.325 Z2.0741 E799.50252
G1 X179.785 Y193.440 Z2.0742 E799.55967
G1 X179.622 Y193.539 Z2.0743 E799.61683
G1 X178.322 Y194.250 Z2.0754 E800.06063
G1 X178.149 Y194.334 Z2.0756 E800.11813
G1 X177.969 Y194.401 Z2.0757 E800.17562
G1 X176.821 Y194.767 Z2.0766 E800.53635
G1 X176.639 Y194.815 Z2.0768 E800.59258
G1 X176.454 Y194.847 Z2.0769 E800.64882
G1 X175.210 Y194.997 Z2.0778 E801.02401
G1 X175.000 Y195.000 Z2.0780 E801.08673
G1 X174.048 Y194.977 Z2.0787 E801.37168
G1 X173.099 Y194.909 Z2.0794 E801.65663
G1 X172.154 Y194.796 Z2.0801 E801.94157
G1 X171.215 Y194.639 Z2.0808 E802.22652
G1 X170.285 Y194.436 Z2.0815 E802.51146
G1 X169.365 Y194.190 Z2.0822 E802.79641
G1 X168.459 Y193.900 Z2.0829 E803.08135
G1 X167.567 Y193.567 Z2.0836 E803.36630
G1 X166.692 Y193.193 Z2.0843 E803.65124
G1 X165.835 Y192.777 Z2.0850 E803.93619
G1 X164.003 Y191.617 Z2.0866 E804.58522
G1 X163.861 Y191.507 Z2.0867 E804.63896
G1 X163.730 Y191.385 Z2.0869 E804.69271
G1 X162.959 Y190.601 Z2.0877 E805.02204
G1 X162.841 Y190.470 Z2.0878 E805.07476
G1 X162.735 Y190.329 Z2.0879 E805.12749
G1 X161.928 Y189.151 Z2.0890 E805.55505
G1 X161.155 Y187.456 Z2.0904 E806.11264
G1 X160.580 Y185.268 Z2.0921 E806.78987
G1 X160.332 Y182.736 Z2.0939 E807.55141
G1 X160.462 Y179.905 Z2.0960 E808.39966
G1 X161.007 Y176.841 Z2.0983 E809.33119
G1 X161.985 Y173.639 Z2.1008 E810.33331
G1 X163.387 Y170.419 Z2.1034 E811.38460
G1 X165.174 Y167.314 Z2.1060 E812.45702
G1 X167.276 Y164.455 Z2.1087 E813.51930
G1 X169.602 Y161.957 Z2.1112 E814.54112
G1 X172.050 Y159.905 Z2.1136 E815.49718
G1 X174.517 Y158.348 Z2.1157 E816.37048
G1 X176.914 Y157.296 Z2.1176 E817.15402
G1 X178.990 Y156.776 Z2.1192 E817.79481
G1 X179.174 Y156.739 Z2.1194 E817.85075
G1 X179.359 Y156.720 Z2.1195 E817.90669
G1 X181.013 Y156.623 Z2.1207 E818.40247
G1 X181.207 Y156.621 Z2.1209 E818.46049
G1 X181.400 Y156.638 Z2.1210 E818.51851
G1 X182.687 Y156.814 Z2.1220 E818.90743
G1 X182.873 Y156.848 Z2.1221 E818.96419
G1 X183.056 Y156.900 Z2.1223 E819.02095
G1 X184.110 Y157.256 Z2.1231 E819.35384
G1 X184.282 Y157.323 Z2.1232 E819.40936
G1 X184.448 Y157.406 Z2.1233 E819.46488
G1 X185.353 Y157.914 Z2.1241 E819.77544
G1 X185.507 Y158.009 Z2.1243 E819.82980
G1 X185.652 Y158.119 Z2.1244 E819.88417
G1 X186.463 Y158.792 Z2.1252 E820.19946
G1 X186.595 Y158.911 Z2.1253 E820.25275
G1 X186.715 Y159.042 Z2.1254 E820.30604
G1 X187.460 Y159.926 Z2.1263 E820.65188
G1 X187.566 Y160.064 Z2.1264 E820.70418
G1 X187.661 Y160.211 Z2.1265 E820.75649
G1 X188.426 Y161.532 Z2.1277 E821.21339
G1 X189.124 Y163.423 Z2.1292 E821.81689
G1 X189.568 Y165.765 Z2.1309 E822.53031
G1 X189.662 Y168.429 Z2.1329 E823.32839
G1 X189.360 Y171.368 Z2.1351 E824.21284
G1 X188.632 Y174.504 Z2.1375 E825.17634
G1 X187.472 Y177.729 Z2.1400 E826.20233
G1 X185.900 Y180.917 Z2.1426 E827.26626
G1 X183.970 Y183.933 Z2.1453 E828.33825
G1 X181.761 Y186.652 Z2.1478 E829.38691
G1 X179.370 Y188.970 Z2.1503 E830.38356
G1 X176.903 Y190.816 Z2.1526 E831.30611
G1 X174.456 Y192.159 Z2.1546 E832.14166
G1 X172.277 Y192.941 Z2.1564 E832.83450
G1 X172.108 Y192.993 Z2.1565 E832.88744
G1 X171.935 Y193.031 Z2.1566 E832.94038
G1 X170.114 Y193.339 Z2.1580 E833.49335
G1 X169.924 Y193.362 Z2.1581 E833.55051
G1 X169.734 Y193.367 Z2.1583 E833.60766
G1 X168.251 Y193.332 Z2.1594 E834.05146
G1 X168.060 Y193.318 Z2.1595 E834.10896
G1 X167.870 Y193.286 Z2.1596 E834.16645
G1 X166.693 Y193.029 Z2.1605 E834.52718
G1 X166.512 Y192.980 Z2.1607 E834.58342
G1 X166.336 Y192.915 Z2.1608 E834.63965
G1 X165.183 Y192.423 Z2.1617 E835.01484
G1 X165.000 Y192.321 Z2.1619 E835.07757
G1 X164.187 Y191.825 Z2.1626 E835.36251
G1 X163.399 Y191.292 Z2.1633 E835.64746
G1 X162.637 Y190.721 Z2.1640 E835.93240
G1 X161.903 Y190.115 Z2.1647 E836.21735
G1 X161.198 Y189.475 Z2.1654 E836.50229
G1 X160.525 Y188.802 Z2.1661 E836.78724
G1 X159.885 Y188.097 Z2.1668 E837.07218
G1 X159.279 Y187.363 Z2.1675 E837.35713
G1 X158.708 Y186.601 Z2.1682 E837.64207
G1 X158.175 Y185.813 Z2.1689 E837.92702
G1 X157.168 Y183.893 Z2.1705 E838.57605
G1 X157.100 Y183.727 Z2.1707 E838.62980
G1 X157.047 Y183.555 Z2.1708 E838.68354
G1 X156.771 Y182.490 Z2.1716 E839.01287
G1 X156.735 Y182.318 Z2.1717 E839.06559
G1 X156.714 Y182.143 Z2.1719 E839.11832
G1 X156.604 Y180.719 Z2.1729 E839.54588
G1 X156.782 Y178.864 Z2.1743 E840.10347
G1 X157.378 Y176.682 Z2.1760 E840.78070
G1 X158.429 Y174.365 Z2.1779 E841.54224
G1 X159.957 Y171.979 Z2.1800 E842.39049
G1 X161.961 Y169.598 Z2.1823 E843.32203
G1 X164.409 Y167.314 Z2.1847 E844.32414
G1 X167.233 Y165.227 Z2.1873 E845.37543
G1 X170.333 Y163.431 Z2.1900 E846.44785
G1 X173.583 Y162.006 Z2.1926 E847.51013
G1 X176.847 Y161.006 Z2.1951 E848.53195
G1 X179.993 Y160.452 Z2.1975 E849.48801
G1 X182.908 Y160.337 Z2.1996 E850.36131
G1 X185.509 Y160.625 Z2.2016 E851.14485
G1 X187.568 Y161.213 Z2.2032 E851.78564
G1 X187.745 Y161.273 Z2.2033 E851.84158
G1 X187.915 Y161.348 Z2.2034 E851.89752
G1 X189.396 Y162.092 Z2.2047 E852.39330
G1 X189.564 Y162.187 Z2.2048 E852.45132
G1 X189.723 Y162.298 Z2.2049 E852.50934
G1 X190.750 Y163.094 Z2.2059 E852.89827
G1 X190.894 Y163.217 Z2.2060 E852.95502
G1 X191.026 Y163.353 Z2.2062 E853.01178
G1 X191.761 Y164.188 Z2.2070 E853.34467
G1 X191.877 Y164.333 Z2.2071 E853.40019
G1 X191.979 Y164.488 Z2.2073 E853.45572
G1 X192.509 Y165.379 Z2.2080 E853.76627
G1 X192.595 Y165.540 Z2.2082 E853.82064
G1 X192.666 Y165.707 Z2.2083 E853.87500
G1 X193.031 Y166.695 Z2.2091 E854.19029
G1 X193.086 Y166.864 Z2.2092 E854.24358
G1 X193.125 Y167.038 Z2.2094 E854.29688
G1 X193.328 Y168.175 Z2.2102 E854.64271
G1 X193.351 Y168.348 Z2.2103 E854.69502
G1 X193.359 Y168.523 Z2.2105 E854.74732
G1 X193.362 Y170.049 Z2.2116 E855.20422
G1 X193.020 Y172.036 Z2.2131 E855.80772
G1 X192.234 Y174.286 Z2.2148 E856.52114
G1 X190.983 Y176.640 Z2.2168 E857.31922
G1 X189.252 Y179.035 Z2.2190 E858.20368
G1 X187.054 Y181.386 Z2.2214 E859.16717
G1 X184.436 Y183.599 Z2.2239 E860.19316
G1 X181.481 Y185.574 Z2.2265 E861.25709
G1 X178.302 Y187.222 Z2.2292 E862.32909
G1 X175.029 Y188.471 Z2.2318 E863.37774
G1 X171.800 Y189.283 Z2.2342 E864.37439
G1 X168.740 Y189.648 Z2.2365 E865.29694
G1 X165.949 Y189.588 Z2.2386 E866.13249
G1 X163.672 Y189.176 Z2.2403 E866.82533
G1 X163.499 Y189.137 Z2.2404 E866.87827
G1 X163.331 Y189.083 Z2.2405 E866.93121
G1 X161.599 Y188.439 Z2.2419 E867.48418
G1 X161.424 Y188.364 Z2.2421 E867.54134
G1 X161.256 Y188.273 Z2.2422 E867.59849
G1 X159.989 Y187.502 Z2.2433 E868.04229
G1 X159.830 Y187.394 Z2.2434 E868.09979
G1 X159.682 Y187.272 Z2.2436 E868.15729
G1 X158.792 Y186.460 Z2.2445 E868.51801
G1 X158.659 Y186.327 Z2.2446 E868.57425
G1 X158.539 Y186.182 Z2.2447 E868.63048
G1 X157.787 Y185.180 Z2.2457 E869.00567
G1 X157.679 Y185.000 Z2.2458 E869.06840
G1 X157.206 Y184.130 Z2.2466 E869.36489
G1 X156.775 Y183.238 Z2.2473 E869.66139
G1 X156.390 Y182.326 Z2.2480 E869.95788
G1 X156.050 Y181.395 Z2.2488 E870.25438
G1 X155.757 Y180.449 Z2.2495 E870.55087
G1 X155.510 Y179.490 Z2.2502 E870.84737
G1 X155.312 Y178.519 Z2.2510 E871.14386
G1 X155.162 Y177.540 Z2.2517 E871.44036
G1 X155.061 Y176.555 Z2.2524 E871.73685
G1 X155.008 Y175.566 Z2.2531 E872.03335
G1 X155.005 Y174.575 Z2.2539 E872.32984
G1 X155.050 Y173.586 Z2.2546 E872.62633
G1 X155.145 Y172.600 Z2.2553 E872.92283
G1 X155.288 Y171.620 Z2.2561 E873.21932
G1 X155.479 Y170.648 Z2.2568 E873.51582
G1 X155.719 Y169.687 Z2.2575 E873.81231
G1 X156.005 Y168.739 Z2.2583 E874.10881
G1 X156.339 Y167.806 Z2.2590 E874.40530
G1 X156.718 Y166.891 Z2.2597 E874.70180
G1 X157.141 Y165.996 Z2.2605 E874.99829
G1 X157.609 Y165.123 Z2.2612 E875.29479
G1 X158.120 Y164.274 Z2.2619 E875.59128
G1 X158.671 Y163.451 Z2.2627 E875.88778
G1 X159.263 Y162.657 Z2.2634 E876.18427
G1 X159.893 Y161.893 Z2.2641 E876.48077
G1 X160.561 Y161.161 Z2.2649 E876.77726
G1 X161.264 Y160.463 Z2.2656 E877.07376
G1 X162.000 Y159.801 Z2.2663 E877.37025
G1 X162.769 Y159.176 Z2.2671 E877.66675
G1 X163.567 Y158.590 Z2.2678 E877.96324
G1 X164.394 Y158.044 Z2.2685 E878.25974
G1 X165.246 Y157.540 Z2.2693 E878.55623
G1 X166.123 Y157.078 Z2.2700 E878.85273
G1 X167.021 Y156.661 Z2.2707 E879.14922
G1 X167.938 Y156.288 Z2.2714 E879.44571
G1 X168.874 Y155.961 Z2.2722 E879.74221
G1 X169.824 Y155.681 Z2.2729 E880.03870
G1 X170.786 Y155.449 Z2.2736 E880.33520
G1 X171.760 Y155.264 Z2.2744 E880.63169
G1 X172.741 Y155.128 Z2.2751 E880.92819
G1 X173.727 Y155.041 Z2.2758 E881.22468
G1 X174.717 Y155.002 Z2.2766 E881.52118
G1 X175.707 Y155.013 Z2.2773 E881.81767
G1 X176.696 Y155.072 Z2.2780 E882.11417
G1 X177.681 Y155.180 Z2.2788 E882.41066
G1 X178.659 Y155.337 Z2.2795 E882.70716
G1 X179.628 Y155.543 Z2.2802 E883.00365
G1 X180.585 Y155.796 Z2.2810 E883.30015
G1 X181.529 Y156.096 Z2.2817 E883.59664
G1 X182.457 Y156.442 Z2.2824 E883.89314
G1 X183.367 Y156.834 Z2.2832 E884.18963
G1 X184.256 Y157.271 Z2.2839 E884.48613
G1 X185.122 Y157.751 Z2.2846 E884.78262
G1 X185.964 Y158.273 Z2.2854 E885.07912
G1 X186.779 Y158.836 Z2.2861 E885.37561
G1 X187.564 Y159.439 Z2.2868 E885.67211
G1 X188.319 Y160.080 Z2.2876 E885.96860
G1 X189.042 Y160.758 Z2.2883 E886.26510
G1 X189.730 Y161.471 Z2.2890 E886.56159
G1 X190.381 Y162.217 Z2.2898 E886.85808
G1 X190.995 Y162.994 Z2.2905 E887.15458
G1 X191.570 Y163.801 Z2.2912 E887.45107
G1 X192.104 Y164.635 Z2.2919 E887.74757
G1 X192.597 Y165.494 Z2.2927 E888.04406
G1 X193.046 Y166.377 Z2.2934 E888.34056
G1 X193.450 Y167.281 Z2.2941 E888.63705
G1 X193.810 Y168.204 Z2.2949 E888.93355
G1 X194.123 Y169.144 Z2.2956 E889.23004
G1 X194.390 Y170.098 Z2.2963 E889.52654
G1 X194.609 Y171.064 Z2.2971 E889.82303
G1 X194.780 Y172.039 Z2.2978 E890.11953
G1 X194.902 Y173.022 Z2.2985 E890.41602
G1 X194.975 Y174.010 Z2.2993 E890.71252
G1 X195.000 Y175.000 Z2.3000 E891.00901
G1 X194.890 Y176.215 Z2.3009 E891.37414
G1 X194.865 Y176.393 Z2.3010 E891.42789
G1 X194.825 Y176.568 Z2.3012 E891.48164
G1 X194.531 Y177.628 Z2.3020 E891.81097
G1 X194.477 Y177.795 Z2.3021 E891.86369
G1 X194.408 Y177.957 Z2.3022 E891.91641
G1 X193.791 Y179.246 Z2.3033 E892.34398
G1 X192.709 Y180.762 Z2.3047 E892.90157
G1 X191.102 Y182.355 Z2.3063 E893.57880
G1 X189.033 Y183.835 Z2.3082 E894.34034
G1 X186.517 Y185.138 Z2.3103 E895.18859
G1 X183.591 Y186.198 Z2.3126 E896.12012
G1 X180.329 Y186.952 Z2.3151 E897.12224
G1 X176.840 Y187.347 Z2.3177 E898.17352
G1 X173.257 Y187.353 Z2.3203 E899.24594
G1 X169.730 Y186.962 Z2.3230 E900.30823
G1 X166.403 Y186.196 Z2.3255 E901.33005
G1 X163.402 Y185.102 Z2.3278 E902.28611
G1 X160.820 Y183.745 Z2.3300 E903.15941
G1 X158.711 Y182.195 Z2.3319 E903.94295
G1 X157.223 Y180.656 Z2.3335 E904.58374
G1 X157.099 Y180.516 Z2.3337 E904.63968
G1 X156.989 Y180.365 Z2.3338 E904.69562
G1 X156.079 Y178.981 Z2.3350 E905.19139
G1 X155.980 Y178.814 Z2.3352 E905.24942
G1 X155.898 Y178.639 Z2.3353 E905.30744
G1 X155.407 Y177.436 Z2.3363 E905.69636
G1 X155.344 Y177.257 Z2.3364 E905.75312
G1 X155.297 Y177.073 Z2.3365 E905.80988
G1 X155.078 Y175.983 Z2.3374 E906.14277
G1 X155.050 Y175.800 Z2.3375 E906.19829
G1 X155.039 Y175.614 Z2.3376 E906.25381
G1 X155.026 Y174.577 Z2.3384 E906.56437
G1 X155.032 Y174.396 Z2.3385 E906.61873
G1 X155.054 Y174.215 Z2.3387 E906.67310
G1 X155.232 Y173.177 Z2.3395 E906.98839
G1 X155.269 Y173.003 Z2.3396 E907.04168
G1 X155.322 Y172.833 Z2.3397 E907.09497
G1 X155.715 Y171.747 Z2.3406 E907.44080
G1 X155.782 Y171.585 Z2.3407 E907.49311
G1 X155.862 Y171.430 Z2.3408 E907.54542
G1 X156.623 Y170.107 Z2.3420 E908.00232
G1 X157.912 Y168.557 Z2.3434 E908.60582
G1 X159.718 Y167.001 Z2.3452 E909.31924
G1 X161.979 Y165.588 Z2.3472 E910.11732
G1 X164.675 Y164.380 Z2.3494 E911.00177
G1 X167.754 Y163.442 Z2.3517 E911.96527
G1 X171.127 Y162.835 Z2.3543 E912.99126
G1 X174.674 Y162.602 Z2.3569 E914.05519
G1 X178.251 Y162.765 Z2.3596 E915.12718
G1 X181.711 Y163.319 Z2.3621 E916.17584
G1 X184.913 Y164.230 Z2.3646 E917.17249
G1 X187.746 Y165.444 Z2.3669 E918.09503
G1 X190.132 Y166.892 Z2.3689 E918.93059
G1 X191.899 Y168.388 Z2.3707 E919.62342
G1 X192.028 Y168.508 Z2.3708 E919.67637
G1 X192.147 Y168.639 Z2.3709 E919.72931
G1 X193.325 Y170.062 Z2.3723 E920.28228
G1 X193.440 Y170.215 Z2.3724 E920.33943
G1 X193.539 Y170.378 Z2.3726 E920.39658
G1 X194.250 Y171.678 Z2.3737 E920.84039
G1 X194.334 Y171.851 Z2.3738 E920.89789
G1 X194.401 Y172.031 Z2.3739 E920.95538
G1 X194.767 Y173.179 Z2.3748 E921.31611
G1 X194.815 Y173.361 Z2.3750 E921.37234
G1 X194.847 Y173.546 Z2.3751 E921.42858
G1 X194.997 Y174.790 Z2.3760 E921.80377
G1 X195.000 Y175.000 Z2.3762 E921.86649
G1 X194.977 Y175.952 Z2.3769 E922.15144
G1 X194.909 Y176.901 Z2.3776 E922.43638
G1 X194.796 Y177.846 Z2.3783 E922.72133
G1 X194.639 Y178.785 Z2.3790 E923.00627
G1 X194.436 Y179.715 Z2.3797 E923.29122
G1 X194.190 Y180.635 Z2.3804 E923.57617
G1 X193.900 Y181.541 Z2.3811 E923.86111
G1 X193.567 Y182.433 Z2.3818 E924.14606
G1 X193.193 Y183.308 Z2.3825 E924.43100
G1 X192.777 Y184.165 Z2.3832 E924.71595
G1 X191.617 Y185.997 Z2.3848 E925.36498
G1 X191.507 Y186.139 Z2.3850 E925.41872
G1 X191.385 Y186.270 Z2.3851 E925.47247
G1 X190.601 Y187.041 Z2.3859 E925.80180
G1 X190.470 Y187.159 Z2.3860 E925.85452
G1 X190.329 Y187.265 Z2.3862 E925.90724
G1 X189.151 Y188.072 Z2.3872 E926.33481
G1 X187.456 Y188.845 Z2.3886 E926.89240
G1 X185.268 Y189.420 Z2.3903 E927.56963
G1 X182.736 Y189.668 Z2.3922 E928.33117
G1 X179.905 Y189.538 Z2.3942 E929.17942
G1 X176.841 Y188.993 Z2.3965 E930.11095
G1 X173.639 Y188.015 Z2.3990 E931.11307
G1 X170.419 Y186.613 Z2.4016 E932.16435
G1 X167.314 Y184.826 Z2.4043 E933.23678
G1 X164.455 Y182.724 Z2.4069 E934.29906
G1 X161.957 Y180.398 Z2.4094 E935.32088
G1 X159.905 Y177.950 Z2.4118 E936.27694
G1 X158.348 Y175.483 Z2.4139 E937.15024
G1 X157.296 Y173.086 Z2.4159 E937.93378
G1 X156.776 Y171.010 Z2.4174 E938.57457
G1 X156.739 Y170.826 Z2.4176 E938.63051
G1 X156.720 Y170.641 Z2.4177 E938.68645
G1 X156.623 Y168.987 Z2.4189 E939.18223
G1 X156.621 Y168.793 Z2.4191 E939.24025
G1 X156.638 Y168.600 Z2.4192 E939.29827
G1 X156.814 Y167.313 Z2.4202 E939.68719
G1 X156.848 Y167.127 Z2.4203 E939.74395
G1 X156.900 Y166.944 Z2.4205 E939.80071
G1 X157.256 Y165.890 Z2.4213 E940.13360
G1 X157.323 Y165.718 Z2.4214 E940.18912
G1 X157.406 Y165.552 Z2.4216 E940.24464
G1 X157.914 Y164.647 Z2.4223 E940.55520
G1 X158.009 Y164.493 Z2.4225 E940.60956
G1 X158.119 Y164.348 Z2.4226 E940.66393
G1 X158.792 Y163.537 Z2.4234 E940.97922
G1 X158.911 Y163.405 Z2.4235 E941.03251
G1 X159.042 Y163.285 Z2.4236 E941.08580
G1 X159.926 Y162.540 Z2.4245 E941.43164
G1 X160.064 Y162.434 Z2.4246 E941.48394
G1 X160.211 Y162.339 Z2.4248 E941.53625
G1 X161.532 Y161.574 Z2.4259 E941.99315
G1 X163.423 Y160.876 Z2.4274 E942.59665
G1 X165.765 Y160.432 Z2.4291 E943.31007
G1 X168.429 Y160.338 Z2.4311 E944.10815
G1 X171.368 Y160.640 Z2.4333 E944.99260
G1 X174.504 Y161.368 Z2.4357 E945.95610
G1 X177.729 Y162.528 Z2.4382 E946.98209
G1 X180.917 Y164.100 Z2.4408 E948.04602
G1 X183.933 Y166.030 Z2.4435 E949.11801
G1 X186.652 Y168.239 Z2.4461 E950.16667
G1 X188.970 Y170.630 Z2.4485 E951.16332
G1 X190.816 Y173.097 Z2.4508 E952.08586
G1 X192.159 Y175.544 Z2.4529 E952.92142
G1 X192.941 Y177.723 Z2.4546 E953.61426
G1 X192.993 Y177.892 Z2.4547 E953.66720
G1 X193.031 Y178.065 Z2.4548 E953.72014
G1 X193.339 Y179.886 Z2.4562 E954.27311
G1 X193.362 Y180.076 Z2.4563 E954.33026
G1 X193.367 Y180.266 Z2.4565 E954.38742
G1 X193.332 Y181.749 Z2.4576 E954.83122
G1 X193.318 Y181.940 Z2.4577 E954.88872
G1 X193.286 Y182.130 Z2.4579 E954.94621
G1 X193.029 Y183.307 Z2.4588 E955.30694
G1 X192.980 Y183.488 Z2.4589 E955.36318
G1 X192.915 Y183.664 Z2.4590 E955.41941
G1 X192.423 Y184.817 Z2.4600 E955.79460
G1 X192.321 Y185.000 Z2.4601 E955.85733
G1 X191.825 Y185.813 Z2.4608 E956.14227
G1 X191.292 Y186.601 Z2.4615 E956.42722
G1 X190.721 Y187.363 Z2.4622 E956.71216
G1 X190.115 Y188.097 Z2.4629 E956.99711
G1 X189.475 Y188.802 Z2.4636 E957.28205
G1 X188.802 Y189.475 Z2.4643 E957.56700
G1 X188.097 Y190.115 Z2.4650 E957.85194
G1 X187.363 Y190.721 Z2.4657 E958.13689
G1 X186.601 Y191.292 Z2.4664 E958.42183
G1 X185.813 Y191.825 Z2.4672 E958.70678
G1 X183.893 Y192.832 Z2.4688 E959.35581
G1 X183.727 Y192.900 Z2.4689 E959.40955
G1 X183.555 Y192.953 Z2.4690 E959.46330
G1 X182.490 Y193.229 Z2.4698 E959.79263
G1 X182.318 Y193.265 Z2.4700 E959.84535
G1 X182.143 Y193.286 Z2.4701 E959.89808
G1 X180.719 Y193.396 Z2.4712 E960.32564
G1 X178.864 Y193.218 Z2.4725 E960.88323
G1 X176.682 Y192.622 Z2.4742 E961.56046
G1 X174.365 Y191.571 Z2.4761 E962.32200
G1 X171.979 Y190.043 Z2.4782 E963.17025
G1 X169.598 Y188.039 Z2.4805 E964.10178
G1 X167.314 Y185.591 Z2.4829 E965.10390
G1 X165.227 Y182.767 Z2.4855 E966.15519
G1 X163.431 Y179.667 Z2.4882 E967.22761
G1 X162.006 Y176.417 Z2.4908 E968.28989
G1 X161.006 Y173.153 Z2.4933 E969.31171
G1 X160.452 Y170.007 Z2.4957 E970.26777
G1 X160.337 Y167.092 Z2.4979 E971.14107
G1 X160.625 Y164.491 Z2.4998 E971.92461
G1 X161.213 Y162.432 Z2.5014 E972.56540
G1 X161.273 Y162.255 Z2.5015 E972.62134
G1 X161.348 Y162.085 Z2.5016 E972.67728
G1 X162.092 Y160.604 Z2.5029 E973.17306
G1 X162.187 Y160.436 Z2.5030 E973.23108
G1 X162.298 Y160.277 Z2.5032 E973.28910
G1 X163.094 Y159.250 Z2.5041 E973.67802
G1 X163.217 Y159.106 Z2.5043 E973.73478
G1 X163.353 Y158.974 Z2.5044 E973.79154
G1 X164.188 Y158.239 Z2.5052 E974.12443
G1 X164.333 Y158.123 Z2.5054 E974.17995
G1 X164.488 Y158.021 Z2.5055 E974.23548
G1 X165.379 Y157.491 Z2.5063 E974.54603
G1 X165.540 Y157.405 Z2.5064 E974.60039
G1 X165.707 Y157.334 Z2.5065 E974.65476
G1 X166.695 Y156.969 Z2.5073 E974.97005
G1 X166.864 Y156.914 Z2.5074 E975.02334
G1 X167.038 Y156.875 Z2.5076 E975.07664
G1 X168.175 Y156.672 Z2.5084 E975.42247
G1 X168.348 Y156.649 Z2.5086 E975.47477
G1 X168.523 Y156.641 Z2.5087 E975.52708
G1 X170.049 Y156.638 Z2.5098 E975.98398
G1 X172.036 Y156.980 Z2.5113 E976.58748
G1 X174.286 Y157.766 Z2.5131 E977.30090
G1 X176.640 Y159.017 Z2.5150 E978.09898
G1 X179.035 Y160.748 Z2.5172 E978.98344
G1 X181.386 Y162.946 Z2.5196 E979.94693
G1 X183.599 Y165.564 Z2.5221 E980.97292
G1 X185.574 Y168.519 Z2.5248 E982.03685
G1 X187.222 Y171.698 Z2.5274 E983.10884
G1 X188.471 Y174.971 Z2.5300 E984.15750
G1 X189.283 Y178.200 Z2.5325 E985.15415
G1 X189.648 Y181.260 Z2.5347 E986.07670
G1 X189.588 Y184.051 Z2.5368 E986.91225
G1 X189.176 Y186.328 Z2.5385 E987.60509
G1 X189.137 Y186.501 Z2.5386 E987.65803
G1 X189.083 Y186.669 Z2.5388 E987.71097
G1 X188.439 Y188.401 Z2.5401 E988.26394
G1 X188.364 Y188.576 Z2.5403 E988.32110
G1 X188.273 Y188.744 Z2.5404 E988.37825
G1 X187.502 Y190.011 Z2.5415 E988.82205
G1 X187.394 Y190.170 Z2.5417 E988.87955
G1 X187.272 Y190.318 Z2.5418 E988.93704
G1 X186.460 Y191.208 Z2.5427 E989.29777
G1 X186.327 Y191.341 Z2.5428 E989.35401
G1 X186.182 Y191.461 Z2.5430 E989.41024
G1 X185.180 Y192.213 Z2.5439 E989.78543
G1 X185.000 Y192.321 Z2.5440 E989.84816
G1 X184.165 Y192.777 Z2.5447 E990.13310
G1 X183.308 Y193.193 Z2.5455 E990.41805
G1 X182.433 Y193.567 Z2.5462 E990.70299
G1 X181.541 Y193.900 Z2.5469 E990.98794
G1 X180.635 Y194.190 Z2.5476 E991.27288
G1 X179.715 Y194.436 Z2.5483 E991.55783
G1 X178.785 Y194.639 Z2.5490 E991.84277
G1 X177.846 Y194.796 Z2.5497 E992.12772
G1 X176.901 Y194.909 Z2.5504 E992.41266
G1 X175.952 Y194.977 Z2.5511 E992.69761
G1 X173.785 Y194.890 Z2.5527 E993.34664
G1 X173.607 Y194.865 Z2.5528 E993.40039
G1 X173.432 Y194.825 Z2.5529 E993.45413
G1 X172.372 Y194.531 Z2.5538 E993.78346
G1 X172.205 Y194.477 Z2.5539 E993.83618
G1 X172.043 Y194.408 Z2.5540 E993.88891
G1 X170.754 Y193.791 Z2.5551 E994.31647
G1 X169.238 Y192.709 Z2.5565 E994.87407
G1 X167.645 Y191.102 Z2.5581 E995.55129
G1 X166.165 Y189.033 Z2.5600 E996.31283
G1 X164.862 Y186.517 Z2.5621 E997.16108
G1 X163.802 Y183.591 Z2.5644 E998.09262
G1 X163.048 Y180.329 Z2.5669 E999.09473
G1 X162.653 Y176.840 Z2.5695 E1000.14602
G1 X162.647 Y173.257 Z2.5721 E1001.21844
G1 X163.038 Y169.730 Z2.5747 E1002.28073
G1 X163.804 Y166.403 Z2.5773 E1003.30254
G1 X164.898 Y163.402 Z2.5796 E1004.25861
G1 X166.255 Y160.820 Z2.5818 E1005.13190
G1 X167.805 Y158.711 Z2.5837 E1005.91544
G1 X169.344 Y157.223 Z2.5853 E1006.55623
G1 X169.484 Y157.099 Z2.5854 E1006.61217
G1 X169.635 Y156.989 Z2.5856 E1006.66811
G1 X171.019 Y156.079 Z2.5868 E1007.16389
G1 X171.186 Y155.980 Z2.5869 E1007.22191
G1 X171.361 Y155.898 Z2.5871 E1007.27993
G1 X172.564 Y155.407 Z2.5880 E1007.66886
G1 X172.743 Y155.344 Z2.5882 E1007.72561
G1 X172.927 Y155.297 Z2.5883 E1007.78237
G1 X174.017 Y155.078 Z2.5891 E1008.11526
G1 X174.200 Y155.050 Z2.5893 E1008.17078
G1 X174.386 Y155.039 Z2.5894 E1008.22631
G1 X175.423 Y155.026 Z2.5902 E1008.53686
G1 X175.604 Y155.032 Z2.5903 E1008.59123
G1 X175.785 Y155.054 Z2.5905 E1008.64559
G1 X176.823 Y155.232 Z2.5912 E1008.96088
G1 X176.997 Y155.269 Z2.5914 E1009.01417
G1 X177.167 Y155.322 Z2.5915 E1009.06747
G1 X178.253 Y155.715 Z2.5924 E1009.41330
G1 X178.415 Y155.782 Z2.5925 E1009.46561
G1 X178.570 Y155.862 Z2.5926 E1009.51791
G1 X179.893 Y156.623 Z2.5937 E1009.97481
G1 X181.443 Y157.912 Z2.5952 E1010.57831
G1 X182.999 Y159.718 Z2.5970 E1011.29173
G1 X184.412 Y161.979 Z2.5990 E1012.08981
G1 X185.620 Y164.675 Z2.6011 E1012.97427
G1 X186.558 Y167.754 Z2.6035 E1013.93776
G1 X187.165 Y171.127 Z2.6061 E1014.96375
G1 X187.398 Y174.674 Z2.6087 E1016.02768
G1 X187.235 Y178.251 Z2.6113 E1017.09968
G1 X186.681 Y181.711 Z2.6139 E1018.14833
G1 X185.770 Y184.913 Z2.6164 E1019.14498
G1 X184.556 Y187.746 Z2.6187 E1020.06753
G1 X183.108 Y190.132 Z2.6207 E1020.90308
G1 X181.612 Y191.899 Z2.6224 E1021.59592
G1 X181.492 Y192.028 Z2.6226 E1021.64886
G1 X181.361 Y192.147 Z2.6227 E1021.70180
G1 X179.938 Y193.325 Z2.6241 E1022.25477
G1 X179.785 Y193.440 Z2.6242 E1022.31193
G1 X179.622 Y193.539 Z2.6243 E1022.36908
G1 X178.322 Y194.250 Z2.6254 E1022.81288
G1 X178.149 Y194.334 Z2.6256 E1022.87038
G1 X177.969 Y194.401 Z2.6257 E1022.92788
G1 X176.821 Y194.767 Z2.6266 E1023.28860
G1 X176.639 Y194.815 Z2.6268 E1023.34484
G1 X176.454 Y194.847 Z2.6269 E1023.40107
G1 X175.210 Y194.997 Z2.6278 E1023.77626
G1 X175.000 Y195.000 Z2.6280 E1023.83899
G1 X174.048 Y194.977 Z2.6287 E1024.12393
G1 X173.099 Y194.909 Z2.6294 E1024.40888
G1 X172.154 Y194.796 Z2.6301 E1024.69382
G1 X171.215 Y194.639 Z2.6308 E1024.97877
G1 X170.285 Y194.436 Z2.6315 E1025.26371
G1 X169.365 Y194.190 Z2.6322 E1025.54866
G1 X168.459 Y193.900 Z2.6329 E1025.83360
G1 X167.567 Y193.567 Z2.6336 E1026.11855
G1 X166.692 Y193.193 Z2.6343 E1026.40350
G1 X165.835 Y192.777 Z2.6350 E1026.68844
G1 X164.003 Y191.617 Z2.6366 E1027.33747
G1 X163.861 Y191.507 Z2.6367 E1027.39122
G1 X163.730 Y191.385 Z2.6369 E1027.44496
G1 X162.959 Y190.601 Z2.6377 E1027.77429
G1 X162.841 Y190.470 Z2.6378 E1027.82702
G1 X162.735 Y190.329 Z2.6379 E1027.87974
G1 X161.928 Y189.151 Z2.6390 E1028.30730
G1 X161.155 Y187.456 Z2.6404 E1028.86490
G1 X160.580 Y185.268 Z2.6421 E1029.54212
G1 X160.332 Y182.736 Z2.6439 E1030.30366
G1 X160.462 Y179.905 Z2.6460 E1031.15191
G1 X161.007 Y176.841 Z2.6483 E1032.08345
G1 X161.985 Y173.639 Z2.6508 E1033.08556
G1 X163.387 Y170.419 Z2.6534 E1034.13685
G1 X165.174 Y167.314 Z2.6560 E1035.20927
G1 X167.276 Y164.455 Z2.6587 E1036.27156
G1 X169.602 Y161.957 Z2.6612 E1037.29337
G1 X172.050 Y159.905 Z2.6636 E1038.24944
G1 X174.517 Y158.348 Z2.6657 E1039.12273
G1 X176.914 Y157.296 Z2.6676 E1039.90627
G1 X178.990 Y156.776 Z2.6692 E1040.54706
G1 X179.174 Y156.739 Z2.6694 E1040.60300
G1 X179.359 Y156.720 Z2.6695 E1040.65894
G1 X181.013 Y156.623 Z2.6707 E1041.15472
G1 X181.207 Y156.621 Z2.6709 E1041.21274
G1 X181.400 Y156.638 Z2.6710 E1041.27076
G1 X182.687 Y156.814 Z2.6720 E1041.65969
G1 X182.873 Y156.848 Z2.6721 E1041.71644
G1 X183.056 Y156.900 Z2.6723 E1041.77320
G1 X184.110 Y157.256 Z2.6731 E1042.10609
G1 X184.282 Y157.323 Z2.6732 E1042.16161
G1 X184.448 Y157.406 Z2.6733 E1042.21714
G1 X185.353 Y157.914 Z2.6741 E1042.52769
G1 X185.507 Y158.009 Z2.6743 E1042.58206
G1 X185.652 Y158.119 Z2.6744 E1042.63642
G1 X186.463 Y158.792 Z2.6752 E1042.95171
G1 X186.595 Y158.911 Z2.6753 E1043.00500
G1 X186.715 Y159.042 Z2.6754 E1043.05830
G1 X187.460 Y159.926 Z2.6763 E1043.40413
G1 X187.566 Y160.064 Z2.6764 E1043.45644
G1 X187.661 Y160.211 Z2.6765 E1043.50875
G1 X188.426 Y161.532 Z2.6777 E1043.96564
G1 X189.124 Y163.423 Z2.6792 E1044.56914
G1 X189.568 Y165.765 Z2.6809 E1045.28256
G1 X189.662 Y168.429 Z2.6829 E1046.08064
G1 X189.360 Y171.368 Z2.6851 E1046.96510
G1 X188.632 Y174.504 Z2.6875 E1047.92859
G1 X187.472 Y177.729 Z2.6900 E1048.95458
G1 X185.900 Y180.917 Z2.6926 E1050.01851
G1 X183.970 Y183.933 Z2.6953 E1051.09051
G1 X181.761 Y186.652 Z2.6978 E1052.13916
G1 X179.370 Y188.970 Z2.7003 E1053.13581
G1 X176.903 Y190.816 Z2.7026 E1054.05836
G1 X174.456 Y192.159 Z2.7046 E1054.89391
G1 X172.277 Y192.941 Z2.7064 E1055.58675
G1 X172.108 Y192.993 Z2.7065 E1055.63969
G1 X171.935 Y193.031 Z2.7066 E1055.69264
G1 X170.114 Y193.339 Z2.7080 E1056.24561
G1 X169.924 Y193.362 Z2.7081 E1056.30276
G1 X169.734 Y193.367 Z2.7083 E1056.35991
G1 X168.251 Y193.332 Z2.7094 E1056.80372
G1 X168.060 Y193.318 Z2.7095 E1056.86121
G1 X167.870 Y193.286 Z2.7096 E1056.91871
G1 X166.693 Y193.029 Z2.7105 E1057.27944
G1 X166.512 Y192.980 Z2.7107 E1057.33567
G1 X166.336 Y192.915 Z2.7108 E1057.39190
G1 X165.183 Y192.423 Z2.7117 E1057.76709
G1 X165.000 Y192.321 Z2.7119 E1057.82982
G1 X164.187 Y191.825 Z2.7126 E1058.11476
G1 X163.399 Y191.292 Z2.7133 E1058.39971
G1 X162.637 Y190.721 Z2.7140 E1058.68465
G1 X161.903 Y190.115 Z2.7147 E1058.96960
G1 X161.198 Y189.475 Z2.7154 E1059.25455
G1 X160.525 Y188.802 Z2.7161 E1059.53949
G1 X159.885 Y188.097 Z2.7168 E1059.82444
G1 X159.279 Y187.363 Z2.7175 E1060.10938
G1 X158.708 Y186.601 Z2.7182 E1060.39433
G1 X158.175 Y185.813 Z2.7189 E1060.67927
G1 X157.168 Y183.893 Z2.7205 E1061.32830
G1 X157.100 Y183.727 Z2.7207 E1061.38205
G1 X157.047 Y183.555 Z2.7208 E1061.43580
G1 X156.771 Y182.490 Z2.7216 E1061.76512
G1 X156.735 Y182.318 Z2.7217 E1061.81785
G1 X156.714 Y182.143 Z2.7219 E1061.87057
G1 X156.604 Y180.719 Z2.7229 E1062.29814
G1 X156.782 Y178.864 Z2.7243 E1062.85573
G1 X157.378 Y176.682 Z2.7260 E1063.53295
G1 X158.429 Y174.365 Z2.7279 E1064.29449
G1 X159.957 Y171.979 Z2.7300 E1065.14274
G1 X161.961 Y169.598 Z2.7323 E1066.07428
G1 X164.409 Y167.314 Z2.7347 E1067.07639
G1 X167.233 Y165.227 Z2.7373 E1068.12768
G1 X170.333 Y163.431 Z2.7400 E1069.20010
G1 X173.583 Y162.006 Z2.7426 E1070.26239
G1 X176.847 Y161.006 Z2.7451 E1071.28420
G1 X179.993 Y160.452 Z2.7475 E1072.24027
G1 X182.908 Y160.337 Z2.7496 E1073.11357
G1 X185.509 Y160.625 Z2.7516 E1073.89710
G1 X187.568 Y161.213 Z2.7532 E1074.53790
G1 X187.745 Y161.273 Z2.7533 E1074.59383
G1 X187.915 Y161.348 Z2.7534 E1074.64977
G1 X189.396 Y162.092 Z2.7547 E1075.14555
G1 X189.564 Y162.187 Z2.7548 E1075.20357
G1 X189.723 Y162.298 Z2.7549 E1075.26160
G1 X190.750 Y163.094 Z2.7559 E1075.65052
G1 X190.894 Y163.217 Z2.7560 E1075.70727
G1 X191.026 Y163.353 Z2.7562 E1075.76403
G1 X191.761 Y164.188 Z2.7570 E1076.09692
G1 X191.877 Y164.333 Z2.7571 E1076.15245
G1 X191.979 Y164.488 Z2.7573 E1076.20797
G1 X192.509 Y165.379 Z2.7580 E1076.51852
G1 X192.595 Y165.540 Z2.7582 E1076.57289
G1 X192.666 Y165.707 Z2.7583 E1076.62725
G1 X193.031 Y166.695 Z2.7591 E1076.94254
G1 X193.086 Y166.864 Z2.7592 E1076.99584
G1 X193.125 Y167.038 Z2.7594 E1077.04913
G1 X193.328 Y168.175 Z2.7602 E1077.39496
G1 X193.351 Y168.348 Z2.7603 E1077.44727
G1 X193.359 Y168.523 Z2.7605 E1077.49958
G1 X193.362 Y170.049 Z2.7616 E1077.95647
G1 X193.020 Y172.036 Z2.7631 E1078.55998
G1 X192.234 Y174.286 Z2.7648 E1079.27339
G1 X190.983 Y176.640 Z2.7668 E1080.07147
G1 X189.252 Y179.035 Z2.7690 E1080.95593
G1 X187.054 Y181.386 Z2.7714 E1081.91943
G1 X184.436 Y183.599 Z2.7739 E1082.94541
G1 X181.481 Y185.574 Z2.7765 E1084.00935
G1 X178.302 Y187.222 Z2.7792 E1085.08134
G1 X175.029 Y188.471 Z2.7818 E1086.12999
G1 X171.800 Y189.283 Z2.7842 E1087.12664
G1 X168.740 Y189.648 Z2.7865 E1088.04919
G1 X165.949 Y189.588 Z2.7886 E1088.88475
G1 X163.672 Y189.176 Z2.7903 E1089.57758
G1 X163.499 Y189.137 Z2.7904 E1089.63052
G1 X163.331 Y189.083 Z2.7905 E1089.68347
G1 X161.599 Y188.439 Z2.7919 E1090.23644
G1 X161.424 Y188.364 Z2.7921 E1090.29359
G1 X161.256 Y188.273 Z2.7922 E1090.35074
G1 X159.989 Y187.502 Z2.7933 E1090.79455
G1 X159.830 Y187.394 Z2.7934 E1090.85204
G1 X159.682 Y187.272 Z2.7936 E1090.90954
G1 X158.792 Y186.460 Z2.7945 E1091.27027
G1 X158.659 Y186.327 Z2.7946 E1091.32650
G1 X158.539 Y186.182 Z2.7947 E1091.38273
G1 X157.787 Y185.180 Z2.7957 E1091.75792
G1 X157.679 Y185.000 Z2.7958 E1091.82065
G1 X157.206 Y184.130 Z2.7966 E1092.11715
G1 X156.775 Y183.238 Z2.7973 E1092.41364
G1 X156.390 Y182.326 Z2.7980 E1092.71013
G1 X156.050 Y181.395 Z2.7988 E1093.00663
G1 X155.757 Y180.449 Z2.7995 E1093.30312
G1 X155.510 Y179.490 Z2.8002 E1093.59962
G1 X155.312 Y178.519 Z2.8010 E1093.89611
G1 X155.162 Y177.540 Z2.8017 E1094.19261
G1 X155.061 Y176.555 Z2.8024 E1094.48910
G1 X155.008 Y175.566 Z2.8031 E1094.78560
G1 X155.005 Y174.575 Z2.8039 E1095.08209
G1 X155.050 Y173.586 Z2.8046 E1095.37859
G1 X155.145 Y172.600 Z2.8053 E1095.67508
G1 X155.288 Y171.620 Z2.8061 E1095.97158
G1 X155.479 Y170.648 Z2.8068 E1096.26807
G1 X155.719 Y169.687 Z2.8075 E1096.56457
G1 X156.005 Y168.739 Z2.8083 E1096.86106
G1 X156.339 Y167.806 Z2.8090 E1097.15756
G1 X156.718 Y166.891 Z2.8097 E1097.45405
G1 X157.141 Y165.996 Z2.8105 E1097.75055
G1 X157.609 Y165.123 Z2.8112 E1098.04704
G1 X158.120 Y164.274 Z2.8119 E1098.34354
G1 X158.671 Y163.451 Z2.8127 E1098.64003
G1 X159.263 Y162.657 Z2.8134 E1098.93653
G1 X159.893 Y161.893 Z2.8141 E1099.23302
G1 X160.561 Y161.161 Z2.8149 E1099.52951
G1 X161.264 Y160.463 Z2.8156 E1099.82601
G1 X162.000 Y159.801 Z2.8163 E1100.12250
G1 X162.769 Y159.176 Z2.8171 E1100.41900
G1 X163.567 Y158.590 Z2.8178 E1100.71549
G1 X164.394 Y158.044 Z2.8185 E1101.01199
G1 X165.246 Y157.540 Z2.8193 E1101.30848
G1 X166.123 Y157.078 Z2.8200 E1101.60498
G1 X167.021 Y156.661 Z2.8207 E1101.90147
G1 X167.938 Y156.288 Z2.8214 E1102.19797
G1 X168.874 Y155.961 Z2.8222 E1102.49446
G1 X169.824 Y155.681 Z2.8229 E1102.79096
G1 X170.786 Y155.449 Z2.8236 E1103.08745
G1 X171.760 Y155.264 Z2.8244 E1103.38395
G1 X172.741 Y155.128 Z2.8251 E1103.68044
G1 X173.727 Y155.041 Z2.8258 E1103.97694
G1 X174.717 Y155.002 Z2.8266 E1104.27343
G1 X175.707 Y155.013 Z2.8273 E1104.56993
G1 X176.696 Y155.072 Z2.8280 E1104.86642
G1 X177.681 Y155.180 Z2.8288 E1105.16292
G1 X178.659 Y155.337 Z2.8295 E1105.45941
G1 X179.628 Y155.543 Z2.8302 E1105.75591
G1 X180.585 Y155.796 Z2.8310 E1106.05240
G1 X181.529 Y156.096 Z2.8317 E1106.34889
G1 X182.457 Y156.442 Z2.8324 E1106.64539
G1 X183.367 Y156.834 Z2.8332 E1106.94188
G1 X184.256 Y157.271 Z2.8339 E1107.23838
G1 X185.122 Y157.751 Z2.8346 E1107.53487
G1 X185.964 Y158.273 Z2.8354 E1107.83137
G1 X186.779 Y158.836 Z2.8361 E1108.12786
G1 X187.564 Y159.439 Z2.8368 E1108.42436
G1 X188.319 Y160.080 Z2.8376 E1108.72085
G1 X189.042 Y160.758 Z2.8383 E1109.01735
G1 X189.730 Y161.471 Z2.8390 E1109.31384
G1 X190.381 Y162.217 Z2.8398 E1109.61034
G1 X190.995 Y162.994 Z2.8405 E1109.90683
G1 X191.570 Y163.801 Z2.8412 E1110.20333
G1 X192.104 Y164.635 Z2.8419 E1110.49982
G1 X192.597 Y165.494 Z2.8427 E1110.79632
G1 X193.046 Y166.377 Z2.8434 E1111.09281
G1 X193.450 Y167.281 Z2.8441 E1111.38931
G1 X193.810 Y168.204 Z2.8449 E1111.68580
G1 X194.123 Y169.144 Z2.8456 E1111.98230
G1 X194.390 Y170.098 Z2.8463 E1112.27879
G1 X194.609 Y171.064 Z2.8471 E1112.57529
G1 X194.780 Y172.039 Z2.8478 E1112.87178
G1 X194.902 Y173.022 Z2.8485 E1113.16827
G1 X194.975 Y174.010 Z2.8493 E1113.46477
G1 X195.000 Y175.000 Z2.8500 E1113.76126
G1 X194.890 Y176.215 Z2.8509 E1114.12640
G1 X194.865 Y176.393 Z2.8510 E1114.18014
G1 X194.825 Y176.568 Z2.8512 E1114.23389
G1 X194.531 Y177.628 Z2.8520 E1114.56322
G1 X194.477 Y177.795 Z2.8521 E1114.61594
G1 X194.408 Y177.957 Z2.8522 E1114.66867
G1 X193.791 Y179.246 Z2.8533 E1115.09623
G1 X192.709 Y180.762 Z2.8547 E1115.65382
G1 X191.102 Y182.355 Z2.8563 E1116.33105
G1 X189.033 Y183.835 Z2.8582 E1117.09259
G1 X186.517 Y185.138 Z2.8603 E1117.94084
G1 X183.591 Y186.198 Z2.8626 E1118.87238
G1 X180.329 Y186.952 Z2.8651 E1119.87449
G1 X176.840 Y187.347 Z2.8677 E1120.92578
G1 X173.257 Y187.353 Z2.8703 E1121.99820
G1 X169.730 Y186.962 Z2.8730 E1123.06048
G1 X166.403 Y186.196 Z2.8755 E1124.08230
G1 X163.402 Y185.102 Z2.8778 E1125.03836
G1 X160.820 Y183.745 Z2.8800 E1125.91166
G1 X158.711 Y182.195 Z2.8819 E1126.69520
G1 X157.223 Y180.656 Z2.8835 E1127.33599
G1 X157.099 Y180.516 Z2.8837 E1127.39193
G1 X156.989 Y180.365 Z2.8838 E1127.44787
G1 X156.079 Y178.981 Z2.8850 E1127.94365
G1 X155.980 Y178.814 Z2.8852 E1128.00167
G1 X155.898 Y178.639 Z2.8853 E1128.05969
G1 X155.407 Y177.436 Z2.8863 E1128.44861
G1 X155.344 Y177.257 Z2.8864 E1128.50537
G1 X155.297 Y177.073 Z2.8865 E1128.56213
G1 X155.078 Y175.983 Z2.8874 E1128.89502
G1 X155.050 Y175.800 Z2.8875 E1128.95054
G1 X155.039 Y175.614 Z2.8876 E1129.00607
G1 X155.026 Y174.577 Z2.8884 E1129.31662
G1 X155.032 Y174.396 Z2.8885 E1129.37098
G1 X155.054 Y174.215 Z2.8887 E1129.42535
G1 X155.232 Y173.177 Z2.8895 E1129.74064
G1 X155.269 Y173.003 Z2.8896 E1129.79393
G1 X155.322 Y172.833 Z2.8897 E1129.84723
G1 X155.715 Y171.747 Z2.8906 E1130.19306
G1 X155.782 Y171.585 Z2.8907 E1130.24537
G1 X155.862 Y171.430 Z2.8908 E1130.29767
G1 X156.623 Y170.107 Z2.8920 E1130.75457
G1 X157.912 Y168.557 Z2.8934 E1131.35807
G1 X159.718 Y167.001 Z2.8952 E1132.07149
G1 X161.979 Y165.588 Z2.8972 E1132.86957
G1 X164.675 Y164.380 Z2.8994 E1133.75403
G1 X167.754 Y163.442 Z2.9017 E1134.71752
G1 X171.127 Y162.835 Z2.9043 E1135.74351
G1 X174.674 Y162.602 Z2.9069 E1136.80744
G1 X178.251 Y162.765 Z2.9096 E1137.87944
G1 X181.711 Y163.319 Z2.9121 E1138.92809
G1 X184.913 Y164.230 Z2.9146 E1139.92474
G1 X187.746 Y165.444 Z2.9169 E1140.84729
G1 X190.132 Y166.892 Z2.9189 E1141.68284
G1 X191.899 Y168.388 Z2.9207 E1142.37568
G1 X192.028 Y168.508 Z2.9208 E1142.42862
G1 X192.147 Y168.639 Z2.9209 E1142.48156
G1 X193.325 Y170.062 Z2.9223 E1143.03453
G1 X193.440 Y170.215 Z2.9224 E1143.09169
G1 X193.539 Y170.378 Z2.9226 E1143.14884
G1 X194.250 Y171.678 Z2.9237 E1143.59264
G1 X194.334 Y171.851 Z2.9238 E1143.65014
G1 X194.401 Y172.031 Z2.9239 E1143.70764
G1 X194.767 Y173.179 Z2.9248 E1144.06836
G1 X194.815 Y173.361 Z2.9250 E1144.12460
G1 X194.847 Y173.546 Z2.9251 E1144.18083
G1 X194.997 Y174.790 Z2.9260 E1144.55602
G1 X195.000 Y175.000 Z2.9262 E1144.61875
G1 X194.977 Y175.952 Z2.9269 E1144.90369
G1 X194.909 Y176.901 Z2.9276 E1145.18864
G1 X194.796 Y177.846 Z2.9283 E1145.47358
G1 X194.639 Y178.785 Z2.9290 E1145.75853
G1 X194.436 Y179.715 Z2.9297 E1146.04347
G1 X194.190 Y180.635 Z2.9304 E1146.32842
G1 X193.900 Y181.541 Z2.9311 E1146.61336
G1 X193.567 Y182.433 Z2.9318 E1146.89831
G1 X193.193 Y183.308 Z2.9325 E1147.18325
G1 X192.777 Y184.165 Z2.9332 E1147.46820
G1 X191.617 Y185.997 Z2.9348 E1148.11723
G1 X191.507 Y186.139 Z2.9350 E1148.17098
G1 X191.385 Y186.270 Z2.9351 E1148.22472
G1 X190.601 Y187.041 Z2.9359 E1148.55405
G1 X190.470 Y187.159 Z2.9360 E1148.60677
G1 X190.329 Y187.265 Z2.9362 E1148.65950
G1 X189.151 Y188.072 Z2.9372 E1149.08706
G1 X187.456 Y188.845 Z2.9386 E1149.64466
G1 X185.268 Y189.420 Z2.9403 E1150.32188
G1 X182.736 Y189.668 Z2.9422 E1151.08342
G1 X179.905 Y189.538 Z2.9442 E1151.93167
G1 X176.841 Y188.993 Z2.9465 E1152.86321
G1 X173.639 Y188.015 Z2.9490 E1153.86532
G1 X170.419 Y186.613 Z2.9516 E1154.91661
G1 X167.314 Y184.826 Z2.9543 E1155.98903
G1 X164.455 Y182.724 Z2.9569 E1157.05132
G1 X161.957 Y180.398 Z2.9594 E1158.07313
G1 X159.905 Y177.950 Z2.9618 E1159.02920
G1 X158.348 Y175.483 Z2.9639 E1159.90249
G1 X157.296 Y173.086 Z2.9659 E1160.68603
G1 X156.776 Y171.010 Z2.9674 E1161.32682
G1 X156.739 Y170.826 Z2.9676 E1161.38276
G1 X156.720 Y170.641 Z2.9677 E1161.43870
G1 X156.623 Y168.987 Z2.9689 E1161.93448
G1 X156.621 Y168.793 Z2.9691 E1161.99250
G1 X156.638 Y168.600 Z2.9692 E1162.05052
G1 X156.814 Y167.313 Z2.9702 E1162.43945
G1 X156.848 Y167.127 Z2.9703 E1162.49620
G1 X156.900 Y166.944 Z2.9705 E1162.55296
G1 X157.256 Y165.890 Z2.9713 E1162.88585
G1 X157.323 Y165.718 Z2.9714 E1162.94137
G1 X157.406 Y165.552 Z2.9716 E1162.99690
G1 X157.914 Y164.647 Z2.9723 E1163.30745
G1 X158.009 Y164.493 Z2.9725 E1163.36182
G1 X158.119 Y164.348 Z2.9726 E1163.41618
G1 X158.792 Y163.537 Z2.9734 E1163.73147
G1 X158.911 Y163.405 Z2.9735 E1163.78476
G1 X159.042 Y163.285 Z2.9736 E1163.83806
G1 X159.926 Y162.540 Z2.9745 E1164.18389
G1 X160.064 Y162.434 Z2.9746 E1164.23620
G1 X160.211 Y162.339 Z2.9748 E1164.28850
G1 X161.532 Y161.574 Z2.9759 E1164.74540
G1 X163.423 Y160.876 Z2.9774 E1165.34890
G1 X165.765 Y160.432 Z2.9791 E1166.06232
G1 X168.429 Y160.338 Z2.9811 E1166.86040
G1 X171.368 Y160.640 Z2.9833 E1167.74486
G1 X174.504 Y161.368 Z2.9857 E1168.70835
G1 X177.729 Y162.528 Z2.9882 E1169.73434
G1 X180.917 Y164.100 Z2.9908 E1170.79827
G1 X183.933 Y166.030 Z2.9935 E1171.87027
G1 X186.652 Y168.239 Z2.9961 E1172.91892
G1 X188.970 Y170.630 Z2.9985 E1173.91557
G1 X190.816 Y173.097 Z3.0008 E1174.83812
G1 X192.159 Y175.544 Z3.0029 E1175.67367
G1 X192.941 Y177.723 Z3.0046 E1176.36651
G1 X192.993 Y177.892 Z3.0047 E1176.41945
G1 X193.031 Y178.065 Z3.0048 E1176.47239
G1 X193.339 Y179.886 Z3.0062 E1177.02537
G1 X193.362 Y180.076 Z3.0063 E1177.08252
G1 X193.367 Y180.266 Z3.0065 E1177.13967
G1 X193.332 Y181.749 Z3.0076 E1177.58348
G1 X193.318 Y181.940 Z3.0077 E1177.64097
G1 X193.286 Y182.130 Z3.0079 E1177.69847
G1 X193.029 Y183.307 Z3.0088 E1178.05919
G1 X192.980 Y183.488 Z3.0089 E1178.11543
G1 X192.915 Y183.664 Z3.0090 E1178.17166
G1 X192.423 Y184.817 Z3.0100 E1178.54685
G1 X192.321 Y185.000 Z3.0101 E1178.60958
G1 X191.825 Y185.813 Z3.0108 E1178.89452
G1 X191.292 Y186.601 Z3.0115 E1179.17947
G1 X190.721 Y187.363 Z3.0122 E1179.46441
G1 X190.115 Y188.097 Z3.0129 E1179.74936
G1 X189.475 Y188.802 Z3.0136 E1180.03430
G1 X188.802 Y189.475 Z3.0143 E1180.31925
G1 X188.097 Y190.115 Z3.0150 E1180.60419
G1 X187.363 Y190.721 Z3.0157 E1180.88914
G1 X186.601 Y191.292 Z3.0164 E1181.17409
G1 X185.813 Y191.825 Z3.0172 E1181.45903
G1 X183.893 Y192.832 Z3.0188 E1182.10806
G1 X183.727 Y192.900 Z3.0189 E1182.16181
G1 X183.555 Y192.953 Z3.0190 E1182.21555
G1 X182.490 Y193.229 Z3.0198 E1182.54488
G1 X182.318 Y193.265 Z3.0200 E1182.59761
G1 X182.143 Y193.286 Z3.0201 E1182.65033
G1 X180.719 Y193.396 Z3.0212 E1183.07790
G1 X178.864 Y193.218 Z3.0225 E1183.63549
G1 X176.682 Y192.622 Z3.0242 E1184.31271
G1 X174.365 Y191.571 Z3.0261 E1185.07425
G1 X171.979 Y190.043 Z3.0282 E1185.92250
G1 X169.598 Y188.039 Z3.0305 E1186.85404
G1 X167.314 Y185.591 Z3.0329 E1187.85615
G1 X165.227 Y182.767 Z3.0355 E1188.90744
G1 X163.431 Y179.667 Z3.0382 E1189.97986
G1 X162.006 Y176.417 Z3.0408 E1191.04215
G1 X161.006 Y173.153 Z3.0433 E1192.06396
G1 X160.452 Y170.007 Z3.0457 E1193.02003
G1 X160.337 Y167.092 Z3.0479 E1193.89333
G1 X160.625 Y164.491 Z3.0498 E1194.67686
G1 X161.213 Y162.432 Z3.0514 E1195.31765
G1 X161.273 Y162.255 Z3.0515 E1195.37359
G1 X161.348 Y162.085 Z3.0516 E1195.42953
G1 X162.092 Y160.604 Z3.0529 E1195.92531
G1 X162.187 Y160.436 Z3.0530 E1195.98333
G1 X162.298 Y160.277 Z3.0532 E1196.04135
G1 X163.094 Y159.250 Z3.0541 E1196.43028
G1 X163.217 Y159.106 Z3.0543 E1196.48703
G1 X163.353 Y158.974 Z3.0544 E1196.54379
G1 X164.188 Y158.239 Z3.0552 E1196.87668
G1 X164.333 Y158.123 Z3.0554 E1196.93220
G1 X164.488 Y158.021 Z3.0555 E1196.98773
G1 X165.379 Y157.491 Z3.0563 E1197.29828
G1 X165.540 Y157.405 Z3.0564 E1197.35265
G1 X165.707 Y157.334 Z3.0565 E1197.40701
G1 X166.695 Y156.969 Z3.0573 E1197.72230
G1 X166.864 Y156.914 Z3.0574 E1197.77560
G1 X167.038 Y156.875 Z3.0576 E1197.82889
G1 X168.175 Y156.672 Z3.0584 E1198.17472
G1 X168.348 Y156.649 Z3.0586 E1198.22703
G1 X168.523 Y156.641 Z3.0587 E1198.27934
G1 X170.049 Y156.638 Z3.0598 E1198.73623
G1 X172.036 Y156.980 Z3.0613 E1199.33973
G1 X174.286 Y157.766 Z3.0631 E1200.05315
G1 X176.640 Y159.017 Z3.0650 E1200.85123
G1 X179.035 Y160.748 Z3.0672 E1201.73569
G1 X181.386 Y162.946 Z3.0696 E1202.69918
G1 X183.599 Y165.564 Z3.0721 E1203.72517
G1 X185.574 Y168.519 Z3.0748 E1204.78910
G1 X187.222 Y171.698 Z3.0774 E1205.86110
G1 X188.471 Y174.971 Z3.0800 E1206.90975
G1 X189.283 Y178.200 Z3.0825 E1207.90640
G1 X189.648 Y181.260 Z3.0847 E1208.82895
G1 X189.588 Y184.051 Z3.0868 E1209.66451
G1 X189.176 Y186.328 Z3.0885 E1210.35734
G1 X189.137 Y186.501 Z3.0886 E1210.41028
G1 X189.083 Y186.669 Z3.0888 E1210.46323
G1 X188.439 Y188.401 Z3.0901 E1211.01620
G1 X188.364 Y188.576 Z3.0903 E1211.07335
G1 X188.273 Y188.744 Z3.0904 E1211.13050
G1 X187.502 Y190.011 Z3.0915 E1211.57431
G1 X187.394 Y190.170 Z3.0917 E1211.63180
G1 X187.272 Y190.318 Z3.0918 E1211.68930
G1 X186.460 Y191.208 Z3.0927 E1212.05003
G1 X186.327 Y191.341 Z3.0928 E1212.10626
G1 X186.182 Y191.461 Z3.0930 E1212.16249
G1 X185.180 Y192.213 Z3.0939 E1212.53768
G1 X185.000 Y192.321 Z3.0940 E1212.60041
G1 X184.165 Y192.777 Z3.0947 E1212.88535
G1 X183.308 Y193.193 Z3.0955 E1213.17030
G1 X182.433 Y193.567 Z3.0962 E1213.45525
G1 X181.541 Y193.900 Z3.0969 E1213.74019
G1 X180.635 Y194.190 Z3.0976 E1214.02514
G1 X179.715 Y194.436 Z3.0983 E1214.31008
G1 X178.785 Y194.639 Z3.0990 E1214.59503
G1 X177.846 Y194.796 Z3.0997 E1214.87997
G1 X176.901 Y194.909 Z3.1004 E1215.16492
G1 X175.952 Y194.977 Z3.1011 E1215.44986
G1 X173.785 Y194.890 Z3.1027 E1216.09889
G1 X173.607 Y194.865 Z3.1028 E1216.15264
G1 X173.432 Y194.825 Z3.1029 E1216.20639
G1 X172.372 Y194.531 Z3.1038 E1216.53571
G1 X172.205 Y194.477 Z3.1039 E1216.58844
G1 X172.043 Y194.408 Z3.1040 E1216.64116
G1 X170.754 Y193.791 Z3.1051 E1217.06873
G1 X169.238 Y192.709 Z3.1065 E1217.62632
G1 X167.645 Y191.102 Z3.1081 E1218.30354
G1 X166.165 Y189.033 Z3.1100 E1219.06509
G1 X164.862 Y186.517 Z3.1121 E1219.91333
G1 X163.802 Y183.591 Z3.1144 E1220.84487
G1 X163.048 Y180.329 Z3.1169 E1221.84698
G1 X162.653 Y176.840 Z3.1195 E1222.89827
G1 X162.647 Y173.257 Z3.1221 E1223.97069
G1 X163.038 Y169.730 Z3.1247 E1225.03298
G1 X163.804 Y166.403 Z3.1273 E1226.05479
G1 X164.898 Y163.402 Z3.1296 E1227.01086
G1 X166.255 Y160.820 Z3.1318 E1227.88416
G1 X167.805 Y158.711 Z3.1337 E1228.66769
G1 X169.344 Y157.223 Z3.1353 E1229.30849
G1 X169.484 Y157.099 Z3.1354 E1229.36442
G1 X169.635 Y156.989 Z3.1356 E1229.42036
G1 X171.019 Y156.079 Z3.1368 E1229.91614
G1 X171.186 Y155.980 Z3.1369 E1229.97416
G1 X171.361 Y155.898 Z3.1371 E1230.03219
G1 X172.564 Y155.407 Z3.1380 E1230.42111
G1 X172.743 Y155.344 Z3.1382 E1230.47787
G1 X172.927 Y155.297 Z3.1383 E1230.53462
G1 X174.017 Y155.078 Z3.1391 E1230.86751
G1 X174.200 Y155.050 Z3.1393 E1230.92304
G1 X174.386 Y155.039 Z3.1394 E1230.97856
G1 X175.423 Y155.026 Z3.1402 E1231.28911
G1 X175.604 Y155.032 Z3.1403 E1231.34348
G1 X175.785 Y155.054 Z3.1405 E1231.39784
G1 X176.823 Y155.232 Z3.1412 E1231.71313
G1 X176.997 Y155.269 Z3.1414 E1231.76643
G1 X177.167 Y155.322 Z3.1415 E1231.81972
G1 X178.253 Y155.715 Z3.1424 E1232.16555
G1 X178.415 Y155.782 Z3.1425 E1232.21786
G1 X178.570 Y155.862 Z3.1426 E1232.27017
G1 X179.893 Y156.623 Z3.1437 E1232.72706
G1 X181.443 Y157.912 Z3.1452 E1233.33057
G1 X182.999 Y159.718 Z3.1470 E1234.04399
G1 X184.412 Y161.979 Z3.1490 E1234.84206
G1 X185.620 Y164.675 Z3.1511 E1235.72652
G1 X186.558 Y167.754 Z3.1535 E1236.69002
G1 X187.165 Y171.127 Z3.1561 E1237.71600
G1 X187.398 Y174.674 Z3.1587 E1238.77994
G1 X187.235 Y178.251 Z3.1613 E1239.85193
G1 X186.681 Y181.711 Z3.1639 E1240.90058
G1 X185.770 Y184.913 Z3.1664 E1241.89723
G1 X184.556 Y187.746 Z3.1687 E1242.81978
G1 X183.108 Y190.132 Z3.1707 E1243.65534
G1 X181.612 Y191.899 Z3.1724 E1244.34817
G1 X181.492 Y192.028 Z3.1726 E1244.40111
G1 X181.361 Y192.147 Z3.1727 E1244.45406
G1 X179.938 Y193.325 Z3.1741 E1245.00703
G1 X179.785 Y193.440 Z3.1742 E1245.06418
G1 X179.622 Y193.539 Z3.1743 E1245.12133
G1 X178.322 Y194.250 Z3.1754 E1245.56514
G1 X178.149 Y194.334 Z3.1756 E1245.62263
G1 X177.969 Y194.401 Z3.1757 E1245.68013
G1 X176.821 Y194.767 Z3.1766 E1246.04086
G1 X176.639 Y194.815 Z3.1768 E1246.09709
G1 X176.454 Y194.847 Z3.1769 E1246.15332
G1 X175.210 Y194.997 Z3.1778 E1246.52852
G1 X175.000 Y195.000 Z3.1780 E1246.59124
G1 X174.048 Y194.977 Z3.1787 E1246.87619
G1 X173.099 Y194.909 Z3.1794 E1247.16113
G1 X172.154 Y194.796 Z3.1801 E1247.44608
G1 X171.215 Y194.639 Z3.1808 E1247.73102
G1 X170.285 Y194.436 Z3.1815 E1248.01597
G1 X169.365 Y194.190 Z3.1822 E1248.30091
G1 X168.459 Y193.900 Z3.1829 E1248.58586
G1 X167.567 Y193.567 Z3.1836 E1248.87080
G1 X166.692 Y193.193 Z3.1843 E1249.15575
G1 X165.835 Y192.777 Z3.1850 E1249.44069
G1 X164.003 Y191.617 Z3.1866 E1250.08972
G1 X163.861 Y191.507 Z3.1867 E1250.14347
G1 X163.730 Y191.385 Z3.1869 E1250.19722
G1 X162.959 Y190.601 Z3.1877 E1250.52654
G1 X162.841 Y190.470 Z3.1878 E1250.57927
G1 X162.735 Y190.329 Z3.1879 E1250.63199
G1 X161.928 Y189.151 Z3.1890 E1251.05956
G1 X161.155 Y187.456 Z3.1904 E1251.61715
G1 X160.580 Y185.268 Z3.1921 E1252.29437
G1 X160.332 Y182.736 Z3.1939 E1253.05592
G1 X160.462 Y179.905 Z3.1960 E1253.90416
G1 X161.007 Y176.841 Z3.1983 E1254.83570
G1 X161.985 Y173.639 Z3.2008 E1255.83781
G1 X163.387 Y170.419 Z3.2034 E1256.88910
G1 X165.174 Y167.314 Z3.2060 E1257.96152
G1 X167.276 Y164.455 Z3.2087 E1259.02381
G1 X169.602 Y161.957 Z3.2112 E1260.04563
G1 X172.050 Y159.905 Z3.2136 E1261.00169
G1 X174.517 Y158.348 Z3.2157 E1261.87499
G1 X176.914 Y157.296 Z3.2176 E1262.65853
G1 X178.990 Y156.776 Z3.2192 E1263.29932
G1 X179.174 Y156.739 Z3.2194 E1263.35526
G1 X179.359 Y156.720 Z3.2195 E1263.41120
G1 X181.013 Y156.623 Z3.2207 E1263.90697
G1 X181.207 Y156.621 Z3.2209 E1263.96499
G1 X181.400 Y156.638 Z3.2210 E1264.02302
G1 X182.687 Y156.814 Z3.2220 E1264.41194
G1 X182.873 Y156.848 Z3.2221 E1264.46870
G1 X183.056 Y156.900 Z3.2223 E1264.52545
G1 X184.110 Y157.256 Z3.2231 E1264.85834
G1 X184.282 Y157.323 Z3.2232 E1264.91387
G1 X184.448 Y157.406 Z3.2233 E1264.96939
G1 X185.353 Y157.914 Z3.2241 E1265.27994
G1 X185.507 Y158.009 Z3.2243 E1265.33431
G1 X185.652 Y158.119 Z3.2244 E1265.38868
G1 X186.463 Y158.792 Z3.2252 E1265.70396
G1 X186.595 Y158.911 Z3.2253 E1265.75726
G1 X186.715 Y159.042 Z3.2254 E1265.81055
G1 X187.460 Y159.926 Z3.2263 E1266.15638
G1 X187.566 Y160.064 Z3.2264 E1266.20869
G1 X187.661 Y160.211 Z3.2265 E1266.26100
G1 X188.426 Y161.532 Z3.2277 E1266.71790
G1 X189.124 Y163.423 Z3.2292 E1267.32140
G1 X189.568 Y165.765 Z3.2309 E1268.03482
G1 X189.662 Y168.429 Z3.2329 E1268.83290
G1 X189.360 Y171.368 Z3.2351 E1269.71735
G1 X188.632 Y174.504 Z3.2375 E1270.68085
G1 X187.472 Y177.729 Z3.2400 E1271.70684
G1 X185.900 Y180.917 Z3.2426 E1272.77077
G1 X183.970 Y183.933 Z3.2453 E1273.84276
G1 X181.761 Y186.652 Z3.2478 E1274.89141
G1 X179.370 Y188.970 Z3.2503 E1275.88806
G1 X176.903 Y190.816 Z3.2526 E1276.81061
G1 X174.456 Y192.159 Z3.2546 E1277.64617
G1 X172.277 Y192.941 Z3.2564 E1278.33900
G1 X172.108 Y192.993 Z3.2565 E1278.39195
G1 X171.935 Y193.031 Z3.2566 E1278.44489
G1 X170.114 Y193.339 Z3.2580 E1278.99786
G1 X169.924 Y193.362 Z3.2581 E1279.05501
G1 X169.734 Y193.367 Z3.2583 E1279.11216
G1 X168.251 Y193.332 Z3.2594 E1279.55597
G1 X168.060 Y193.318 Z3.2595 E1279.61346
G1 X167.870 Y193.286 Z3.2596 E1279.67096
G1 X166.693 Y193.029 Z3.2605 E1280.03169
G1 X166.512 Y192.980 Z3.2607 E1280.08792
G1 X166.336 Y192.915 Z3.2608 E1280.14416
G1 X165.183 Y192.423 Z3.2617 E1280.51935
G1 X165.000 Y192.321 Z3.2619 E1280.58207
G1 X164.187 Y191.825 Z3.2626 E1280.86702
G1 X163.399 Y191.292 Z3.2633 E1281.15196
G1 X162.637 Y190.721 Z3.2640 E1281.43691
G1 X161.903 Y190.115 Z3.2647 E1281.72185
G1 X161.198 Y189.475 Z3.2654 E1282.00680
G1 X160.525 Y188.802 Z3.2661 E1282.29174
G1 X159.885 Y188.097 Z3.2668 E1282.57669
G1 X159.279 Y187.363 Z3.2675 E1282.86163
G1 X158.708 Y186.601 Z3.2682 E1283.14658
G1 X158.175 Y185.813 Z3.2689 E1283.43152
G1 X157.168 Y183.893 Z3.2705 E1284.08055
G1 X157.100 Y183.727 Z3.2707 E1284.13430
G1 X157.047 Y183.555 Z3.2708 E1284.18805
G1 X156.771 Y182.490 Z3.2716 E1284.51738
G1 X156.735 Y182.318 Z3.2717 E1284.57010
G1 X156.714 Y182.143 Z3.2719 E1284.62282
G1 X156.604 Y180.719 Z3.2729 E1285.05039
G1 X156.782 Y178.864 Z3.2743 E1285.60798
G1 X157.378 Y176.682 Z3.2760 E1286.28521
G1 X158.429 Y174.365 Z3.2779 E1287.04675
G1 X159.957 Y171.979 Z3.2800 E1287.89500
G1 X161.961 Y169.598 Z3.2823 E1288.82653
G1 X164.409 Y167.314 Z3.2847 E1289.82865
G1 X167.233 Y165.227 Z3.2873 E1290.87993
G1 X170.333 Y163.431 Z3.2900 E1291.95235
G1 X173.583 Y162.006 Z3.2926 E1293.01464
G1 X176.847 Y161.006 Z3.2951 E1294.03646
G1 X179.993 Y160.452 Z3.2975 E1294.99252
G1 X182.908 Y160.337 Z3.2996 E1295.86582
G1 X185.509 Y160.625 Z3.3016 E1296.64936
G1 X187.568 Y161.213 Z3.3032 E1297.29015
G1 X187.745 Y161.273 Z3.3033 E1297.34609
G1 X187.915 Y161.348 Z3.3034 E1297.40203
G1 X189.396 Y162.092 Z3.3047 E1297.89780
G1 X189.564 Y162.187 Z3.3048 E1297.95583
G1 X189.723 Y162.298 Z3.3049 E1298.01385
G1 X190.750 Y163.094 Z3.3059 E1298.40277
G1 X190.894 Y163.217 Z3.3060 E1298.45953
G1 X191.026 Y163.353 Z3.3062 E1298.51628
G1 X191.761 Y164.188 Z3.3070 E1298.84918
G1 X191.877 Y164.333 Z3.3071 E1298.90470
G1 X191.979 Y164.488 Z3.3073 E1298.96022
G1 X192.509 Y165.379 Z3.3080 E1299.27078
G1 X192.595 Y165.540 Z3.3082 E1299.32514
G1 X192.666 Y165.707 Z3.3083 E1299.37951
G1 X193.031 Y166.695 Z3.3091 E1299.69480
G1 X193.086 Y166.864 Z3.3092 E1299.74809
G1 X193.125 Y167.038 Z3.3094 E1299.80138
G1 X193.328 Y168.175 Z3.3102 E1300.14721
G1 X193.351 Y168.348 Z3.3103 E1300.19952
G1 X193.359 Y168.523 Z3.3105 E1300.25183
G1 X193.362 Y170.049 Z3.3116 E1300.70873
G1 X193.020 Y172.036 Z3.3131 E1301.31223
G1 X192.234 Y174.286 Z3.3148 E1302.02565
G1 X190.983 Y176.640 Z3.3168 E1302.82373
G1 X189.252 Y179.035 Z3.3190 E1303.70818
G1 X187.054 Y181.386 Z3.3214 E1304.67168
G1 X184.436 Y183.599 Z3.3239 E1305.69767
G1 X181.481 Y185.574 Z3.3265 E1306.76160
G1 X178.302 Y187.222 Z3.3292 E1307.83359
G1 X175.029 Y188.471 Z3.3318 E1308.88225
G1 X171.800 Y189.283 Z3.3342 E1309.87890
G1 X168.740 Y189.648 Z3.3365 E1310.80144
G1 X165.949 Y189.588 Z3.3386 E1311.63700
G1 X163.672 Y189.176 Z3.3403 E1312.32983
G1 X163.499 Y189.137 Z3.3404 E1312.38278
G1 X163.331 Y189.083 Z3.3405 E1312.43572
G1 X161.599 Y188.439 Z3.3419 E1312.98869
G1 X161.424 Y188.364 Z3.3421 E1313.04584
G1 X161.256 Y188.273 Z3.3422 E1313.10299
G1 X159.989 Y187.502 Z3.3433 E1313.54680
G1 X159.830 Y187.394 Z3.3434 E1313.60430
G1 X159.682 Y187.272 Z3.3436 E1313.66179
G1 X158.792 Y186.460 Z3.3445 E1314.02252
G1 X158.659 Y186.327 Z3.3446 E1314.07875
G1 X158.539 Y186.182 Z3.3447 E1314.13499
G1 X157.787 Y185.180 Z3.3457 E1314.51018
G1 X157.679 Y185.000 Z3.3458 E1314.57290
G1 X157.206 Y184.130 Z3.3466 E1314.86940
G1 X156.775 Y183.238 Z3.3473 E1315.16589
G1 X156.390 Y182.326 Z3.3480 E1315.46239
G1 X156.050 Y181.395 Z3.3488 E1315.75888
G1 X155.757 Y180.449 Z3.3495 E1316.05538
G1 X155.510 Y179.490 Z3.3502 E1316.35187
G1 X155.312 Y178.519 Z3.3510 E1316.64837
G1 X155.162 Y177.540 Z3.3517 E1316.94486
G1 X155.061 Y176.555 Z3.3524 E1317.24136
G1 X155.008 Y175.566 Z3.3531 E1317.53785
G1 X155.005 Y174.575 Z3.3539 E1317.83435
G1 X155.050 Y173.586 Z3.3546 E1318.13084
G1 X155.145 Y172.600 Z3.3553 E1318.42734
G1 X155.288 Y171.620 Z3.3561 E1318.72383
G1 X155.479 Y170.648 Z3.3568 E1319.02032
G1 X155.719 Y169.687 Z3.3575 E1319.31682
G1 X156.005 Y168.739 Z3.3583 E1319.61331
G1 X156.339 Y167.806 Z3.3590 E1319.90981
G1 X156.718 Y166.891 Z3.3597 E1320.20630
G1 X157.141 Y165.996 Z3.3605 E1320.50280
G1 X157.609 Y165.123 Z3.3612 E1320.79929
G1 X158.120 Y164.274 Z3.3619 E1321.09579
G1 X158.671 Y163.451 Z3.3627 E1321.39228
G1 X159.263 Y162.657 Z3.3634 E1321.68878
G1 X159.893 Y161.893 Z3.3641 E1321.98527
G1 X160.561 Y161.161 Z3.3649 E1322.28177
G1 X161.264 Y160.463 Z3.3656 E1322.57826
G1 X162.000 Y159.801 Z3.3663 E1322.87476
G1 X162.769 Y159.176 Z3.3671 E1323.17125
G1 X163.567 Y158.590 Z3.3678 E1323.46775
G1 X164.394 Y158.044 Z3.3685 E1323.76424
G1 X165.246 Y157.540 Z3.3693 E1324.06074
G1 X166.123 Y157.078 Z3.3700 E1324.35723
G1 X167.021 Y156.661 Z3.3707 E1324.65373
G1 X167.938 Y156.288 Z3.3714 E1324.95022
G1 X168.874 Y155.961 Z3.3722 E1325.24672
G1 X169.824 Y155.681 Z3.3729 E1325.54321
G1 X170.786 Y155.449 Z3.3736 E1325.83971
G1 X171.760 Y155.264 Z3.3744 E1326.13620
G1 X172.741 Y155.128 Z3.3751 E1326.43269
G1 X173.727 Y155.041 Z3.3758 E1326.72919
G1 X174.717 Y155.002 Z3.3766 E1327.02568
G1 X175.707 Y155.013 Z3.3773 E1327.32218
G1 X176.696 Y155.072 Z3.3780 E1327.61867
G1 X177.681 Y155.180 Z3.3788 E1327.91517
G1 X178.659 Y155.337 Z3.3795 E1328.21166
G1 X179.628 Y155.543 Z3.3802 E1328.50816
G1 X180.585 Y155.796 Z3.3810 E1328.80465
G1 X181.529 Y156.096 Z3.3817 E1329.10115
G1 X182.457 Y156.442 Z3.3824 E1329.39764
G1 X183.367 Y156.834 Z3.3832 E1329.69414
G1 X184.256 Y157.271 Z3.3839 E1329.99063
G1 X185.122 Y157.751 Z3.3846 E1330.28713
G1 X185.964 Y158.273 Z3.3854 E1330.58362
G1 X186.779 Y158.836 Z3.3861 E1330.88012
G1 X187.564 Y159.439 Z3.3868 E1331.17661
G1 X188.319 Y160.080 Z3.3876 E1331.47311
G1 X189.042 Y160.758 Z3.3883 E1331.76960
G1 X189.730 Y161.471 Z3.3890 E1332.06610
G1 X190.381 Y162.217 Z3.3898 E1332.36259
G1 X190.995 Y162.994 Z3.3905 E1332.65909
G1 X191.570 Y163.801 Z3.3912 E1332.95558
G1 X192.104 Y164.635 Z3.3919 E1333.25207
G1 X192.597 Y165.494 Z3.3927 E1333.54857
G1 X193.046 Y166.377 Z3.3934 E1333.84506
G1 X193.450 Y167.281 Z3.3941 E1334.14156
G1 X193.810 Y168.204 Z3.3949 E1334.43805
G1 X194.123 Y169.144 Z3.3956 E1334.73455
G1 X194.390 Y170.098 Z3.3963 E1335.03104
G1 X194.609 Y171.064 Z3.3971 E1335.32754
G1 X194.780 Y172.039 Z3.3978 E1335.62403
G1 X194.902 Y173.022 Z3.3985 E1335.92053
G1 X194.975 Y174.010 Z3.3993 E1336.21702
G1 X195.000 Y175.000 Z3.4000 E1336.51352
G1 X194.890 Y176.215 Z3.4009 E1336.87865
G1 X194.865 Y176.393 Z3.4010 E1336.93240
G1 X194.825 Y176.568 Z3.4012 E1336.98614
G1 X194.531 Y177.628 Z3.4020 E1337.31547
G1 X194.477 Y177.795 Z3.4021 E1337.36820
G1 X194.408 Y177.957 Z3.4022 E1337.42092
G1 X193.791 Y179.246 Z3.4033 E1337.84849
G1 X192.709 Y180.762 Z3.4047 E1338.40608
G1 X191.102 Y182.355 Z3.4063 E1339.08330
G1 X189.033 Y183.835 Z3.4082 E1339.84484
G1 X186.517 Y185.138 Z3.4103 E1340.69309
G1 X183.591 Y186.198 Z3.4126 E1341.62463
G1 X180.329 Y186.952 Z3.4151 E1342.62674
G1 X176.840 Y187.347 Z3.4177 E1343.67803
G1 X173.257 Y187.353 Z3.4203 E1344.75045
G1 X169.730 Y186.962 Z3.4230 E1345.81274
G1 X166.403 Y186.196 Z3.4255 E1346.83455
G1 X163.402 Y185.102 Z3.4278 E1347.79062
G1 X160.820 Y183.745 Z3.4300 E1348.66392
G1 X158.711 Y182.195 Z3.4319 E1349.44745
G1 X157.223 Y180.656 Z3.4335 E1350.08824
G1 X157.099 Y180.516 Z3.4337 E1350.14418
G1 X156.989 Y180.365 Z3.4338 E1350.20012
G1 X156.079 Y178.981 Z3.4350 E1350.69590
G1 X155.980 Y178.814 Z3.4352 E1350.75392
G1 X155.898 Y178.639 Z3.4353 E1350.81194
G1 X155.407 Y177.436 Z3.4363 E1351.20087
G1 X155.344 Y177.257 Z3.4364 E1351.25762
G1 X155.297 Y177.073 Z3.4365 E1351.31438
G1 X155.078 Y175.983 Z3.4374 E1351.64727
G1 X155.050 Y175.800 Z3.4375 E1351.70280
G1 X155.039 Y175.614 Z3.4376 E1351.75832
G1 X155.026 Y174.577 Z3.4384 E1352.06887
G1 X155.032 Y174.396 Z3.4385 E1352.12324
G1 X155.054 Y174.215 Z3.4387 E1352.17760
G1 X155.232 Y173.177 Z3.4395 E1352.49289
G1 X155.269 Y173.003 Z3.4396 E1352.54619
G1 X155.322 Y172.833 Z3.4397 E1352.59948
G1 X155.715 Y171.747 Z3.4406 E1352.94531
G1 X155.782 Y171.585 Z3.4407 E1352.99762
G1 X155.862 Y171.430 Z3.4408 E1353.04993
G1 X156.623 Y170.107 Z3.4420 E1353.50682
G1 X157.912 Y168.557 Z3.4434 E1354.11032
G1 X159.718 Y167.001 Z3.4452 E1354.82374
G1 X161.979 Y165.588 Z3.4472 E1355.62182
G1 X164.675 Y164.380 Z3.4494 E1356.50628
G1 X167.754 Y163.442 Z3.4517 E1357.46977
G1 X171.127 Y162.835 Z3.4543 E1358.49576
G1 X174.674 Y162.602 Z3.4569 E1359.55969
G1 X178.251 Y162.765 Z3.4596 E1360.63169
G1 X181.711 Y163.319 Z3.4621 E1361.68034
G1 X184.913 Y164.230 Z3.4646 E1362.67699
G1 X187.746 Y165.444 Z3.4669 E1363.59954
G1 X190.132 Y166.892 Z3.4689 E1364.43510
G1 X191.899 Y168.388 Z3.4707 E1365.12793
G1 X192.028 Y168.508 Z3.4708 E1365.18087
G1 X192.147 Y168.639 Z3.4709 E1365.23382
G1 X193.325 Y170.062 Z3.4723 E1365.78679
G1 X193.440 Y170.215 Z3.4724 E1365.84394
G1 X193.539 Y170.378 Z3.4726 E1365.90109
G1 X194.250 Y171.678 Z3.4737 E1366.34490
G1 X194.334 Y171.851 Z3.4738 E1366.40239
G1 X194.401 Y172.031 Z3.4739 E1366.45989
G1 X194.767 Y173.179 Z3.4748 E1366.82062
G1 X194.815 Y173.361 Z3.4750 E1366.87685
G1 X194.847 Y173.546 Z3.4751 E1366.93308
G1 X194.997 Y174.790 Z3.4760 E1367.30827
G1 X195.000 Y175.000 Z3.4762 E1367.37100
G1 X194.977 Y175.952 Z3.4769 E1367.65595
G1 X194.909 Y176.901 Z3.4776 E1367.94089
G1 X194.796 Y177.846 Z3.4783 E1368.22584
G1 X194.639 Y178.785 Z3.4790 E1368.51078
G1 X194.436 Y179.715 Z3.4797 E1368.79573
G1 X194.190 Y180.635 Z3.4804 E1369.08067
G1 X193.900 Y181.541 Z3.4811 E1369.36562
G1 X193.567 Y182.433 Z3.4818 E1369.65056
G1 X193.193 Y183.308 Z3.4825 E1369.93551
G1 X192.777 Y184.165 Z3.4832 E1370.22045
G1 X191.617 Y185.997 Z3.4848 E1370.86948
G1 X191.507 Y186.139 Z3.4850 E1370.92323
G1 X191.385 Y186.270 Z3.4851 E1370.97698
G1 X190.601 Y187.041 Z3.4859 E1371.30630
G1 X190.470 Y187.159 Z3.4860 E1371.35903
G1 X190.329 Y187.265 Z3.4862 E1371.41175
G1 X189.151 Y188.072 Z3.4872 E1371.83932
G1 X187.456 Y188.845 Z3.4886 E1372.39691
G1 X185.268 Y189.420 Z3.4903 E1373.07413
G1 X182.736 Y189.668 Z3.4922 E1373.83568
G1 X179.905 Y189.538 Z3.4942 E1374.68392
G1 X176.841 Y188.993 Z3.4965 E1375.61546
G1 X173.639 Y188.015 Z3.4990 E1376.61757
G1 X170.419 Y186.613 Z3.5016 E1377.66886
G1 X167.314 Y184.826 Z3.5043 E1378.74128
G1 X164.455 Y182.724 Z3.5069 E1379.80357
G1 X161.957 Y180.398 Z3.5094 E1380.82539
G1 X159.905 Y177.950 Z3.5118 E1381.78145
G1 X158.348 Y175.483 Z3.5139 E1382.65475
G1 X157.296 Y173.086 Z3.5159 E1383.43829
G1 X156.776 Y171.010 Z3.5174 E1384.07908
G1 X156.739 Y170.826 Z3.5176 E1384.13502
G1 X156.720 Y170.641 Z3.5177 E1384.19095
G1 X156.623 Y168.987 Z3.5189 E1384.68673
G1 X156.621 Y168.793 Z3.5191 E1384.74475
G1 X156.638 Y168.600 Z3.5192 E1384.80278
G1 X156.814 Y167.313 Z3.5202 E1385.19170
G1 X156.848 Y167.127 Z3.5203 E1385.24846
G1 X156.900 Y166.944 Z3.5205 E1385.30521
G1 X157.256 Y165.890 Z3.5213 E1385.63810
G1 X157.323 Y165.718 Z3.5214 E1385.69363
G1 X157.406 Y165.552 Z3.5216 E1385.74915
G1 X157.914 Y164.647 Z3.5223 E1386.05970
G1 X158.009 Y164.493 Z3.5225 E1386.11407
G1 X158.119 Y164.348 Z3.5226 E1386.16843
G1 X158.792 Y163.537 Z3.5234 E1386.48372
G1 X158.911 Y163.405 Z3.5235 E1386.53702
G1 X159.042 Y163.285 Z3.5236 E1386.59031
G1 X159.926 Y162.540 Z3.5245 E1386.93614
G1 X160.064 Y162.434 Z3.5246 E1386.98845
G1 X160.211 Y162.339 Z3.5248 E1387.04076
G1 X161.532 Y161.574 Z3.5259 E1387.49766
G1 X163.423 Y160.876 Z3.5274 E1388.10116
G1 X165.765 Y160.432 Z3.5291 E1388.81458
G1 X168.429 Y160.338 Z3.5311 E1389.61265
G1 X171.368 Y160.640 Z3.5333 E1390.49711
G1 X174.504 Y161.368 Z3.5357 E1391.46061
G1 X177.729 Y162.528 Z3.5382 E1392.48659
G1 X180.917 Y164.100 Z3.5408 E1393.55053
G1 X183.933 Y166.030 Z3.5435 E1394.62252
G1 X186.652 Y168.239 Z3.5461 E1395.67117
G1 X188.970 Y170.630 Z3.5485 E1396.66782
G1 X190.816 Y173.097 Z3.5508 E1397.59037
G1 X192.159 Y175.544 Z3.5529 E1398.42593
G1 X192.941 Y177.723 Z3.5546 E1399.11876
G1 X192.993 Y177.892 Z3.5547 E1399.17170
G1 X193.031 Y178.065 Z3.5548 E1399.22465
G1 X193.339 Y179.886 Z3.5562 E1399.77762
G1 X193.362 Y180.076 Z3.5563 E1399.83477
G1 X193.367 Y180.266 Z3.5565 E1399.89192
G1 X193.332 Y181.749 Z3.5576 E1400.33573
G1 X193.318 Y181.940 Z3.5577 E1400.39322
G1 X193.286 Y182.130 Z3.5579 E1400.45072
G1 X193.029 Y183.307 Z3.5588 E1400.81145
G1 X192.980 Y183.488 Z3.5589 E1400.86768
G1 X192.915 Y183.664 Z3.5590 E1400.92392
G1 X192.423 Y184.817 Z3.5600 E1401.29911
G1 X192.321 Y185.000 Z3.5601 E1401.36183
G1 X191.825 Y185.813 Z3.5608 E1401.64678
G1 X191.292 Y186.601 Z3.5615 E1401.93172
G1 X190.721 Y187.363 Z3.5622 E1402.21667
G1 X190.115 Y188.097 Z3.5629 E1402.50161
G1 X189.475 Y188.802 Z3.5636 E1402.78656
G1 X188.802 Y189.475 Z3.5643 E1403.07150
G1 X188.097 Y190.115 Z3.5650 E1403.35645
G1 X187.363 Y190.721 Z3.5657 E1403.64139
G1 X186.601 Y191.292 Z3.5664 E1403.92634
G1 X185.813 Y191.825 Z3.5672 E1404.21128
G1 X183.893 Y192.832 Z3.5688 E1404.86031
G1 X183.727 Y192.900 Z3.5689 E1404.91406
G1 X183.555 Y192.953 Z3.5690 E1404.96781
G1 X182.490 Y193.229 Z3.5698 E1405.29714
G1 X182.318 Y193.265 Z3.5700 E1405.34986
G1 X182.143 Y193.286 Z3.5701 E1405.40258
G1 X180.719 Y193.396 Z3.5712 E1405.83015
G1 X178.864 Y193.218 Z3.5725 E1406.38774
G1 X176.682 Y192.622 Z3.5742 E1407.06497
G1 X174.365 Y191.571 Z3.5761 E1407.82651
G1 X171.979 Y190.043 Z3.5782 E1408.67475
G1 X169.598 Y188.039 Z3.5805 E1409.60629
G1 X167.314 Y185.591 Z3.5829 E1410.60841
G1 X165.227 Y182.767 Z3.5855 E1411.65969
G1 X163.431 Y179.667 Z3.5882 E1412.73211
G1 X162.006 Y176.417 Z3.5908 E1413.79440
G1 X161.006 Y173.153 Z3.5933 E1414.81622
G1 X160.452 Y170.007 Z3.5957 E1415.77228
G1 X160.337 Y167.092 Z3.5979 E1416.64558
G1 X160.625 Y164.491 Z3.5998 E1417.42912
G1 X161.213 Y162.432 Z3.6014 E1418.06991
G1 X161.273 Y162.255 Z3.6015 E1418.12585
G1 X161.348 Y162.085 Z3.6016 E1418.18179
G1 X162.092 Y160.604 Z3.6029 E1418.67756
G1 X162.187 Y160.436 Z3.6030 E1418.73559
G1 X162.298 Y160.277 Z3.6032 E1418.79361
G1 X163.094 Y159.250 Z3.6041 E1419.18253
G1 X163.217 Y159.106 Z3.6043 E1419.23929
G1 X163.353 Y158.974 Z3.6044 E1419.29604
G1 X164.188 Y158.239 Z3.6052 E1419.62893
G1 X164.333 Y158.123 Z3.6054 E1419.68446
G1 X164.488 Y158.021 Z3.6055 E1419.73998
G1 X165.379 Y157.491 Z3.6063 E1420.05053
G1 X165.540 Y157.405 Z3.6064 E1420.10490
G1 X165.707 Y157.334 Z3.6065 E1420.15927
G1 X166.695 Y156.969 Z3.6073 E1420.47456
G1 X166.864 Y156.914 Z3.6074 E1420.52785
G1 X167.038 Y156.875 Z3.6076 E1420.58114
G1 X168.175 Y156.672 Z3.6084 E1420.92697
G1 X168.348 Y156.649 Z3.6086 E1420.97928
G1 X168.523 Y156.641 Z3.6087 E1421.03159
G1 X170.049 Y156.638 Z3.6098 E1421.48849
G1 X172.036 Y156.980 Z3.6113 E1422.09199
G1 X174.286 Y157.766 Z3.6131 E1422.80541
G1 X176.640 Y159.017 Z3.6150 E1423.60349
G1 X179.035 Y160.748 Z3.6172 E1424.48794
G1 X181.386 Y162.946 Z3.6196 E1425.45144
G1 X183.599 Y165.564 Z3.6221 E1426.47743
G1 X185.574 Y168.519 Z3.6248 E1427.54136
G1 X187.222 Y171.698 Z3.6274 E1428.61335
G1 X188.471 Y174.971 Z3.6300 E1429.66200
G1 X189.283 Y178.200 Z3.6325 E1430.65865
G1 X189.648 Y181.260 Z3.6347 E1431.58120
G1 X189.588 Y184.051 Z3.6368 E1432.41676
G1 X189.176 Y186.328 Z3.6385 E1433.10959
G1 X189.137 Y186.501 Z3.6386 E1433.16254
G1 X189.083 Y186.669 Z3.6388 E1433.21548
G1 X188.439 Y188.401 Z3.6401 E1433.76845
G1 X188.364 Y188.576 Z3.6403 E1433.82560
G1 X188.273 Y188.744 Z3.6404 E1433.88275
G1 X187.502 Y190.011 Z3.6415 E1434.32656
G1 X187.394 Y190.170 Z3.6417 E1434.38405
G1 X187.272 Y190.318 Z3.6418 E1434.44155
G1 X186.460 Y191.208 Z3.6427 E1434.80228
G1 X186.327 Y191.341 Z3.6428 E1434.85851
G1 X186.182 Y191.461 Z3.6430 E1434.91475
G1 X185.180 Y192.213 Z3.6439 E1435.28994
G1 X185.000 Y192.321 Z3.6440 E1435.35266
G1 X184.165 Y192.777 Z3.6447 E1435.63761
G1 X183.308 Y193.193 Z3.6455 E1435.92255
G1 X182.433 Y193.567 Z3.6462 E1436.20750
G1 X181.541 Y193.900 Z3.6469 E1436.49244
G1 X180.635 Y194.190 Z3.6476 E1436.77739
G1 X179.715 Y194.436 Z3.6483 E1437.06233
G1 X178.785 Y194.639 Z3.6490 E1437.34728
G1 X177.846 Y194.796 Z3.6497 E1437.63222
G1 X176.901 Y194.909 Z3.6504 E1437.91717
G1 X175.952 Y194.977 Z3.6511 E1438.20211
G1 X173.785 Y194.890 Z3.6527 E1438.85114
G1 X173.607 Y194.865 Z3.6528 E1438.90489
G1 X173.432 Y194.825 Z3.6529 E1438.95864
G1 X172.372 Y194.531 Z3.6538 E1439.28797
G1 X172.205 Y194.477 Z3.6539 E1439.34069
G1 X172.043 Y194.408 Z3.6540 E1439.39341
G1 X170.754 Y193.791 Z3.6551 E1439.82098
G1 X169.238 Y192.709 Z3.6565 E1440.37857
G1 X167.645 Y191.102 Z3.6581 E1441.05580
G1 X166.165 Y189.033 Z3.6600 E1441.81734
G1 X164.862 Y186.517 Z3.6621 E1442.66559
G1 X163.802 Y183.591 Z3.6644 E1443.59712
G1 X163.048 Y180.329 Z3.6669 E1444.59924
G1 X162.653 Y176.840 Z3.6695 E1445.65052
G1 X162.647 Y173.257 Z3.6721 E1446.72294
G1 X163.038 Y169.730 Z3.6747 E1447.78523
G1 X163.804 Y166.403 Z3.6773 E1448.80705
G1 X164.898 Y163.402 Z3.6796 E1449.76311
G1 X166.255 Y160.820 Z3.6818 E1450.63641
G1 X167.805 Y158.711 Z3.6837 E1451.41995
G1 X169.344 Y157.223 Z3.6853 E1452.06074
G1 X169.484 Y157.099 Z3.6854 E1452.11668
G1 X169.635 Y156.989 Z3.6856 E1452.17262
G1 X171.019 Y156.079 Z3.6868 E1452.66839
G1 X171.186 Y155.980 Z3.6869 E1452.72642
G1 X171.361 Y155.898 Z3.6871 E1452.78444
G1 X172.564 Y155.407 Z3.6880 E1453.17336
G1 X172.743 Y155.344 Z3.6882 E1453.23012
G1 X172.927 Y155.297 Z3.6883 E1453.28687
G1 X174.017 Y155.078 Z3.6891 E1453.61977
G1 X174.200 Y155.050 Z3.6893 E1453.67529
G1 X174.386 Y155.039 Z3.6894 E1453.73081
G1 X175.423 Y155.026 Z3.6902 E1454.04137
G1 X175.604 Y155.032 Z3.6903 E1454.09573
G1 X175.785 Y155.054 Z3.6905 E1454.15010
G1 X176.823 Y155.232 Z3.6912 E1454.46539
G1 X176.997 Y155.269 Z3.6914 E1454.51868
G1 X177.167 Y155.322 Z3.6915 E1454.57197
G1 X178.253 Y155.715 Z3.6924 E1454.91780
G1 X178.415 Y155.782 Z3.6925 E1454.97011
G1 X178.570 Y155.862 Z3.6926 E1455.02242
G1 X179.893 Y156.623 Z3.6937 E1455.47932
G1 X181.443 Y157.912 Z3.6952 E1456.08282
G1 X182.999 Y159.718 Z3.6970 E1456.79624
G1 X184.412 Y161.979 Z3.6990 E1457.59432
G1 X185.620 Y164.675 Z3.7011 E1458.47877
G1 X186.558 Y167.754 Z3.7035 E1459.44227
G1 X187.165 Y171.127 Z3.7061 E1460.46826
G1 X187.398 Y174.674 Z3.7087 E1461.53219
G1 X187.235 Y178.251 Z3.7113 E1462.60418
G1 X186.681 Y181.711 Z3.7139 E1463.65284
G1 X185.770 Y184.913 Z3.7164 E1464.64949
G1 X184.556 Y187.746 Z3.7187 E1465.57203
G1 X183.108 Y190.132 Z3.7207 E1466.40759
G1 X181.612 Y191.899 Z3.7224 E1467.10042
G1 X181.492 Y192.028 Z3.7226 E1467.15337
G1 X181.361 Y192.147 Z3.7227 E1467.20631
G1 X179.938 Y193.325 Z3.7241 E1467.75928
G1 X179.785 Y193.440 Z3.7242 E1467.81643
G1 X179.622 Y193.539 Z3.7243 E1467.87358
G1 X178.322 Y194.250 Z3.7254 E1468.31739
G1 X178.149 Y194.334 Z3.7256 E1468.37489
G1 X177.969 Y194.401 Z3.7257 E1468.43238
G1 X176.821 Y194.767 Z3.7266 E1468.79311
G1 X176.639 Y194.815 Z3.7268 E1468.84934
G1 X176.454 Y194.847 Z3.7269 E1468.90558
G1 X175.210 Y194.997 Z3.7278 E1469.28077
G1 X175.000 Y195.000 Z3.7280 E1469.34349
G1 X174.048 Y194.977 Z3.7287 E1469.62844
G1 X173.099 Y194.909 Z3.7294 E1469.91338
G1 X172.154 Y194.796 Z3.7301 E1470.19833
G1 X171.215 Y194.639 Z3.7308 E1470.48327
G1 X170.285 Y194.436 Z3.7315 E1470.76822
G1 X169.365 Y194.190 Z3.7322 E1471.05317
G1 X168.459 Y193.900 Z3.7329 E1471.33811
G1 X167.567 Y193.567 Z3.7336 E1471.62306
G1 X166.692 Y193.193 Z3.7343 E1471.90800
G1 X165.835 Y192.777 Z3.7350 E1472.19295
G1 X164.003 Y191.617 Z3.7366 E1472.84198
G1 X163.861 Y191.507 Z3.7367 E1472.89572
G1 X163.730 Y191.385 Z3.7369 E1472.94947
G1 X162.959 Y190.601 Z3.7377 E1473.27880
G1 X162.841 Y190.470 Z3.7378 E1473.33152
G1 X162.735 Y190.329 Z3.7379 E1473.38424
G1 X161.928 Y189.151 Z3.7390 E1473.81181
G1 X161.155 Y187.456 Z3.7404 E1474.36940
G1 X160.580 Y185.268 Z3.7421 E1475.04663
G1 X160.332 Y182.736 Z3.7439 E1475.80817
G1 X160.462 Y179.905 Z3.7460 E1476.65642
G1 X161.007 Y176.841 Z3.7483 E1477.58795
G1 X161.985 Y173.639 Z3.7508 E1478.59007
G1 X163.387 Y170.419 Z3.7534 E1479.64135
G1 X165.174 Y167.314 Z3.7560 E1480.71378
G1 X167.276 Y164.455 Z3.7587 E1481.77606
G1 X169.602 Y161.957 Z3.7612 E1482.79788
G1 X172.050 Y159.905 Z3.7636 E1483.75394
G1 X174.517 Y158.348 Z3.7657 E1484.62724
G1 X176.914 Y157.296 Z3.7676 E1485.41078
G1 X178.990 Y156.776 Z3.7692 E1486.05157
G1 X179.174 Y156.739 Z3.7694 E1486.10751
G1 X179.359 Y156.720 Z3.7695 E1486.16345
G1 X181.013 Y156.623 Z3.7707 E1486.65923
G1 X181.207 Y156.621 Z3.7709 E1486.71725
G1 X181.400 Y156.638 Z3.7710 E1486.77527
G1 X182.687 Y156.814 Z3.7720 E1487.16419
G1 X182.873 Y156.848 Z3.7721 E1487.22095
G1 X183.056 Y156.900 Z3.7723 E1487.27771
G1 X184.110 Y157.256 Z3.7731 E1487.61060
G1 X184.282 Y157.323 Z3.7732 E1487.66612
G1 X184.448 Y157.406 Z3.7733 E1487.72164
G1 X185.353 Y157.914 Z3.7741 E1488.03220
G1 X185.507 Y158.009 Z3.7743 E1488.08656
G1 X185.652 Y158.119 Z3.7744 E1488.14093
G1 X186.463 Y158.792 Z3.7752 E1488.45622
G1 X186.595 Y158.911 Z3.7753 E1488.50951
G1 X186.715 Y159.042 Z3.7754 E1488.56280
G1 X187.460 Y159.926 Z3.7763 E1488.90863
G1 X187.566 Y160.064 Z3.7764 E1488.96094
G1 X187.661 Y160.211 Z3.7765 E1489.01325
G1 X188.426 Y161.532 Z3.7777 E1489.47015
G1 X189.124 Y163.423 Z3.7792 E1490.07365
G1 X189.568 Y165.765 Z3.7809 E1490.78707
G1 X189.662 Y168.429 Z3.7829 E1491.58515
G1 X189.360 Y171.368 Z3.7851 E1492.46960
G1 X188.632 Y174.504 Z3.7875 E1493.43310
G1 X187.472 Y177.729 Z3.7900 E1494.45909
G1 X185.900 Y180.917 Z3.7926 E1495.52302
G1 X183.970 Y183.933 Z3.7953 E1496.59501
G1 X181.761 Y186.652 Z3.7978 E1497.64367
G1 X179.370 Y188.970 Z3.8003 E1498.64032
G1 X176.903 Y190.816 Z3.8026 E1499.56286
G1 X174.456 Y192.159 Z3.8046 E1500.39842
G1 X172.277 Y192.941 Z3.8064 E1501.09126
G1 X172.108 Y192.993 Z3.8065 E1501.14420
G1 X171.935 Y193.031 Z3.8066 E1501.19714
G1 X170.114 Y193.339 Z3.8080 E1501.75011
G1 X169.924 Y193.362 Z3.8081 E1501.80726
G1 X169.734 Y193.367 Z3.8083 E1501.86442
G1 X168.251 Y193.332 Z3.8094 E1502.30822
G1 X168.060 Y193.318 Z3.8095 E1502.36572
G1 X167.870 Y193.286 Z3.8096 E1502.42321
G1 X166.693 Y193.029 Z3.8105 E1502.78394
G1 X166.512 Y192.980 Z3.8107 E1502.84017
G1 X166.336 Y192.915 Z3.8108 E1502.89641
G1 X165.183 Y192.423 Z3.8117 E1503.27160
G1 X165.000 Y192.321 Z3.8119 E1503.33432
G1 X164.187 Y191.825 Z3.8126 E1503.61927
G1 X163.399 Y191.292 Z3.8133 E1503.90422
G1 X162.637 Y190.721 Z3.8140 E1504.18916
G1 X161.903 Y190.115 Z3.8147 E1504.47411
G1 X161.198 Y189.475 Z3.8154 E1504.75905
G1 X160.525 Y188.802 Z3.8161 E1505.04400
G1 X159.885 Y188.097 Z3.8168 E1505.32894
G1 X159.279 Y187.363 Z3.8175 E1505.61389
G1 X158.708 Y186.601 Z3.8182 E1505.89883
G1 X158.175 Y185.813 Z3.8189 E1506.18378
G1 X157.168 Y183.893 Z3.8205 E1506.83281
G1 X157.100 Y183.727 Z3.8207 E1506.88655
G1 X157.047 Y183.555 Z3.8208 E1506.94030
G1 X156.771 Y182.490 Z3.8216 E1507.26963
G1 X156.735 Y182.318 Z3.8217 E1507.32235
G1 X156.714 Y182.143 Z3.8219 E1507.37508
G1 X156.604 Y180.719 Z3.8229 E1507.80264
G1 X156.782 Y178.864 Z3.8243 E1508.36023
G1 X157.378 Y176.682 Z3.8260 E1509.03746
G1 X158.429 Y174.365 Z3.8279 E1509.79900
G1 X159.957 Y171.979 Z3.8300 E1510.64725
G1 X161.961 Y169.598 Z3.8323 E1511.57878
G1 X164.409 Y167.314 Z3.8347 E1512.58090
G1 X167.233 Y165.227 Z3.8373 E1513.63219
G1 X170.333 Y163.431 Z3.8400 E1514.70461
G1 X173.583 Y162.006 Z3.8426 E1515.76689
G1 X176.847 Y161.006 Z3.8451 E1516.78871
G1 X179.993 Y160.452 Z3.8475 E1517.74477
G1 X182.908 Y160.337 Z3.8496 E1518.61807
G1 X185.509 Y160.625 Z3.8516 E1519.40161
G1 X187.568 Y161.213 Z3.8532 E1520.04240
G1 X187.745 Y161.273 Z3.8533 E1520.09834
G1 X187.915 Y161.348 Z3.8534 E1520.15428
G1 X189.396 Y162.092 Z3.8547 E1520.65006
G1 X189.564 Y162.187 Z3.8548 E1520.70808
G1 X189.723 Y162.298 Z3.8549 E1520.76610
G1 X190.750 Y163.094 Z3.8559 E1521.15502
G1 X190.894 Y163.217 Z3.8560 E1521.21178
G1 X191.026 Y163.353 Z3.8562 E1521.26854
G1 X191.761 Y164.188 Z3.8570 E1521.60143
G1 X191.877 Y164.333 Z3.8571 E1521.65695
G1 X191.979 Y164.488 Z3.8573 E1521.71247
G1 X192.509 Y165.379 Z3.8580 E1522.02303
G1 X192.595 Y165.540 Z3.8582 E1522.07739
G1 X192.666 Y165.707 Z3.8583 E1522.13176
G1 X193.031 Y166.695 Z3.8591 E1522.44705
G1 X193.086 Y166.864 Z3.8592 E1522.50034
G1 X193.125 Y167.038 Z3.8594 E1522.55363
G1 X193.328 Y168.175 Z3.8602 E1522.89947
G1 X193.351 Y168.348 Z3.8603 E1522.95177
G1 X193.359 Y168.523 Z3.8605 E1523.00408
G1 X193.362 Y170.049 Z3.8616 E1523.46098
G1 X193.020 Y172.036 Z3.8631 E1524.06448
G1 X192.234 Y174.286 Z3.8648 E1524.77790
G1 X190.983 Y176.640 Z3.8668 E1525.57598
G1 X189.252 Y179.035 Z3.8690 E1526.46043
G1 X187.054 Y181.386 Z3.8714 E1527.42393
G1 X184.436 Y183.599 Z3.8739 E1528.44992
G1 X181.481 Y185.574 Z3.8765 E1529.51385
G1 X178.302 Y187.222 Z3.8792 E1530.58584
G1 X175.029 Y188.471 Z3.8818 E1531.63450
G1 X171.800 Y189.283 Z3.8842 E1532.63115
G1 X168.740 Y189.648 Z3.8865 E1533.55370
G1 X165.949 Y189.588 Z3.8886 E1534.38925
G1 X163.672 Y189.176 Z3.8903 E1535.08209
G1 X163.499 Y189.137 Z3.8904 E1535.13503
G1 X163.331 Y189.083 Z3.8905 E1535.18797
G1 X161.599 Y188.439 Z3.8919 E1535.74094
G1 X161.424 Y188.364 Z3.8921 E1535.79810
G1 X161.256 Y188.273 Z3.8922 E1535.85525
G1 X159.989 Y187.502 Z3.8933 E1536.29905
G1 X159.830 Y187.394 Z3.8934 E1536.35655
G1 X159.682 Y187.272 Z3.8936 E1536.41404
G1 X158.792 Y186.460 Z3.8945 E1536.77477
G1 X158.659 Y186.327 Z3.8946 E1536.83101
G1 X158.539 Y186.182 Z3.8947 E1536.88724
G1 X157.787 Y185.180 Z3.8957 E1537.26243
G1 X157.679 Y185.000 Z3.8958 E1537.32516
G1 X157.206 Y184.130 Z3.8966 E1537.62165
G1 X156.775 Y183.238 Z3.8973 E1537.91815
G1 X156.390 Y182.326 Z3.8980 E1538.21464
G1 X156.050 Y181.395 Z3.8988 E1538.51114
G1 X155.757 Y180.449 Z3.8995 E1538.80763
G1 X155.510 Y179.490 Z3.9002 E1539.10412
G1 X155.312 Y178.519 Z3.9010 E1539.40062
G1 X155.162 Y177.540 Z3.9017 E1539.69711
G1 X155.061 Y176.555 Z3.9024 E1539.99361
G1 X155.008 Y175.566 Z3.9031 E1540.29010
G1 X155.005 Y174.575 Z3.9039 E1540.58660
G1 X155.050 Y173.586 Z3.9046 E1540.88309
G1 X155.145 Y172.600 Z3.9053 E1541.17959
G1 X155.288 Y171.620 Z3.9061 E1541.47608
G1 X155.479 Y170.648 Z3.9068 E1541.77258
G1 X155.719 Y169.687 Z3.9075 E1542.06907
G1 X156.005 Y168.739 Z3.9083 E1542.36557
G1 X156.339 Y167.806 Z3.9090 E1542.66206
G1 X156.718 Y166.891 Z3.9097 E1542.95856
G1 X157.141 Y165.996 Z3.9105 E1543.25505
G1 X157.609 Y165.123 Z3.9112 E1543.55155
G1 X158.120 Y164.274 Z3.9119 E1543.84804
G1 X158.671 Y163.451 Z3.9127 E1544.14454
G1 X159.263 Y162.657 Z3.9134 E1544.44103
G1 X159.893 Y161.893 Z3.9141 E1544.73753
G1 X160.561 Y161.161 Z3.9149 E1545.03402
G1 X161.264 Y160.463 Z3.9156 E1545.33052
G1 X162.000 Y159.801 Z3.9163 E1545.62701
G1 X162.769 Y159.176 Z3.9171 E1545.92350
G1 X163.567 Y158.590 Z3.9178 E1546.22000
G1 X164.394 Y158.044 Z3.9185 E1546.51649
G1 X165.246 Y157.540 Z3.9193 E1546.81299
G1 X166.123 Y157.078 Z3.9200 E1547.10948
G1 X167.021 Y156.661 Z3.9207 E1547.40598
G1 X167.938 Y156.288 Z3.9214 E1547.70247
G1 X168.874 Y155.961 Z3.9222 E1547.99897
G1 X169.824 Y155.681 Z3.9229 E1548.29546
G1 X170.786 Y155.449 Z3.9236 E1548.59196
G1 X171.760 Y155.264 Z3.9244 E1548.88845
G1 X172.741 Y155.128 Z3.9251 E1549.18495
G1 X173.727 Y155.041 Z3.9258 E1549.48144
G1 X174.717 Y155.002 Z3.9266 E1549.77794
G1 X175.707 Y155.013 Z3.9273 E1550.07443
G1 X176.696 Y155.072 Z3.9280 E1550.37093
G1 X177.681 Y155.180 Z3.9288 E1550.66742
G1 X178.659 Y155.337 Z3.9295 E1550.96392
G1 X179.628 Y155.543 Z3.9302 E1551.26041
G1 X180.585 Y155.796 Z3.9310 E1551.55691
G1 X181.529 Y156.096 Z3.9317 E1551.85340
G1 X182.457 Y156.442 Z3.9324 E1552.14990
G1 X183.367 Y156.834 Z3.9332 E1552.44639
G1 X184.256 Y157.271 Z3.9339 E1552.74289
G1 X185.122 Y157.751 Z3.9346 E1553.03938
G1 X185.964 Y158.273 Z3.9354 E1553.33587
G1 X186.779 Y158.836 Z3.9361 E1553.63237
G1 X187.564 Y159.439 Z3.9368 E1553.92886
G1 X188.319 Y160.080 Z3.9376 E1554.22536
G1 X189.042 Y160.758 Z3.9383 E1554.52185
G1 X189.730 Y161.471 Z3.9390 E1554.81835
G1 X190.381 Y162.217 Z3.9398 E1555.11484
G1 X190.995 Y162.994 Z3.9405 E1555.41134
G1 X191.570 Y163.801 Z3.9412 E1555.70783
G1 X192.104 Y164.635 Z3.9419 E1556.00433
G1 X192.597 Y165.494 Z3.9427 E1556.30082
G1 X193.046 Y166.377 Z3.9434 E1556.59732
G1 X193.450 Y167.281 Z3.9441 E1556.89381
G1 X193.810 Y168.204 Z3.9449 E1557.19031
G1 X194.123 Y169.144 Z3.9456 E1557.48680
G1 X194.390 Y170.098 Z3.9463 E1557.78330
G1 X194.609 Y171.064 Z3.9471 E1558.07979
G1 X194.780 Y172.039 Z3.9478 E1558.37629
G1 X194.902 Y173.022 Z3.9485 E1558.67278
G1 X194.975 Y174.010 Z3.9493 E1558.96928
G1 X195.000 Y175.000 Z3.9500 E1559.26577
G1 X194.890 Y176.215 Z3.9509 E1559.63090
G1 X194.865 Y176.393 Z3.9510 E1559.68465
G1 X194.825 Y176.568 Z3.9512 E1559.73840
G1 X194.531 Y177.628 Z3.9520 E1560.06773
G1 X194.477 Y177.795 Z3.9521 E1560.12045
G1 X194.408 Y177.957 Z3.9522 E1560.17317
G1 X193.791 Y179.246 Z3.9533 E1560.60074
G1 X192.709 Y180.762 Z3.9547 E1561.15833
G1 X191.102 Y182.355 Z3.9563 E1561.83556
G1 X189.033 Y183.835 Z3.9582 E1562.59710
G1 X186.517 Y185.138 Z3.9603 E1563.44534
G1 X183.591 Y186.198 Z3.9626 E1564.37688
G1 X180.329 Y186.952 Z3.9651 E1565.37900
G1 X176.840 Y187.347 Z3.9677 E1566.43028
G1 X173.257 Y187.353 Z3.9703 E1567.50270
G1 X169.730 Y186.962 Z3.9730 E1568.56499
G1 X166.403 Y186.196 Z3.9755 E1569.58681
G1 X163.402 Y185.102 Z3.9778 E1570.54287
G1 X160.820 Y183.745 Z3.9800 E1571.41617
G1 X158.711 Y182.195 Z3.9819 E1572.19971
G1 X157.223 Y180.656 Z3.9835 E1572.84050
G1 X157.099 Y180.516 Z3.9837 E1572.89644
G1 X156.989 Y180.365 Z3.9838 E1572.95238
G1 X156.079 Y178.981 Z3.9850 E1573.44815
G1 X155.980 Y178.814 Z3.9852 E1573.50618
G1 X155.898 Y178.639 Z3.9853 E1573.56420
G1 X155.407 Y177.436 Z3.9863 E1573.95312
G1 X155.344 Y177.257 Z3.9864 E1574.00988
G1 X155.297 Y177.073 Z3.9865 E1574.06663
G1 X155.078 Y175.983 Z3.9874 E1574.39952
G1 X155.050 Y175.800 Z3.9875 E1574.45505
G1 X155.039 Y175.614 Z3.9876 E1574.51057
G1 X155.026 Y174.577 Z3.9884 E1574.82112
G1 X155.032 Y174.396 Z3.9885 E1574.87549
G1 X155.054 Y174.215 Z3.9887 E1574.92986
G1 X155.232 Y173.177 Z3.9895 E1575.24515
G1 X155.269 Y173.003 Z3.9896 E1575.29844
G1 X155.322 Y172.833 Z3.9897 E1575.35173
G1 X155.715 Y171.747 Z3.9906 E1575.69756
G1 X155.782 Y171.585 Z3.9907 E1575.74987
G1 X155.862 Y171.430 Z3.9908 E1575.80218
G1 X156.623 Y170.107 Z3.9920 E1576.25908
G1 X157.912 Y168.557 Z3.9934 E1576.86258
G1 X159.718 Y167.001 Z3.9952 E1577.57600
G1 X161.979 Y165.588 Z3.9972 E1578.37408
G1 X164.675 Y164.380 Z3.9994 E1579.25853
G1 X167.754 Y163.442 Z4.0017 E1580.22203
G1 X171.127 Y162.835 Z4.0043 E1581.24802
G1 X174.674 Y162.602 Z4.0069 E1582.31195
G1 X178.251 Y162.765 Z4.0096 E1583.38394
G1 X181.711 Y163.319 Z4.0121 E1584.43260
G1 X184.913 Y164.230 Z4.0146 E1585.42924
G1 X187.746 Y165.444 Z4.0169 E1586.35179
G1 X190.132 Y166.892 Z4.0189 E1587.18735
G1 X191.899 Y168.388 Z4.0207 E1587.88018
G1 X192.028 Y168.508 Z4.0208 E1587.93313
G1 X192.147 Y168.639 Z4.0209 E1587.98607
G1 X193.325 Y170.062 Z4.0223 E1588.53904
G1 X193.440 Y170.215 Z4.0224 E1588.59619
G1 X193.539 Y170.378 Z4.0226 E1588.65334
G1 X194.250 Y171.678 Z4.0237 E1589.09715
G1 X194.334 Y171.851 Z4.0238 E1589.15465
G1 X194.401 Y172.031 Z4.0239 E1589.21214
G1 X194.767 Y173.179 Z4.0248 E1589.57287
G1 X194.815 Y173.361 Z4.0250 E1589.62910
G1 X194.847 Y173.546 Z4.0251 E1589.68534
G1 X194.997 Y174.790 Z4.0260 E1590.06053
G1 X195.000 Y175.000 Z4.0262 E1590.12325
G1 X194.977 Y175.952 Z4.0269 E1590.40820
G1 X194.909 Y176.901 Z4.0276 E1590.69314
G1 X194.796 Y177.846 Z4.0283 E1590.97809
G1 X194.639 Y178.785 Z4.0290 E1591.26303
G1 X194.436 Y179.715 Z4.0297 E1591.54798
G1 X194.190 Y180.635 Z4.0304 E1591.83292
G1 X193.900 Y181.541 Z4.0311 E1592.11787
G1 X193.567 Y182.433 Z4.0318 E1592.40281
G1 X193.193 Y183.308 Z4.0325 E1592.68776
G1 X192.777 Y184.165 Z4.0332 E1592.97271
G1 X191.617 Y185.997 Z4.0348 E1593.62173
G1 X191.507 Y186.139 Z4.0350 E1593.67548
G1 X191.385 Y186.270 Z4.0351 E1593.72923
G1 X190.601 Y187.041 Z4.0359 E1594.05856
G1 X190.470 Y187.159 Z4.0360 E1594.11128
G1 X190.329 Y187.265 Z4.0362 E1594.16400
G1 X189.151 Y188.072 Z4.0372 E1594.59157
G1 X187.456 Y188.845 Z4.0386 E1595.14916
G1 X185.268 Y189.420 Z4.0403 E1595.82639
G1 X182.736 Y189.668 Z4.0422 E1596.58793
G1 X179.905 Y189.538 Z4.0442 E1597.43618
G1 X176.841 Y188.993 Z4.0465 E1598.36771
G1 X173.639 Y188.015 Z4.0490 E1599.36983
G1 X170.419 Y186.613 Z4.0516 E1600.42111
G1 X167.314 Y184.826 Z4.0543 E1601.49353
G1 X164.455 Y182.724 Z4.0569 E1602.55582
G1 X161.957 Y180.398 Z4.0594 E1603.57764
G1 X159.905 Y177.950 Z4.0618 E1604.53370
G1 X158.348 Y175.483 Z4.0639 E1605.40700
G1 X157.296 Y173.086 Z4.0659 E1606.19054
G1 X156.776 Y171.010 Z4.0674 E1606.83133
G1 X156.739 Y170.826 Z4.0676 E1606.88727
G1 X156.720 Y170.641 Z4.0677 E1606.94321
G1 X156.623 Y168.987 Z4.0689 E1607.43898
G1 X156.621 Y168.793 Z4.0691 E1607.49701
G1 X156.638 Y168.600 Z4.0692 E1607.55503
G1 X156.814 Y167.313 Z4.0702 E1607.94395
G1 X156.848 Y167.127 Z4.0703 E1608.00071
G1 X156.900 Y166.944 Z4.0705 E1608.05747
G1 X157.256 Y165.890 Z4.0713 E1608.39036
G1 X157.323 Y165.718 Z4.0714 E1608.44588
G1 X157.406 Y165.552 Z4.0716 E1608.50140
G1 X157.914 Y164.647 Z4.0723 E1608.81196
G1 X158.009 Y164.493 Z4.0725 E1608.86632
G1 X158.119 Y164.348 Z4.0726 E1608.92069
G1 X158.792 Y163.537 Z4.0734 E1609.23598
G1 X158.911 Y163.405 Z4.0735 E1609.28927
G1 X159.042 Y163.285 Z4.0736 E1609.34256
G1 X159.926 Y162.540 Z4.0745 E1609.68839
G1 X160.064 Y162.434 Z4.0746 E1609.74070
G1 X160.211 Y162.339 Z4.0748 E1609.79301
G1 X161.532 Y161.574 Z4.0759 E1610.24991
G1 X163.423 Y160.876 Z4.0774 E1610.85341
G1 X165.765 Y160.432 Z4.0791 E1611.56683
G1 X168.429 Y160.338 Z4.0811 E1612.36491
G1 X171.368 Y160.640 Z4.0833 E1613.24936
G1 X174.504 Y161.368 Z4.0857 E1614.21286
G1 X177.729 Y162.528 Z4.0882 E1615.23885
G1 X180.917 Y164.100 Z4.0908 E1616.30278
G1 X183.933 Y166.030 Z4.0935 E1617.37477
G1 X186.652 Y168.239 Z4.0961 E1618.42343
G1 X188.970 Y170.630 Z4.0985 E1619.42008
G1 X190.816 Y173.097 Z4.1008 E1620.34262
G1 X192.159 Y175.544 Z4.1029 E1621.17818
G1 X192.941 Y177.723 Z4.1046 E1621.87101
G1 X192.993 Y177.892 Z4.1047 E1621.92396
G1 X193.031 Y178.065 Z4.1048 E1621.97690
G1 X193.339 Y179.886 Z4.1062 E1622.52987
G1 X193.362 Y180.076 Z4.1063 E1622.58702
G1 X193.367 Y180.266 Z4.1065 E1622.64417
G1 X193.332 Y181.749 Z4.1076 E1623.08798
G1 X193.318 Y181.940 Z4.1077 E1623.14548
G1 X193.286 Y182.130 Z4.1079 E1623.20297
G1 X193.029 Y183.307 Z4.1088 E1623.56370
G1 X192.980 Y183.488 Z4.1089 E1623.61993
G1 X192.915 Y183.664 Z4.1090 E1623.67617
G1 X192.423 Y184.817 Z4.1100 E1624.05136
G1 X192.321 Y185.000 Z4.1101 E1624.11408
G1 X191.825 Y185.813 Z4.1108 E1624.39903
G1 X191.292 Y186.601 Z4.1115 E1624.68397
G1 X190.721 Y187.363 Z4.1122 E1624.96892
G1 X190.115 Y188.097 Z4.1129 E1625.25386
G1 X189.475 Y188.802 Z4.1136 E1625.53881
G1 X188.802 Y189.475 Z4.1143 E1625.82376
G1 X188.097 Y190.115 Z4.1150 E1626.10870
G1 X187.363 Y190.721 Z4.1157 E1626.39365
G1 X186.601 Y191.292 Z4.1164 E1626.67859
G1 X185.813 Y191.825 Z4.1172 E1626.96354
G1 X183.893 Y192.832 Z4.1188 E1627.61257
G1 X183.727 Y192.900 Z4.1189 E1627.66631
G1 X183.555 Y192.953 Z4.1190 E1627.72006
G1 X182.490 Y193.229 Z4.1198 E1628.04939
G1 X182.318 Y193.265 Z4.1200 E1628.10211
G1 X182.143 Y193.286 Z4.1201 E1628.15483
G1 X180.719 Y193.396 Z4.1212 E1628.58240
G1 X178.864 Y193.218 Z4.1225 E1629.13999
G1 X176.682 Y192.622 Z4.1242 E1629.81722
G1 X174.365 Y191.571 Z4.1261 E1630.57876
G1 X171.979 Y190.043 Z4.1282 E1631.42701
G1 X169.598 Y188.039 Z4.1305 E1632.35854
G1 X167.314 Y185.591 Z4.1329 E1633.36066
G1 X165.227 Y182.767 Z4.1355 E1634.41194
G1 X163.431 Y179.667 Z4.1382 E1635.48437
G1 X162.006 Y176.417 Z4.1408 E1636.54665
G1 X161.006 Y173.153 Z4.1433 E1637.56847
G1 X160.452 Y170.007 Z4.1457 E1638.52453
G1 X160.337 Y167.092 Z4.1479 E1639.39783
G1 X160.625 Y164.491 Z4.1498 E1640.18137
G1 X161.213 Y162.432 Z4.1514 E1640.82216
G1 X161.273 Y162.255 Z4.1515 E1640.87810
G1 X161.348 Y162.085 Z4.1516 E1640.93404
G1 X162.092 Y160.604 Z4.1529 E1641.42982
G1 X162.187 Y160.436 Z4.1530 E1641.48784
G1 X162.298 Y160.277 Z4.1532 E1641.54586
G1 X163.094 Y159.250 Z4.1541 E1641.93478
G1 X163.217 Y159.106 Z4.1543 E1641.99154
G1 X163.353 Y158.974 Z4.1544 E1642.04830
G1 X164.188 Y158.239 Z4.1552 E1642.38119
G1 X164.333 Y158.123 Z4.1554 E1642.43671
G1 X164.488 Y158.021 Z4.1555 E1642.49223
G1 X165.379 Y157.491 Z4.1563 E1642.80279
G1 X165.540 Y157.405 Z4.1564 E1642.85715
G1 X165.707 Y157.334 Z4.1565 E1642.91152
G1 X166.695 Y156.969 Z4.1573 E1643.22681
G1 X166.864 Y156.914 Z4.1574 E1643.28010
G1 X167.038 Y156.875 Z4.1576 E1643.33339
G1 X168.175 Y156.672 Z4.1584 E1643.67923
G1 X168.348 Y156.649 Z4.1586 E1643.73153
G1 X168.523 Y156.641 Z4.1587 E1643.78384
G1 X170.049 Y156.638 Z4.1598 E1644.24074
G1 X172.036 Y156.980 Z4.1613 E1644.84424
G1 X174.286 Y157.766 Z4.1631 E1645.55766
G1 X176.640 Y159.017 Z4.1650 E1646.35574
G1 X179.035 Y160.748 Z4.1672 E1647.24019
G1 X181.386 Y162.946 Z4.1696 E1648.20369
G1 X183.599 Y165.564 Z4.1721 E1649.22968
G1 X185.574 Y168.519 Z4.1748 E1650.29361
G1 X187.222 Y171.698 Z4.1774 E1651.36560
G1 X188.471 Y174.971 Z4.1800 E1652.41426
G1 X189.283 Y178.200 Z4.1825 E1653.41091
G1 X189.648 Y181.260 Z4.1847 E1654.33345
G1 X189.588 Y184.051 Z4.1868 E1655.16901
G1 X189.176 Y186.328 Z4.1885 E1655.86185
G1 X189.137 Y186.501 Z4.1886 E1655.91479
G1 X189.083 Y186.669 Z4.1888 E1655.96773
G1 X188.439 Y188.401 Z4.1901 E1656.52070
G1 X188.364 Y188.576 Z4.1903 E1656.57785
G1 X188.273 Y188.744 Z4.1904 E1656.63501
G1 X187.502 Y190.011 Z4.1915 E1657.07881
G1 X187.394 Y190.170 Z4.1917 E1657.13631
G1 X187.272 Y190.318 Z4.1918 E1657.19380
G1 X186.460 Y191.208 Z4.1927 E1657.55453
G1 X186.327 Y191.341 Z4.1928 E1657.61077
G1 X186.182 Y191.461 Z4.1930 E1657.66700
G1 X185.180 Y192.213 Z4.1939 E1658.04219
G1 X185.000 Y192.321 Z4.1940 E1658.10492
G1 X184.165 Y192.777 Z4.1947 E1658.38986
G1 X183.308 Y193.193 Z4.1955 E1658.67481
G1 X182.433 Y193.567 Z4.1962 E1658.95975
G1 X181.541 Y193.900 Z4.1969 E1659.24470
G1 X180.635 Y194.190 Z4.1976 E1659.52964
G1 X179.715 Y194.436 Z4.1983 E1659.81459
G1 X178.785 Y194.639 Z4.1990 E1660.09953
G1 X177.846 Y194.796 Z4.1997 E1660.38448
G1 X176.901 Y194.909 Z4.2004 E1660.66942
G1 X175.952 Y194.977 Z4.2011 E1660.95437
G1 X173.785 Y194.890 Z4.2027 E1661.60340
G1 X173.607 Y194.865 Z4.2028 E1661.65714
G1 X173.432 Y194.825 Z4.2029 E1661.71089
G1 X172.372 Y194.531 Z4.2038 E1662.04022
G1 X172.205 Y194.477 Z4.2039 E1662.09294
G1 X172.043 Y194.408 Z4.2040 E1662.14567
G1 X170.754 Y193.791 Z4.2051 E1662.57323
G1 X169.238 Y192.709 Z4.2065 E1663.13082
G1 X167.645 Y191.102 Z4.2081 E1663.80805
G1 X166.165 Y189.033 Z4.2100 E1664.56959
G1 X164.862 Y186.517 Z4.2121 E1665.41784
G1 X163.802 Y183.591 Z4.2144 E1666.34937
G1 X163.048 Y180.329 Z4.2169 E1667.35149
G1 X162.653 Y176.840 Z4.2195 E1668.40278
G1 X162.647 Y173.257 Z4.2221 E1669.47520
G1 X163.038 Y169.730 Z4.2247 E1670.53748
G1 X163.804 Y166.403 Z4.2273 E1671.55930
G1 X164.898 Y163.402 Z4.2296 E1672.51536
G1 X166.255 Y160.820 Z4.2318 E1673.38866
G1 X167.805 Y158.711 Z4.2337 E1674.17220
G1 X169.344 Y157.223 Z4.2353 E1674.81299
G1 X169.484 Y157.099 Z4.2354 E1674.86893
G1 X169.635 Y156.989 Z4.2356 E1674.92487
G1 X171.019 Y156.079 Z4.2368 E1675.42065
G1 X171.186 Y155.980 Z4.2369 E1675.47867
G1 X171.361 Y155.898 Z4.2371 E1675.53669
G1 X172.564 Y155.407 Z4.2380 E1675.92561
G1 X172.743 Y155.344 Z4.2382 E1675.98237
G1 X172.927 Y155.297 Z4.2383 E1676.03913
G1 X174.017 Y155.078 Z4.2391 E1676.37202
G1 X174.200 Y155.050 Z4.2393 E1676.42754
G1 X174.386 Y155.039 Z4.2394 E1676.48307
G1 X175.423 Y155.026 Z4.2402 E1676.79362
G1 X175.604 Y155.032 Z4.2403 E1676.84798
G1 X175.785 Y155.054 Z4.2405 E1676.90235
G1 X176.823 Y155.232 Z4.2412 E1677.21764
G1 X176.997 Y155.269 Z4.2414 E1677.27093
G1 X177.167 Y155.322 Z4.2415 E1677.32423
G1 X178.253 Y155.715 Z4.2424 E1677.67006
G1 X178.415 Y155.782 Z4.2425 E1677.72236
G1 X178.570 Y155.862 Z4.2426 E1677.77467
G1 X179.893 Y156.623 Z4.2437 E1678.23157
G1 X181.443 Y157.912 Z4.2452 E1678.83507
G1 X182.999 Y159.718 Z4.2470 E1679.54849
G1 X184.412 Y161.979 Z4.2490 E1680.34657
G1 X185.620 Y164.675 Z4.2511 E1681.23103
G1 X186.558 Y167.754 Z4.2535 E1682.19452
G1 X187.165 Y171.127 Z4.2561 E1683.22051
G1 X187.398 Y174.674 Z4.2587 E1684.28444
G1 X187.235 Y178.251 Z4.2613 E1685.35643
G1 X186.681 Y181.711 Z4.2639 E1686.40509
G1 X185.770 Y184.913 Z4.2664 E1687.40174
G1 X184.556 Y187.746 Z4.2687 E1688.32429
G1 X183.108 Y190.132 Z4.2707 E1689.15984
G1 X181.612 Y191.899 Z4.2724 E1689.85268
G1 X181.492 Y192.028 Z4.2726 E1689.90562
G1 X181.361 Y192.147 Z4.2727 E1689.95856
G1 X179.938 Y193.325 Z4.2741 E1690.51153
G1 X179.785 Y193.440 Z4.2742 E1690.56869
G1 X179.622 Y193.539 Z4.2743 E1690.62584
G1 X178.322 Y194.250 Z4.2754 E1691.06964
G1 X178.149 Y194.334 Z4.2756 E1691.12714
G1 X177.969 Y194.401 Z4.2757 E1691.18463
G1 X176.821 Y194.767 Z4.2766 E1691.54536
G1 X176.639 Y194.815 Z4.2768 E1691.60160
G1 X176.454 Y194.847 Z4.2769 E1691.65783
G1 X175.210 Y194.997 Z4.2778 E1692.03302
G1 X175.000 Y195.000 Z4.2780 E1692.09575
G1 X174.048 Y194.977 Z4.2787 E1692.38069
G1 X173.099 Y194.909 Z4.2794 E1692.66564
G1 X172.154 Y194.796 Z4.2801 E1692.95058
G1 X171.215 Y194.639 Z4.2808 E1693.23553
G1 X170.285 Y194.436 Z4.2815 E1693.52047
G1 X169.365 Y194.190 Z4.2822 E1693.80542
G1 X168.459 Y193.900 Z4.2829 E1694.09036
G1 X167.567 Y193.567 Z4.2836 E1694.37531
G1 X166.692 Y193.193 Z4.2843 E1694.66025
G1 X165.835 Y192.777 Z4.2850 E1694.94520
G1 X164.003 Y191.617 Z4.2866 E1695.59423
G1 X163.861 Y191.507 Z4.2867 E1695.64798
G1 X163.730 Y191.385 Z4.2869 E1695.70172
G1 X162.959 Y190.601 Z4.2877 E1696.03105
G1 X162.841 Y190.470 Z4.2878 E1696.08377
G1 X162.735 Y190.329 Z4.2879 E1696.13650
G1 X161.928 Y189.151 Z4.2890 E1696.56406
G1 X161.155 Y187.456 Z4.2904 E1697.12166
G1 X160.580 Y185.268 Z4.2921 E1697.79888
G1 X160.332 Y182.736 Z4.2939 E1698.56042
G1 X160.462 Y179.905 Z4.2960 E1699.40867
G1 X161.007 Y176.841 Z4.2983 E1700.34021
G1 X161.985 Y173.639 Z4.3008 E1701.34232
G1 X163.387 Y170.419 Z4.3034 E1702.39361
G1 X165.174 Y167.314 Z4.3060 E1703.46603
G1 X167.276 Y164.455 Z4.3087 E1704.52832
G1 X169.602 Y161.957 Z4.3112 E1705.55013
G1 X172.050 Y159.905 Z4.3136 E1706.50620
G1 X174.517 Y158.348 Z4.3157 E1707.37949
G1 X176.914 Y157.296 Z4.3176 E1708.16303
G1 X178.990 Y156.776 Z4.3192 E1708.80382
G1 X179.174 Y156.739 Z4.3194 E1708.85976
G1 X179.359 Y156.720 Z4.3195 E1708.91570
G1 X181.013 Y156.623 Z4.3207 E1709.41148
G1 X181.207 Y156.621 Z4.3209 E1709.46950
G1 X181.400 Y156.638 Z4.3210 E1709.52752
G1 X182.687 Y156.814 Z4.3220 E1709.91645
G1 X182.873 Y156.848 Z4.3221 E1709.97320
G1 X183.056 Y156.900 Z4.3223 E1710.02996
G1 X184.110 Y157.256 Z4.3231 E1710.36285
G1 X184.282 Y157.323 Z4.3232 E1710.41837
G1 X184.448 Y157.406 Z4.3233 E1710.47390
G1 X185.353 Y157.914 Z4.3241 E1710.78445
G1 X185.507 Y158.009 Z4.3243 E1710.83882
G1 X185.652 Y158.119 Z4.3244 E1710.89318
G1 X186.463 Y158.792 Z4.3252 E1711.20847
G1 X186.595 Y158.911 Z4.3253 E1711.26176
G1 X186.715 Y159.042 Z4.3254 E1711.31506
G1 X187.460 Y159.926 Z4.3263 E1711.66089
G1 X187.566 Y160.064 Z4.3264 E1711.71320
G1 X187.661 Y160.211 Z4.3265 E1711.76550
G1 X188.426 Y161.532 Z4.3277 E1712.22240
G1 X189.124 Y163.423 Z4.3292 E1712.82590
G1 X189.568 Y165.765 Z4.3309 E1713.53932
G1 X189.662 Y168.429 Z4.3329 E1714.33740
G1 X189.360 Y171.368 Z4.3351 E1715.22186
G1 X188.632 Y174.504 Z4.3375 E1716.18535
G1 X187.472 Y177.729 Z4.3400 E1717.21134
G1 X185.900 Y180.917 Z4.3426 E1718.27527
G1 X183.970 Y183.933 Z4.3453 E1719.34727
G1 X181.761 Y186.652 Z4.3478 E1720.39592
G1 X179.370 Y188.970 Z4.3503 E1721.39257
G1 X176.903 Y190.816 Z4.3526 E1722.31512
G1 X174.456 Y192.159 Z4.3546 E1723.15067
G1 X172.277 Y192.941 Z4.3564 E1723.84351
G1 X172.108 Y192.993 Z4.3565 E1723.89645
G1 X171.935 Y193.031 Z4.3566 E1723.94939
G1 X170.114 Y193.339 Z4.3580 E1724.50236
G1 X169.924 Y193.362 Z4.3581 E1724.55952
G1 X169.734 Y193.367 Z4.3583 E1724.61667
G1 X168.251 Y193.332 Z4.3594 E1725.06047
G1 X168.060 Y193.318 Z4.3595 E1725.11797
G1 X167.870 Y193.286 Z4.3596 E1725.17547
G1 X166.693 Y193.029 Z4.3605 E1725.53619
G1 X166.512 Y192.980 Z4.3607 E1725.59243
G1 X166.336 Y192.915 Z4.3608 E1725.64866
G1 X165.183 Y192.423 Z4.3617 E1726.02385
G1 X165.000 Y192.321 Z4.3619 E1726.08658
G1 X164.187 Y191.825 Z4.3626 E1726.37152
G1 X163.399 Y191.292 Z4.3633 E1726.65647
G1 X162.637 Y190.721 Z4.3640 E1726.94141
G1 X161.903 Y190.115 Z4.3647 E1727.22636
G1 X161.198 Y189.475 Z4.3654 E1727.51130
G1 X160.525 Y188.802 Z4.3661 E1727.79625
G1 X159.885 Y188.097 Z4.3668 E1728.08119
G1 X159.279 Y187.363 Z4.3675 E1728.36614
G1 X158.708 Y186.601 Z4.3682 E1728.65109
G1 X158.175 Y185.813 Z4.3689 E1728.93603
G1 X157.168 Y183.893 Z4.3705 E1729.58506
G1 X157.100 Y183.727 Z4.3707 E1729.63881
G1 X157.047 Y183.555 Z4.3708 E1729.69255
G1 X156.771 Y182.490 Z4.3716 E1730.02188
G1 X156.735 Y182.318 Z4.3717 E1730.07461
G1 X156.714 Y182.143 Z4.3719 E1730.12733
G1 X156.604 Y180.719 Z4.3729 E1730.55489
G1 X156.782 Y178.864 Z4.3743 E1731.11249
G1 X157.378 Y176.682 Z4.3760 E1731.78971
G1 X158.429 Y174.365 Z4.3779 E1732.55125
G1 X159.957 Y171.979 Z4.3800 E1733.39950
G1 X161.961 Y169.598 Z4.3823 E1734.33104
G1 X164.409 Y167.314 Z4.3847 E1735.33315
G1 X167.233 Y165.227 Z4.3873 E1736.38444
G1 X170.333 Y163.431 Z4.3900 E1737.45686
G1 X173.583 Y162.006 Z4.3926 E1738.51915
G1 X176.847 Y161.006 Z4.3951 E1739.54096
G1 X179.993 Y160.452 Z4.3975 E1740.49703
G1 X182.908 Y160.337 Z4.3996 E1741.37032
G1 X185.509 Y160.625 Z4.4016 E1742.15386
G1 X187.568 Y161.213 Z4.4032 E1742.79465
G1 X187.745 Y161.273 Z4.4033 E1742.85059
G1 X187.915 Y161.348 Z4.4034 E1742.90653
G1 X189.396 Y162.092 Z4.4047 E1743.40231
G1 X189.564 Y162.187 Z4.4048 E1743.46033
G1 X189.723 Y162.298 Z4.4049 E1743.51835
G1 X190.750 Y163.094 Z4.4059 E1743.90728
G1 X190.894 Y163.217 Z4.4060 E1743.96403
G1 X191.026 Y163.353 Z4.4062 E1744.02079
G1 X191.761 Y164.188 Z4.4070 E1744.35368
G1 X191.877 Y164.333 Z4.4071 E1744.40920
G1 X191.979 Y164.488 Z4.4073 E1744.46473
G1 X192.509 Y165.379 Z4.4080 E1744.77528
G1 X192.595 Y165.540 Z4.4082 E1744.82965
G1 X192.666 Y165.707 Z4.4083 E1744.88401
G1 X193.031 Y166.695 Z4.4091 E1745.19930
G1 X193.086 Y166.864 Z4.4092 E1745.25259
G1 X193.125 Y167.038 Z4.4094 E1745.30589
G1 X193.328 Y168.175 Z4.4102 E1745.65172
G1 X193.351 Y168.348 Z4.4103 E1745.70403
G1 X193.359 Y168.523 Z4.4105 E1745.75634
G1 X193.362 Y170.049 Z4.4116 E1746.21323
G1 X193.020 Y172.036 Z4.4131 E1746.81673
G1 X192.234 Y174.286 Z4.4148 E1747.53015
G1 X190.983 Y176.640 Z4.4168 E1748.32823
G1 X189.252 Y179.035 Z4.4190 E1749.21269
G1 X187.054 Y181.386 Z4.4214 E1750.17618
G1 X184.436 Y183.599 Z4.4239 E1751.20217
G1 X181.481 Y185.574 Z4.4265 E1752.26610
G1 X178.302 Y187.222 Z4.4292 E1753.33810
G1 X175.029 Y188.471 Z4.4318 E1754.38675
G1 X171.800 Y189.283 Z4.4342 E1755.38340
G1 X168.740 Y189.648 Z4.4365 E1756.30595
G1 X165.949 Y189.588 Z4.4386 E1757.14150
G1 X163.672 Y189.176 Z4.4403 E1757.83434
G1 X163.499 Y189.137 Z4.4404 E1757.88728
G1 X163.331 Y189.083 Z4.4405 E1757.94023
G1 X161.599 Y188.439 Z4.4419 E1758.49320
G1 X161.424 Y188.364 Z4.4421 E1758.55035
G1 X161.256 Y188.273 Z4.4422 E1758.60750
G1 X159.989 Y187.502 Z4.4433 E1759.05131
G1 X159.830 Y187.394 Z4.4434 E1759.10880
G1 X159.682 Y187.272 Z4.4436 E1759.16630
G1 X158.792 Y186.460 Z4.4445 E1759.52703
G1 X158.659 Y186.327 Z4.4446 E1759.58326
G1 X158.539 Y186.182 Z4.4447 E1759.63949
G1 X157.787 Y185.180 Z4.4457 E1760.01468
G1 X157.679 Y185.000 Z4.4458 E1760.07741
G1 X157.206 Y184.130 Z4.4466 E1760.37390
G1 X156.775 Y183.238 Z4.4473 E1760.67040
G1 X156.390 Y182.326 Z4.4480 E1760.96689
G1 X156.050 Y181.395 Z4.4488 E1761.26339
G1 X155.757 Y180.449 Z4.4495 E1761.55988
G1 X155.510 Y179.490 Z4.4502 E1761.85638
G1 X155.312 Y178.519 Z4.4510 E1762.15287
G1 X155.162 Y177.540 Z4.4517 E1762.44937
G1 X155.061 Y176.555 Z4.4524 E1762.74586
G1 X155.008 Y175.566 Z4.4531 E1763.04236
G1 X155.005 Y174.575 Z4.4539 E1763.33885
G1 X155.050 Y173.586 Z4.4546 E1763.63535
G1 X155.145 Y172.600 Z4.4553 E1763.93184
G1 X155.288 Y171.620 Z4.4561 E1764.22834
G1 X155.479 Y170.648 Z4.4568 E1764.52483
G1 X155.719 Y169.687 Z4.4575 E1764.82133
G1 X156.005 Y168.739 Z4.4583 E1765.11782
G1 X156.339 Y167.806 Z4.4590 E1765.41432
G1 X156.718 Y166.891 Z4.4597 E1765.71081
G1 X157.141 Y165.996 Z4.4605 E1766.00730
G1 X157.609 Y165.123 Z4.4612 E1766.30380
G1 X158.120 Y164.274 Z4.4619 E1766.60029
G1 X158.671 Y163.451 Z4.4627 E1766.89679
G1 X159.263 Y162.657 Z4.4634 E1767.19328
G1 X159.893 Y161.893 Z4.4641 E1767.48978
G1 X160.561 Y161.161 Z4.4649 E1767.78627
G1 X161.264 Y160.463 Z4.4656 E1768.08277
G1 X162.000 Y159.801 Z4.4663 E1768.37926
G1 X162.769 Y159.176 Z4.4671 E1768.67576
G1 X163.567 Y158.590 Z4.4678 E1768.97225
G1 X164.394 Y158.044 Z4.4685 E1769.26875
G1 X165.246 Y157.540 Z4.4693 E1769.56524
G1 X166.123 Y157.078 Z4.4700 E1769.86174
G1 X167.021 Y156.661 Z4.4707 E1770.15823
G1 X167.938 Y156.288 Z4.4714 E1770.45473
G1 X168.874 Y155.961 Z4.4722 E1770.75122
G1 X169.824 Y155.681 Z4.4729 E1771.04772
G1 X170.786 Y155.449 Z4.4736 E1771.34421
G1 X171.760 Y155.264 Z4.4744 E1771.64071
G1 X172.741 Y155.128 Z4.4751 E1771.93720
G1 X173.727 Y155.041 Z4.4758 E1772.23370
G1 X174.717 Y155.002 Z4.4766 E1772.53019
G1 X175.707 Y155.013 Z4.4773 E1772.82668
G1 X176.696 Y155.072 Z4.4780 E1773.12318
G1 X177.681 Y155.180 Z4.4788 E1773.41967
G1 X178.659 Y155.337 Z4.4795 E1773.71617
G1 X179.628 Y155.543 Z4.4802 E1774.01266
G1 X180.585 Y155.796 Z4.4810 E1774.30916
G1 X181.529 Y156.096 Z4.4817 E1774.60565
G1 X182.457 Y156.442 Z4.4824 E1774.90215
G1 X183.367 Y156.834 Z4.4832 E1775.19864
G1 X184.256 Y157.271 Z4.4839 E1775.49514
G1 X185.122 Y157.751 Z4.4846 E1775.79163
G1 X185.964 Y158.273 Z4.4854 E1776.08813
G1 X186.779 Y158.836 Z4.4861 E1776.38462
G1 X187.564 Y159.439 Z4.4868 E1776.68112
G1 X188.319 Y160.080 Z4.4876 E1776.97761
G1 X189.042 Y160.758 Z4.4883 E1777.27411
G1 X189.730 Y161.471 Z4.4890 E1777.57060
G1 X190.381 Y162.217 Z4.4898 E1777.86710
G1 X190.995 Y162.994 Z4.4905 E1778.16359
G1 X191.570 Y163.801 Z4.4912 E1778.46009
G1 X192.104 Y164.635 Z4.4919 E1778.75658
G1 X192.597 Y165.494 Z4.4927 E1779.05308
G1 X193.046 Y166.377 Z4.4934 E1779.34957
G1 X193.450 Y167.281 Z4.4941 E1779.64606
G1 X193.810 Y168.204 Z4.4949 E1779.94256
G1 X194.123 Y169.144 Z4.4956 E1780.23905
G1 X194.390 Y170.098 Z4.4963 E1780.53555
G1 X194.609 Y171.064 Z4.4971 E1780.83204
G1 X194.780 Y172.039 Z4.4978 E1781.12854
G1 X194.902 Y173.022 Z4.4985 E1781.42503
G1 X194.975 Y174.010 Z4.4993 E1781.72153
G1 X195.000 Y175.000 Z4.5000 E1782.01802
G1 X194.890 Y176.215 Z4.5009 E1782.38316
G1 X194.865 Y176.393 Z4.5010 E1782.43690
G1 X194.825 Y176.568 Z4.5012 E1782.49065
G1 X194.531 Y177.628 Z4.5020 E1782.81998
G1 X194.477 Y177.795 Z4.5021 E1782.87270
G1 X194.408 Y177.957 Z4.5022 E1782.92543
G1 X193.791 Y179.246 Z4.5033 E1783.35299
G1 X192.709 Y180.762 Z4.5047 E1783.91058
G1 X191.102 Y182.355 Z4.5063 E1784.58781
G1 X189.033 Y183.835 Z4.5082 E1785.34935
G1 X186.517 Y185.138 Z4.5103 E1786.19760
G1 X183.591 Y186.198 Z4.5126 E1787.12913
G1 X180.329 Y186.952 Z4.5151 E1788.13125
G1 X176.840 Y187.347 Z4.5177 E1789.18253
G1 X173.257 Y187.353 Z4.5203 E1790.25496
G1 X169.730 Y186.962 Z4.5230 E1791.31724
G1 X166.403 Y186.196 Z4.5255 E1792.33906
G1 X163.402 Y185.102 Z4.5278 E1793.29512
G1 X160.820 Y183.745 Z4.5300 E1794.16842
G1 X158.711 Y182.195 Z4.5319 E1794.95196
G1 X157.223 Y180.656 Z4.5335 E1795.59275
G1 X157.099 Y180.516 Z4.5337 E1795.64869
G1 X156.989 Y180.365 Z4.5338 E1795.70463
G1 X156.079 Y178.981 Z4.5350 E1796.20041
G1 X155.980 Y178.814 Z4.5352 E1796.25843
G1 X155.898 Y178.639 Z4.5353 E1796.31645
G1 X155.407 Y177.436 Z4.5363 E1796.70537
G1 X155.344 Y177.257 Z4.5364 E1796.76213
G1 X155.297 Y177.073 Z4.5365 E1796.81889
G1 X155.078 Y175.983 Z4.5374 E1797.15178
G1 X155.050 Y175.800 Z4.5375 E1797.20730
G1 X155.039 Y175.614 Z4.5376 E1797.26282
G1 X155.026 Y174.577 Z4.5384 E1797.57338
G1 X155.032 Y174.396 Z4.5385 E1797.62774
G1 X155.054 Y174.215 Z4.5387 E1797.68211
G1 X155.232 Y173.177 Z4.5395 E1797.99740
G1 X155.269 Y173.003 Z4.5396 E1798.05069
G1 X155.322 Y172.833 Z4.5397 E1798.10398
G1 X155.715 Y171.747 Z4.5406 E1798.44982
G1 X155.782 Y171.585 Z4.5407 E1798.50212
G1 X155.862 Y171.430 Z4.5408 E1798.55443
G1 X156.623 Y170.107 Z4.5420 E1799.01133
G1 X157.912 Y168.557 Z4.5434 E1799.61483
G1 X159.718 Y167.001 Z4.5452 E1800.32825
G1 X161.979 Y165.588 Z4.5472 E1801.12633
G1 X164.675 Y164.380 Z4.5494 E1802.01078
G1 X167.754 Y163.442 Z4.5517 E1802.97428
G1 X171.127 Y162.835 Z4.5543 E1804.00027
G1 X174.674 Y162.602 Z4.5569 E1805.06420
G1 X178.251 Y162.765 Z4.5596 E1806.13619
G1 X181.711 Y163.319 Z4.5621 E1807.18485
G1 X184.913 Y164.230 Z4.5646 E1808.18150
G1 X187.746 Y165.444 Z4.5669 E1809.10404
G1 X190.132 Y166.892 Z4.5689 E1809.93960
G1 X191.899 Y168.388 Z4.5707 E1810.63244
G1 X192.028 Y168.508 Z4.5708 E1810.68538
G1 X192.147 Y168.639 Z4.5709 E1810.73832
G1 X193.325 Y170.062 Z4.5723 E1811.29129
G1 X193.440 Y170.215 Z4.5724 E1811.34844
G1 X193.539 Y170.378 Z4.5726 E1811.40560
G1 X194.250 Y171.678 Z4.5737 E1811.84940
G1 X194.334 Y171.851 Z4.5738 E1811.90690
G1 X194.401 Y172.031 Z4.5739 E1811.96439
G1 X194.767 Y173.179 Z4.5748 E1812.32512
G1 X194.815 Y173.361 Z4.5750 E1812.38136
G1 X194.847 Y173.546 Z4.5751 E1812.43759
G1 X194.997 Y174.790 Z4.5760 E1812.81278
G1 X195.000 Y175.000 Z4.5762 E1812.87551
G1 X194.977 Y175.952 Z4.5769 E1813.16045
G1 X194.909 Y176.901 Z4.5776 E1813.44540
G1 X194.796 Y177.846 Z4.5783 E1813.73034
G1 X194.639 Y178.785 Z4.5790 E1814.01529
G1 X194.436 Y179.715 Z4.5797 E1814.30023
G1 X194.190 Y180.635 Z4.5804 E1814.58518
G1 X193.900 Y181.541 Z4.5811 E1814.87012
G1 X193.567 Y182.433 Z4.5818 E1815.15507
G1 X193.193 Y183.308 Z4.5825 E1815.44001
G1 X192.777 Y184.165 Z4.5832 E1815.72496
G1 X191.617 Y185.997 Z4.5848 E1816.37399
G1 X191.507 Y186.139 Z4.5850 E1816.42773
G1 X191.385 Y186.270 Z4.5851 E1816.48148
G1 X190.601 Y187.041 Z4.5859 E1816.81081
G1 X190.470 Y187.159 Z4.5860 E1816.86353
G1 X190.329 Y187.265 Z4.5862 E1816.91626
G1 X189.151 Y188.072 Z4.5872 E1817.34382
G1 X187.456 Y188.845 Z4.5886 E1817.90141
G1 X185.268 Y189.420 Z4.5903 E1818.57864
G1 X182.736 Y189.668 Z4.5922 E1819.34018
G1 X179.905 Y189.538 Z4.5942 E1820.18843
G1 X176.841 Y188.993 Z4.5965 E1821.11997
G1 X173.639 Y188.015 Z4.5990 E1822.12208
G1 X170.419 Y186.613 Z4.6016 E1823.17337
G1 X167.314 Y184.826 Z4.6043 E1824.24579
G1 X164.455 Y182.724 Z4.6069 E1825.30807
G1 X161.957 Y180.398 Z4.6094 E1826.32989
G1 X159.905 Y177.950 Z4.6118 E1827.28595
G1 X158.348 Y175.483 Z4.6139 E1828.15925
G1 X157.296 Y173.086 Z4.6159 E1828.94279
G1 X156.776 Y171.010 Z4.6174 E1829.58358
G1 X156.739 Y170.826 Z4.6176 E1829.63952
G1 X156.720 Y170.641 Z4.6177 E1829.69546
G1 X156.623 Y168.987 Z4.6189 E1830.19124
G1 X156.621 Y168.793 Z4.6191 E1830.24926
G1 X156.638 Y168.600 Z4.6192 E1830.30728
G1 X156.814 Y167.313 Z4.6202 E1830.69620
G1 X156.848 Y167.127 Z4.6203 E1830.75296
G1 X156.900 Y166.944 Z4.6205 E1830.80972
G1 X157.256 Y165.890 Z4.6213 E1831.14261
G1 X157.323 Y165.718 Z4.6214 E1831.19813
G1 X157.406 Y165.552 Z4.6216 E1831.25366
G1 X157.914 Y164.647 Z4.6223 E1831.56421
G1 X158.009 Y164.493 Z4.6225 E1831.61857
G1 X158.119 Y164.348 Z4.6226 E1831.67294
G1 X158.792 Y163.537 Z4.6234 E1831.98823
G1 X158.911 Y163.405 Z4.6235 E1832.04152
G1 X159.042 Y163.285 Z4.6236 E1832.09482
G1 X159.926 Y162.540 Z4.6245 E1832.44065
G1 X160.064 Y162.434 Z4.6246 E1832.49296
G1 X160.211 Y162.339 Z4.6248 E1832.54526
G1 X161.532 Y161.574 Z4.6259 E1833.00216
G1 X163.423 Y160.876 Z4.6274 E1833.60566
G1 X165.765 Y160.432 Z4.6291 E1834.31908
G1 X168.429 Y160.338 Z4.6311 E1835.11716
G1 X171.368 Y160.640 Z4.6333 E1836.00162
G1 X174.504 Y161.368 Z4.6357 E1836.96511
G1 X177.729 Y162.528 Z4.6382 E1837.99110
G1 X180.917 Y164.100 Z4.6408 E1839.05503
G1 X183.933 Y166.030 Z4.6435 E1840.12703
G1 X186.652 Y168.239 Z4.6461 E1841.17568
G1 X188.970 Y170.630 Z4.6485 E1842.17233
G1 X190.816 Y173.097 Z4.6508 E1843.09488
G1 X192.159 Y175.544 Z4.6529 E1843.93043
G1 X192.941 Y177.723 Z4.6546 E1844.62327
G1 X192.993 Y177.892 Z4.6547 E1844.67621
G1 X193.031 Y178.065 Z4.6548 E1844.72915
G1 X193.339 Y179.886 Z4.6562 E1845.28212
G1 X193.362 Y180.076 Z4.6563 E1845.33928
G1 X193.367 Y180.266 Z4.6565 E1845.39643
G1 X193.332 Y181.749 Z4.6576 E1845.84023
G1 X193.318 Y181.940 Z4.6577 E1845.89773
G1 X193.286 Y182.130 Z4.6579 E1845.95523
G1 X193.029 Y183.307 Z4.6588 E1846.31595
G1 X192.980 Y183.488 Z4.6589 E1846.37219
G1 X192.915 Y183.664 Z4.6590 E1846.42842
G1 X192.423 Y184.817 Z4.6600 E1846.80361
G1 X192.321 Y185.000 Z4.6601 E1846.86634
G1 X191.825 Y185.813 Z4.6608 E1847.15128
G1 X191.292 Y186.601 Z4.6615 E1847.43623
G1 X190.721 Y187.363 Z4.6622 E1847.72117
G1 X190.115 Y188.097 Z4.6629 E1848.00612
G1 X189.475 Y188.802 Z4.6636 E1848.29106
G1 X188.802 Y189.475 Z4.6643 E1848.57601
G1 X188.097 Y190.115 Z4.6650 E1848.86095
G1 X187.363 Y190.721 Z4.6657 E1849.14590
G1 X186.601 Y191.292 Z4.6664 E1849.43084
G1 X185.813 Y191.825 Z4.6672 E1849.71579
G1 X183.893 Y192.832 Z4.6688 E1850.36482
G1 X183.727 Y192.900 Z4.6689 E1850.41857
G1 X183.555 Y192.953 Z4.6690 E1850.47231
G1 X182.490 Y193.229 Z4.6698 E1850.80164
G1 X182.318 Y193.265 Z4.6700 E1850.85436
G1 X182.143 Y193.286 Z4.6701 E1850.90709
G1 X180.719 Y193.396 Z4.6712 E1851.33465
G1 X178.864 Y193.218 Z4.6725 E1851.89225
G1 X176.682 Y192.622 Z4.6742 E1852.56947
G1 X174.365 Y191.571 Z4.6761 E1853.33101
G1 X171.979 Y190.043 Z4.6782 E1854.17926
G1 X169.598 Y188.039 Z4.6805 E1855.11080
G1 X167.314 Y185.591 Z4.6829 E1856.11291
G1 X165.227 Y182.767 Z4.6855 E1857.16420
G1 X163.431 Y179.667 Z4.6882 E1858.23662
G1 X162.006 Y176.417 Z4.6908 E1859.29891
G1 X161.006 Y173.153 Z4.6933 E1860.32072
G1 X160.452 Y170.007 Z4.6957 E1861.27679
G1 X160.337 Y167.092 Z4.6979 E1862.15008
G1 X160.625 Y164.491 Z4.6998 E1862.93362
G1 X161.213 Y162.432 Z4.7014 E1863.57441
G1 X161.273 Y162.255 Z4.7015 E1863.63035
G1 X161.348 Y162.085 Z4.7016 E1863.68629
G1 X162.092 Y160.604 Z4.7029 E1864.18207
G1 X162.187 Y160.436 Z4.7030 E1864.24009
G1 X162.298 Y160.277 Z4.7032 E1864.29811
G1 X163.094 Y159.250 Z4.7041 E1864.68704
G1 X163.217 Y159.106 Z4.7043 E1864.74379
G1 X163.353 Y158.974 Z4.7044 E1864.80055
G1 X164.188 Y158.239 Z4.7052 E1865.13344
G1 X164.333 Y158.123 Z4.7054 E1865.18896
G1 X164.488 Y158.021 Z4.7055 E1865.24449
G1 X165.379 Y157.491 Z4.7063 E1865.55504
G1 X165.540 Y157.405 Z4.7064 E1865.60941
G1 X165.707 Y157.334 Z4.7065 E1865.66377
G1 X166.695 Y156.969 Z4.7073 E1865.97906
G1 X166.864 Y156.914 Z4.7074 E1866.03235
G1 X167.038 Y156.875 Z4.7076 E1866.08565
G1 X168.175 Y156.672 Z4.7084 E1866.43148
G1 X168.348 Y156.649 Z4.7086 E1866.48379
G1 X168.523 Y156.641 Z4.7087 E1866.53609
G1 X170.049 Y156.638 Z4.7098 E1866.99299
G1 X172.036 Y156.980 Z4.7113 E1867.59649
G1 X174.286 Y157.766 Z4.7131 E1868.30991
G1 X176.640 Y159.017 Z4.7150 E1869.10799
G1 X179.035 Y160.748 Z4.7172 E1869.99245
G1 X181.386 Y162.946 Z4.7196 E1870.95594
G1 X183.599 Y165.564 Z4.7221 E1871.98193
G1 X185.574 Y168.519 Z4.7248 E1873.04586
G1 X187.222 Y171.698 Z4.7274 E1874.11786
G1 X188.471 Y174.971 Z4.7300 E1875.16651
G1 X189.283 Y178.200 Z4.7325 E1876.16316
G1 X189.648 Y181.260 Z4.7347 E1877.08571
G1 X189.588 Y184.051 Z4.7368 E1877.92126
G1 X189.176 Y186.328 Z4.7385 E1878.61410
G1 X189.137 Y186.501 Z4.7386 E1878.66704
G1 X189.083 Y186.669 Z4.7388 E1878.71998
G1 X188.439 Y188.401 Z4.7401 E1879.27296
G1 X188.364 Y188.576 Z4.7403 E1879.33011
G1 X188.273 Y188.744 Z4.7404 E1879.38726
G1 X187.502 Y190.011 Z4.7415 E1879.83107
G1 X187.394 Y190.170 Z4.7417 E1879.88856
G1 X187.272 Y190.318 Z4.7418 E1879.94606
G1 X186.460 Y191.208 Z4.7427 E1880.30678
G1 X186.327 Y191.341 Z4.7428 E1880.36302
G1 X186.182 Y191.461 Z4.7430 E1880.41925
G1 X185.180 Y192.213 Z4.7439 E1880.79444
G1 X185.000 Y192.321 Z4.7440 E1880.85717
G1 X184.165 Y192.777 Z4.7447 E1881.14211
G1 X183.308 Y193.193 Z4.7455 E1881.42706
G1 X182.433 Y193.567 Z4.7462 E1881.71200
G1 X181.541 Y193.900 Z4.7469 E1881.99695
G1 X180.635 Y194.190 Z4.7476 E1882.28189
G1 X179.715 Y194.436 Z4.7483 E1882.56684
G1 X178.785 Y194.639 Z4.7490 E1882.85178
G1 X177.846 Y194.796 Z4.7497 E1883.13673
G1 X176.901 Y194.909 Z4.7504 E1883.42168
G1 X175.952 Y194.977 Z4.7511 E1883.70662
G1 X173.785 Y194.890 Z4.7527 E1884.35565
G1 X173.607 Y194.865 Z4.7528 E1884.40940
G1 X173.432 Y194.825 Z4.7529 E1884.46314
G1 X172.372 Y194.531 Z4.7538 E1884.79247
G1 X172.205 Y194.477 Z4.7539 E1884.84520
G1 X172.043 Y194.408 Z4.7540 E1884.89792
G1 X170.754 Y193.791 Z4.7551 E1885.32549
G1 X169.238 Y192.709 Z4.7565 E1885.88308
G1 X167.645 Y191.102 Z4.7581 E1886.56030
G1 X166.165 Y189.033 Z4.7600 E1887.32184
G1 X164.862 Y186.517 Z4.7621 E1888.17009
G1 X163.802 Y183.591 Z4.7644 E1889.10163
G1 X163.048 Y180.329 Z4.7669 E1890.10374
G1 X162.653 Y176.840 Z4.7695 E1891.15503
G1 X162.647 Y173.257 Z4.7721 E1892.22745
G1 X163.038 Y169.730 Z4.7747 E1893.28974
G1 X163.804 Y166.403 Z4.7773 E1894.31155
G1 X164.898 Y163.402 Z4.7796 E1895.26762
G1 X166.255 Y160.820 Z4.7818 E1896.14092
G1 X167.805 Y158.711 Z4.7837 E1896.92445
G1 X169.344 Y157.223 Z4.7853 E1897.56524
G1 X169.484 Y157.099 Z4.7854 E1897.62118
G1 X169.635 Y156.989 Z4.7856 E1897.67712
G1 X171.019 Y156.079 Z4.7868 E1898.17290
G1 X171.186 Y155.980 Z4.7869 E1898.23092
G1 X171.361 Y155.898 Z4.7871 E1898.28894
G1 X172.564 Y155.407 Z4.7880 E1898.67787
G1 X172.743 Y155.344 Z4.7882 E1898.73462
G1 X172.927 Y155.297 Z4.7883 E1898.79138
G1 X174.017 Y155.078 Z4.7891 E1899.12427
G1 X174.200 Y155.050 Z4.7893 E1899.17979
G1 X174.386 Y155.039 Z4.7894 E1899.23532
G1 X175.423 Y155.026 Z4.7902 E1899.54587
G1 X175.604 Y155.032 Z4.7903 E1899.60024
G1 X175.785 Y155.054 Z4.7905 E1899.65460
G1 X176.823 Y155.232 Z4.7912 E1899.96989
G1 X176.997 Y155.269 Z4.7914 E1900.02319
G1 X177.167 Y155.322 Z4.7915 E1900.07648
G1 X178.253 Y155.715 Z4.7924 E1900.42231
G1 X178.415 Y155.782 Z4.7925 E1900.47462
G1 X178.570 Y155.862 Z4.7926 E1900.52693
G1 X179.893 Y156.623 Z4.7937 E1900.98382
G1 X181.443 Y157.912 Z4.7952 E1901.58732
G1 X182.999 Y159.718 Z4.7970 E1902.30074
G1 X184.412 Y161.979 Z4.7990 E1903.09882
G1 X185.620 Y164.675 Z4.8011 E1903.98328
G1 X186.558 Y167.754 Z4.8035 E1904.94677
G1 X187.165 Y171.127 Z4.8061 E1905.97276
G1 X187.398 Y174.674 Z4.8087 E1907.03669
G1 X187.235 Y178.251 Z4.8113 E1908.10869
G1 X186.681 Y181.711 Z4.8139 E1909.15734
G1 X185.770 Y184.913 Z4.8164 E1910.15399
G1 X184.556 Y187.746 Z4.8187 E1911.07654
G1 X183.108 Y190.132 Z4.8207 E1911.91210
G1 X181.612 Y191.899 Z4.8224 E1912.60493
G1 X181.492 Y192.028 Z4.8226 E1912.65787
G1 X181.361 Y192.147 Z4.8227 E1912.71082
G1 X179.938 Y193.325 Z4.8241 E1913.26379
G1 X179.785 Y193.440 Z4.8242 E1913.32094
G1 X179.622 Y193.539 Z4.8243 E1913.37809
G1 X178.322 Y194.250 Z4.8254 E1913.82190
G1 X178.149 Y194.334 Z4.8256 E1913.87939
G1 X177.969 Y194.401 Z4.8257 E1913.93689
G1 X176.821 Y194.767 Z4.8266 E1914.29762
G1 X176.639 Y194.815 Z4.8268 E1914.35385
G1 X176.454 Y194.847 Z4.8269 E1914.41008
G1 X175.210 Y194.997 Z4.8278 E1914.78527
G1 X175.000 Y195.000 Z4.8280 E1914.84800
G1 X174.048 Y194.977 Z4.8287 E1915.13294
G1 X173.099 Y194.909 Z4.8294 E1915.41789
G1 X172.154 Y194.796 Z4.8301 E1915.70284
G1 X171.215 Y194.639 Z4.8308 E1915.98778
G1 X170.285 Y194.436 Z4.8315 E1916.27273
G1 X169.365 Y194.190 Z4.8322 E1916.55767
G1 X168.459 Y193.900 Z4.8329 E1916.84262
G1 X167.567 Y193.567 Z4.8336 E1917.12756
G1 X166.692 Y193.193 Z4.8343 E1917.41251
G1 X165.835 Y192.777 Z4.8350 E1917.69745
G1 X164.003 Y191.617 Z4.8366 E1918.34648
G1 X163.861 Y191.507 Z4.8367 E1918.40023
G1 X163.730 Y191.385 Z4.8369 E1918.45398
G1 X162.959 Y190.601 Z4.8377 E1918.78330
G1 X162.841 Y190.470 Z4.8378 E1918.83603
G1 X162.735 Y190.329 Z4.8379 E1918.88875
G1 X161.928 Y189.151 Z4.8390 E1919.31632
G1 X161.155 Y187.456 Z4.8404 E1919.87391
G1 X160.580 Y185.268 Z4.8421 E1920.55113
G1 X160.332 Y182.736 Z4.8439 E1921.31268
G1 X160.462 Y179.905 Z4.8460 E1922.16092
G1 X161.007 Y176.841 Z4.8483 E1923.09246
G1 X161.985 Y173.639 Z4.8508 E1924.09457
G1 X163.387 Y170.419 Z4.8534 E1925.14586
G1 X165.174 Y167.314 Z4.8560 E1926.21828
G1 X167.276 Y164.455 Z4.8587 E1927.28057
G1 X169.602 Y161.957 Z4.8612 E1928.30238
G1 X172.050 Y159.905 Z4.8636 E1929.25845
G1 X174.517 Y158.348 Z4.8657 E1930.13175
G1 X176.914 Y157.296 Z4.8676 E1930.91528
G1 X178.990 Y156.776 Z4.8692 E1931.55608
G1 X179.174 Y156.739 Z4.8694 E1931.61201
G1 X179.359 Y156.720 Z4.8695 E1931.66795
G1 X181.013 Y156.623 Z4.8707 E1932.16373
G1 X181.207 Y156.621 Z4.8709 E1932.22175
G1 X181.400 Y156.638 Z4.8710 E1932.27978
G1 X182.687 Y156.814 Z4.8720 E1932.66870
G1 X182.873 Y156.848 Z4.8721 E1932.72546
G1 X183.056 Y156.900 Z4.8723 E1932.78221
G1 X184.110 Y157.256 Z4.8731 E1933.11510
G1 X184.282 Y157.323 Z4.8732 E1933.17063
G1 X184.448 Y157.406 Z4.8733 E1933.22615
G1 X185.353 Y157.914 Z4.8741 E1933.53670
G1 X185.507 Y158.009 Z4.8743 E1933.59107
G1 X185.652 Y158.119 Z4.8744 E1933.64543
G1 X186.463 Y158.792 Z4.8752 E1933.96072
G1 X186.595 Y158.911 Z4.8753 E1934.01402
G1 X186.715 Y159.042 Z4.8754 E1934.06731
G1 X187.460 Y159.926 Z4.8763 E1934.41314
G1 X187.566 Y160.064 Z4.8764 E1934.46545
G1 X187.661 Y160.211 Z4.8765 E1934.51776
G1 X188.426 Y161.532 Z4.8777 E1934.97465
G1 X189.124 Y163.423 Z4.8792 E1935.57816
G1 X189.568 Y165.765 Z4.8809 E1936.29158
G1 X189.662 Y168.429 Z4.8829 E1937.08965
G1 X189.360 Y171.368 Z4.8851 E1937.97411
G1 X188.632 Y174.504 Z4.8875 E1938.93761
G1 X187.472 Y177.729 Z4.8900 E1939.96359
G1 X185.900 Y180.917 Z4.8926 E1941.02753
G1 X183.970 Y183.933 Z4.8953 E1942.09952
G1 X181.761 Y186.652 Z4.8978 E1943.14817
G1 X179.370 Y188.970 Z4.9003 E1944.14482
G1 X176.903 Y190.816 Z4.9026 E1945.06737
G1 X174.456 Y192.159 Z4.9046 E1945.90293
G1 X172.277 Y192.941 Z4.9064 E1946.59576
G1 X172.108 Y192.993 Z4.9065 E1946.64870
G1 X171.935 Y193.031 Z4.9066 E1946.70165
G1 X170.114 Y193.339 Z4.9080 E1947.25462
G1 X169.924 Y193.362 Z4.9081 E1947.31177
G1 X169.734 Y193.367 Z4.9083 E1947.36892
G1 X168.251 Y193.332 Z4.9094 E1947.81273
G1 X168.060 Y193.318 Z4.9095 E1947.87022
G1 X167.870 Y193.286 Z4.9096 E1947.92772
G1 X166.693 Y193.029 Z4.9105 E1948.28845
G1 X166.512 Y192.980 Z4.9107 E1948.34468
G1 X166.336 Y192.915 Z4.9108 E1948.40091
G1 X165.183 Y192.423 Z4.9117 E1948.77611
G1 X165.000 Y192.321 Z4.9119 E1948.83883
G1 X164.187 Y191.825 Z4.9126 E1949.12378
G1 X163.399 Y191.292 Z4.9133 E1949.40872
G1 X162.637 Y190.721 Z4.9140 E1949.69367
G1 X161.903 Y190.115 Z4.9147 E1949.97861
G1 X161.198 Y189.475 Z4.9154 E1950.26356
G1 X160.525 Y188.802 Z4.9161 E1950.54850
G1 X159.885 Y188.097 Z4.9168 E1950.83345
G1 X159.279 Y187.363 Z4.9175 E1951.11839
G1 X158.708 Y186.601 Z4.9182 E1951.40334
G1 X158.175 Y185.813 Z4.9189 E1951.68828
G1 X157.168 Y183.893 Z4.9205 E1952.33731
G1 X157.100 Y183.727 Z4.9207 E1952.39106
G1 X157.047 Y183.555 Z4.9208 E1952.44481
G1 X156.771 Y182.490 Z4.9216 E1952.77413
G1 X156.735 Y182.318 Z4.9217 E1952.82686
G1 X156.714 Y182.143 Z4.9219 E1952.87958
G1 X156.604 Y180.719 Z4.9229 E1953.30715
G1 X156.782 Y178.864 Z4.9243 E1953.86474
G1 X157.378 Y176.682 Z4.9260 E1954.54196
G1 X158.429 Y174.365 Z4.9279 E1955.30351
G1 X159.957 Y171.979 Z4.9300 E1956.15175
G1 X161.961 Y169.598 Z4.9323 E1957.08329
G1 X164.409 Y167.314 Z4.9347 E1958.08540
G1 X167.233 Y165.227 Z4.9373 E1959.13669
G1 X170.333 Y163.431 Z4.9400 E1960.20911
G1 X173.583 Y162.006 Z4.9426 E1961.27140
G1 X176.847 Y161.006 Z4.9451 E1962.29322
G1 X179.993 Y160.452 Z4.9475 E1963.24928
G1 X182.908 Y160.337 Z4.9496 E1964.12258
G1 X185.509 Y160.625 Z4.9516 E1964.90612
G1 X187.568 Y161.213 Z4.9532 E1965.54691
G1 X187.745 Y161.273 Z4.9533 E1965.60285
G1 X187.915 Y161.348 Z4.9534 E1965.65879
G1 X189.396 Y162.092 Z4.9547 E1966.15456
G1 X189.564 Y162.187 Z4.9548 E1966.21258
G1 X189.723 Y162.298 Z4.9549 E1966.27061
G1 X190.750 Y163.094 Z4.9559 E1966.65953
G1 X190.894 Y163.217 Z4.9560 E1966.71629
G1 X191.026 Y163.353 Z4.9562 E1966.77304
G1 X191.761 Y164.188 Z4.9570 E1967.10593
G1 X191.877 Y164.333 Z4.9571 E1967.16146
G1 X191.979 Y164.488 Z4.9573 E1967.21698
G1 X192.509 Y165.379 Z4.9580 E1967.52753
G1 X192.595 Y165.540 Z4.9582 E1967.58190
G1 X192.666 Y165.707 Z4.9583 E1967.63627
G1 X193.031 Y166.695 Z4.9591 E1967.95155
G1 X193.086 Y166.864 Z4.9592 E1968.00485
G1 X193.125 Y167.038 Z4.9594 E1968.05814
G1 X193.328 Y168.175 Z4.9602 E1968.40397
G1 X193.351 Y168.348 Z4.9603 E1968.45628
G1 X193.359 Y168.523 Z4.9605 E1968.50859
G1 X193.362 Y170.049 Z4.9616 E1968.96549
G1 X193.020 Y172.036 Z4.9631 E1969.56899
G1 X192.234 Y174.286 Z4.9648 E1970.28241
G1 X190.983 Y176.640 Z4.9668 E1971.08049
G1 X189.252 Y179.035 Z4.9690 E1971.96494
G1 X187.054 Y181.386 Z4.9714 E1972.92844
G1 X184.436 Y183.599 Z4.9739 E1973.95443
G1 X181.481 Y185.574 Z4.9765 E1975.01836
G1 X178.302 Y187.222 Z4.9792 E1976.09035
G1 X175.029 Y188.471 Z4.9818 E1977.13900
G1 X171.800 Y189.283 Z4.9842 E1978.13565
G1 X168.740 Y189.648 Z4.9865 E1979.05820
G1 X165.949 Y189.588 Z4.9886 E1979.89376
G1 X163.672 Y189.176 Z4.9903 E1980.58659
G1 X163.499 Y189.137 Z4.9904 E1980.63954
G1 X163.331 Y189.083 Z4.9905 E1980.69248
G1 X161.599 Y188.439 Z4.9919 E1981.24545
G1 X161.424 Y188.364 Z4.9921 E1981.30260
G1 X161.256 Y188.273 Z4.9922 E1981.35975
G1 X159.989 Y187.502 Z4.9933 E1981.80356
G1 X159.830 Y187.394 Z4.9934 E1981.86105
G1 X159.682 Y187.272 Z4.9936 E1981.91855
G1 X158.792 Y186.460 Z4.9945 E1982.27928
G1 X158.659 Y186.327 Z4.9946 E1982.33551
G1 X158.539 Y186.182 Z4.9947 E1982.39175
G1 X157.787 Y185.180 Z4.9957 E1982.76694
G1 X157.679 Y185.000 Z4.9958 E1982.82966
G1 X157.206 Y184.130 Z4.9966 E1983.12616
G1 X156.775 Y183.238 Z4.9973 E1983.42265
G1 X156.390 Y182.326 Z4.9980 E1983.71915
G1 X156.050 Y181.395 Z4.9988 E1984.01564
G1 X155.757 Y180.449 Z4.9995 E1984.31214
G1 X155.510 Y179.490 Z5.0002 E1984.60863
G1 X155.312 Y178.519 Z5.0010 E1984.90513
G1 X155.162 Y177.540 Z5.0017 E1985.20162
G1 X155.061 Y176.555 Z5.0024 E1985.49811
G1 X155.008 Y175.566 Z5.0031 E1985.79461
G1 X155.005 Y174.575 Z5.0039 E1986.09110
G1 X155.050 Y173.586 Z5.0046 E1986.38760
G1 X155.145 Y172.600 Z5.0053 E1986.68409
G1 X155.288 Y171.620 Z5.0061 E1986.98059
G1 X155.479 Y170.648 Z5.0068 E1987.27708
G1 X155.719 Y169.687 Z5.0075 E1987.57358
G1 X156.005 Y168.739 Z5.0083 E1987.87007
G1 X156.339 Y167.806 Z5.0090 E1988.16657
G1 X156.718 Y166.891 Z5.0097 E1988.46306
G1 X157.141 Y165.996 Z5.0105 E1988.75956
G1 X157.609 Y165.123 Z5.0112 E1989.05605
G1 X158.120 Y164.274 Z5.0119 E1989.35255
G1 X158.671 Y163.451 Z5.0127 E1989.64904
G1 X159.263 Y162.657 Z5.0134 E1989.94554
G1 X159.893 Y161.893 Z5.0141 E1990.24203
G1 X160.561 Y161.161 Z5.0149 E1990.53853
G1 X161.264 Y160.463 Z5.0156 E1990.83502
G1 X162.000 Y159.801 Z5.0163 E1991.13152
G1 X162.769 Y159.176 Z5.0171 E1991.42801
G1 X163.567 Y158.590 Z5.0178 E1991.72451
G1 X164.394 Y158.044 Z5.0185 E1992.02100
G1 X165.246 Y157.540 Z5.0193 E1992.31750
G1 X166.123 Y157.078 Z5.0200 E1992.61399
G1 X167.021 Y156.661 Z5.0207 E1992.91048
G1 X167.938 Y156.288 Z5.0214 E1993.20698
G1 X168.874 Y155.961 Z5.0222 E1993.50347
G1 X169.824 Y155.681 Z5.0229 E1993.79997
G1 X170.786 Y155.449 Z5.0236 E1994.09646
G1 X171.760 Y155.264 Z5.0244 E1994.39296
G1 X172.741 Y155.128 Z5.0251 E1994.68945
G1 X173.727 Y155.041 Z5.0258 E1994.98595
G1 X174.717 Y155.002 Z5.0266 E1995.28244
G1 X175.707 Y155.013 Z5.0273 E1995.57894
G1 X176.696 Y155.072 Z5.0280 E1995.87543
G1 X177.681 Y155.180 Z5.0288 E1996.17193
G1 X178.659 Y155.337 Z5.0295 E1996.46842
G1 X179.628 Y155.543 Z5.0302 E1996.76492
G1 X180.585 Y155.796 Z5.0310 E1997.06141
G1 X181.529 Y156.096 Z5.0317 E1997.35791
G1 X182.457 Y156.442 Z5.0324 E1997.65440
G1 X183.367 Y156.834 Z5.0332 E1997.95090
G1 X184.256 Y157.271 Z5.0339 E1998.24739
G1 X185.122 Y157.751 Z5.0346 E1998.54389
G1 X185.964 Y158.273 Z5.0354 E1998.84038
G1 X186.779 Y158.836 Z5.0361 E1999.13688
G1 X187.564 Y159.439 Z5.0368 E1999.43337
G1 X188.319 Y160.080 Z5.0376 E1999.72986
G1 X189.042 Y160.758 Z5.0383 E2000.02636
G1 X189.730 Y161.471 Z5.0390 E2000.32285
G1 X190.381 Y162.217 Z5.0398 E2000.61935
G1 X190.995 Y162.994 Z5.0405 E2000.91584
G1 X191.570 Y163.801 Z5.0412 E2001.21234
G1 X192.104 Y164.635 Z5.0419 E2001.50883
G1 X192.597 Y165.494 Z5.0427 E2001.80533
G1 X193.046 Y166.377 Z5.0434 E2002.10182
G1 X193.450 Y167.281 Z5.0441 E2002.39832
G1 X193.810 Y168.204 Z5.0449 E2002.69481
G1 X194.123 Y169.144 Z5.0456 E2002.99131
G1 X194.390 Y170.098 Z5.0463 E2003.28780
G1 X194.609 Y171.064 Z5.0471 E2003.58430
G1 X194.780 Y172.039 Z5.0478 E2003.88079
G1 X194.902 Y173.022 Z5.0485 E2004.17729
G1 X194.975 Y174.010 Z5.0493 E2004.47378
G1 X195.000 Y175.000 Z5.0500 E2004.77028
G1 X194.890 Y176.215 Z5.0509 E2005.13541
G1 X194.865 Y176.393 Z5.0510 E2005.18916
G1 X194.825 Y176.568 Z5.0512 E2005.24290
G1 X194.531 Y177.628 Z5.0520 E2005.57223
G1 X194.477 Y177.795 Z5.0521 E2005.62495
G1 X194.408 Y177.957 Z5.0522 E2005.67768
G1 X193.791 Y179.246 Z5.0533 E2006.10524
G1 X192.709 Y180.762 Z5.0547 E2006.66284
G1 X191.102 Y182.355 Z5.0563 E2007.34006
G1 X189.033 Y183.835 Z5.0582 E2008.10160
G1 X186.517 Y185.138 Z5.0603 E2008.94985
G1 X183.591 Y186.198 Z5.0626 E2009.88139
G1 X180.329 Y186.952 Z5.0651 E2010.88350
G1 X176.840 Y187.347 Z5.0677 E2011.93479
G1 X173.257 Y187.353 Z5.0703 E2013.00721
G1 X169.730 Y186.962 Z5.0730 E2014.06950
G1 X166.403 Y186.196 Z5.0755 E2015.09131
G1 X163.402 Y185.102 Z5.0778 E2016.04738
G1 X160.820 Y183.745 Z5.0800 E2016.92067
G1 X158.711 Y182.195 Z5.0819 E2017.70421
G1 X157.223 Y180.656 Z5.0835 E2018.34500
G1 X157.099 Y180.516 Z5.0837 E2018.40094
G1 X156.989 Y180.365 Z5.0838 E2018.45688
G1 X156.079 Y178.981 Z5.0850 E2018.95266
G1 X155.980 Y178.814 Z5.0852 E2019.01068
G1 X155.898 Y178.639 Z5.0853 E2019.06870
G1 X155.407 Y177.436 Z5.0863 E2019.45763
G1 X155.344 Y177.257 Z5.0864 E2019.51438
G1 X155.297 Y177.073 Z5.0865 E2019.57114
G1 X155.078 Y175.983 Z5.0874 E2019.90403
G1 X155.050 Y175.800 Z5.0875 E2019.95955
G1 X155.039 Y175.614 Z5.0876 E2020.01508
G1 X155.026 Y174.577 Z5.0884 E2020.32563
G1 X155.032 Y174.396 Z5.0885 E2020.38000
G1 X155.054 Y174.215 Z5.0887 E2020.43436
G1 X155.232 Y173.177 Z5.0895 E2020.74965
G1 X155.269 Y173.003 Z5.0896 E2020.80294
G1 X155.322 Y172.833 Z5.0897 E2020.85624
G1 X155.715 Y171.747 Z5.0906 E2021.20207
G1 X155.782 Y171.585 Z5.0907 E2021.25438
G1 X155.862 Y171.430 Z5.0908 E2021.30669
G1 X156.623 Y170.107 Z5.0920 E2021.76358
G1 X157.912 Y168.557 Z5.0934 E2022.36708
G1 X159.718 Y167.001 Z5.0952 E2023.08050
G1 X161.979 Y165.588 Z5.0972 E2023.87858
G1 X164.675 Y164.380 Z5.0994 E2024.76304
G1 X167.754 Y163.442 Z5.1017 E2025.72653
G1 X171.127 Y162.835 Z5.1043 E2026.75252
G1 X174.674 Y162.602 Z5.1069 E2027.81645
G1 X178.251 Y162.765 Z5.1096 E2028.88845
G1 X181.711 Y163.319 Z5.1121 E2029.93710
G1 X184.913 Y164.230 Z5.1146 E2030.93375
G1 X187.746 Y165.444 Z5.1169 E2031.85630
G1 X190.132 Y166.892 Z5.1189 E2032.69185
G1 X191.899 Y168.388 Z5.1207 E2033.38469
G1 X192.028 Y168.508 Z5.1208 E2033.43763
G1 X192.147 Y168.639 Z5.1209 E2033.49058
G1 X193.325 Y170.062 Z5.1223 E2034.04355
G1 X193.440 Y170.215 Z5.1224 E2034.10070
G1 X193.539 Y170.378 Z5.1226 E2034.15785
G1 X194.250 Y171.678 Z5.1237 E2034.60166
G1 X194.334 Y171.851 Z5.1238 E2034.65915
G1 X194.401 Y172.031 Z5.1239 E2034.71665
G1 X194.767 Y173.179 Z5.1248 E2035.07737
G1 X194.815 Y173.361 Z5.1250 E2035.13361
G1 X194.847 Y173.546 Z5.1251 E2035.18984
G1 X194.997 Y174.790 Z5.1260 E2035.56503
G1 X195.000 Y175.000 Z5.1262 E2035.62776
G1 X194.977 Y175.952 Z5.1269 E2035.91270
G1 X194.909 Y176.901 Z5.1276 E2036.19765
G1 X194.796 Y177.846 Z5.1283 E2036.48259
G1 X194.639 Y178.785 Z5.1290 E2036.76754
G1 X194.436 Y179.715 Z5.1297 E2037.05248
G1 X194.190 Y180.635 Z5.1304 E2037.33743
G1 X193.900 Y181.541 Z5.1311 E2037.62238
G1 X193.567 Y182.433 Z5.1318 E2037.90732
G1 X193.193 Y183.308 Z5.1325 E2038.19227
G1 X192.777 Y184.165 Z5.1332 E2038.47721
G1 X191.617 Y185.997 Z5.1348 E2039.12624
G1 X191.507 Y186.139 Z5.1350 E2039.17999
G1 X191.385 Y186.270 Z5.1351 E2039.23373
G1 X190.601 Y187.041 Z5.1359 E2039.56306
G1 X190.470 Y187.159 Z5.1360 E2039.61579
G1 X190.329 Y187.265 Z5.1362 E2039.66851
G1 X189.151 Y188.072 Z5.1372 E2040.09608
G1 X187.456 Y188.845 Z5.1386 E2040.65367
G1 X185.268 Y189.420 Z5.1403 E2041.33089
G1 X182.736 Y189.668 Z5.1422 E2042.09243
G1 X179.905 Y189.538 Z5.1442 E2042.94068
G1 X176.841 Y188.993 Z5.1465 E2043.87222
G1 X173.639 Y188.015 Z5.1490 E2044.87433
G1 X170.419 Y186.613 Z5.1516 E2045.92562
G1 X167.314 Y184.826 Z5.1543 E2046.99804
G1 X164.455 Y182.724 Z5.1569 E2048.06033
G1 X161.957 Y180.398 Z5.1594 E2049.08214
G1 X159.905 Y177.950 Z5.1618 E2050.03821
G1 X158.348 Y175.483 Z5.1639 E2050.91151
G1 X157.296 Y173.086 Z5.1659 E2051.69504
G1 X156.776 Y171.010 Z5.1674 E2052.33583
G1 X156.739 Y170.826 Z5.1676 E2052.39177
G1 X156.720 Y170.641 Z5.1677 E2052.44771
G1 X156.623 Y168.987 Z5.1689 E2052.94349
G1 X156.621 Y168.793 Z5.1691 E2053.00151
G1 X156.638 Y168.600 Z5.1692 E2053.05953
G1 X156.814 Y167.313 Z5.1702 E2053.44846
G1 X156.848 Y167.127 Z5.1703 E2053.50521
G1 X156.900 Y166.944 Z5.1705 E2053.56197
G1 X157.256 Y165.890 Z5.1713 E2053.89486
G1 X157.323 Y165.718 Z5.1714 E2053.95039
G1 X157.406 Y165.552 Z5.1716 E2054.00591
G1 X157.914 Y164.647 Z5.1723 E2054.31646
G1 X158.009 Y164.493 Z5.1725 E2054.37083
G1 X158.119 Y164.348 Z5.1726 E2054.42519
G1 X158.792 Y163.537 Z5.1734 E2054.74048
G1 X158.911 Y163.405 Z5.1735 E2054.79378
G1 X159.042 Y163.285 Z5.1736 E2054.84707
G1 X159.926 Y162.540 Z5.1745 E2055.19290
G1 X160.064 Y162.434 Z5.1746 E2055.24521
G1 X160.211 Y162.339 Z5.1748 E2055.29752
G1 X161.532 Y161.574 Z5.1759 E2055.75441
G1 X163.423 Y160.876 Z5.1774 E2056.35791
G1 X165.765 Y160.432 Z5.1791 E2057.07133
G1 X168.429 Y160.338 Z5.1811 E2057.86941
G1 X171.368 Y160.640 Z5.1833 E2058.75387
G1 X174.504 Y161.368 Z5.1857 E2059.71736
G1 X177.729 Y162.528 Z5.1882 E2060.74335
G1 X180.917 Y164.100 Z5.1908 E2061.80728
G1 X183.933 Y166.030 Z5.1935 E2062.87928
G1 X186.652 Y168.239 Z5.1961 E2063.92793
G1 X188.970 Y170.630 Z5.1985 E2064.92458
G1 X190.816 Y173.097 Z5.2008 E2065.84713
G1 X192.159 Y175.544 Z5.2029 E2066.68269
G1 X192.941 Y177.723 Z5.2046 E2067.37552
G1 X192.993 Y177.892 Z5.2047 E2067.42846
G1 X193.031 Y178.065 Z5.2048 E2067.48141
G1 X193.339 Y179.886 Z5.2062 E2068.03438
G1 X193.362 Y180.076 Z5.2063 E2068.09153
G1 X193.367 Y180.266 Z5.2065 E2068.14868
G1 X193.332 Y181.749 Z5.2076 E2068.59249
G1 X193.318 Y181.940 Z5.2077 E2068.64998
G1 X193.286 Y182.130 Z5.2079 E2068.70748
G1 X193.029 Y183.307 Z5.2088 E2069.06821
G1 X192.980 Y183.488 Z5.2089 E2069.12444
G1 X192.915 Y183.664 Z5.2090 E2069.18067
G1 X192.423 Y184.817 Z5.2100 E2069.55586
G1 X192.321 Y185.000 Z5.2101 E2069.61859
G1 X191.825 Y185.813 Z5.2108 E2069.90354
G1 X191.292 Y186.601 Z5.2115 E2070.18848
G1 X190.721 Y187.363 Z5.2122 E2070.47343
G1 X190.115 Y188.097 Z5.2129 E2070.75837
G1 X189.475 Y188.802 Z5.2136 E2071.04332
G1 X188.802 Y189.475 Z5.2143 E2071.32826
G1 X188.097 Y190.115 Z5.2150 E2071.61321
G1 X187.363 Y190.721 Z5.2157 E2071.89815
G1 X186.601 Y191.292 Z5.2164 E2072.18310
G1 X185.813 Y191.825 Z5.2172 E2072.46804
G1 X183.893 Y192.832 Z5.2188 E2073.11707
G1 X183.727 Y192.900 Z5.2189 E2073.17082
G1 X183.555 Y192.953 Z5.2190 E2073.22457
G1 X182.490 Y193.229 Z5.2198 E2073.55389
G1 X182.318 Y193.265 Z5.2200 E2073.60662
G1 X182.143 Y193.286 Z5.2201 E2073.65934
G1 X180.719 Y193.396 Z5.2212 E2074.08691
G1 X178.864 Y193.218 Z5.2225 E2074.64450
G1 X176.682 Y192.622 Z5.2242 E2075.32172
G1 X174.365 Y191.571 Z5.2261 E2076.08327
G1 X171.979 Y190.043 Z5.2282 E2076.93151
G1 X169.598 Y188.039 Z5.2305 E2077.86305
G1 X167.314 Y185.591 Z5.2329 E2078.86516
G1 X165.227 Y182.767 Z5.2355 E2079.91645
G1 X163.431 Y179.667 Z5.2382 E2080.98887
G1 X162.006 Y176.417 Z5.2408 E2082.05116
G1 X161.006 Y173.153 Z5.2433 E2083.07298
G1 X160.452 Y170.007 Z5.2457 E2084.02904
G1 X160.337 Y167.092 Z5.2479 E2084.90234
G1 X160.625 Y164.491 Z5.2498 E2085.68588
G1 X161.213 Y162.432 Z5.2514 E2086.32667
G1 X161.273 Y162.255 Z5.2515 E2086.38261
G1 X161.348 Y162.085 Z5.2516 E2086.43854
G1 X162.092 Y160.604 Z5.2529 E2086.93432
G1 X162.187 Y160.436 Z5.2530 E2086.99234
G1 X162.298 Y160.277 Z5.2532 E2087.05037
G1 X163.094 Y159.250 Z5.2541 E2087.43929
G1 X163.217 Y159.106 Z5.2543 E2087.49605
G1 X163.353 Y158.974 Z5.2544 E2087.55280
G1 X164.188 Y158.239 Z5.2552 E2087.88569
G1 X164.333 Y158.123 Z5.2554 E2087.94122
G1 X164.488 Y158.021 Z5.2555 E2087.99674
G1 X165.379 Y157.491 Z5.2563 E2088.30729
G1 X165.540 Y157.405 Z5.2564 E2088.36166
G1 X165.707 Y157.334 Z5.2565 E2088.41602
G1 X166.695 Y156.969 Z5.2573 E2088.73131
G1 X166.864 Y156.914 Z5.2574 E2088.78461
G1 X167.038 Y156.875 Z5.2576 E2088.83790
G1 X168.175 Y156.672 Z5.2584 E2089.18373
G1 X168.348 Y156.649 Z5.2586 E2089.23604
G1 X168.523 Y156.641 Z5.2587 E2089.28835
G1 X170.049 Y156.638 Z5.2598 E2089.74525
G1 X172.036 Y156.980 Z5.2613 E2090.34875
G1 X174.286 Y157.766 Z5.2631 E2091.06217
G1 X176.640 Y159.017 Z5.2650 E2091.86024
G1 X179.035 Y160.748 Z5.2672 E2092.74470
G1 X181.386 Y162.946 Z5.2696 E2093.70820
G1 X183.599 Y165.564 Z5.2721 E2094.73418
G1 X185.574 Y168.519 Z5.2748 E2095.79812
G1 X187.222 Y171.698 Z5.2774 E2096.87011
G1 X188.471 Y174.971 Z5.2800 E2097.91876
G1 X189.283 Y178.200 Z5.2825 E2098.91541
G1 X189.648 Y181.260 Z5.2847 E2099.83796
G1 X189.588 Y184.051 Z5.2868 E2100.67352
G1 X189.176 Y186.328 Z5.2885 E2101.36635
G1 X189.137 Y186.501 Z5.2886 E2101.41929
G1 X189.083 Y186.669 Z5.2888 E2101.47224
G1 X188.439 Y188.401 Z5.2901 E2102.02521
G1 X188.364 Y188.576 Z5.2903 E2102.08236
G1 X188.273 Y188.744 Z5.2904 E2102.13951
G1 X187.502 Y190.011 Z5.2915 E2102.58332
G1 X187.394 Y190.170 Z5.2917 E2102.64081
G1 X187.272 Y190.318 Z5.2918 E2102.69831
G1 X186.460 Y191.208 Z5.2927 E2103.05904
G1 X186.327 Y191.341 Z5.2928 E2103.11527
G1 X186.182 Y191.461 Z5.2930 E2103.17151
G1 X185.180 Y192.213 Z5.2939 E2103.54670
G1 X185.000 Y192.321 Z5.2940 E2103.60942
G1 X184.165 Y192.777 Z5.2947 E2103.89437
G1 X183.308 Y193.193 Z5.2955 E2104.17931
G1 X182.433 Y193.567 Z5.2962 E2104.46426
G1 X181.541 Y193.900 Z5.2969 E2104.74920
G1 X180.635 Y194.190 Z5.2976 E2105.03415
G1 X179.715 Y194.436 Z5.2983 E2105.31909
G1 X178.785 Y194.639 Z5.2990 E2105.60404
G1 X177.846 Y194.796 Z5.2997 E2105.88898
G1 X176.901 Y194.909 Z5.3004 E2106.17393
G1 X175.952 Y194.977 Z5.3011 E2106.45887
G1 X173.785 Y194.890 Z5.3027 E2107.10790
G1 X173.607 Y194.865 Z5.3028 E2107.16165
G1 X173.432 Y194.825 Z5.3029 E2107.21540
G1 X172.372 Y194.531 Z5.3038 E2107.54473
G1 X172.205 Y194.477 Z5.3039 E2107.59745
G1 X172.043 Y194.408 Z5.3040 E2107.65017
G1 X170.754 Y193.791 Z5.3051 E2108.07774
G1 X169.238 Y192.709 Z5.3065 E2108.63533
G1 X167.645 Y191.102 Z5.3081 E2109.31256
G1 X166.165 Y189.033 Z5.3100 E2110.07410
G1 X164.862 Y186.517 Z5.3121 E2110.92234
G1 X163.802 Y183.591 Z5.3144 E2111.85388
G1 X163.048 Y180.329 Z5.3169 E2112.85600
G1 X162.653 Y176.840 Z5.3195 E2113.90728
G1 X162.647 Y173.257 Z5.3221 E2114.97970
G1 X163.038 Y169.730 Z5.3247 E2116.04199
G1 X163.804 Y166.403 Z5.3273 E2117.06381
G1 X164.898 Y163.402 Z5.3296 E2118.01987
G1 X166.255 Y160.820 Z5.3318 E2118.89317
G1 X167.805 Y158.711 Z5.3337 E2119.67671
G1 X169.344 Y157.223 Z5.3353 E2120.31750
G1 X169.484 Y157.099 Z5.3354 E2120.37344
G1 X169.635 Y156.989 Z5.3356 E2120.42938
G1 X171.019 Y156.079 Z5.3368 E2120.92515
G1 X171.186 Y155.980 Z5.3369 E2120.98318
G1 X171.361 Y155.898 Z5.3371 E2121.04120
G1 X172.564 Y155.407 Z5.3380 E2121.43012
G1 X172.743 Y155.344 Z5.3382 E2121.48688
G1 X172.927 Y155.297 Z5.3383 E2121.54363
G1 X174.017 Y155.078 Z5.3391 E2121.87652
G1 X174.200 Y155.050 Z5.3393 E2121.93205
G1 X174.386 Y155.039 Z5.3394 E2121.98757
G1 X175.423 Y155.026 Z5.3402 E2122.29812
G1 X175.604 Y155.032 Z5.3403 E2122.35249
G1 X175.785 Y155.054 Z5.3405 E2122.40686
G1 X176.823 Y155.232 Z5.3412 E2122.72215
G1 X176.997 Y155.269 Z5.3414 E2122.77544
G1 X177.167 Y155.322 Z5.3415 E2122.82873
G1 X178.253 Y155.715 Z5.3424 E2123.17456
G1 X178.415 Y155.782 Z5.3425 E2123.22687
G1 X178.570 Y155.862 Z5.3426 E2123.27918
G1 X179.893 Y156.623 Z5.3437 E2123.73608
G1 X181.443 Y157.912 Z5.3452 E2124.33958
G1 X182.999 Y159.718 Z5.3470 E2125.05300
G1 X184.412 Y161.979 Z5.3490 E2125.85108
G1 X185.620 Y164.675 Z5.3511 E2126.73553
G1 X186.558 Y167.754 Z5.3535 E2127.69903
G1 X187.165 Y171.127 Z5.3561 E2128.72502
G1 X187.398 Y174.674 Z5.3587 E2129.78895
G1 X187.235 Y178.251 Z5.3613 E2130.86094
G1 X186.681 Y181.711 Z5.3639 E2131.90959
G1 X185.770 Y184.913 Z5.3664 E2132.90624
G1 X184.556 Y187.746 Z5.3687 E2133.82879
G1 X183.108 Y190.132 Z5.3707 E2134.66435
G1 X181.612 Y191.899 Z5.3724 E2135.35718
G1 X181.492 Y192.028 Z5.3726 E2135.41013
G1 X181.361 Y192.147 Z5.3727 E2135.46307
G1 X179.938 Y193.325 Z5.3741 E2136.01604
G1 X179.785 Y193.440 Z5.3742 E2136.07319
G1 X179.622 Y193.539 Z5.3743 E2136.13034
G1 X178.322 Y194.250 Z5.3754 E2136.57415
G1 X178.149 Y194.334 Z5.3756 E2136.63164
G1 X177.969 Y194.401 Z5.3757 E2136.68914
G1 X176.821 Y194.767 Z5.3766 E2137.04987
G1 X176.639 Y194.815 Z5.3768 E2137.10610
G1 X176.454 Y194.847 Z5.3769 E2137.16234
G1 X175.210 Y194.997 Z5.3778 E2137.53753
G1 X175.000 Y195.000 Z5.3780 E2137.60025
G1 X174.048 Y194.977 Z5.3787 E2137.88520
G1 X173.099 Y194.909 Z5.3794 E2138.17014
G1 X172.154 Y194.796 Z5.3801 E2138.45509
G1 X171.215 Y194.639 Z5.3808 E2138.74003
G1 X170.285 Y194.436 Z5.3815 E2139.02498
G1 X169.365 Y194.190 Z5.3822 E2139.30992
G1 X168.459 Y193.900 Z5.3829 E2139.59487
G1 X167.567 Y193.567 Z5.3836 E2139.87981
G1 X166.692 Y193.193 Z5.3843 E2140.16476
G1 X165.835 Y192.777 Z5.3850 E2140.44970
G1 X164.003 Y191.617 Z5.3866 E2141.09873
G1 X163.861 Y191.507 Z5.3867 E2141.15248
G1 X163.730 Y191.385 Z5.3869 E2141.20623
G1 X162.959 Y190.601 Z5.3877 E2141.53556
G1 X162.841 Y190.470 Z5.3878 E2141.58828
G1 X162.735 Y190.329 Z5.3879 E2141.64100
G1 X161.928 Y189.151 Z5.3890 E2142.06857
G1 X161.155 Y187.456 Z5.3904 E2142.62616
G1 X160.580 Y185.268 Z5.3921 E2143.30339
G1 X160.332 Y182.736 Z5.3939 E2144.06493
G1 X160.462 Y179.905 Z5.3960 E2144.91318
G1 X161.007 Y176.841 Z5.3983 E2145.84471
G1 X161.985 Y173.639 Z5.4008 E2146.84683
G1 X163.387 Y170.419 Z5.4034 E2147.89811
G1 X165.174 Y167.314 Z5.4060 E2148.97053
G1 X167.276 Y164.455 Z5.4087 E2150.03282
G1 X169.602 Y161.957 Z5.4112 E2151.05464
G1 X172.050 Y159.905 Z5.4136 E2152.01070
G1 X174.517 Y158.348 Z5.4157 E2152.88400
G1 X176.914 Y157.296 Z5.4176 E2153.66754
G1 X178.990 Y156.776 Z5.4192 E2154.30833
G1 X179.174 Y156.739 Z5.4194 E2154.36427
G1 X179.359 Y156.720 Z5.4195 E2154.42021
G1 X181.013 Y156.623 Z5.4207 E2154.91598
G1 X181.207 Y156.621 Z5.4209 E2154.97401
G1 X181.400 Y156.638 Z5.4210 E2155.03203
G1 X182.687 Y156.814 Z5.4220 E2155.42095
G1 X182.873 Y156.848 Z5.4221 E2155.47771
G1 X183.056 Y156.900 Z5.4223 E2155.53446
G1 X184.110 Y157.256 Z5.4231 E2155.86736
G1 X184.282 Y157.323 Z5.4232 E2155.92288
G1 X184.448 Y157.406 Z5.4233 E2155.97840
G1 X185.353 Y157.914 Z5.4241 E2156.28896
G1 X185.507 Y158.009 Z5.4243 E2156.34332
G1 X185.652 Y158.119 Z5.4244 E2156.39769
G1 X186.463 Y158.792 Z5.4252 E2156.71298
G1 X186.595 Y158.911 Z5.4253 E2156.76627
G1 X186.715 Y159.042 Z5.4254 E2156.81956
G1 X187.460 Y159.926 Z5.4263 E2157.16539
G1 X187.566 Y160.064 Z5.4264 E2157.21770
G1 X187.661 Y160.211 Z5.4265 E2157.27001
G1 X188.426 Y161.532 Z5.4277 E2157.72691
G1 X189.124 Y163.423 Z5.4292 E2158.33041
G1 X189.568 Y165.765 Z5.4309 E2159.04383
G1 X189.662 Y168.429 Z5.4329 E2159.84191
G1 X189.360 Y171.368 Z5.4351 E2160.72636
G1 X188.632 Y174.504 Z5.4375 E2161.68986
G1 X187.472 Y177.729 Z5.4400 E2162.71585
G1 X185.900 Y180.917 Z5.4426 E2163.77978
G1 X183.970 Y183.933 Z5.4453 E2164.85177
G1 X181.761 Y186.652 Z5.4478 E2165.90043
G1 X179.370 Y188.970 Z5.4503 E2166.89708
G1 X176.903 Y190.816 Z5.4526 E2167.81962
G1 X174.456 Y192.159 Z5.4546 E2168.65518
G1 X172.277 Y192.941 Z5.4564 E2169.34801
G1 X172.108 Y192.993 Z5.4565 E2169.40096
G1 X171.935 Y193.031 Z5.4566 E2169.45390
G1 X170.114 Y193.339 Z5.4580 E2170.00687
G1 X169.924 Y193.362 Z5.4581 E2170.06402
G1 X169.734 Y193.367 Z5.4583 E2170.12117
G1 X168.251 Y193.332 Z5.4594 E2170.56498
G1 X168.060 Y193.318 Z5.4595 E2170.62248
G1 X167.870 Y193.286 Z5.4596 E2170.67997
G1 X166.693 Y193.029 Z5.4605 E2171.04070
G1 X166.512 Y192.980 Z5.4607 E2171.09693
G1 X166.336 Y192.915 Z5.4608 E2171.15317
G1 X165.183 Y192.423 Z5.4617 E2171.52836
G1 X165.000 Y192.321 Z5.4619 E2171.59108
G1 X164.187 Y191.825 Z5.4626 E2171.87603
G1 X163.399 Y191.292 Z5.4633 E2172.16097
G1 X162.637 Y190.721 Z5.4640 E2172.44592
G1 X161.903 Y190.115 Z5.4647 E2172.73086
G1 X161.198 Y189.475 Z5.4654 E2173.01581
G1 X160.525 Y188.802 Z5.4661 E2173.30076
G1 X159.885 Y188.097 Z5.4668 E2173.58570
G1 X159.279 Y187.363 Z5.4675 E2173.87065
G1 X158.708 Y186.601 Z5.4682 E2174.15559
G1 X158.175 Y185.813 Z5.4689 E2174.44054
G1 X157.168 Y183.893 Z5.4705 E2175.08957
G1 X157.100 Y183.727 Z5.4707 E2175.14331
G1 X157.047 Y183.555 Z5.4708 E2175.19706
G1 X156.771 Y182.490 Z5.4716 E2175.52639
G1 X156.735 Y182.318 Z5.4717 E2175.57911
G1 X156.714 Y182.143 Z5.4719 E2175.63183
G1 X156.604 Y180.719 Z5.4729 E2176.05940
G1 X156.782 Y178.864 Z5.4743 E2176.61699
G1 X157.378 Y176.682 Z5.4760 E2177.29422
G1 X158.429 Y174.365 Z5.4779 E2178.05576
G1 X159.957 Y171.979 Z5.4800 E2178.90401
G1 X161.961 Y169.598 Z5.4823 E2179.83554
G1 X164.409 Y167.314 Z5.4847 E2180.83766
G1 X167.233 Y165.227 Z5.4873 E2181.88894
G1 X170.333 Y163.431 Z5.4900 E2182.96137
G1 X173.583 Y162.006 Z5.4926 E2184.02365
G1 X176.847 Y161.006 Z5.4951 E2185.04547
G1 X179.993 Y160.452 Z5.4975 E2186.00153
G1 X182.908 Y160.337 Z5.4996 E2186.87483
G1 X185.509 Y160.625 Z5.5016 E2187.65837
G1 X187.568 Y161.213 Z5.5032 E2188.29916
G1 X187.745 Y161.273 Z5.5033 E2188.35510
G1 X187.915 Y161.348 Z5.5034 E2188.41104
G1 X189.396 Y162.092 Z5.5047 E2188.90682
G1 X189.564 Y162.187 Z5.5048 E2188.96484
G1 X189.723 Y162.298 Z5.5049 E2189.02286
G1 X190.750 Y163.094 Z5.5059 E2189.41178
G1 X190.894 Y163.217 Z5.5060 E2189.46854
G1 X191.026 Y163.353 Z5.5062 E2189.52530
G1 X191.761 Y164.188 Z5.5070 E2189.85819
G1 X191.877 Y164.333 Z5.5071 E2189.91371
G1 X191.979 Y164.488 Z5.5073 E2189.96923
G1 X192.509 Y165.379 Z5.5080 E2190.27979
G1 X192.595 Y165.540 Z5.5082 E2190.33415
G1 X192.666 Y165.707 Z5.5083 E2190.38852
G1 X193.031 Y166.695 Z5.5091 E2190.70381
G1 X193.086 Y166.864 Z5.5092 E2190.75710
G1 X193.125 Y167.038 Z5.5094 E2190.81039
G1 X193.328 Y168.175 Z5.5102 E2191.15622
G1 X193.351 Y168.348 Z5.5103 E2191.20853
G1 X193.359 Y168.523 Z5.5105 E2191.26084
G1 X193.362 Y170.049 Z5.5116 E2191.71774
G1 X193.020 Y172.036 Z5.5131 E2192.32124
G1 X192.234 Y174.286 Z5.5148 E2193.03466
G1 X190.983 Y176.640 Z5.5168 E2193.83274
G1 X189.252 Y179.035 Z5.5190 E2194.71719
G1 X187.054 Y181.386 Z5.5214 E2195.68069
G1 X184.436 Y183.599 Z5.5239 E2196.70668
G1 X181.481 Y185.574 Z5.5265 E2197.77061
G1 X178.302 Y187.222 Z5.5292 E2198.84260
G1 X175.029 Y188.471 Z5.5318 E2199.89126
G1 X171.800 Y189.283 Z5.5342 E2200.88791
G1 X168.740 Y189.648 Z5.5365 E2201.81045
G1 X165.949 Y189.588 Z5.5386 E2202.64601
G1 X163.672 Y189.176 Z5.5403 E2203.33885
G1 X163.499 Y189.137 Z5.5404 E2203.39179
G1 X163.331 Y189.083 Z5.5405 E2203.44473
G1 X161.599 Y188.439 Z5.5419 E2203.99770
G1 X161.424 Y188.364 Z5.5421 E2204.05485
G1 X161.256 Y188.273 Z5.5422 E2204.11201
G1 X159.989 Y187.502 Z5.5433 E2204.55581
G1 X159.830 Y187.394 Z5.5434 E2204.61331
G1 X159.682 Y187.272 Z5.5436 E2204.67080
G1 X158.792 Y186.460 Z5.5445 E2205.03153
G1 X158.659 Y186.327 Z5.5446 E2205.08776
G1 X158.539 Y186.182 Z5.5447 E2205.14400
G1 X157.787 Y185.180 Z5.5457 E2205.51919
G1 X157.679 Y185.000 Z5.5458 E2205.58191
G1 X157.206 Y184.130 Z5.5466 E2205.87841
G1 X156.775 Y183.238 Z5.5473 E2206.17490
G1 X156.390 Y182.326 Z5.5480 E2206.47140
G1 X156.050 Y181.395 Z5.5488 E2206.76789
G1 X155.757 Y180.449 Z5.5495 E2207.06439
G1 X155.510 Y179.490 Z5.5502 E2207.36088
G1 X155.312 Y178.519 Z5.5510 E2207.65738
G1 X155.162 Y177.540 Z5.5517 E2207.95387
G1 X155.061 Y176.555 Z5.5524 E2208.25037
G1 X155.008 Y175.566 Z5.5531 E2208.54686
G1 X155.005 Y174.575 Z5.5539 E2208.84336
G1 X155.050 Y173.586 Z5.5546 E2209.13985
G1 X155.145 Y172.600 Z5.5553 E2209.43635
G1 X155.288 Y171.620 Z5.5561 E2209.73284
G1 X155.479 Y170.648 Z5.5568 E2210.02934
G1 X155.719 Y169.687 Z5.5575 E2210.32583
G1 X156.005 Y168.739 Z5.5583 E2210.62233
G1 X156.339 Y167.806 Z5.5590 E2210.91882
G1 X156.718 Y166.891 Z5.5597 E2211.21532
G1 X157.141 Y165.996 Z5.5605 E2211.51181
G1 X157.609 Y165.123 Z5.5612 E2211.80831
G1 X158.120 Y164.274 Z5.5619 E2212.10480
G1 X158.671 Y163.451 Z5.5627 E2212.40129
G1 X159.263 Y162.657 Z5.5634 E2212.69779
G1 X159.893 Y161.893 Z5.5641 E2212.99428
G1 X160.561 Y161.161 Z5.5649 E2213.29078
G1 X161.264 Y160.463 Z5.5656 E2213.58727
G1 X162.000 Y159.801 Z5.5663 E2213.88377
G1 X162.769 Y159.176 Z5.5671 E2214.18026
G1 X163.567 Y158.590 Z5.5678 E2214.47676
G1 X164.394 Y158.044 Z5.5685 E2214.77325
G1 X165.246 Y157.540 Z5.5693 E2215.06975
G1 X166.123 Y157.078 Z5.5700 E2215.36624
G1 X167.021 Y156.661 Z5.5707 E2215.66274
G1 X167.938 Y156.288 Z5.5714 E2215.95923
G1 X168.874 Y155.961 Z5.5722 E2216.25573
G1 X169.824 Y155.681 Z5.5729 E2216.55222
G1 X170.786 Y155.449 Z5.5736 E2216.84872
G1 X171.760 Y155.264 Z5.5744 E2217.14521
G1 X172.741 Y155.128 Z5.5751 E2217.44171
G1 X173.727 Y155.041 Z5.5758 E2217.73820
G1 X174.717 Y155.002 Z5.5766 E2218.03470
G1 X175.707 Y155.013 Z5.5773 E2218.33119
G1 X176.696 Y155.072 Z5.5780 E2218.62769
G1 X177.681 Y155.180 Z5.5788 E2218.92418
G1 X178.659 Y155.337 Z5.5795 E2219.22068
G1 X179.628 Y155.543 Z5.5802 E2219.51717
G1 X180.585 Y155.796 Z5.5810 E2219.81366
G1 X181.529 Y156.096 Z5.5817 E2220.11016
G1 X182.457 Y156.442 Z5.5824 E2220.40665
G1 X183.367 Y156.834 Z5.5832 E2220.70315
G1 X184.256 Y157.271 Z5.5839 E2220.99964
G1 X185.122 Y157.751 Z5.5846 E2221.29614
G1 X185.964 Y158.273 Z5.5854 E2221.59263
G1 X186.779 Y158.836 Z5.5861 E2221.88913
G1 X187.564 Y159.439 Z5.5868 E2222.18562
G1 X188.319 Y160.080 Z5.5876 E2222.48212
G1 X189.042 Y160.758 Z5.5883 E2222.77861
G1 X189.730 Y161.471 Z5.5890 E2223.07511
G1 X190.381 Y162.217 Z5.5898 E2223.37160
G1 X190.995 Y162.994 Z5.5905 E2223.66810
G1 X191.570 Y163.801 Z5.5912 E2223.96459
G1 X192.104 Y164.635 Z5.5919 E2224.26109
G1 X192.597 Y165.494 Z5.5927 E2224.55758
G1 X193.046 Y166.377 Z5.5934 E2224.85408
G1 X193.450 Y167.281 Z5.5941 E2225.15057
G1 X193.810 Y168.204 Z5.5949 E2225.44707
G1 X194.123 Y169.144 Z5.5956 E2225.74356
G1 X194.390 Y170.098 Z5.5963 E2226.04006
G1 X194.609 Y171.064 Z5.5971 E2226.33655
G1 X194.780 Y172.039 Z5.5978 E2226.63304
G1 X194.902 Y173.022 Z5.5985 E2226.92954
G1 X194.975 Y174.010 Z5.5993 E2227.22603
G1 X195.000 Y175.000 Z5.6000 E2227.52253
G1 X194.890 Y176.215 Z5.6009 E2227.88766
G1 X194.865 Y176.393 Z5.6010 E2227.94141
G1 X194.825 Y176.568 Z5.6012 E2227.99516
G1 X194.531 Y177.628 Z5.6020 E2228.32448
G1 X194.477 Y177.795 Z5.6021 E2228.37721
G1 X194.408 Y177.957 Z5.6022 E2228.42993
G1 X193.791 Y179.246 Z5.6033 E2228.85750
G1 X192.709 Y180.762 Z5.6047 E2229.41509
G1 X191.102 Y182.355 Z5.6063 E2230.09231
G1 X189.033 Y183.835 Z5.6082 E2230.85386
G1 X186.517 Y185.138 Z5.6103 E2231.70210
G1 X183.591 Y186.198 Z5.6126 E2232.63364
G1 X180.329 Y186.952 Z5.6151 E2233.63575
G1 X176.840 Y187.347 Z5.6177 E2234.68704
G1 X173.257 Y187.353 Z5.6203 E2235.75946
G1 X169.730 Y186.962 Z5.6230 E2236.82175
G1 X166.403 Y186.196 Z5.6255 E2237.84357
G1 X163.402 Y185.102 Z5.6278 E2238.79963
G1 X160.820 Y183.745 Z5.6300 E2239.67293
G1 X158.711 Y182.195 Z5.6319 E2240.45647
G1 X157.223 Y180.656 Z5.6335 E2241.09726
G1 X157.099 Y180.516 Z5.6337 E2241.15320
G1 X156.989 Y180.365 Z5.6338 E2241.20913
G1 X156.079 Y178.981 Z5.6350 E2241.70491
G1 X155.980 Y178.814 Z5.6352 E2241.76293
G1 X155.898 Y178.639 Z5.6353 E2241.82096
G1 X155.407 Y177.436 Z5.6363 E2242.20988
G1 X155.344 Y177.257 Z5.6364 E2242.26664
G1 X155.297 Y177.073 Z5.6365 E2242.32339
G1 X155.078 Y175.983 Z5.6374 E2242.65628
G1 X155.050 Y175.800 Z5.6375 E2242.71181
G1 X155.039 Y175.614 Z5.6376 E2242.76733
G1 X155.026 Y174.577 Z5.6384 E2243.07788
G1 X155.032 Y174.396 Z5.6385 E2243.13225
G1 X155.054 Y174.215 Z5.6387 E2243.18662
G1 X155.232 Y173.177 Z5.6395 E2243.50190
G1 X155.269 Y173.003 Z5.6396 E2243.55520
G1 X155.322 Y172.833 Z5.6397 E2243.60849
G1 X155.715 Y171.747 Z5.6406 E2243.95432
G1 X155.782 Y171.585 Z5.6407 E2244.00663
G1 X155.862 Y171.430 Z5.6408 E2244.05894
G1 X156.623 Y170.107 Z5.6420 E2244.51584
G1 X157.912 Y168.557 Z5.6434 E2245.11934
G1 X159.718 Y167.001 Z5.6452 E2245.83276
G1 X161.979 Y165.588 Z5.6472 E2246.63083
G1 X164.675 Y164.380 Z5.6494 E2247.51529
G1 X167.754 Y163.442 Z5.6517 E2248.47879
G1 X171.127 Y162.835 Z5.6543 E2249.50478
G1 X174.674 Y162.602 Z5.6569 E2250.56871
G1 X178.251 Y162.765 Z5.6596 E2251.64070
G1 X181.711 Y163.319 Z5.6621 E2252.68935
G1 X184.913 Y164.230 Z5.6646 E2253.68600
G1 X187.746 Y165.444 Z5.6669 E2254.60855
G1 X190.132 Y166.892 Z5.6689 E2255.44411
G1 X191.899 Y168.388 Z5.6707 E2256.13694
G1 X192.028 Y168.508 Z5.6708 E2256.18988
G1 X192.147 Y168.639 Z5.6709 E2256.24283
G1 X193.325 Y170.062 Z5.6723 E2256.79580
G1 X193.440 Y170.215 Z5.6724 E2256.85295
G1 X193.539 Y170.378 Z5.6726 E2256.91010
G1 X194.250 Y171.678 Z5.6737 E2257.35391
G1 X194.334 Y171.851 Z5.6738 E2257.41140
G1 X194.401 Y172.031 Z5.6739 E2257.46890
G1 X194.767 Y173.179 Z5.6748 E2257.82963
G1 X194.815 Y173.361 Z5.6750 E2257.88586
G1 X194.847 Y173.546 Z5.6751 E2257.94210
G1 X194.997 Y174.790 Z5.6760 E2258.31729
G1 X195.000 Y175.000 Z5.6762 E2258.38001
G1 X194.977 Y175.952 Z5.6769 E2258.66496
G1 X194.909 Y176.901 Z5.6776 E2258.94990
G1 X194.796 Y177.846 Z5.6783 E2259.23485
G1 X194.639 Y178.785 Z5.6790 E2259.51979
G1 X194.436 Y179.715 Z5.6797 E2259.80474
G1 X194.190 Y180.635 Z5.6804 E2260.08968
G1 X193.900 Y181.541 Z5.6811 E2260.37463
G1 X193.567 Y182.433 Z5.6818 E2260.65957
G1 X193.193 Y183.308 Z5.6825 E2260.94452
G1 X192.777 Y184.165 Z5.6832 E2261.22946
G1 X191.617 Y185.997 Z5.6848 E2261.87849
G1 X191.507 Y186.139 Z5.6850 E2261.93224
G1 X191.385 Y186.270 Z5.6851 E2261.98599
G1 X190.601 Y187.041 Z5.6859 E2262.31532
G1 X190.470 Y187.159 Z5.6860 E2262.36804
G1 X190.329 Y187.265 Z5.6862 E2262.42076
G1 X189.151 Y188.072 Z5.6872 E2262.84833
G1 X187.456 Y188.845 Z5.6886 E2263.40592
G1 X185.268 Y189.420 Z5.6903 E2264.08315
G1 X182.736 Y189.668 Z5.6922 E2264.84469
G1 X179.905 Y189.538 Z5.6942 E2265.69293
G1 X176.841 Y188.993 Z5.6965 E2266.62447
G1 X173.639 Y188.015 Z5.6990 E2267.62659
G1 X170.419 Y186.613 Z5.7016 E2268.67787
G1 X167.314 Y184.826 Z5.7043 E2269.75029
G1 X164.455 Y182.724 Z5.7069 E2270.81258
G1 X161.957 Y180.398 Z5.7094 E2271.83440
G1 X159.905 Y177.950 Z5.7118 E2272.79046
G1 X158.348 Y175.483 Z5.7139 E2273.66376
G1 X157.296 Y173.086 Z5.7159 E2274.44730
G1 X156.776 Y171.010 Z5.7174 E2275.08809
G1 X156.739 Y170.826 Z5.7176 E2275.14403
G1 X156.720 Y170.641 Z5.7177 E2275.19997
G1 X156.623 Y168.987 Z5.7189 E2275.69574
G1 X156.621 Y168.793 Z5.7191 E2275.75377
G1 X156.638 Y168.600 Z5.7192 E2275.81179
G1 X156.814 Y167.313 Z5.7202 E2276.20071
G1 X156.848 Y167.127 Z5.7203 E2276.25747
G1 X156.900 Y166.944 Z5.7205 E2276.31422
G1 X157.256 Y165.890 Z5.7213 E2276.64711
G1 X157.323 Y165.718 Z5.7214 E2276.70264
G1 X157.406 Y165.552 Z5.7216 E2276.75816
G1 X157.914 Y164.647 Z5.7223 E2277.06871
G1 X158.009 Y164.493 Z5.7225 E2277.12308
G1 X158.119 Y164.348 Z5.7226 E2277.17745
G1 X158.792 Y163.537 Z5.7234 E2277.49274
G1 X158.911 Y163.405 Z5.7235 E2277.54603
G1 X159.042 Y163.285 Z5.7236 E2277.59932
G1 X159.926 Y162.540 Z5.7245 E2277.94515
G1 X160.064 Y162.434 Z5.7246 E2277.99746
G1 X160.211 Y162.339 Z5.7248 E2278.04977
G1 X161.532 Y161.574 Z5.7259 E2278.50667
G1 X163.423 Y160.876 Z5.7274 E2279.11017
G1 X165.765 Y160.432 Z5.7291 E2279.82359
G1 X168.429 Y160.338 Z5.7311 E2280.62167
G1 X171.368 Y160.640 Z5.7333 E2281.50612
G1 X174.504 Y161.368 Z5.7357 E2282.46962
G1 X177.729 Y162.528 Z5.7382 E2283.49561
G1 X180.917 Y164.100 Z5.7408 E2284.55954
G1 X183.933 Y166.030 Z5.7435 E2285.63153
G1 X186.652 Y168.239 Z5.7461 E2286.68019
G1 X188.970 Y170.630 Z5.7485 E2287.67683
G1 X190.816 Y173.097 Z5.7508 E2288.59938
G1 X192.159 Y175.544 Z5.7529 E2289.43494
G1 X192.941 Y177.723 Z5.7546 E2290.12777
G1 X192.993 Y177.892 Z5.7547 E2290.18072
G1 X193.031 Y178.065 Z5.7548 E2290.23366
G1 X193.339 Y179.886 Z5.7562 E2290.78663
G1 X193.362 Y180.076 Z5.7563 E2290.84378
G1 X193.367 Y180.266 Z5.7565 E2290.90093
G1 X193.332 Y181.749 Z5.7576 E2291.34474
G1 X193.318 Y181.940 Z5.7577 E2291.40224
G1 X193.286 Y182.130 Z5.7579 E2291.45973
G1 X193.029 Y183.307 Z5.7588 E2291.82046
G1 X192.980 Y183.488 Z5.7589 E2291.87669
G1 X192.915 Y183.664 Z5.7590 E2291.93293
G1 X192.423 Y184.817 Z5.7600 E2292.30812
G1 X192.321 Y185.000 Z5.7601 E2292.37084
G1 X191.825 Y185.813 Z5.7608 E2292.65579
G1 X191.292 Y186.601 Z5.7615 E2292.94073
G1 X190.721 Y187.363 Z5.7622 E2293.22568
G1 X190.115 Y188.097 Z5.7629 E2293.51062
G1 X189.475 Y188.802 Z5.7636 E2293.79557
G1 X188.802 Y189.475 Z5.7643 E2294.08051
G1 X188.097 Y190.115 Z5.7650 E2294.36546
G1 X187.363 Y190.721 Z5.7657 E2294.65040
G1 X186.601 Y191.292 Z5.7664 E2294.93535
G1 X185.813 Y191.825 Z5.7672 E2295.22030
G1 X183.893 Y192.832 Z5.7688 E2295.86932
G1 X183.727 Y192.900 Z5.7689 E2295.92307
G1 X183.555 Y192.953 Z5.7690 E2295.97682
G1 X182.490 Y193.229 Z5.7698 E2296.30615
G1 X182.318 Y193.265 Z5.7700 E2296.35887
G1 X182.143 Y193.286 Z5.7701 E2296.41159
G1 X180.719 Y193.396 Z5.7712 E2296.83916
G1 X178.864 Y193.218 Z5.7725 E2297.39675
G1 X176.682 Y192.622 Z5.7742 E2298.07398
G1 X174.365 Y191.571 Z5.7761 E2298.83552
G1 X171.979 Y190.043 Z5.7782 E2299.68377
G1 X169.598 Y188.039 Z5.7805 E2300.61530
G1 X167.314 Y185.591 Z5.7829 E2301.61742
G1 X165.227 Y182.767 Z5.7855 E2302.66870
G1 X163.431 Y179.667 Z5.7882 E2303.74112
G1 X162.006 Y176.417 Z5.7908 E2304.80341
G1 X161.006 Y173.153 Z5.7933 E2305.82523
G1 X160.452 Y170.007 Z5.7957 E2306.78129
G1 X160.337 Y167.092 Z5.7979 E2307.65459
G1 X160.625 Y164.491 Z5.7998 E2308.43813
G1 X161.213 Y162.432 Z5.8014 E2309.07892
G1 X161.273 Y162.255 Z5.8015 E2309.13486
G1 X161.348 Y162.085 Z5.8016 E2309.19080
G1 X162.092 Y160.604 Z5.8029 E2309.68657
G1 X162.187 Y160.436 Z5.8030 E2309.74460
G1 X162.298 Y160.277 Z5.8032 E2309.80262
G1 X163.094 Y159.250 Z5.8041 E2310.19154
G1 X163.217 Y159.106 Z5.8043 E2310.24830
G1 X163.353 Y158.974 Z5.8044 E2310.30506
G1 X164.188 Y158.239 Z5.8052 E2310.63795
G1 X164.333 Y158.123 Z5.8054 E2310.69347
G1 X164.488 Y158.021 Z5.8055 E2310.74899
G1 X165.379 Y157.491 Z5.8063 E2311.05955
G1 X165.540 Y157.405 Z5.8064 E2311.11391
G1 X165.707 Y157.334 Z5.8065 E2311.16828
G1 X166.695 Y156.969 Z5.8073 E2311.48357
G1 X166.864 Y156.914 Z5.8074 E2311.53686
G1 X167.038 Y156.875 Z5.8076 E2311.59015
G1 X168.175 Y156.672 Z5.8084 E2311.93598
G1 X168.348 Y156.649 Z5.8086 E2311.98829
G1 X168.523 Y156.641 Z5.8087 E2312.04060
G1 X170.049 Y156.638 Z5.8098 E2312.49750
G1 X172.036 Y156.980 Z5.8113 E2313.10100
G1 X174.286 Y157.766 Z5.8131 E2313.81442
G1 X176.640 Y159.017 Z5.8150 E2314.61250
G1 X179.035 Y160.748 Z5.8172 E2315.49695
G1 X181.386 Y162.946 Z5.8196 E2316.46045
G1 X183.599 Y165.564 Z5.8221 E2317.48644
G1 X185.574 Y168.519 Z5.8248 E2318.55037
G1 X187.222 Y171.698 Z5.8274 E2319.62236
G1 X188.471 Y174.971 Z5.8300 E2320.67102
G1 X189.283 Y178.200 Z5.8325 E2321.66767
G1 X189.648 Y181.260 Z5.8347 E2322.59021
G1 X189.588 Y184.051 Z5.8368 E2323.42577
G1 X189.176 Y186.328 Z5.8385 E2324.11860
G1 X189.137 Y186.501 Z5.8386 E2324.17155
G1 X189.083 Y186.669 Z5.8388 E2324.22449
G1 X188.439 Y188.401 Z5.8401 E2324.77746
G1 X188.364 Y188.576 Z5.8403 E2324.83461
G1 X188.273 Y188.744 Z5.8404 E2324.89176
G1 X187.502 Y190.011 Z5.8415 E2325.33557
G1 X187.394 Y190.170 Z5.8417 E2325.39307
G1 X187.272 Y190.318 Z5.8418 E2325.45056
G1 X186.460 Y191.208 Z5.8427 E2325.81129
G1 X186.327 Y191.341 Z5.8428 E2325.86752
G1 X186.182 Y191.461 Z5.8430 E2325.92376
G1 X185.180 Y192.213 Z5.8439 E2326.29895
G1 X185.000 Y192.321 Z5.8440 E2326.36167
G1 X184.165 Y192.777 Z5.8447 E2326.64662
G1 X183.308 Y193.193 Z5.8455 E2326.93156
G1 X182.433 Y193.567 Z5.8462 E2327.21651
G1 X181.541 Y193.900 Z5.8469 E2327.50145
G1 X180.635 Y194.190 Z5.8476 E2327.78640
G1 X179.715 Y194.436 Z5.8483 E2328.07135
G1 X178.785 Y194.639 Z5.8490 E2328.35629
G1 X177.846 Y194.796 Z5.8497 E2328.64124
G1 X176.901 Y194.909 Z5.8504 E2328.92618
G1 X175.952 Y194.977 Z5.8511 E2329.21113
G1 X173.785 Y194.890 Z5.8527 E2329.86016
G1 X173.607 Y194.865 Z5.8528 E2329.91390
G1 X173.432 Y194.825 Z5.8529 E2329.96765
G1 X172.372 Y194.531 Z5.8538 E2330.29698
G1 X172.205 Y194.477 Z5.8539 E2330.34970
G1 X172.043 Y194.408 Z5.8540 E2330.40242
G1 X170.754 Y193.791 Z5.8551 E2330.82999
G1 X169.238 Y192.709 Z5.8565 E2331.38758
G1 X167.645 Y191.102 Z5.8581 E2332.06481
G1 X166.165 Y189.033 Z5.8600 E2332.82635
G1 X164.862 Y186.517 Z5.8621 E2333.67460
G1 X163.802 Y183.591 Z5.8644 E2334.60613
G1 X163.048 Y180.329 Z5.8669 E2335.60825
G1 X162.653 Y176.840 Z5.8695 E2336.65953
G1 X162.647 Y173.257 Z5.8721 E2337.73196
G1 X163.038 Y169.730 Z5.8747 E2338.79424
G1 X163.804 Y166.403 Z5.8773 E2339.81606
G1 X164.898 Y163.402 Z5.8796 E2340.77212
G1 X166.255 Y160.820 Z5.8818 E2341.64542
G1 X167.805 Y158.711 Z5.8837 E2342.42896
G1 X169.344 Y157.223 Z5.8853 E2343.06975
G1 X169.484 Y157.099 Z5.8854 E2343.12569
G1 X169.635 Y156.989 Z5.8856 E2343.18163
G1 X171.019 Y156.079 Z5.8868 E2343.67741
G1 X171.186 Y155.980 Z5.8869 E2343.73543
G1 X171.361 Y155.898 Z5.8871 E2343.79345
G1 X172.564 Y155.407 Z5.8880 E2344.18237
G1 X172.743 Y155.344 Z5.8882 E2344.23913
G1 X172.927 Y155.297 Z5.8883 E2344.29589
G1 X174.017 Y155.078 Z5.8891 E2344.62878
G1 X174.200 Y155.050 Z5.8893 E2344.68430
G1 X174.386 Y155.039 Z5.8894 E2344.73982
G1 X175.423 Y155.026 Z5.8902 E2345.05038
G1 X175.604 Y155.032 Z5.8903 E2345.10474
G1 X175.785 Y155.054 Z5.8905 E2345.15911
G1 X176.823 Y155.232 Z5.8912 E2345.47440
G1 X176.997 Y155.269 Z5.8914 E2345.52769
G1 X177.167 Y155.322 Z5.8915 E2345.58098
G1 X178.253 Y155.715 Z5.8924 E2345.92682
G1 X178.415 Y155.782 Z5.8925 E2345.97912
G1 X178.570 Y155.862 Z5.8926 E2346.03143
G1 X179.893 Y156.623 Z5.8937 E2346.48833
G1 X181.443 Y157.912 Z5.8952 E2347.09183
G1 X182.999 Y159.718 Z5.8970 E2347.80525
G1 X184.412 Y161.979 Z5.8990 E2348.60333
G1 X185.620 Y164.675 Z5.9011 E2349.48778
G1 X186.558 Y167.754 Z5.9035 E2350.45128
G1 X187.165 Y171.127 Z5.9061 E2351.47727
G1 X187.398 Y174.674 Z5.9087 E2352.54120
G1 X187.235 Y178.251 Z5.9113 E2353.61319
G1 X186.681 Y181.711 Z5.9139 E2354.66185
G1 X185.770 Y184.913 Z5.9164 E2355.65850
G1 X184.556 Y187.746 Z5.9187 E2356.58104
G1 X183.108 Y190.132 Z5.9207 E2357.41660
G1 X181.612 Y191.899 Z5.9224 E2358.10944
G1 X181.492 Y192.028 Z5.9226 E2358.16238
G1 X181.361 Y192.147 Z5.9227 E2358.21532
G1 X179.938 Y193.325 Z5.9241 E2358.76829
G1 X179.785 Y193.440 Z5.9242 E2358.82544
G1 X179.622 Y193.539 Z5.9243 E2358.88260
G1 X178.322 Y194.250 Z5.9254 E2359.32640
G1 X178.149 Y194.334 Z5.9256 E2359.38390
G1 X177.969 Y194.401 Z5.9257 E2359.44139
G1 X176.821 Y194.767 Z5.9266 E2359.80212
G1 X176.639 Y194.815 Z5.9268 E2359.85836
G1 X176.454 Y194.847 Z5.9269 E2359.91459
G1 X175.210 Y194.997 Z5.9278 E2360.28978
G1 X175.000 Y195.000 Z5.9280 E2360.35251
G1 X174.048 Y194.977 Z5.9287 E2360.63745
G1 X173.099 Y194.909 Z5.9294 E2360.92240
G1 X172.154 Y194.796 Z5.9301 E2361.20734
G1 X171.215 Y194.639 Z5.9308 E2361.49229
G1 X170.285 Y194.436 Z5.9315 E2361.77723
G1 X169.365 Y194.190 Z5.9322 E2362.06218
G1 X168.459 Y193.900 Z5.9329 E2362.34712
G1 X167.567 Y193.567 Z5.9336 E2362.63207
G1 X166.692 Y193.193 Z5.9343 E2362.91701
G1 X165.835 Y192.777 Z5.9350 E2363.20196
G1 X164.003 Y191.617 Z5.9366 E2363.85099
G1 X163.861 Y191.507 Z5.9367 E2363.90473
G1 X163.730 Y191.385 Z5.9369 E2363.95848
G1 X162.959 Y190.601 Z5.9377 E2364.28781
G1 X162.841 Y190.470 Z5.9378 E2364.34053
G1 X162.735 Y190.329 Z5.9379 E2364.39326
G1 X161.928 Y189.151 Z5.9390 E2364.82082
G1 X161.155 Y187.456 Z5.9404 E2365.37841
G1 X160.580 Y185.268 Z5.9421 E2366.05564
G1 X160.332 Y182.736 Z5.9439 E2366.81718
G1 X160.462 Y179.905 Z5.9460 E2367.66543
G1 X161.007 Y176.841 Z5.9483 E2368.59696
G1 X161.985 Y173.639 Z5.9508 E2369.59908
G1 X163.387 Y170.419 Z5.9534 E2370.65037
G1 X165.174 Y167.314 Z5.9560 E2371.72279
G1 X167.276 Y164.455 Z5.9587 E2372.78507
G1 X169.602 Y161.957 Z5.9612 E2373.80689
G1 X172.050 Y159.905 Z5.9636 E2374.76295
G1 X174.517 Y158.348 Z5.9657 E2375.63625
G1 X176.914 Y157.296 Z5.9676 E2376.41979
G1 X178.990 Y156.776 Z5.9692 E2377.06058
G1 X179.174 Y156.739 Z5.9694 E2377.11652
G1 X179.359 Y156.720 Z5.9695 E2377.17246
G1 X181.013 Y156.623 Z5.9707 E2377.66824
G1 X181.207 Y156.621 Z5.9709 E2377.72626
G1 X181.400 Y156.638 Z5.9710 E2377.78428
G1 X182.687 Y156.814 Z5.9720 E2378.17320
G1 X182.873 Y156.848 Z5.9721 E2378.22996
G1 X183.056 Y156.900 Z5.9723 E2378.28672
G1 X184.110 Y157.256 Z5.9731 E2378.61961
G1 X184.282 Y157.323 Z5.9732 E2378.67513
G1 X184.448 Y157.406 Z5.9733 E2378.73066
G1 X185.353 Y157.914 Z5.9741 E2379.04121
G1 X185.507 Y158.009 Z5.9743 E2379.09557
G1 X185.652 Y158.119 Z5.9744 E2379.14994
G1 X186.463 Y158.792 Z5.9752 E2379.46523
G1 X186.595 Y158.911 Z5.9753 E2379.51852
G1 X186.715 Y159.042 Z5.9754 E2379.57182
G1 X187.460 Y159.926 Z5.9763 E2379.91765
G1 X187.566 Y160.064 Z5.9764 E2379.96995
G1 X187.661 Y160.211 Z5.9765 E2380.02226
G1 X188.426 Y161.532 Z5.9777 E2380.47916
G1 X189.124 Y163.423 Z5.9792 E2381.08266
G1 X189.568 Y165.765 Z5.9809 E2381.79608
G1 X189.662 Y168.429 Z5.9829 E2382.59416
G1 X189.360 Y171.368 Z5.9851 E2383.47862
G1 X188.632 Y174.504 Z5.9875 E2384.44211
G1 X187.472 Y177.729 Z5.9900 E2385.46810
G1 X185.900 Y180.917 Z5.9926 E2386.53203
G1 X183.970 Y183.933 Z5.9953 E2387.60402
G1 X181.761 Y186.652 Z5.9978 E2388.65268
G1 X179.370 Y188.970 Z6.0003 E2389.64933
G1 X176.903 Y190.816 Z6.0026 E2390.57188
G1 X174.456 Y192.159 Z6.0046 E2391.40743
G1 X172.277 Y192.941 Z6.0064 E2392.10027
G1 X172.108 Y192.993 Z6.0065 E2392.15321
G1 X171.935 Y193.031 Z6.0066 E2392.20615
G1 X170.114 Y193.339 Z6.0080 E2392.75912
G1 X169.924 Y193.362 Z6.0081 E2392.81628
G1 X169.734 Y193.367 Z6.0083 E2392.87343
G1 X168.251 Y193.332 Z6.0094 E2393.31723
G1 X168.060 Y193.318 Z6.0095 E2393.37473
G1 X167.870 Y193.286 Z6.0096 E2393.43222
G1 X166.693 Y193.029 Z6.0105 E2393.79295
G1 X166.512 Y192.980 Z6.0107 E2393.84919
G1 X166.336 Y192.915 Z6.0108 E2393.90542
G1 X165.183 Y192.423 Z6.0117 E2394.28061
G1 X165.000 Y192.321 Z6.0119 E2394.34334
G1 X164.187 Y191.825 Z6.0126 E2394.62828
G1 X163.399 Y191.292 Z6.0133 E2394.91323
G1 X162.637 Y190.721 Z6.0140 E2395.19817
G1 X161.903 Y190.115 Z6.0147 E2395.48312
G1 X161.198 Y189.475 Z6.0154 E2395.76806
G1 X160.525 Y188.802 Z6.0161 E2396.05301
G1 X159.885 Y188.097 Z6.0168 E2396.33795
G1 X159.279 Y187.363 Z6.0175 E2396.62290
G1 X158.708 Y186.601 Z6.0182 E2396.90784
G1 X158.175 Y185.813 Z6.0189 E2397.19279
G1 X157.168 Y183.893 Z6.0205 E2397.84182
G1 X157.100 Y183.727 Z6.0207 E2397.89557
G1 X157.047 Y183.555 Z6.0208 E2397.94931
G1 X156.771 Y182.490 Z6.0216 E2398.27864
G1 X156.735 Y182.318 Z6.0217 E2398.33136
G1 X156.714 Y182.143 Z6.0219 E2398.38409
G1 X156.604 Y180.719 Z6.0229 E2398.81165
G1 X156.782 Y178.864 Z6.0243 E2399.36925
G1 X157.378 Y176.682 Z6.0260 E2400.04647
G1 X158.429 Y174.365 Z6.0279 E2400.80801
G1 X159.957 Y171.979 Z6.0300 E2401.65626
G1 X161.961 Y169.598 Z6.0323 E2402.58780
G1 X164.409 Y167.314 Z6.0347 E2403.58991
G1 X167.233 Y165.227 Z6.0373 E2404.64120
G1 X170.333 Y163.431 Z6.0400 E2405.71362
G1 X173.583 Y162.006 Z6.0426 E2406.77591
G1 X176.847 Y161.006 Z6.0451 E2407.79772
G1 X179.993 Y160.452 Z6.0475 E2408.75379
G1 X182.908 Y160.337 Z6.0496 E2409.62708
G1 X185.509 Y160.625 Z6.0516 E2410.41062
G1 X187.568 Y161.213 Z6.0532 E2411.05141
G1 X187.745 Y161.273 Z6.0533 E2411.10735
G1 X187.915 Y161.348 Z6.0534 E2411.16329
G1 X189.396 Y162.092 Z6.0547 E2411.65907
G1 X189.564 Y162.187 Z6.0548 E2411.71709
G1 X189.723 Y162.298 Z6.0549 E2411.77511
G1 X190.750 Y163.094 Z6.0559 E2412.16404
G1 X190.894 Y163.217 Z6.0560 E2412.22079
G1 X191.026 Y163.353 Z6.0562 E2412.27755
G1 X191.761 Y164.188 Z6.0570 E2412.61044
G1 X191.877 Y164.333 Z6.0571 E2412.66596
G1 X191.979 Y164.488 Z6.0573 E2412.72149
G1 X192.509 Y165.379 Z6.0580 E2413.03204
G1 X192.595 Y165.540 Z6.0582 E2413.08641
G1 X192.666 Y165.707 Z6.0583 E2413.14077
G1 X193.031 Y166.695 Z6.0591 E2413.45606
G1 X193.086 Y166.864 Z6.0592 E2413.50935
G1 X193.125 Y167.038 Z6.0594 E2413.56265
G1 X193.328 Y168.175 Z6.0602 E2413.90848
G1 X193.351 Y168.348 Z6.0603 E2413.96079
G1 X193.359 Y168.523 Z6.0605 E2414.01309
G1 X193.362 Y170.049 Z6.0616 E2414.46999
G1 X193.020 Y172.036 Z6.0631 E2415.07349
G1 X192.234 Y174.286 Z6.0648 E2415.78691
G1 X190.983 Y176.640 Z6.0668 E2416.58499
G1 X189.252 Y179.035 Z6.0690 E2417.46945
G1 X187.054 Y181.386 Z6.0714 E2418.43294
G1 X184.436 Y183.599 Z6.0739 E2419.45893
G1 X181.481 Y185.574 Z6.0765 E2420.52286
G1 X178.302 Y187.222 Z6.0792 E2421.59486
G1 X175.029 Y188.471 Z6.0818 E2422.64351
G1 X171.800 Y189.283 Z6.0842 E2423.64016
G1 X168.740 Y189.648 Z6.0865 E2424.56271
G1 X165.949 Y189.588 Z6.0886 E2425.39826
G1 X163.672 Y189.176 Z6.0903 E2426.09110
G1 X163.499 Y189.137 Z6.0904 E2426.14404
G1 X163.331 Y189.083 Z6.0905 E2426.19698
G1 X161.599 Y188.439 Z6.0919 E2426.74995
G1 X161.424 Y188.364 Z6.0921 E2426.80711
G1 X161.256 Y188.273 Z6.0922 E2426.86426
G1 X159.989 Y187.502 Z6.0933 E2427.30806
G1 X159.830 Y187.394 Z6.0934 E2427.36556
G1 X159.682 Y187.272 Z6.0936 E2427.42306
G1 X158.792 Y186.460 Z6.0945 E2427.78378
G1 X158.659 Y186.327 Z6.0946 E2427.84002
G1 X158.539 Y186.182 Z6.0947 E2427.89625
G1 X157.787 Y185.180 Z6.0957 E2428.27144
G1 X157.679 Y185.000 Z6.0958 E2428.33417
G1 X157.206 Y184.130 Z6.0966 E2428.63066
G1 X156.775 Y183.238 Z6.0973 E2428.92716
G1 X156.390 Y182.326 Z6.0980 E2429.22365
G1 X156.050 Y181.395 Z6.0988 E2429.52015
G1 X155.757 Y180.449 Z6.0995 E2429.81664
G1 X155.510 Y179.490 Z6.1002 E2430.11314
G1 X155.312 Y178.519 Z6.1010 E2430.40963
G1 X155.162 Y177.540 Z6.1017 E2430.70613
G1 X155.061 Y176.555 Z6.1024 E2431.00262
G1 X155.008 Y175.566 Z6.1031 E2431.29912
G1 X155.005 Y174.575 Z6.1039 E2431.59561
G1 X155.050 Y173.586 Z6.1046 E2431.89211
G1 X155.145 Y172.600 Z6.1053 E2432.18860
G1 X155.288 Y171.620 Z6.1061 E2432.48509
G1 X155.479 Y170.648 Z6.1068 E2432.78159
G1 X155.719 Y169.687 Z6.1075 E2433.07808
G1 X156.005 Y168.739 Z6.1083 E2433.37458
G1 X156.339 Y167.806 Z6.1090 E2433.67107
G1 X156.718 Y166.891 Z6.1097 E2433.96757
G1 X157.141 Y165.996 Z6.1105 E2434.26406
G1 X157.609 Y165.123 Z6.1112 E2434.56056
G1 X158.120 Y164.274 Z6.1119 E2434.85705
G1 X158.671 Y163.451 Z6.1127 E2435.15355
G1 X159.263 Y162.657 Z6.1134 E2435.45004
G1 X159.893 Y161.893 Z6.1141 E2435.74654
G1 X160.561 Y161.161 Z6.1149 E2436.04303
G1 X161.264 Y160.463 Z6.1156 E2436.33953
G1 X162.000 Y159.801 Z6.1163 E2436.63602
G1 X162.769 Y159.176 Z6.1171 E2436.93252
G1 X163.567 Y158.590 Z6.1178 E2437.22901
G1 X164.394 Y158.044 Z6.1185 E2437.52551
G1 X165.246 Y157.540 Z6.1193 E2437.82200
G1 X166.123 Y157.078 Z6.1200 E2438.11850
G1 X167.021 Y156.661 Z6.1207 E2438.41499
G1 X167.938 Y156.288 Z6.1214 E2438.71149
G1 X168.874 Y155.961 Z6.1222 E2439.00798
G1 X169.824 Y155.681 Z6.1229 E2439.30447
G1 X170.786 Y155.449 Z6.1236 E2439.60097
G1 X171.760 Y155.264 Z6.1244 E2439.89746
G1 X172.741 Y155.128 Z6.1251 E2440.19396
G1 X173.727 Y155.041 Z6.1258 E2440.49045
G1 X174.717 Y155.002 Z6.1266 E2440.78695
G1 X175.707 Y155.013 Z6.1273 E2441.08344
G1 X176.696 Y155.072 Z6.1280 E2441.37994
G1 X177.681 Y155.180 Z6.1288 E2441.67643
G1 X178.659 Y155.337 Z6.1295 E2441.97293
G1 X179.628 Y155.543 Z6.1302 E2442.26942
G1 X180.585 Y155.796 Z6.1310 E2442.56592
G1 X181.529 Y156.096 Z6.1317 E2442.86241
G1 X182.457 Y156.442 Z6.1324 E2443.15891
G1 X183.367 Y156.834 Z6.1332 E2443.45540
G1 X184.256 Y157.271 Z6.1339 E2443.75190
G1 X185.122 Y157.751 Z6.1346 E2444.04839
G1 X185.964 Y158.273 Z6.1354 E2444.34489
G1 X186.779 Y158.836 Z6.1361 E2444.64138
G1 X187.564 Y159.439 Z6.1368 E2444.93788
G1 X188.319 Y160.080 Z6.1376 E2445.23437
G1 X189.042 Y160.758 Z6.1383 E2445.53087
G1 X189.730 Y161.471 Z6.1390 E2445.82736
G1 X190.381 Y162.217 Z6.1398 E2446.12385
G1 X190.995 Y162.994 Z6.1405 E2446.42035
G1 X191.570 Y163.801 Z6.1412 E2446.71684
G1 X192.104 Y164.635 Z6.1419 E2447.01334
G1 X192.597 Y165.494 Z6.1427 E2447.30983
G1 X193.046 Y166.377 Z6.1434 E2447.60633
G1 X193.450 Y167.281 Z6.1441 E2447.90282
G1 X193.810 Y168.204 Z6.1449 E2448.19932
G1 X194.123 Y169.144 Z6.1456 E2448.49581
G1 X194.390 Y170.098 Z6.1463 E2448.79231
G1 X194.609 Y171.064 Z6.1471 E2449.08880
G1 X194.780 Y172.039 Z6.1478 E2449.38530
G1 X194.902 Y173.022 Z6.1485 E2449.68179
G1 X194.975 Y174.010 Z6.1493 E2449.97829
G1 X195.000 Y175.000 Z6.1500 E2450.27478
G1 X194.890 Y176.215 Z6.1509 E2450.63991
G1 X194.865 Y176.393 Z6.1510 E2450.69366
G1 X194.825 Y176.568 Z6.1512 E2450.74741
G1 X194.531 Y177.628 Z6.1520 E2451.07674
G1 X194.477 Y177.795 Z6.1521 E2451.12946
G1 X194.408 Y177.957 Z6.1522 E2451.18218
G1 X193.791 Y179.246 Z6.1533 E2451.60975
G1 X192.709 Y180.762 Z6.1547 E2452.16734
G1 X191.102 Y182.355 Z6.1563 E2452.84457
G1 X189.033 Y183.835 Z6.1582 E2453.60611
G1 X186.517 Y185.138 Z6.1603 E2454.45436
G1 X183.591 Y186.198 Z6.1626 E2455.38589
G1 X180.329 Y186.952 Z6.1651 E2456.38801
G1 X176.840 Y187.347 Z6.1677 E2457.43929
G1 X173.257 Y187.353 Z6.1703 E2458.51172
G1 X169.730 Y186.962 Z6.1730 E2459.57400
G1 X166.403 Y186.196 Z6.1755 E2460.59582
G1 X163.402 Y185.102 Z6.1778 E2461.55188
G1 X160.820 Y183.745 Z6.1800 E2462.42518
G1 X158.711 Y182.195 Z6.1819 E2463.20872
G1 X157.223 Y180.656 Z6.1835 E2463.84951
G1 X157.099 Y180.516 Z6.1837 E2463.90545
G1 X156.989 Y180.365 Z6.1838 E2463.96139
G1 X156.079 Y178.981 Z6.1850 E2464.45716
G1 X155.980 Y178.814 Z6.1852 E2464.51519
G1 X155.898 Y178.639 Z6.1853 E2464.57321
G1 X155.407 Y177.436 Z6.1863 E2464.96213
G1 X155.344 Y177.257 Z6.1864 E2465.01889
G1 X155.297 Y177.073 Z6.1865 E2465.07565
G1 X155.078 Y175.983 Z6.1874 E2465.40854
G1 X155.050 Y175.800 Z6.1875 E2465.46406
G1 X155.039 Y175.614 Z6.1876 E2465.51958
G1 X155.026 Y174.577 Z6.1884 E2465.83014
G1 X155.032 Y174.396 Z6.1885 E2465.88450
G1 X155.054 Y174.215 Z6.1887 E2465.93887
G1 X155.232 Y173.177 Z6.1895 E2466.25416
G1 X155.269 Y173.003 Z6.1896 E2466.30745
G1 X155.322 Y172.833 Z6.1897 E2466.36074
G1 X155.715 Y171.747 Z6.1906 E2466.70657
G1 X155.782 Y171.585 Z6.1907 E2466.75888
G1 X155.862 Y171.430 Z6.1908 E2466.81119
G1 X156.623 Y170.107 Z6.1920 E2467.26809
G1 X157.912 Y168.557 Z6.1934 E2467.87159
G1 X159.718 Y167.001 Z6.1952 E2468.58501
G1 X161.979 Y165.588 Z6.1972 E2469.38309
G1 X164.675 Y164.380 Z6.1994 E2470.26754
G1 X167.754 Y163.442 Z6.2017 E2471.23104
G1 X171.127 Y162.835 Z6.2043 E2472.25703
G1 X174.674 Y162.602 Z6.2069 E2473.32096
G1 X178.251 Y162.765 Z6.2096 E2474.39295
G1 X181.711 Y163.319 Z6.2121 E2475.44161
G1 X184.913 Y164.230 Z6.2146 E2476.43826
G1 X187.746 Y165.444 Z6.2169 E2477.36080
G1 X190.132 Y166.892 Z6.2189 E2478.19636
G1 X191.899 Y168.388 Z6.2207 E2478.88919
G1 X192.028 Y168.508 Z6.2208 E2478.94214
G1 X192.147 Y168.639 Z6.2209 E2478.99508
G1 X193.325 Y170.062 Z6.2223 E2479.54805
G1 X193.440 Y170.215 Z6.2224 E2479.60520
G1 X193.539 Y170.378 Z6.2226 E2479.66236
G1 X194.250 Y171.678 Z6.2237 E2480.10616
G1 X194.334 Y171.851 Z6.2238 E2480.16366
G1 X194.401 Y172.031 Z6.2239 E2480.22115
G1 X194.767 Y173.179 Z6.2248 E2480.58188
G1 X194.815 Y173.361 Z6.2250 E2480.63811
G1 X194.847 Y173.546 Z6.2251 E2480.69435
G1 X194.997 Y174.790 Z6.2260 E2481.06954
G1 X195.000 Y175.000 Z6.2262 E2481.13226
G1 X194.977 Y175.952 Z6.2269 E2481.41721
G1 X194.909 Y176.901 Z6.2276 E2481.70215
G1 X194.796 Y177.846 Z6.2283 E2481.98710
G1 X194.639 Y178.785 Z6.2290 E2482.27205
G1 X194.436 Y179.715 Z6.2297 E2482.55699
G1 X194.190 Y180.635 Z6.2304 E2482.84194
G1 X193.900 Y181.541 Z6.2311 E2483.12688
G1 X193.567 Y182.433 Z6.2318 E2483.41183
G1 X193.193 Y183.308 Z6.2325 E2483.69677
G1 X192.777 Y184.165 Z6.2332 E2483.98172
G1 X191.617 Y185.997 Z6.2348 E2484.63075
G1 X191.507 Y186.139 Z6.2350 E2484.68449
G1 X191.385 Y186.270 Z6.2351 E2484.73824
G1 X190.601 Y187.041 Z6.2359 E2485.06757
G1 X190.470 Y187.159 Z6.2360 E2485.12029
G1 X190.329 Y187.265 Z6.2362 E2485.17302
G1 X189.151 Y188.072 Z6.2372 E2485.60058
G1 X187.456 Y188.845 Z6.2386 E2486.15817
G1 X185.268 Y189.420 Z6.2403 E2486.83540
G1 X182.736 Y189.668 Z6.2422 E2487.59694
G1 X179.905 Y189.538 Z6.2442 E2488.44519
G1 X176.841 Y188.993 Z6.2465 E2489.37672
G1 X173.639 Y188.015 Z6.2490 E2490.37884
G1 X170.419 Y186.613 Z6.2516 E2491.43012
G1 X167.314 Y184.826 Z6.2543 E2492.50255
G1 X164.455 Y182.724 Z6.2569 E2493.56483
G1 X161.957 Y180.398 Z6.2594 E2494.58665
G1 X159.905 Y177.950 Z6.2618 E2495.54271
G1 X158.348 Y175.483 Z6.2639 E2496.41601
G1 X157.296 Y173.086 Z6.2659 E2497.19955
G1 X156.776 Y171.010 Z6.2674 E2497.84034
G1 X156.739 Y170.826 Z6.2676 E2497.89628
G1 X156.720 Y170.641 Z6.2677 E2497.95222
G1 X156.623 Y168.987 Z6.2689 E2498.44800
G1 X156.621 Y168.793 Z6.2691 E2498.50602
G1 X156.638 Y168.600 Z6.2692 E2498.56404
G1 X156.814 Y167.313 Z6.2702 E2498.95296
G1 X156.848 Y167.127 Z6.2703 E2499.00972
G1 X156.900 Y166.944 Z6.2705 E2499.06648
G1 X157.256 Y165.890 Z6.2713 E2499.39937
G1 X157.323 Y165.718 Z6.2714 E2499.45489
G1 X157.406 Y165.552 Z6.2716 E2499.51041
G1 X157.914 Y164.647 Z6.2723 E2499.82097
G1 X158.009 Y164.493 Z6.2725 E2499.87533
G1 X158.119 Y164.348 Z6.2726 E2499.92970
G1 X158.792 Y163.537 Z6.2734 E2500.24499
G1 X158.911 Y163.405 Z6.2735 E2500.29828
G1 X159.042 Y163.285 Z6.2736 E2500.35157
G1 X159.926 Y162.540 Z6.2745 E2500.69741
G1 X160.064 Y162.434 Z6.2746 E2500.74971
G1 X160.211 Y162.339 Z6.2748 E2500.80202
G1 X161.532 Y161.574 Z6.2759 E2501.25892
G1 X163.423 Y160.876 Z6.2774 E2501.86242
G1 X165.765 Y160.432 Z6.2791 E2502.57584
G1 X168.429 Y160.338 Z6.2811 E2503.37392
G1 X171.368 Y160.640 Z6.2833 E2504.25837
G1 X174.504 Y161.368 Z6.2857 E2505.22187
G1 X177.729 Y162.528 Z6.2882 E2506.24786
G1 X180.917 Y164.100 Z6.2908 E2507.31179
G1 X183.933 Y166.030 Z6.2935 E2508.38378
G1 X186.652 Y168.239 Z6.2961 E2509.43244
G1 X188.970 Y170.630 Z6.2985 E2510.42909
G1 X190.816 Y173.097 Z6.3008 E2511.35163
G1 X192.159 Y175.544 Z6.3029 E2512.18719
G1 X192.941 Y177.723 Z6.3046 E2512.88003
G1 X192.993 Y177.892 Z6.3047 E2512.93297
G1 X193.031 Y178.065 Z6.3048 E2512.98591
G1 X193.339 Y179.886 Z6.3062 E2513.53888
G1 X193.362 Y180.076 Z6.3063 E2513.59603
G1 X193.367 Y180.266 Z6.3065 E2513.65319
G1 X193.332 Y181.749 Z6.3076 E2514.09699
G1 X193.318 Y181.940 Z6.3077 E2514.15449
G1 X193.286 Y182.130 Z6.3079 E2514.21198
G1 X193.029 Y183.307 Z6.3088 E2514.57271
G1 X192.980 Y183.488 Z6.3089 E2514.62895
G1 X192.915 Y183.664 Z6.3090 E2514.68518
G1 X192.423 Y184.817 Z6.3100 E2515.06037
G1 X192.321 Y185.000 Z6.3101 E2515.12310
G1 X191.825 Y185.813 Z6.3108 E2515.40804
G1 X191.292 Y186.601 Z6.3115 E2515.69299
G1 X190.721 Y187.363 Z6.3122 E2515.97793
G1 X190.115 Y188.097 Z6.3129 E2516.26288
G1 X189.475 Y188.802 Z6.3136 E2516.54782
G1 X188.802 Y189.475 Z6.3143 E2516.83277
G1 X188.097 Y190.115 Z6.3150 E2517.11771
G1 X187.363 Y190.721 Z6.3157 E2517.40266
G1 X186.601 Y191.292 Z6.3164 E2517.68760
G1 X185.813 Y191.825 Z6.3172 E2517.97255
G1 X183.893 Y192.832 Z6.3188 E2518.62158
G1 X183.727 Y192.900 Z6.3189 E2518.67532
G1 X183.555 Y192.953 Z6.3190 E2518.72907
G1 X182.490 Y193.229 Z6.3198 E2519.05840
G1 X182.318 Y193.265 Z6.3200 E2519.11112
G1 X182.143 Y193.286 Z6.3201 E2519.16385
G1 X180.719 Y193.396 Z6.3212 E2519.59141
G1 X178.864 Y193.218 Z6.3225 E2520.14900
G1 X176.682 Y192.622 Z6.3242 E2520.82623
G1 X174.365 Y191.571 Z6.3261 E2521.58777
G1 X171.979 Y190.043 Z6.3282 E2522.43602
G1 X169.598 Y188.039 Z6.3305 E2523.36756
G1 X167.314 Y185.591 Z6.3329 E2524.36967
G1 X165.227 Y182.767 Z6.3355 E2525.42096
G1 X163.431 Y179.667 Z6.3382 E2526.49338
G1 X162.006 Y176.417 Z6.3408 E2527.55566
G1 X161.006 Y173.153 Z6.3433 E2528.57748
G1 X160.452 Y170.007 Z6.3457 E2529.53354
G1 X160.337 Y167.092 Z6.3479 E2530.40684
G1 X160.625 Y164.491 Z6.3498 E2531.19038
G1 X161.213 Y162.432 Z6.3514 E2531.83117
G1 X161.273 Y162.255 Z6.3515 E2531.88711
G1 X161.348 Y162.085 Z6.3516 E2531.94305
G1 X162.092 Y160.604 Z6.3529 E2532.43883
G1 X162.187 Y160.436 Z6.3530 E2532.49685
G1 X162.298 Y160.277 Z6.3532 E2532.55487
G1 X163.094 Y159.250 Z6.3541 E2532.94379
G1 X163.217 Y159.106 Z6.3543 E2533.00055
G1 X163.353 Y158.974 Z6.3544 E2533.05731
G1 X164.188 Y158.239 Z6.3552 E2533.39020
G1 X164.333 Y158.123 Z6.3554 E2533.44572
G1 X164.488 Y158.021 Z6.3555 E2533.50125
G1 X165.379 Y157.491 Z6.3563 E2533.81180
G1 X165.540 Y157.405 Z6.3564 E2533.86616
G1 X165.707 Y157.334 Z6.3565 E2533.92053
G1 X166.695 Y156.969 Z6.3573 E2534.23582
G1 X166.864 Y156.914 Z6.3574 E2534.28911
G1 X167.038 Y156.875 Z6.3576 E2534.34241
G1 X168.175 Y156.672 Z6.3584 E2534.68824
G1 X168.348 Y156.649 Z6.3586 E2534.74055
G1 X168.523 Y156.641 Z6.3587 E2534.79285
G1 X170.049 Y156.638 Z6.3598 E2535.24975
G1 X172.036 Y156.980 Z6.3613 E2535.85325
G1 X174.286 Y157.766 Z6.3631 E2536.56667
G1 X176.640 Y159.017 Z6.3650 E2537.36475
G1 X179.035 Y160.748 Z6.3672 E2538.24921
G1 X181.386 Y162.946 Z6.3696 E2539.21270
G1 X183.599 Y165.564 Z6.3721 E2540.23869
G1 X185.574 Y168.519 Z6.3748 E2541.30262
G1 X187.222 Y171.698 Z6.3774 E2542.37462
G1 X188.471 Y174.971 Z6.3800 E2543.42327
G1 X189.283 Y178.200 Z6.3825 E2544.41992
G1 X189.648 Y181.260 Z6.3847 E2545.34247
G1 X189.588 Y184.051 Z6.3868 E2546.17802
G1 X189.176 Y186.328 Z6.3885 E2546.87086
G1 X189.137 Y186.501 Z6.3886 E2546.92380
G1 X189.083 Y186.669 Z6.3888 E2546.97674
G1 X188.439 Y188.401 Z6.3901 E2547.52971
G1 X188.364 Y188.576 Z6.3903 E2547.58687
G1 X188.273 Y188.744 Z6.3904 E2547.64402
G1 X187.502 Y190.011 Z6.3915 E2548.08782
G1 X187.394 Y190.170 Z6.3917 E2548.14532
G1 X187.272 Y190.318 Z6.3918 E2548.20282
G1 X186.460 Y191.208 Z6.3927 E2548.56354
G1 X186.327 Y191.341 Z6.3928 E2548.61978
G1 X186.182 Y191.461 Z6.3930 E2548.67601
G1 X185.180 Y192.213 Z6.3939 E2549.05120
G1 X185.000 Y192.321 Z6.3940 E2549.11393
G1 X184.165 Y192.777 Z6.3947 E2549.39887
G1 X183.308 Y193.193 Z6.3955 E2549.68382
G1 X182.433 Y193.567 Z6.3962 E2549.96876
G1 X181.541 Y193.900 Z6.3969 E2550.25371
G1 X180.635 Y194.190 Z6.3976 E2550.53865
G1 X179.715 Y194.436 Z6.3983 E2550.82360
G1 X178.785 Y194.639 Z6.3990 E2551.10854
G1 X177.846 Y194.796 Z6.3997 E2551.39349
G1 X176.901 Y194.909 Z6.4004 E2551.67843
G1 X175.952 Y194.977 Z6.4011 E2551.96338
G1 X173.785 Y194.890 Z6.4027 E2552.61241
G1 X173.607 Y194.865 Z6.4028 E2552.66616
G1 X173.432 Y194.825 Z6.4029 E2552.71990
G1 X172.372 Y194.531 Z6.4038 E2553.04923
G1 X172.205 Y194.477 Z6.4039 E2553.10195
G1 X172.043 Y194.408 Z6.4040 E2553.15468
G1 X170.754 Y193.791 Z6.4051 E2553.58224
G1 X169.238 Y192.709 Z6.4065 E2554.13984
G1 X167.645 Y191.102 Z6.4081 E2554.81706
G1 X166.165 Y189.033 Z6.4100 E2555.57860
G1 X164.862 Y186.517 Z6.4121 E2556.42685
G1 X163.802 Y183.591 Z6.4144 E2557.35839
G1 X163.048 Y180.329 Z6.4169 E2558.36050
G1 X162.653 Y176.840 Z6.4195 E2559.41179
G1 X162.647 Y173.257 Z6.4221 E2560.48421
G1 X163.038 Y169.730 Z6.4247 E2561.54650
G1 X163.804 Y166.403 Z6.4273 E2562.56831
G1 X164.898 Y163.402 Z6.4296 E2563.52438
G1 X166.255 Y160.820 Z6.4318 E2564.39767
G1 X167.805 Y158.711 Z6.4337 E2565.18121
G1 X169.344 Y157.223 Z6.4353 E2565.82200
G1 X169.484 Y157.099 Z6.4354 E2565.87794
G1 X169.635 Y156.989 Z6.4356 E2565.93388
G1 X171.019 Y156.079 Z6.4368 E2566.42966
G1 X171.186 Y155.980 Z6.4369 E2566.48768
G1 X171.361 Y155.898 Z6.4371 E2566.54570
G1 X172.564 Y155.407 Z6.4380 E2566.93463
G1 X172.743 Y155.344 Z6.4382 E2566.99138
G1 X172.927 Y155.297 Z6.4383 E2567.04814
G1 X174.017 Y155.078 Z6.4391 E2567.38103
G1 X174.200 Y155.050 Z6.4393 E2567.43655
G1 X174.386 Y155.039 Z6.4394 E2567.49208
G1 X175.423 Y155.026 Z6.4402 E2567.80263
G1 X175.604 Y155.032 Z6.4403 E2567.85700
G1 X175.785 Y155.054 Z6.4405 E2567.91136
G1 X176.823 Y155.232 Z6.4412 E2568.22665
G1 X176.997 Y155.269 Z6.4414 E2568.27994
G1 X177.167 Y155.322 Z6.4415 E2568.33324
G1 X178.253 Y155.715 Z6.4424 E2568.67907
G1 X178.415 Y155.782 Z6.4425 E2568.73138
G1 X178.570 Y155.862 Z6.4426 E2568.78368
G1 X179.893 Y156.623 Z6.4437 E2569.24058
G1 X181.443 Y157.912 Z6.4452 E2569.84408
G1 X182.999 Y159.718 Z6.4470 E2570.55750
G1 X184.412 Y161.979 Z6.4490 E2571.35558
G1 X185.620 Y164.675 Z6.4511 E2572.24004
G1 X186.558 Y167.754 Z6.4535 E2573.20353
G1 X187.165 Y171.127 Z6.4561 E2574.22952
G1 X187.398 Y174.674 Z6.4587 E2575.29345
G1 X187.235 Y178.251 Z6.4613 E2576.36545
G1 X186.681 Y181.711 Z6.4639 E2577.41410
G1 X185.770 Y184.913 Z6.4664 E2578.41075
G1 X184.556 Y187.746 Z6.4687 E2579.33330
G1 X183.108 Y190.132 Z6.4707 E2580.16885
G1 X181.612 Y191.899 Z6.4724 E2580.86169
G1 X181.492 Y192.028 Z6.4726 E2580.91463
G1 X181.361 Y192.147 Z6.4727 E2580.96757
G1 X179.938 Y193.325 Z6.4741 E2581.52055
G1 X179.785 Y193.440 Z6.4742 E2581.57770
G1 X179.622 Y193.539 Z6.4743 E2581.63485
G1 X178.322 Y194.250 Z6.4754 E2582.07866
G1 X178.149 Y194.334 Z6.4756 E2582.13615
G1 X177.969 Y194.401 Z6.4757 E2582.19365
G1 X176.821 Y194.767 Z6.4766 E2582.55437
G1 X176.639 Y194.815 Z6.4768 E2582.61061
G1 X176.454 Y194.847 Z6.4769 E2582.66684
G1 X175.210 Y194.997 Z6.4778 E2583.04203
G1 X175.000 Y195.000 Z6.4780 E2583.10476
G1 X174.048 Y194.977 Z6.4787 E2583.38970
G1 X173.099 Y194.909 Z6.4794 E2583.67465
G1 X172.154 Y194.796 Z6.4801 E2583.95959
G1 X171.215 Y194.639 Z6.4808 E2584.24454
G1 X170.285 Y194.436 Z6.4815 E2584.52948
G1 X169.365 Y194.190 Z6.4822 E2584.81443
G1 X168.459 Y193.900 Z6.4829 E2585.09937
G1 X167.567 Y193.567 Z6.4836 E2585.38432
G1 X166.692 Y193.193 Z6.4843 E2585.66927
G1 X165.835 Y192.777 Z6.4850 E2585.95421
G1 X164.003 Y191.617 Z6.4866 E2586.60324
G1 X163.861 Y191.507 Z6.4867 E2586.65699
G1 X163.730 Y191.385 Z6.4869 E2586.71073
G1 X162.959 Y190.601 Z6.4877 E2587.04006
G1 X162.841 Y190.470 Z6.4878 E2587.09279
G1 X162.735 Y190.329 Z6.4879 E2587.14551
G1 X161.928 Y189.151 Z6.4890 E2587.57308
G1 X161.155 Y187.456 Z6.4904 E2588.13067
G1 X160.580 Y185.268 Z6.4921 E2588.80789
G1 X160.332 Y182.736 Z6.4939 E2589.56943
G1 X160.462 Y179.905 Z6.4960 E2590.41768
G1 X161.007 Y176.841 Z6.4983 E2591.34922
G1 X161.985 Y173.639 Z6.5008 E2592.35133
G1 X163.387 Y170.419 Z6.5034 E2593.40262
G1 X165.174 Y167.314 Z6.5060 E2594.47504
G1 X167.276 Y164.455 Z6.5087 E2595.53733
G1 X169.602 Y161.957 Z6.5112 E2596.55914
G1 X172.050 Y159.905 Z6.5136 E2597.51521
G1 X174.517 Y158.348 Z6.5157 E2598.38851
G1 X176.914 Y157.296 Z6.5176 E2599.17204
G1 X178.990 Y156.776 Z6.5192 E2599.81283
G1 X179.174 Y156.739 Z6.5194 E2599.86877
G1 X179.359 Y156.720 Z6.5195 E2599.92471
G1 X181.013 Y156.623 Z6.5207 E2600.42049
G1 X181.207 Y156.621 Z6.5209 E2600.47851
G1 X181.400 Y156.638 Z6.5210 E2600.53653
G1 X182.687 Y156.814 Z6.5220 E2600.92546
G1 X182.873 Y156.848 Z6.5221 E2600.98221
G1 X183.056 Y156.900 Z6.5223 E2601.03897
G1 X184.110 Y157.256 Z6.5231 E2601.37186
G1 X184.282 Y157.323 Z6.5232 E2601.42738
G1 X184.448 Y157.406 Z6.5233 E2601.48291
G1 X185.353 Y157.914 Z6.5241 E2601.79346
G1 X185.507 Y158.009 Z6.5243 E2601.84783
G1 X185.652 Y158.119 Z6.5244 E2601.90219
G1 X186.463 Y158.792 Z6.5252 E2602.21748
G1 X186.595 Y158.911 Z6.5253 E2602.27078
G1 X186.715 Y159.042 Z6.5254 E2602.32407
G1 X187.460 Y159.926 Z6.5263 E2602.66990
G1 X187.566 Y160.064 Z6.5264 E2602.72221
G1 X187.661 Y160.211 Z6.5265 E2602.77452
G1 X188.426 Y161.532 Z6.5277 E2603.23141
G1 X189.124 Y163.423 Z6.5292 E2603.83491
G1 X189.568 Y165.765 Z6.5309 E2604.54833
G1 X189.662 Y168.429 Z6.5329 E2605.34641
G1 X189.360 Y171.368 Z6.5351 E2606.23087
G1 X188.632 Y174.504 Z6.5375 E2607.19436
G1 X187.472 Y177.729 Z6.5400 E2608.22035
G1 X185.900 Y180.917 Z6.5426 E2609.28428
G1 X183.970 Y183.933 Z6.5453 E2610.35628
G1 X181.761 Y186.652 Z6.5478 E2611.40493
G1 X179.370 Y188.970 Z6.5503 E2612.40158
G1 X176.903 Y190.816 Z6.5526 E2613.32413
G1 X174.456 Y192.159 Z6.5546 E2614.15969
G1 X172.277 Y192.941 Z6.5564 E2614.85252
G1 X172.108 Y192.993 Z6.5565 E2614.90546
G1 X171.935 Y193.031 Z6.5566 E2614.95841
G1 X170.114 Y193.339 Z6.5580 E2615.51138
G1 X169.924 Y193.362 Z6.5581 E2615.56853
G1 X169.734 Y193.367 Z6.5583 E2615.62568
G1 X168.251 Y193.332 Z6.5594 E2616.06949
G1 X168.060 Y193.318 Z6.5595 E2616.12698
G1 X167.870 Y193.286 Z6.5596 E2616.18448
G1 X166.693 Y193.029 Z6.5605 E2616.54521
G1 X166.512 Y192.980 Z6.5607 E2616.60144
G1 X166.336 Y192.915 Z6.5608 E2616.65767
G1 X165.183 Y192.423 Z6.5617 E2617.03286
G1 X165.000 Y192.321 Z6.5619 E2617.09559
G1 X164.187 Y191.825 Z6.5626 E2617.38053
G1 X163.399 Y191.292 Z6.5633 E2617.66548
G1 X162.637 Y190.721 Z6.5640 E2617.95043
G1 X161.903 Y190.115 Z6.5647 E2618.23537
G1 X161.198 Y189.475 Z6.5654 E2618.52032
G1 X160.525 Y188.802 Z6.5661 E2618.80526
G1 X159.885 Y188.097 Z6.5668 E2619.09021
G1 X159.279 Y187.363 Z6.5675 E2619.37515
G1 X158.708 Y186.601 Z6.5682 E2619.66010
G1 X158.175 Y185.813 Z6.5689 E2619.94504
G1 X157.168 Y183.893 Z6.5705 E2620.59407
G1 X157.100 Y183.727 Z6.5707 E2620.64782
G1 X157.047 Y183.555 Z6.5708 E2620.70157
G1 X156.771 Y182.490 Z6.5716 E2621.03089
G1 X156.735 Y182.318 Z6.5717 E2621.08362
G1 X156.714 Y182.143 Z6.5719 E2621.13634
G1 X156.604 Y180.719 Z6.5729 E2621.56391
G1 X156.782 Y178.864 Z6.5743 E2622.12150
G1 X157.378 Y176.682 Z6.5760 E2622.79872
G1 X158.429 Y174.365 Z6.5779 E2623.56027
G1 X159.957 Y171.979 Z6.5800 E2624.40851
G1 X161.961 Y169.598 Z6.5823 E2625.34005
G1 X164.409 Y167.314 Z6.5847 E2626.34216
G1 X167.233 Y165.227 Z6.5873 E2627.39345
G1 X170.333 Y163.431 Z6.5900 E2628.46587
G1 X173.583 Y162.006 Z6.5926 E2629.52816
G1 X176.847 Y161.006 Z6.5951 E2630.54997
G1 X179.993 Y160.452 Z6.5975 E2631.50604
G1 X182.908 Y160.337 Z6.5996 E2632.37934
G1 X185.509 Y160.625 Z6.6016 E2633.16287
G1 X187.568 Y161.213 Z6.6032 E2633.80367
G1 X187.745 Y161.273 Z6.6033 E2633.85960
G1 X187.915 Y161.348 Z6.6034 E2633.91554
G1 X189.396 Y162.092 Z6.6047 E2634.41132
G1 X189.564 Y162.187 Z6.6048 E2634.46934
G1 X189.723 Y162.298 Z6.6049 E2634.52737
G1 X190.750 Y163.094 Z6.6059 E2634.91629
G1 X190.894 Y163.217 Z6.6060 E2634.97305
G1 X191.026 Y163.353 Z6.6062 E2635.02980
G1 X191.761 Y164.188 Z6.6070 E2635.36269
G1 X191.877 Y164.333 Z6.6071 E2635.41822
G1 X191.979 Y164.488 Z6.6073 E2635.47374
G1 X192.509 Y165.379 Z6.6080 E2635.78429
G1 X192.595 Y165.540 Z6.6082 E2635.83866
G1 X192.666 Y165.707 Z6.6083 E2635.89302
G1 X193.031 Y166.695 Z6.6091 E2636.20831
G1 X193.086 Y166.864 Z6.6092 E2636.26161
G1 X193.125 Y167.038 Z6.6094 E2636.31490
G1 X193.328 Y168.175 Z6.6102 E2636.66073
G1 X193.351 Y168.348 Z6.6103 E2636.71304
G1 X193.359 Y168.523 Z6.6105 E2636.76535
G1 X193.362 Y170.049 Z6.6116 E2637.22224
G1 X193.020 Y172.036 Z6.6131 E2637.82575
G1 X192.234 Y174.286 Z6.6148 E2638.53917
G1 X190.983 Y176.640 Z6.6168 E2639.33724
G1 X189.252 Y179.035 Z6.6190 E2640.22170
G1 X187.054 Y181.386 Z6.6214 E2641.18520
G1 X184.436 Y183.599 Z6.6239 E2642.21118
G1 X181.481 Y185.574 Z6.6265 E2643.27512
G1 X178.302 Y187.222 Z6.6292 E2644.34711
G1 X175.029 Y188.471 Z6.6318 E2645.39576
G1 X171.800 Y189.283 Z6.6342 E2646.39241
G1 X168.740 Y189.648 Z6.6365 E2647.31496
G1 X165.949 Y189.588 Z6.6386 E2648.15052
G1 X163.672 Y189.176 Z6.6403 E2648.84335
G1 X163.499 Y189.137 Z6.6404 E2648.89629
G1 X163.331 Y189.083 Z6.6405 E2648.94924
G1 X161.599 Y188.439 Z6.6419 E2649.50221
G1 X161.424 Y188.364 Z6.6421 E2649.55936
G1 X161.256 Y188.273 Z6.6422 E2649.61651
G1 X159.989 Y187.502 Z6.6433 E2650.06032
G1 X159.830 Y187.394 Z6.6434 E2650.11781
G1 X159.682 Y187.272 Z6.6436 E2650.17531
G1 X158.792 Y186.460 Z6.6445 E2650.53604
G1 X158.659 Y186.327 Z6.6446 E2650.59227
G1 X158.539 Y186.182 Z6.6447 E2650.64850
G1 X157.787 Y185.180 Z6.6457 E2651.02370
G1 X157.679 Y185.000 Z6.6458 E2651.08642
G1 X157.206 Y184.130 Z6.6466 E2651.38292
G1 X156.775 Y183.238 Z6.6473 E2651.67941
G1 X156.390 Y182.326 Z6.6480 E2651.97590
G1 X156.050 Y181.395 Z6.6488 E2652.27240
G1 X155.757 Y180.449 Z6.6495 E2652.56889
G1 X155.510 Y179.490 Z6.6502 E2652.86539
G1 X155.312 Y178.519 Z6.6510 E2653.16188
G1 X155.162 Y177.540 Z6.6517 E2653.45838
G1 X155.061 Y176.555 Z6.6524 E2653.75487
G1 X155.008 Y175.566 Z6.6531 E2654.05137
G1 X155.005 Y174.575 Z6.6539 E2654.34786
G1 X155.050 Y173.586 Z6.6546 E2654.64436
G1 X155.145 Y172.600 Z6.6553 E2654.94085
G1 X155.288 Y171.620 Z6.6561 E2655.23735
G1 X155.479 Y170.648 Z6.6568 E2655.53384
G1 X155.719 Y169.687 Z6.6575 E2655.83034
G1 X156.005 Y168.739 Z6.6583 E2656.12683
G1 X156.339 Y167.806 Z6.6590 E2656.42333
G1 X156.718 Y166.891 Z6.6597 E2656.71982
G1 X157.141 Y165.996 Z6.6605 E2657.01632
G1 X157.609 Y165.123 Z6.6612 E2657.31281
G1 X158.120 Y164.274 Z6.6619 E2657.60931
G1 X158.671 Y163.451 Z6.6627 E2657.90580
G1 X159.263 Y162.657 Z6.6634 E2658.20230
G1 X159.893 Y161.893 Z6.6641 E2658.49879
G1 X160.561 Y161.161 Z6.6649 E2658.79529
G1 X161.264 Y160.463 Z6.6656 E2659.09178
G1 X162.000 Y159.801 Z6.6663 E2659.38827
G1 X162.769 Y159.176 Z6.6671 E2659.68477
G1 X163.567 Y158.590 Z6.6678 E2659.98126
G1 X164.394 Y158.044 Z6.6685 E2660.27776
G1 X165.246 Y157.540 Z6.6693 E2660.57425
G1 X166.123 Y157.078 Z6.6700 E2660.87075
G1 X167.021 Y156.661 Z6.6707 E2661.16724
G1 X167.938 Y156.288 Z6.6714 E2661.46374
G1 X168.874 Y155.961 Z6.6722 E2661.76023
G1 X169.824 Y155.681 Z6.6729 E2662.05673
G1 X170.786 Y155.449 Z6.6736 E2662.35322
G1 X171.760 Y155.264 Z6.6744 E2662.64972
G1 X172.741 Y155.128 Z6.6751 E2662.94621
G1 X173.727 Y155.041 Z6.6758 E2663.24271
G1 X174.717 Y155.002 Z6.6766 E2663.53920
G1 X175.707 Y155.013 Z6.6773 E2663.83570
G1 X176.696 Y155.072 Z6.6780 E2664.13219
G1 X177.681 Y155.180 Z6.6788 E2664.42869
G1 X178.659 Y155.337 Z6.6795 E2664.72518
G1 X179.628 Y155.543 Z6.6802 E2665.02168
G1 X180.585 Y155.796 Z6.6810 E2665.31817
G1 X181.529 Y156.096 Z6.6817 E2665.61467
G1 X182.457 Y156.442 Z6.6824 E2665.91116
G1 X183.367 Y156.834 Z6.6832 E2666.20765
G1 X184.256 Y157.271 Z6.6839 E2666.50415
G1 X185.122 Y157.751 Z6.6846 E2666.80064
G1 X185.964 Y158.273 Z6.6854 E2667.09714
G1 X186.779 Y158.836 Z6.6861 E2667.39363
G1 X187.564 Y159.439 Z6.6868 E2667.69013
G1 X188.319 Y160.080 Z6.6876 E2667.98662
G1 X189.042 Y160.758 Z6.6883 E2668.28312
G1 X189.730 Y161.471 Z6.6890 E2668.57961
G1 X190.381 Y162.217 Z6.6898 E2668.87611
G1 X190.995 Y162.994 Z6.6905 E2669.17260
G1 X191.570 Y163.801 Z6.6912 E2669.46910
G1 X192.104 Y164.635 Z6.6919 E2669.76559
G1 X192.597 Y165.494 Z6.6927 E2670.06209
G1 X193.046 Y166.377 Z6.6934 E2670.35858
G1 X193.450 Y167.281 Z6.6941 E2670.65508
G1 X193.810 Y168.204 Z6.6949 E2670.95157
G1 X194.123 Y169.144 Z6.6956 E2671.24807
G1 X194.390 Y170.098 Z6.6963 E2671.54456
G1 X194.609 Y171.064 Z6.6971 E2671.84106
G1 X194.780 Y172.039 Z6.6978 E2672.13755
G1 X194.902 Y173.022 Z6.6985 E2672.43405
G1 X194.975 Y174.010 Z6.6993 E2672.73054
G1 X195.000 Y175.000 Z6.7000 E2673.02703
M107
SET_PIN PIN=fan1 VALUE=0
SET_PIN PIN=fan2 VALUE=0
M104 S0
M140 S0
G0 Z46.7 F900
G0 X10 Y340 F9000
