; NUCLEON — 8 ellipses a=25.0 b=13.8, weld=1.0, 12 layers
; PRINTER=k2plus
; MATERIAL=pla
; LAYER_H=0.6
; PRESSED_LAYER1=0.1
; FLOW=36.0
; FLOW_DERATE=bead pinned at the 1.2x0.6 stacking doctrine -> 36 of 55 mm3/s at the 50 north star. Widening the bead is the fix if this part's walls allow it.
; ARGV: nucleon-preview/build.py --variant standard-50
; flow=36.0 mm3/s delivered at 50.0 mm/s (north star), bead 1.2x0.6 = 0.72mm2, requested 55
; predicted junctions/layer = 2*N*(N-1) = 112
; HEADER_BLOCK_START
; total layer number: 12
; HEADER_BLOCK_END
M140 S80
M104 S210
G90
G28
TEMPERATURE_WAIT SENSOR=heater_bed MINIMUM=75 MAXIMUM=85
M109 S210
M204 S8000
M107
; fans OFF through layer 1 (pla); switched on below once it has bonded
M82
G92 E0
G1 Z0.100 F600
G0 F9000 X145.000 Y163.000
G1 E25 F300                      ; ~5s stationary purge — build pressure before moving
G1 F1200 X200.000 Y175.000 E37   ; prime line, ending exactly where the object begins
G92 E0
; BODY_START
; VASE — one continuous extrusion, 8257 points, Z 0.10 -> 7.20, 120 junctions
; continuous from the prime — no reposition
G1 F3000 X199.892 Y176.193 Z0.1006 E0.35856
G1 X199.867 Y176.371 Z0.1007 E0.41223
G1 X199.827 Y176.545 Z0.1007 E0.46589
G1 X199.538 Y177.592 Z0.1013 E0.79089
G1 X199.484 Y177.758 Z0.1013 E0.84339
G1 X199.415 Y177.920 Z0.1014 E0.89589
G1 X198.797 Y179.213 Z0.1021 E1.32491
G1 X197.693 Y180.770 Z0.1030 E1.89625
G1 X196.037 Y182.429 Z0.1041 E2.59777
G1 X193.884 Y184.011 Z0.1054 E3.39770
G1 X191.219 Y185.464 Z0.1069 E4.30628
G1 X188.058 Y186.725 Z0.1085 E5.32497
G1 X184.453 Y187.729 Z0.1103 E6.44507
G1 X180.496 Y188.414 Z0.1122 E7.64733
G1 X176.313 Y188.731 Z0.1142 E8.90307
G1 X172.058 Y188.654 Z0.1162 E10.17683
G1 X167.897 Y188.183 Z0.1183 E11.43043
G1 X163.987 Y187.344 Z0.1202 E12.62765
G1 X160.461 Y186.186 Z0.1219 E13.73863
G1 X157.416 Y184.774 Z0.1235 E14.74328
G1 X154.906 Y183.181 Z0.1250 E15.63301
G1 X152.946 Y181.476 Z0.1262 E16.41067
G1 X151.637 Y179.865 Z0.1272 E17.03202
G1 X151.524 Y179.712 Z0.1273 E17.08900
G1 X151.427 Y179.548 Z0.1274 E17.14597
G1 X150.711 Y178.213 Z0.1281 E17.59939
G1 X150.628 Y178.038 Z0.1282 E17.65736
G1 X150.562 Y177.856 Z0.1283 E17.71533
G1 X150.212 Y176.715 Z0.1289 E18.07252
G1 X150.165 Y176.533 Z0.1289 E18.12896
G1 X150.136 Y176.347 Z0.1290 E18.18539
G1 X150.021 Y175.307 Z0.1295 E18.49833
G1 X150.010 Y175.124 Z0.1296 E18.55338
G1 X150.015 Y174.940 Z0.1297 E18.60842
G1 X150.090 Y173.931 Z0.1302 E18.91134
G1 X150.111 Y173.753 Z0.1303 E18.96511
G1 X150.149 Y173.577 Z0.1304 E19.01889
G1 X150.419 Y172.536 Z0.1309 E19.34076
G1 X150.470 Y172.368 Z0.1310 E19.39337
G1 X150.537 Y172.205 Z0.1310 E19.44597
G1 X151.125 Y170.921 Z0.1317 E19.86893
G1 X152.187 Y169.375 Z0.1326 E20.43024
G1 X153.801 Y167.712 Z0.1337 E21.12401
G1 X155.911 Y166.121 Z0.1350 E21.91496
G1 X158.532 Y164.655 Z0.1364 E22.81399
G1 X161.651 Y163.374 Z0.1380 E23.82340
G1 X165.221 Y162.346 Z0.1398 E24.93538
G1 X169.153 Y161.631 Z0.1417 E26.13157
G1 X173.322 Y161.281 Z0.1437 E27.38402
G1 X177.577 Y161.323 Z0.1458 E28.65773
G1 X181.753 Y161.761 Z0.1478 E29.91456
G1 X185.690 Y162.570 Z0.1497 E31.11792
G1 X189.254 Y163.704 Z0.1515 E32.23727
G1 X192.343 Y165.097 Z0.1531 E33.25158
G1 X194.899 Y166.677 Z0.1545 E34.15124
G1 X196.906 Y168.375 Z0.1558 E34.93817
G1 X198.258 Y169.985 Z0.1568 E35.56761
G1 X198.373 Y170.136 Z0.1569 E35.62431
G1 X198.473 Y170.297 Z0.1570 E35.68102
G1 X199.229 Y171.653 Z0.1577 E36.14591
G1 X199.315 Y171.827 Z0.1578 E36.20401
G1 X199.384 Y172.009 Z0.1579 E36.26211
G1 X199.759 Y173.162 Z0.1585 E36.62503
G1 X199.809 Y173.344 Z0.1586 E36.68159
G1 X199.841 Y173.530 Z0.1587 E36.73815
G1 X199.996 Y174.758 Z0.1593 E37.10871
G1 X200.000 Y175.000 Z0.1594 E37.18105
G1 X199.981 Y175.981 Z0.1598 E37.47491
G1 X199.923 Y176.961 Z0.1603 E37.76877
G1 X199.827 Y177.938 Z0.1608 E38.06262
G1 X199.692 Y178.911 Z0.1612 E38.35648
G1 X199.520 Y179.877 Z0.1617 E38.65034
G1 X199.309 Y180.836 Z0.1622 E38.94420
G1 X199.061 Y181.786 Z0.1627 E39.23806
G1 X198.776 Y182.725 Z0.1631 E39.53192
G1 X198.455 Y183.653 Z0.1636 E39.82578
G1 X197.540 Y185.628 Z0.1646 E40.47721
G1 X197.450 Y185.783 Z0.1647 E40.53088
G1 X197.346 Y185.929 Z0.1648 E40.58454
G1 X196.678 Y186.785 Z0.1653 E40.90955
G1 X196.564 Y186.918 Z0.1654 E40.96205
G1 X196.439 Y187.041 Z0.1655 E41.01455
G1 X195.374 Y187.999 Z0.1662 E41.44357
G1 X193.757 Y189.015 Z0.1671 E42.01490
G1 X191.593 Y189.914 Z0.1682 E42.71642
G1 X188.998 Y190.551 Z0.1695 E43.51635
G1 X185.980 Y190.874 Z0.1709 E44.42493
G1 X182.577 Y190.830 Z0.1726 E45.44363
G1 X178.863 Y190.378 Z0.1743 E46.56372
G1 X174.944 Y189.496 Z0.1763 E47.76598
G1 X170.958 Y188.188 Z0.1783 E49.02172
G1 X167.057 Y186.489 Z0.1803 E50.29548
G1 X163.393 Y184.462 Z0.1823 E51.54909
G1 X160.101 Y182.190 Z0.1842 E52.74630
G1 X157.287 Y179.770 Z0.1860 E53.85728
G1 X155.014 Y177.301 Z0.1876 E54.86194
G1 X153.305 Y174.869 Z0.1890 E55.75166
G1 X152.147 Y172.543 Z0.1903 E56.52932
G1 X151.554 Y170.554 Z0.1913 E57.15067
G1 X151.508 Y170.369 Z0.1913 E57.20765
G1 X151.481 Y170.181 Z0.1914 E57.26463
G1 X151.330 Y168.674 Z0.1922 E57.71804
G1 X151.321 Y168.480 Z0.1923 E57.77601
G1 X151.330 Y168.287 Z0.1923 E57.83398
G1 X151.442 Y167.099 Z0.1929 E58.19117
G1 X151.469 Y166.912 Z0.1930 E58.24761
G1 X151.513 Y166.729 Z0.1931 E58.30404
G1 X151.805 Y165.725 Z0.1936 E58.61698
G1 X151.864 Y165.551 Z0.1937 E58.67203
G1 X151.940 Y165.383 Z0.1938 E58.72707
G1 X152.395 Y164.480 Z0.1943 E59.02999
G1 X152.483 Y164.323 Z0.1943 E59.08377
G1 X152.585 Y164.175 Z0.1944 E59.13754
G1 X153.233 Y163.317 Z0.1949 E59.45942
G1 X153.345 Y163.181 Z0.1950 E59.51202
G1 X153.468 Y163.056 Z0.1951 E59.56462
G1 X154.504 Y162.095 Z0.1958 E59.98759
G1 X156.076 Y161.074 Z0.1967 E60.54889
G1 X158.204 Y160.154 Z0.1978 E61.24266
G1 X160.762 Y159.492 Z0.1990 E62.03361
G1 X163.744 Y159.140 Z0.2005 E62.93264
G1 X167.116 Y159.151 Z0.2021 E63.94205
G1 X170.808 Y159.567 Z0.2039 E65.05403
G1 X174.714 Y160.411 Z0.2058 E66.25022
G1 X178.700 Y161.683 Z0.2078 E67.50268
G1 X182.614 Y163.350 Z0.2098 E68.77638
G1 X186.305 Y165.353 Z0.2118 E70.03321
G1 X189.633 Y167.608 Z0.2137 E71.23657
G1 X192.492 Y170.018 Z0.2155 E72.35592
G1 X194.813 Y172.487 Z0.2172 E73.37023
G1 X196.570 Y174.925 Z0.2186 E74.26989
G1 X197.774 Y177.262 Z0.2198 E75.05682
G1 X198.407 Y179.268 Z0.2208 E75.68626
G1 X198.455 Y179.451 Z0.2209 E75.74297
G1 X198.486 Y179.638 Z0.2210 E75.79967
G1 X198.665 Y181.180 Z0.2218 E76.26456
G1 X198.678 Y181.374 Z0.2219 E76.32266
G1 X198.673 Y181.568 Z0.2220 E76.38077
G1 X198.578 Y182.777 Z0.2225 E76.74368
G1 X198.554 Y182.964 Z0.2226 E76.80024
G1 X198.513 Y183.148 Z0.2227 E76.85680
G1 X198.186 Y184.342 Z0.2233 E77.22737
G1 X198.097 Y184.567 Z0.2234 E77.29970
G1 X197.704 Y185.466 Z0.2239 E77.59356
G1 X197.275 Y186.350 Z0.2244 E77.88742
G1 X196.812 Y187.216 Z0.2248 E78.18128
G1 X196.316 Y188.062 Z0.2253 E78.47513
G1 X195.787 Y188.889 Z0.2258 E78.76899
G1 X195.225 Y189.695 Z0.2262 E79.06285
G1 X194.633 Y190.477 Z0.2267 E79.35671
G1 X194.010 Y191.236 Z0.2272 E79.65057
G1 X193.358 Y191.970 Z0.2276 E79.94443
G1 X191.757 Y193.444 Z0.2287 E80.59587
G1 X191.615 Y193.553 Z0.2288 E80.64953
G1 X191.463 Y193.648 Z0.2289 E80.70319
G1 X190.518 Y194.183 Z0.2294 E81.02820
G1 X190.362 Y194.263 Z0.2295 E81.08070
G1 X190.199 Y194.329 Z0.2295 E81.13320
G1 X188.848 Y194.807 Z0.2302 E81.56222
G1 X186.966 Y195.126 Z0.2311 E82.13355
G1 X184.623 Y195.129 Z0.2323 E82.83507
G1 X181.981 Y194.724 Z0.2335 E83.63500
G1 X179.069 Y193.867 Z0.2350 E84.54358
G1 X175.942 Y192.525 Z0.2366 E85.56228
G1 X172.684 Y190.685 Z0.2384 E86.68238
G1 X169.401 Y188.371 Z0.2403 E87.88464
G1 X166.219 Y185.638 Z0.2423 E89.14037
G1 X163.265 Y182.575 Z0.2444 E90.41413
G1 X160.655 Y179.299 Z0.2464 E91.66774
G1 X158.484 Y175.941 Z0.2483 E92.86495
G1 X156.810 Y172.628 Z0.2501 E93.97593
G1 X155.655 Y169.477 Z0.2517 E94.98059
G1 X155.007 Y166.576 Z0.2531 E95.87031
G1 X154.827 Y163.985 Z0.2543 E96.64798
G1 X155.040 Y161.920 Z0.2553 E97.26932
G1 X155.069 Y161.732 Z0.2554 E97.32630
G1 X155.115 Y161.547 Z0.2555 E97.38328
G1 X155.553 Y160.097 Z0.2562 E97.83669
G1 X155.618 Y159.915 Z0.2563 E97.89466
G1 X155.700 Y159.740 Z0.2564 E97.95263
G1 X156.259 Y158.685 Z0.2570 E98.30982
G1 X156.355 Y158.523 Z0.2571 E98.36626
G1 X156.466 Y158.370 Z0.2572 E98.42270
G1 X157.120 Y157.555 Z0.2577 E98.73564
G1 X157.241 Y157.417 Z0.2577 E98.79068
G1 X157.375 Y157.290 Z0.2578 E98.84572
G1 X158.142 Y156.630 Z0.2583 E99.14865
G1 X158.283 Y156.519 Z0.2584 E99.20242
G1 X158.434 Y156.421 Z0.2585 E99.25619
G1 X159.361 Y155.876 Z0.2590 E99.57807
G1 X159.516 Y155.794 Z0.2591 E99.63067
G1 X159.678 Y155.726 Z0.2592 E99.68327
G1 X161.002 Y155.234 Z0.2598 E100.10624
G1 X162.846 Y154.892 Z0.2607 E100.66754
G1 X165.164 Y154.856 Z0.2618 E101.36132
G1 X167.780 Y155.224 Z0.2631 E102.15226
G1 X170.670 Y156.040 Z0.2645 E103.05129
G1 X173.782 Y157.340 Z0.2662 E104.06070
G1 X177.033 Y159.137 Z0.2679 E105.17268
G1 X180.318 Y161.412 Z0.2698 E106.36888
G1 X183.514 Y164.113 Z0.2718 E107.62133
G1 X186.493 Y167.151 Z0.2739 E108.89503
G1 X189.136 Y170.413 Z0.2759 E110.15186
G1 X191.348 Y173.770 Z0.2778 E111.35522
G1 X193.067 Y177.091 Z0.2796 E112.47457
G1 X194.266 Y180.260 Z0.2812 E113.48888
G1 X194.956 Y183.185 Z0.2826 E114.38854
G1 X195.175 Y185.805 Z0.2839 E115.17548
G1 X194.992 Y187.900 Z0.2849 E115.80491
G1 X194.966 Y188.088 Z0.2850 E115.86162
G1 X194.923 Y188.272 Z0.2851 E115.91832
G1 X194.499 Y189.766 Z0.2858 E116.38321
G1 X194.437 Y189.950 Z0.2859 E116.44131
G1 X194.357 Y190.127 Z0.2860 E116.49942
G1 X193.807 Y191.207 Z0.2866 E116.86233
G1 X193.713 Y191.372 Z0.2867 E116.91889
G1 X193.605 Y191.526 Z0.2868 E116.97545
G1 X192.846 Y192.504 Z0.2874 E117.34602
G1 X192.678 Y192.678 Z0.2875 E117.41835
G1 X191.970 Y193.358 Z0.2880 E117.71221
G1 X191.236 Y194.010 Z0.2884 E118.00607
G1 X190.477 Y194.633 Z0.2889 E118.29993
G1 X189.695 Y195.225 Z0.2894 E118.59379
G1 X188.889 Y195.787 Z0.2898 E118.88765
G1 X188.062 Y196.316 Z0.2903 E119.18150
G1 X187.216 Y196.812 Z0.2908 E119.47536
G1 X186.350 Y197.275 Z0.2912 E119.76922
G1 X185.466 Y197.704 Z0.2917 E120.06308
G1 X183.423 Y198.453 Z0.2927 E120.71452
G1 X183.250 Y198.499 Z0.2928 E120.76818
G1 X183.073 Y198.529 Z0.2929 E120.82184
G1 X181.996 Y198.662 Z0.2934 E121.14685
G1 X181.821 Y198.675 Z0.2935 E121.19935
G1 X181.646 Y198.674 Z0.2936 E121.25185
G1 X180.214 Y198.598 Z0.2943 E121.68087
G1 X178.354 Y198.173 Z0.2952 E122.25220
G1 X176.187 Y197.279 Z0.2963 E122.95373
G1 X173.902 Y195.894 Z0.2976 E123.75366
G1 X171.539 Y193.989 Z0.2990 E124.66224
G1 X169.164 Y191.551 Z0.3007 E125.68093
G1 X166.858 Y188.605 Z0.3025 E126.80103
G1 X164.711 Y185.211 Z0.3044 E128.00329
G1 X162.817 Y181.468 Z0.3064 E129.25902
G1 X161.259 Y177.508 Z0.3084 E130.53278
G1 X160.102 Y173.483 Z0.3104 E131.78639
G1 X159.381 Y169.549 Z0.3123 E132.98361
G1 X159.102 Y165.848 Z0.3141 E134.09459
G1 X159.241 Y162.495 Z0.3157 E135.09924
G1 X159.752 Y159.567 Z0.3171 E135.98896
G1 X160.578 Y157.103 Z0.3184 E136.76663
G1 X161.565 Y155.277 Z0.3194 E137.38798
G1 X161.663 Y155.114 Z0.3195 E137.44495
G1 X161.777 Y154.962 Z0.3196 E137.50193
G1 X162.737 Y153.790 Z0.3203 E137.95534
G1 X162.866 Y153.646 Z0.3204 E138.01331
G1 X163.009 Y153.516 Z0.3205 E138.07128
G1 X163.929 Y152.755 Z0.3210 E138.42847
G1 X164.080 Y152.642 Z0.3211 E138.48491
G1 X164.241 Y152.544 Z0.3212 E138.54135
G1 X165.157 Y152.040 Z0.3217 E138.85429
G1 X165.322 Y151.959 Z0.3218 E138.90933
G1 X165.494 Y151.894 Z0.3219 E138.96437
G1 X166.455 Y151.577 Z0.3224 E139.26730
G1 X166.628 Y151.528 Z0.3225 E139.32107
G1 X166.805 Y151.496 Z0.3225 E139.37484
G1 X167.870 Y151.347 Z0.3231 E139.69672
G1 X168.044 Y151.330 Z0.3231 E139.74932
G1 X168.220 Y151.329 Z0.3232 E139.80192
G1 X169.632 Y151.382 Z0.3239 E140.22489
G1 X171.466 Y151.771 Z0.3248 E140.78620
G1 X173.621 Y152.626 Z0.3259 E141.47997
G1 X175.898 Y153.966 Z0.3272 E142.27091
G1 X178.256 Y155.826 Z0.3286 E143.16995
G1 X180.633 Y158.218 Z0.3302 E144.17935
G1 X182.949 Y161.123 Z0.3320 E145.29133
G1 X185.113 Y164.482 Z0.3339 E146.48753
G1 X187.033 Y168.200 Z0.3359 E147.73998
G1 X188.622 Y172.147 Z0.3379 E149.01368
G1 X189.815 Y176.172 Z0.3399 E150.27051
G1 X190.574 Y180.120 Z0.3419 E151.47387
G1 X190.891 Y183.846 Z0.3436 E152.59322
G1 X190.786 Y187.233 Z0.3453 E153.60754
G1 X190.305 Y190.199 Z0.3467 E154.50720
G1 X189.504 Y192.703 Z0.3480 E155.29413
G1 X188.533 Y194.569 Z0.3490 E155.92357
G1 X188.438 Y194.732 Z0.3491 E155.98027
G1 X188.328 Y194.886 Z0.3491 E156.03698
G1 X187.364 Y196.104 Z0.3499 E156.50186
G1 X187.236 Y196.250 Z0.3500 E156.55997
G1 X187.095 Y196.383 Z0.3501 E156.61807
G1 X186.173 Y197.171 Z0.3507 E156.98098
G1 X186.024 Y197.287 Z0.3507 E157.03754
G1 X185.864 Y197.388 Z0.3508 E157.09411
G1 X184.789 Y198.001 Z0.3514 E157.46467
G1 X184.567 Y198.097 Z0.3515 E157.53700
G1 X183.653 Y198.455 Z0.3520 E157.83086
G1 X182.725 Y198.776 Z0.3525 E158.12472
G1 X181.786 Y199.061 Z0.3529 E158.41858
G1 X180.836 Y199.309 Z0.3534 E158.71244
G1 X179.877 Y199.520 Z0.3539 E159.00630
G1 X178.911 Y199.692 Z0.3544 E159.30016
G1 X177.938 Y199.827 Z0.3548 E159.59401
G1 X176.961 Y199.923 Z0.3553 E159.88787
G1 X175.981 Y199.981 Z0.3558 E160.18173
G1 X173.807 Y199.892 Z0.3568 E160.83317
G1 X173.629 Y199.867 Z0.3569 E160.88683
G1 X173.455 Y199.827 Z0.3570 E160.94050
G1 X172.408 Y199.538 Z0.3575 E161.26550
G1 X172.242 Y199.484 Z0.3576 E161.31800
G1 X172.080 Y199.415 Z0.3577 E161.37050
G1 X170.787 Y198.797 Z0.3583 E161.79952
G1 X169.230 Y197.693 Z0.3593 E162.37085
G1 X167.571 Y196.037 Z0.3604 E163.07238
G1 X165.989 Y193.884 Z0.3617 E163.87231
G1 X164.536 Y191.219 Z0.3631 E164.78089
G1 X163.275 Y188.058 Z0.3647 E165.79958
G1 X162.271 Y184.453 Z0.3665 E166.91968
G1 X161.586 Y180.496 Z0.3684 E168.12194
G1 X161.269 Y176.313 Z0.3704 E169.37767
G1 X161.346 Y172.058 Z0.3725 E170.65144
G1 X161.817 Y167.897 Z0.3745 E171.90504
G1 X162.656 Y163.987 Z0.3764 E173.10226
G1 X163.814 Y160.461 Z0.3782 E174.21324
G1 X165.226 Y157.416 Z0.3798 E175.21789
G1 X166.819 Y154.906 Z0.3812 E176.10762
G1 X168.524 Y152.946 Z0.3824 E176.88528
G1 X170.135 Y151.637 Z0.3834 E177.50663
G1 X170.288 Y151.524 Z0.3835 E177.56361
G1 X170.452 Y151.427 Z0.3836 E177.62058
G1 X171.787 Y150.711 Z0.3843 E178.07400
G1 X171.962 Y150.628 Z0.3844 E178.13196
G1 X172.144 Y150.562 Z0.3845 E178.18993
G1 X173.285 Y150.212 Z0.3851 E178.54713
G1 X173.467 Y150.165 Z0.3852 E178.60356
G1 X173.653 Y150.136 Z0.3853 E178.66000
G1 X174.693 Y150.021 Z0.3858 E178.97294
G1 X174.876 Y150.010 Z0.3859 E179.02798
G1 X175.060 Y150.015 Z0.3859 E179.08303
G1 X176.069 Y150.090 Z0.3864 E179.38595
G1 X176.247 Y150.111 Z0.3865 E179.43972
G1 X176.423 Y150.149 Z0.3866 E179.49349
G1 X177.464 Y150.419 Z0.3871 E179.81537
G1 X177.632 Y150.470 Z0.3872 E179.86797
G1 X177.795 Y150.537 Z0.3873 E179.92058
G1 X179.079 Y151.125 Z0.3880 E180.34354
G1 X180.625 Y152.187 Z0.3889 E180.90485
G1 X182.288 Y153.801 Z0.3900 E181.59862
G1 X183.879 Y155.911 Z0.3912 E182.38956
G1 X185.345 Y158.532 Z0.3927 E183.28860
G1 X186.626 Y161.651 Z0.3943 E184.29800
G1 X187.654 Y165.221 Z0.3960 E185.40998
G1 X188.369 Y169.153 Z0.3980 E186.60618
G1 X188.719 Y173.322 Z0.4000 E187.85863
G1 X188.677 Y177.577 Z0.4020 E189.13234
G1 X188.239 Y181.753 Z0.4040 E190.38916
G1 X187.430 Y185.690 Z0.4059 E191.59253
G1 X186.296 Y189.254 Z0.4077 E192.71187
G1 X184.903 Y192.343 Z0.4093 E193.72619
G1 X183.323 Y194.899 Z0.4108 E194.62585
G1 X181.625 Y196.906 Z0.4120 E195.41278
G1 X180.015 Y198.258 Z0.4130 E196.04222
G1 X179.864 Y198.373 Z0.4131 E196.09892
G1 X179.703 Y198.473 Z0.4132 E196.15563
G1 X178.347 Y199.229 Z0.4139 E196.62051
G1 X178.173 Y199.315 Z0.4140 E196.67862
G1 X177.991 Y199.384 Z0.4141 E196.73672
G1 X176.838 Y199.759 Z0.4147 E197.09963
G1 X176.656 Y199.809 Z0.4148 E197.15620
G1 X176.470 Y199.841 Z0.4149 E197.21276
G1 X175.242 Y199.996 Z0.4155 E197.58332
G1 X175.000 Y200.000 Z0.4156 E197.65566
G1 X174.019 Y199.981 Z0.4161 E197.94951
G1 X173.039 Y199.923 Z0.4165 E198.24337
G1 X172.062 Y199.827 Z0.4170 E198.53723
G1 X171.089 Y199.692 Z0.4175 E198.83109
G1 X170.123 Y199.520 Z0.4179 E199.12495
G1 X169.164 Y199.309 Z0.4184 E199.41881
G1 X168.214 Y199.061 Z0.4189 E199.71267
G1 X167.275 Y198.776 Z0.4194 E200.00653
G1 X166.347 Y198.455 Z0.4198 E200.30038
G1 X164.372 Y197.540 Z0.4209 E200.95182
G1 X164.217 Y197.450 Z0.4209 E201.00549
G1 X164.071 Y197.346 Z0.4210 E201.05915
G1 X163.215 Y196.678 Z0.4216 E201.38415
G1 X163.082 Y196.564 Z0.4216 E201.43665
G1 X162.959 Y196.439 Z0.4217 E201.48915
G1 X162.001 Y195.374 Z0.4224 E201.91817
G1 X160.985 Y193.757 Z0.4233 E202.48951
G1 X160.086 Y191.593 Z0.4244 E203.19103
G1 X159.449 Y188.998 Z0.4257 E203.99096
G1 X159.126 Y185.980 Z0.4272 E204.89954
G1 X159.170 Y182.577 Z0.4288 E205.91823
G1 X159.622 Y178.863 Z0.4306 E207.03833
G1 X160.504 Y174.944 Z0.4325 E208.24059
G1 X161.812 Y170.958 Z0.4345 E209.49633
G1 X163.511 Y167.057 Z0.4365 E210.77009
G1 X165.538 Y163.393 Z0.4385 E212.02369
G1 X167.810 Y160.101 Z0.4405 E213.22091
G1 X170.230 Y157.287 Z0.4422 E214.33189
G1 X172.699 Y155.014 Z0.4438 E215.33654
G1 X175.131 Y153.305 Z0.4453 E216.22627
G1 X177.457 Y152.147 Z0.4465 E217.00393
G1 X179.446 Y151.554 Z0.4475 E217.62528
G1 X179.631 Y151.508 Z0.4476 E217.68226
G1 X179.819 Y151.481 Z0.4477 E217.73923
G1 X181.326 Y151.330 Z0.4484 E218.19265
G1 X181.520 Y151.321 Z0.4485 E218.25062
G1 X181.713 Y151.330 Z0.4486 E218.30859
G1 X182.901 Y151.442 Z0.4491 E218.66578
G1 X183.088 Y151.469 Z0.4492 E218.72222
G1 X183.271 Y151.513 Z0.4493 E218.77865
G1 X184.275 Y151.805 Z0.4498 E219.09159
G1 X184.449 Y151.864 Z0.4499 E219.14664
G1 X184.617 Y151.940 Z0.4500 E219.20168
G1 X185.520 Y152.395 Z0.4505 E219.50460
G1 X185.677 Y152.483 Z0.4506 E219.55837
G1 X185.825 Y152.585 Z0.4507 E219.61215
G1 X186.683 Y153.233 Z0.4512 E219.93402
G1 X186.819 Y153.345 Z0.4513 E219.98663
G1 X186.944 Y153.468 Z0.4513 E220.03923
G1 X187.905 Y154.504 Z0.4520 E220.46219
G1 X188.926 Y156.076 Z0.4529 E221.02350
G1 X189.846 Y158.204 Z0.4540 E221.71727
G1 X190.508 Y160.762 Z0.4553 E222.50822
G1 X190.860 Y163.744 Z0.4567 E223.40725
G1 X190.849 Y167.116 Z0.4583 E224.41666
G1 X190.433 Y170.808 Z0.4601 E225.52864
G1 X189.589 Y174.714 Z0.4620 E226.72483
G1 X188.317 Y178.700 Z0.4640 E227.97728
G1 X186.650 Y182.614 Z0.4660 E229.25099
G1 X184.647 Y186.305 Z0.4681 E230.50782
G1 X182.392 Y189.633 Z0.4700 E231.71118
G1 X179.982 Y192.492 Z0.4718 E232.83053
G1 X177.513 Y194.813 Z0.4734 E233.84484
G1 X175.075 Y196.570 Z0.4748 E234.74450
G1 X172.738 Y197.774 Z0.4761 E235.53143
G1 X170.732 Y198.407 Z0.4771 E236.16087
G1 X170.549 Y198.455 Z0.4772 E236.21757
G1 X170.362 Y198.486 Z0.4773 E236.27428
G1 X168.820 Y198.665 Z0.4780 E236.73917
G1 X168.626 Y198.678 Z0.4781 E236.79727
G1 X168.432 Y198.673 Z0.4782 E236.85537
G1 X167.223 Y198.578 Z0.4788 E237.21829
G1 X167.036 Y198.554 Z0.4789 E237.27485
G1 X166.852 Y198.513 Z0.4789 E237.33141
G1 X165.658 Y198.186 Z0.4795 E237.70197
G1 X165.433 Y198.097 Z0.4797 E237.77431
G1 X164.534 Y197.704 Z0.4801 E238.06817
G1 X163.650 Y197.275 Z0.4806 E238.36203
G1 X162.784 Y196.812 Z0.4811 E238.65588
G1 X161.938 Y196.316 Z0.4815 E238.94974
G1 X161.111 Y195.787 Z0.4820 E239.24360
G1 X160.305 Y195.225 Z0.4825 E239.53746
G1 X159.523 Y194.633 Z0.4829 E239.83132
G1 X158.764 Y194.010 Z0.4834 E240.12518
G1 X158.030 Y193.358 Z0.4839 E240.41904
G1 X156.556 Y191.757 Z0.4849 E241.07047
G1 X156.447 Y191.615 Z0.4850 E241.12414
G1 X156.352 Y191.463 Z0.4851 E241.17780
G1 X155.817 Y190.518 Z0.4856 E241.50281
G1 X155.737 Y190.362 Z0.4857 E241.55531
G1 X155.671 Y190.199 Z0.4858 E241.60781
G1 X155.193 Y188.848 Z0.4865 E242.03683
G1 X154.874 Y186.966 Z0.4874 E242.60816
G1 X154.871 Y184.623 Z0.4885 E243.30968
G1 X155.276 Y181.981 Z0.4898 E244.10961
G1 X156.133 Y179.069 Z0.4912 E245.01819
G1 X157.475 Y175.942 Z0.4928 E246.03689
G1 X159.315 Y172.684 Z0.4946 E247.15698
G1 X161.629 Y169.401 Z0.4966 E248.35924
G1 X164.362 Y166.219 Z0.4986 E249.61498
G1 X167.425 Y163.265 Z0.5006 E250.88874
G1 X170.701 Y160.655 Z0.5026 E252.14235
G1 X174.059 Y158.484 Z0.5045 E253.33956
G1 X177.372 Y156.810 Z0.5063 E254.45054
G1 X180.523 Y155.655 Z0.5079 E255.45520
G1 X183.424 Y155.007 Z0.5093 E256.34492
G1 X186.015 Y154.827 Z0.5105 E257.12258
G1 X188.080 Y155.040 Z0.5115 E257.74393
G1 X188.268 Y155.069 Z0.5116 E257.80091
G1 X188.453 Y155.115 Z0.5117 E257.85789
G1 X189.903 Y155.553 Z0.5124 E258.31130
G1 X190.085 Y155.618 Z0.5125 E258.36927
G1 X190.260 Y155.700 Z0.5126 E258.42724
G1 X191.315 Y156.259 Z0.5132 E258.78443
G1 X191.477 Y156.355 Z0.5133 E258.84087
G1 X191.630 Y156.466 Z0.5134 E258.89730
G1 X192.445 Y157.120 Z0.5139 E259.21024
G1 X192.583 Y157.241 Z0.5140 E259.26529
G1 X192.710 Y157.375 Z0.5141 E259.32033
G1 X193.370 Y158.142 Z0.5145 E259.62325
G1 X193.481 Y158.283 Z0.5146 E259.67703
G1 X193.579 Y158.434 Z0.5147 E259.73080
G1 X194.124 Y159.361 Z0.5152 E260.05268
G1 X194.206 Y159.516 Z0.5153 E260.10528
G1 X194.274 Y159.678 Z0.5154 E260.15788
G1 X194.766 Y161.002 Z0.5161 E260.58085
G1 X195.108 Y162.846 Z0.5170 E261.14215
G1 X195.144 Y165.164 Z0.5181 E261.83592
G1 X194.776 Y167.780 Z0.5193 E262.62687
G1 X193.960 Y170.670 Z0.5208 E263.52590
G1 X192.660 Y173.782 Z0.5224 E264.53531
G1 X190.863 Y177.033 Z0.5242 E265.64729
G1 X188.588 Y180.318 Z0.5261 E266.84348
G1 X185.887 Y183.514 Z0.5281 E268.09594
G1 X182.849 Y186.493 Z0.5301 E269.36964
G1 X179.587 Y189.136 Z0.5321 E270.62647
G1 X176.230 Y191.348 Z0.5340 E271.82983
G1 X172.909 Y193.067 Z0.5358 E272.94918
G1 X169.740 Y194.266 Z0.5374 E273.96349
G1 X166.815 Y194.956 Z0.5389 E274.86315
G1 X164.195 Y195.175 Z0.5401 E275.65008
G1 X162.100 Y194.992 Z0.5411 E276.27952
G1 X161.912 Y194.966 Z0.5412 E276.33623
G1 X161.728 Y194.923 Z0.5413 E276.39293
G1 X160.234 Y194.499 Z0.5421 E276.85782
G1 X160.050 Y194.437 Z0.5422 E276.91592
G1 X159.873 Y194.357 Z0.5422 E276.97403
G1 X158.793 Y193.807 Z0.5428 E277.33694
G1 X158.628 Y193.713 Z0.5429 E277.39350
G1 X158.474 Y193.605 Z0.5430 E277.45006
G1 X157.496 Y192.846 Z0.5436 E277.82063
G1 X157.322 Y192.678 Z0.5437 E277.89296
G1 X156.642 Y191.970 Z0.5442 E278.18682
G1 X155.990 Y191.236 Z0.5447 E278.48068
G1 X155.367 Y190.477 Z0.5451 E278.77454
G1 X154.775 Y189.695 Z0.5456 E279.06839
G1 X154.213 Y188.889 Z0.5461 E279.36225
G1 X153.684 Y188.062 Z0.5465 E279.65611
G1 X153.188 Y187.216 Z0.5470 E279.94997
G1 X152.725 Y186.350 Z0.5475 E280.24383
G1 X152.296 Y185.466 Z0.5479 E280.53769
G1 X151.547 Y183.423 Z0.5490 E281.18913
G1 X151.501 Y183.250 Z0.5491 E281.24279
G1 X151.471 Y183.073 Z0.5491 E281.29645
G1 X151.338 Y181.996 Z0.5497 E281.62146
G1 X151.325 Y181.821 Z0.5498 E281.67396
G1 X151.326 Y181.646 Z0.5498 E281.72646
G1 X151.402 Y180.214 Z0.5505 E282.15548
G1 X151.827 Y178.354 Z0.5514 E282.72681
G1 X152.721 Y176.187 Z0.5526 E283.42833
G1 X154.106 Y173.902 Z0.5538 E284.22826
G1 X156.011 Y171.539 Z0.5553 E285.13684
G1 X158.449 Y169.164 Z0.5569 E286.15554
G1 X161.395 Y166.858 Z0.5587 E287.27564
G1 X164.789 Y164.711 Z0.5606 E288.47790
G1 X168.532 Y162.817 Z0.5626 E289.73363
G1 X172.492 Y161.259 Z0.5647 E291.00739
G1 X176.517 Y160.102 Z0.5667 E292.26100
G1 X180.451 Y159.381 Z0.5686 E293.45821
G1 X184.152 Y159.102 Z0.5703 E294.56919
G1 X187.505 Y159.241 Z0.5719 E295.57385
G1 X190.433 Y159.752 Z0.5734 E296.46357
G1 X192.897 Y160.578 Z0.5746 E297.24124
G1 X194.723 Y161.565 Z0.5756 E297.86258
G1 X194.886 Y161.663 Z0.5757 E297.91956
G1 X195.038 Y161.777 Z0.5758 E297.97654
G1 X196.210 Y162.737 Z0.5765 E298.42995
G1 X196.354 Y162.866 Z0.5766 E298.48792
G1 X196.484 Y163.009 Z0.5767 E298.54589
G1 X197.245 Y163.929 Z0.5773 E298.90308
G1 X197.358 Y164.080 Z0.5774 E298.95952
G1 X197.456 Y164.241 Z0.5774 E299.01596
G1 X197.960 Y165.157 Z0.5779 E299.32890
G1 X198.041 Y165.322 Z0.5780 E299.38394
G1 X198.106 Y165.494 Z0.5781 E299.43898
G1 X198.423 Y166.455 Z0.5786 E299.74191
G1 X198.472 Y166.628 Z0.5787 E299.79568
G1 X198.504 Y166.805 Z0.5788 E299.84945
G1 X198.653 Y167.870 Z0.5793 E300.17133
G1 X198.670 Y168.044 Z0.5794 E300.22393
G1 X198.671 Y168.220 Z0.5795 E300.27653
G1 X198.618 Y169.632 Z0.5801 E300.69950
G1 X198.229 Y171.466 Z0.5810 E301.26080
G1 X197.374 Y173.621 Z0.5821 E301.95458
G1 X196.034 Y175.898 Z0.5834 E302.74552
G1 X194.174 Y178.256 Z0.5848 E303.64455
G1 X191.782 Y180.633 Z0.5864 E304.65396
G1 X188.877 Y182.949 Z0.5882 E305.76594
G1 X185.518 Y185.113 Z0.5901 E306.96214
G1 X181.800 Y187.033 Z0.5921 E308.21459
G1 X177.853 Y188.622 Z0.5942 E309.48829
G1 X173.828 Y189.815 Z0.5962 E310.74512
G1 X169.880 Y190.574 Z0.5981 E311.94848
G1 X166.154 Y190.891 Z0.5999 E313.06783
G1 X162.767 Y190.786 Z0.6015 E314.08214
G1 X159.801 Y190.305 Z0.6029 E314.98180
G1 X157.297 Y189.504 Z0.6042 E315.76874
G1 X155.431 Y188.533 Z0.6052 E316.39817
G1 X155.268 Y188.438 Z0.6053 E316.45488
G1 X155.114 Y188.328 Z0.6054 E316.51158
G1 X153.896 Y187.364 Z0.6061 E316.97647
G1 X153.750 Y187.236 Z0.6062 E317.03457
G1 X153.617 Y187.095 Z0.6063 E317.09268
G1 X152.829 Y186.173 Z0.6069 E317.45559
G1 X152.713 Y186.024 Z0.6070 E317.51215
G1 X152.612 Y185.864 Z0.6071 E317.56871
G1 X151.999 Y184.789 Z0.6077 E317.93928
G1 X151.903 Y184.567 Z0.6078 E318.01161
G1 X151.541 Y183.643 Z0.6082 E318.30877
G1 X151.217 Y182.704 Z0.6087 E318.60593
G1 X150.930 Y181.754 Z0.6092 E318.90309
G1 X150.680 Y180.793 Z0.6097 E319.20025
G1 X150.470 Y179.823 Z0.6101 E319.49741
G1 X150.298 Y178.845 Z0.6106 E319.79457
G1 X150.164 Y177.862 Z0.6111 E320.09173
G1 X150.070 Y176.873 Z0.6116 E320.38889
G1 X150.016 Y175.882 Z0.6120 E320.68605
G1 X150.000 Y174.890 Z0.6125 E320.98321
G1 X150.024 Y173.897 Z0.6130 E321.28037
G1 X150.088 Y172.907 Z0.6135 E321.57753
G1 X150.191 Y171.919 Z0.6139 E321.87469
G1 X150.332 Y170.937 Z0.6144 E322.17185
G1 X150.513 Y169.961 Z0.6149 E322.46901
G1 X150.733 Y168.992 Z0.6154 E322.76617
G1 X150.990 Y168.034 Z0.6158 E323.06333
G1 X151.286 Y167.086 Z0.6163 E323.36049
G1 X151.619 Y166.151 Z0.6168 E323.65765
G1 X151.988 Y165.229 Z0.6173 E323.95481
G1 X152.394 Y164.324 Z0.6177 E324.25197
G1 X152.836 Y163.435 Z0.6182 E324.54913
G1 X153.313 Y162.564 Z0.6187 E324.84629
G1 X153.824 Y161.713 Z0.6192 E325.14345
G1 X154.368 Y160.882 Z0.6196 E325.44061
G1 X154.944 Y160.074 Z0.6201 E325.73777
G1 X155.553 Y159.290 Z0.6206 E326.03493
G1 X156.192 Y158.530 Z0.6211 E326.33209
G1 X156.861 Y157.796 Z0.6215 E326.62925
G1 X157.558 Y157.090 Z0.6220 E326.92641
G1 X158.283 Y156.412 Z0.6225 E327.22357
G1 X159.034 Y155.763 Z0.6230 E327.52073
G1 X159.810 Y155.144 Z0.6234 E327.81789
G1 X160.610 Y154.556 Z0.6239 E328.11505
G1 X161.433 Y154.001 Z0.6244 E328.41221
G1 X162.278 Y153.479 Z0.6249 E328.70937
G1 X163.142 Y152.991 Z0.6253 E329.00653
G1 X164.025 Y152.538 Z0.6258 E329.30369
G1 X164.926 Y152.120 Z0.6263 E329.60085
G1 X165.842 Y151.738 Z0.6268 E329.89801
G1 X166.773 Y151.393 Z0.6272 E330.19517
G1 X167.716 Y151.085 Z0.6277 E330.49233
G1 X168.672 Y150.814 Z0.6282 E330.78949
G1 X169.637 Y150.582 Z0.6286 E331.08665
G1 X170.611 Y150.388 Z0.6291 E331.38381
G1 X171.591 Y150.234 Z0.6296 E331.68097
G1 X172.577 Y150.118 Z0.6301 E331.97813
G1 X173.567 Y150.041 Z0.6305 E332.27529
G1 X174.559 Y150.004 Z0.6310 E332.57245
G1 X175.551 Y150.006 Z0.6315 E332.86961
G1 X176.543 Y150.048 Z0.6320 E333.16677
G1 X177.533 Y150.129 Z0.6324 E333.46393
G1 X178.518 Y150.249 Z0.6329 E333.76109
G1 X179.498 Y150.408 Z0.6334 E334.05825
G1 X180.471 Y150.606 Z0.6339 E334.35541
G1 X181.435 Y150.842 Z0.6343 E334.65257
G1 X182.389 Y151.117 Z0.6348 E334.94973
G1 X183.331 Y151.429 Z0.6353 E335.24689
G1 X184.261 Y151.778 Z0.6358 E335.54405
G1 X185.175 Y152.164 Z0.6362 E335.84121
G1 X186.074 Y152.586 Z0.6367 E336.13837
G1 X186.955 Y153.044 Z0.6372 E336.43553
G1 X187.817 Y153.536 Z0.6377 E336.73269
G1 X188.659 Y154.061 Z0.6381 E337.02985
G1 X189.480 Y154.620 Z0.6386 E337.32701
G1 X190.277 Y155.211 Z0.6391 E337.62417
G1 X191.051 Y155.833 Z0.6396 E337.92133
G1 X191.799 Y156.485 Z0.6400 E338.21849
G1 X192.521 Y157.167 Z0.6405 E338.51565
G1 X193.215 Y157.877 Z0.6410 E338.81281
G1 X193.881 Y158.613 Z0.6415 E339.10997
G1 X194.516 Y159.376 Z0.6419 E339.40713
G1 X195.121 Y160.163 Z0.6424 E339.70429
G1 X195.694 Y160.973 Z0.6429 E340.00145
G1 X196.235 Y161.806 Z0.6434 E340.29861
G1 X196.742 Y162.660 Z0.6438 E340.59577
G1 X197.215 Y163.532 Z0.6443 E340.89293
G1 X197.653 Y164.423 Z0.6448 E341.19009
G1 X198.055 Y165.331 Z0.6453 E341.48725
G1 X198.420 Y166.254 Z0.6457 E341.78441
G1 X198.749 Y167.191 Z0.6462 E342.08157
G1 X199.040 Y168.140 Z0.6467 E342.37873
G1 X199.294 Y169.100 Z0.6472 E342.67589
G1 X199.509 Y170.069 Z0.6476 E342.97305
G1 X199.685 Y171.046 Z0.6481 E343.27021
G1 X199.823 Y172.029 Z0.6486 E343.56737
G1 X199.921 Y173.017 Z0.6491 E343.86453
G1 X199.980 Y174.007 Z0.6495 E344.16169
G1 X200.000 Y175.000 Z0.6500 E344.45885
G1 F3000 X199.892 Y176.193 Z0.6506 E344.81742
G1 X199.867 Y176.371 Z0.6507 E344.87108
G1 X199.827 Y176.545 Z0.6507 E344.92474
G1 X199.538 Y177.592 Z0.6513 E345.24975
G1 X199.484 Y177.758 Z0.6513 E345.30225
G1 X199.415 Y177.920 Z0.6514 E345.35475
G1 X198.797 Y179.213 Z0.6521 E345.78377
G1 X197.693 Y180.770 Z0.6530 E346.35510
G1 X196.037 Y182.429 Z0.6541 E347.05662
G1 X193.884 Y184.011 Z0.6554 E347.85655
G1 X191.219 Y185.464 Z0.6569 E348.76513
G1 X188.058 Y186.725 Z0.6585 E349.78383
G1 X184.453 Y187.729 Z0.6603 E350.90393
G1 X180.496 Y188.414 Z0.6622 E352.10619
G1 X176.313 Y188.731 Z0.6642 E353.36192
G1 X172.058 Y188.654 Z0.6662 E354.63568
G1 X167.897 Y188.183 Z0.6683 E355.88929
G1 X163.987 Y187.344 Z0.6702 E357.08650
G1 X160.461 Y186.186 Z0.6719 E358.19748
G1 X157.416 Y184.774 Z0.6735 E359.20214
G1 X154.906 Y183.181 Z0.6750 E360.09186
G1 X152.946 Y181.476 Z0.6762 E360.86952
G1 X151.637 Y179.865 Z0.6772 E361.49087
G1 X151.524 Y179.712 Z0.6773 E361.54785
G1 X151.427 Y179.548 Z0.6774 E361.60483
G1 X150.711 Y178.213 Z0.6781 E362.05824
G1 X150.628 Y178.038 Z0.6782 E362.11621
G1 X150.562 Y177.856 Z0.6783 E362.17418
G1 X150.212 Y176.715 Z0.6789 E362.53137
G1 X150.165 Y176.533 Z0.6789 E362.58781
G1 X150.136 Y176.347 Z0.6790 E362.64425
G1 X150.021 Y175.307 Z0.6795 E362.95719
G1 X150.010 Y175.124 Z0.6796 E363.01223
G1 X150.015 Y174.940 Z0.6797 E363.06727
G1 X150.090 Y173.931 Z0.6802 E363.37020
G1 X150.111 Y173.753 Z0.6803 E363.42397
G1 X150.149 Y173.577 Z0.6804 E363.47774
G1 X150.419 Y172.536 Z0.6809 E363.79962
G1 X150.470 Y172.368 Z0.6810 E363.85222
G1 X150.537 Y172.205 Z0.6810 E363.90482
G1 X151.125 Y170.921 Z0.6817 E364.32779
G1 X152.187 Y169.375 Z0.6826 E364.88909
G1 X153.801 Y167.712 Z0.6837 E365.58287
G1 X155.911 Y166.121 Z0.6850 E366.37381
G1 X158.532 Y164.655 Z0.6864 E367.27284
G1 X161.651 Y163.374 Z0.6880 E368.28225
G1 X165.221 Y162.346 Z0.6898 E369.39423
G1 X169.153 Y161.631 Z0.6917 E370.59043
G1 X173.322 Y161.281 Z0.6937 E371.84288
G1 X177.577 Y161.323 Z0.6958 E373.11658
G1 X181.753 Y161.761 Z0.6978 E374.37341
G1 X185.690 Y162.570 Z0.6997 E375.57677
G1 X189.254 Y163.704 Z0.7015 E376.69612
G1 X192.343 Y165.097 Z0.7031 E377.71043
G1 X194.899 Y166.677 Z0.7045 E378.61009
G1 X196.906 Y168.375 Z0.7058 E379.39702
G1 X198.258 Y169.985 Z0.7068 E380.02646
G1 X198.373 Y170.136 Z0.7069 E380.08317
G1 X198.473 Y170.297 Z0.7070 E380.13987
G1 X199.229 Y171.653 Z0.7077 E380.60476
G1 X199.315 Y171.827 Z0.7078 E380.66286
G1 X199.384 Y172.009 Z0.7079 E380.72097
G1 X199.759 Y173.162 Z0.7085 E381.08388
G1 X199.809 Y173.344 Z0.7086 E381.14044
G1 X199.841 Y173.530 Z0.7087 E381.19700
G1 X199.996 Y174.758 Z0.7093 E381.56757
G1 X200.000 Y175.000 Z0.7094 E381.63990
G1 X199.981 Y175.981 Z0.7098 E381.93376
G1 X199.923 Y176.961 Z0.7103 E382.22762
G1 X199.827 Y177.938 Z0.7108 E382.52148
G1 X199.692 Y178.911 Z0.7112 E382.81534
G1 X199.520 Y179.877 Z0.7117 E383.10919
G1 X199.309 Y180.836 Z0.7122 E383.40305
G1 X199.061 Y181.786 Z0.7127 E383.69691
G1 X198.776 Y182.725 Z0.7131 E383.99077
G1 X198.455 Y183.653 Z0.7136 E384.28463
G1 X197.540 Y185.628 Z0.7146 E384.93607
G1 X197.450 Y185.783 Z0.7147 E384.98973
G1 X197.346 Y185.929 Z0.7148 E385.04339
G1 X196.678 Y186.785 Z0.7153 E385.36840
G1 X196.564 Y186.918 Z0.7154 E385.42090
G1 X196.439 Y187.041 Z0.7155 E385.47340
G1 X195.374 Y187.999 Z0.7162 E385.90242
G1 X193.757 Y189.015 Z0.7171 E386.47375
G1 X191.593 Y189.914 Z0.7182 E387.17528
G1 X188.998 Y190.551 Z0.7195 E387.97521
G1 X185.980 Y190.874 Z0.7209 E388.88379
G1 X182.577 Y190.830 Z0.7226 E389.90248
G1 X178.863 Y190.378 Z0.7243 E391.02258
G1 X174.944 Y189.496 Z0.7263 E392.22484
G1 X170.958 Y188.188 Z0.7283 E393.48057
G1 X167.057 Y186.489 Z0.7303 E394.75433
G1 X163.393 Y184.462 Z0.7323 E396.00794
G1 X160.101 Y182.190 Z0.7342 E397.20516
G1 X157.287 Y179.770 Z0.7360 E398.31614
G1 X155.014 Y177.301 Z0.7376 E399.32079
G1 X153.305 Y174.869 Z0.7390 E400.21051
G1 X152.147 Y172.543 Z0.7403 E400.98818
G1 X151.554 Y170.554 Z0.7413 E401.60953
G1 X151.508 Y170.369 Z0.7413 E401.66650
G1 X151.481 Y170.181 Z0.7414 E401.72348
G1 X151.330 Y168.674 Z0.7422 E402.17689
G1 X151.321 Y168.480 Z0.7423 E402.23486
G1 X151.330 Y168.287 Z0.7423 E402.29283
G1 X151.442 Y167.099 Z0.7429 E402.65002
G1 X151.469 Y166.912 Z0.7430 E402.70646
G1 X151.513 Y166.729 Z0.7431 E402.76290
G1 X151.805 Y165.725 Z0.7436 E403.07584
G1 X151.864 Y165.551 Z0.7437 E403.13088
G1 X151.940 Y165.383 Z0.7438 E403.18592
G1 X152.395 Y164.480 Z0.7443 E403.48885
G1 X152.483 Y164.323 Z0.7443 E403.54262
G1 X152.585 Y164.175 Z0.7444 E403.59639
G1 X153.233 Y163.317 Z0.7449 E403.91827
G1 X153.345 Y163.181 Z0.7450 E403.97087
G1 X153.468 Y163.056 Z0.7451 E404.02347
G1 X154.504 Y162.095 Z0.7458 E404.44644
G1 X156.076 Y161.074 Z0.7467 E405.00775
G1 X158.204 Y160.154 Z0.7478 E405.70152
G1 X160.762 Y159.492 Z0.7490 E406.49246
G1 X163.744 Y159.140 Z0.7505 E407.39150
G1 X167.116 Y159.151 Z0.7521 E408.40090
G1 X170.808 Y159.567 Z0.7539 E409.51288
G1 X174.714 Y160.411 Z0.7558 E410.70908
G1 X178.700 Y161.683 Z0.7578 E411.96153
G1 X182.614 Y163.350 Z0.7598 E413.23523
G1 X186.305 Y165.353 Z0.7618 E414.49206
G1 X189.633 Y167.608 Z0.7637 E415.69542
G1 X192.492 Y170.018 Z0.7655 E416.81477
G1 X194.813 Y172.487 Z0.7672 E417.82909
G1 X196.570 Y174.925 Z0.7686 E418.72875
G1 X197.774 Y177.262 Z0.7698 E419.51568
G1 X198.407 Y179.268 Z0.7708 E420.14512
G1 X198.455 Y179.451 Z0.7709 E420.20182
G1 X198.486 Y179.638 Z0.7710 E420.25853
G1 X198.665 Y181.180 Z0.7718 E420.72341
G1 X198.678 Y181.374 Z0.7719 E420.78152
G1 X198.673 Y181.568 Z0.7720 E420.83962
G1 X198.578 Y182.777 Z0.7725 E421.20253
G1 X198.554 Y182.964 Z0.7726 E421.25909
G1 X198.513 Y183.148 Z0.7727 E421.31566
G1 X198.186 Y184.342 Z0.7733 E421.68622
G1 X198.097 Y184.567 Z0.7734 E421.75855
G1 X197.704 Y185.466 Z0.7739 E422.05241
G1 X197.275 Y186.350 Z0.7744 E422.34627
G1 X196.812 Y187.216 Z0.7748 E422.64013
G1 X196.316 Y188.062 Z0.7753 E422.93399
G1 X195.787 Y188.889 Z0.7758 E423.22785
G1 X195.225 Y189.695 Z0.7762 E423.52171
G1 X194.633 Y190.477 Z0.7767 E423.81556
G1 X194.010 Y191.236 Z0.7772 E424.10942
G1 X193.358 Y191.970 Z0.7776 E424.40328
G1 X191.757 Y193.444 Z0.7787 E425.05472
G1 X191.615 Y193.553 Z0.7788 E425.10838
G1 X191.463 Y193.648 Z0.7789 E425.16205
G1 X190.518 Y194.183 Z0.7794 E425.48705
G1 X190.362 Y194.263 Z0.7795 E425.53955
G1 X190.199 Y194.329 Z0.7795 E425.59205
G1 X188.848 Y194.807 Z0.7802 E426.02107
G1 X186.966 Y195.126 Z0.7811 E426.59240
G1 X184.623 Y195.129 Z0.7823 E427.29393
G1 X181.981 Y194.724 Z0.7835 E428.09386
G1 X179.069 Y193.867 Z0.7850 E429.00244
G1 X175.942 Y192.525 Z0.7866 E430.02113
G1 X172.684 Y190.685 Z0.7884 E431.14123
G1 X169.401 Y188.371 Z0.7903 E432.34349
G1 X166.219 Y185.638 Z0.7923 E433.59922
G1 X163.265 Y182.575 Z0.7944 E434.87298
G1 X160.655 Y179.299 Z0.7964 E436.12659
G1 X158.484 Y175.941 Z0.7983 E437.32381
G1 X156.810 Y172.628 Z0.8001 E438.43479
G1 X155.655 Y169.477 Z0.8017 E439.43944
G1 X155.007 Y166.576 Z0.8031 E440.32917
G1 X154.827 Y163.985 Z0.8043 E441.10683
G1 X155.040 Y161.920 Z0.8053 E441.72818
G1 X155.069 Y161.732 Z0.8054 E441.78516
G1 X155.115 Y161.547 Z0.8055 E441.84213
G1 X155.553 Y160.097 Z0.8062 E442.29555
G1 X155.618 Y159.915 Z0.8063 E442.35351
G1 X155.700 Y159.740 Z0.8064 E442.41148
G1 X156.259 Y158.685 Z0.8070 E442.76868
G1 X156.355 Y158.523 Z0.8071 E442.82511
G1 X156.466 Y158.370 Z0.8072 E442.88155
G1 X157.120 Y157.555 Z0.8077 E443.19449
G1 X157.241 Y157.417 Z0.8077 E443.24953
G1 X157.375 Y157.290 Z0.8078 E443.30458
G1 X158.142 Y156.630 Z0.8083 E443.60750
G1 X158.283 Y156.519 Z0.8084 E443.66127
G1 X158.434 Y156.421 Z0.8085 E443.71504
G1 X159.361 Y155.876 Z0.8090 E444.03692
G1 X159.516 Y155.794 Z0.8091 E444.08952
G1 X159.678 Y155.726 Z0.8092 E444.14213
G1 X161.002 Y155.234 Z0.8098 E444.56509
G1 X162.846 Y154.892 Z0.8107 E445.12640
G1 X165.164 Y154.856 Z0.8118 E445.82017
G1 X167.780 Y155.224 Z0.8131 E446.61111
G1 X170.670 Y156.040 Z0.8145 E447.51015
G1 X173.782 Y157.340 Z0.8162 E448.51955
G1 X177.033 Y159.137 Z0.8179 E449.63153
G1 X180.318 Y161.412 Z0.8198 E450.82773
G1 X183.514 Y164.113 Z0.8218 E452.08018
G1 X186.493 Y167.151 Z0.8239 E453.35389
G1 X189.136 Y170.413 Z0.8259 E454.61071
G1 X191.348 Y173.770 Z0.8278 E455.81408
G1 X193.067 Y177.091 Z0.8296 E456.93342
G1 X194.266 Y180.260 Z0.8312 E457.94774
G1 X194.956 Y183.185 Z0.8326 E458.84740
G1 X195.175 Y185.805 Z0.8339 E459.63433
G1 X194.992 Y187.900 Z0.8349 E460.26377
G1 X194.966 Y188.088 Z0.8350 E460.32047
G1 X194.923 Y188.272 Z0.8351 E460.37718
G1 X194.499 Y189.766 Z0.8358 E460.84206
G1 X194.437 Y189.950 Z0.8359 E460.90017
G1 X194.357 Y190.127 Z0.8360 E460.95827
G1 X193.807 Y191.207 Z0.8366 E461.32118
G1 X193.713 Y191.372 Z0.8367 E461.37775
G1 X193.605 Y191.526 Z0.8368 E461.43431
G1 X192.846 Y192.504 Z0.8374 E461.80487
G1 X192.678 Y192.678 Z0.8375 E461.87721
G1 X191.970 Y193.358 Z0.8380 E462.17106
G1 X191.236 Y194.010 Z0.8384 E462.46492
G1 X190.477 Y194.633 Z0.8389 E462.75878
G1 X189.695 Y195.225 Z0.8394 E463.05264
G1 X188.889 Y195.787 Z0.8398 E463.34650
G1 X188.062 Y196.316 Z0.8403 E463.64036
G1 X187.216 Y196.812 Z0.8408 E463.93422
G1 X186.350 Y197.275 Z0.8412 E464.22807
G1 X185.466 Y197.704 Z0.8417 E464.52193
G1 X183.423 Y198.453 Z0.8427 E465.17337
G1 X183.250 Y198.499 Z0.8428 E465.22704
G1 X183.073 Y198.529 Z0.8429 E465.28070
G1 X181.996 Y198.662 Z0.8434 E465.60570
G1 X181.821 Y198.675 Z0.8435 E465.65820
G1 X181.646 Y198.674 Z0.8436 E465.71070
G1 X180.214 Y198.598 Z0.8443 E466.13972
G1 X178.354 Y198.173 Z0.8452 E466.71105
G1 X176.187 Y197.279 Z0.8463 E467.41258
G1 X173.902 Y195.894 Z0.8476 E468.21251
G1 X171.539 Y193.989 Z0.8490 E469.12109
G1 X169.164 Y191.551 Z0.8507 E470.13978
G1 X166.858 Y188.605 Z0.8525 E471.25988
G1 X164.711 Y185.211 Z0.8544 E472.46214
G1 X162.817 Y181.468 Z0.8564 E473.71788
G1 X161.259 Y177.508 Z0.8584 E474.99164
G1 X160.102 Y173.483 Z0.8604 E476.24524
G1 X159.381 Y169.549 Z0.8623 E477.44246
G1 X159.102 Y165.848 Z0.8641 E478.55344
G1 X159.241 Y162.495 Z0.8657 E479.55809
G1 X159.752 Y159.567 Z0.8671 E480.44782
G1 X160.578 Y157.103 Z0.8684 E481.22548
G1 X161.565 Y155.277 Z0.8694 E481.84683
G1 X161.663 Y155.114 Z0.8695 E481.90381
G1 X161.777 Y154.962 Z0.8696 E481.96078
G1 X162.737 Y153.790 Z0.8703 E482.41420
G1 X162.866 Y153.646 Z0.8704 E482.47217
G1 X163.009 Y153.516 Z0.8705 E482.53014
G1 X163.929 Y152.755 Z0.8710 E482.88733
G1 X164.080 Y152.642 Z0.8711 E482.94377
G1 X164.241 Y152.544 Z0.8712 E483.00020
G1 X165.157 Y152.040 Z0.8717 E483.31314
G1 X165.322 Y151.959 Z0.8718 E483.36818
G1 X165.494 Y151.894 Z0.8719 E483.42323
G1 X166.455 Y151.577 Z0.8724 E483.72615
G1 X166.628 Y151.528 Z0.8725 E483.77992
G1 X166.805 Y151.496 Z0.8725 E483.83370
G1 X167.870 Y151.347 Z0.8731 E484.15557
G1 X168.044 Y151.330 Z0.8731 E484.20818
G1 X168.220 Y151.329 Z0.8732 E484.26078
G1 X169.632 Y151.382 Z0.8739 E484.68374
G1 X171.466 Y151.771 Z0.8748 E485.24505
G1 X173.621 Y152.626 Z0.8759 E485.93882
G1 X175.898 Y153.966 Z0.8772 E486.72977
G1 X178.256 Y155.826 Z0.8786 E487.62880
G1 X180.633 Y158.218 Z0.8802 E488.63821
G1 X182.949 Y161.123 Z0.8820 E489.75019
G1 X185.113 Y164.482 Z0.8839 E490.94638
G1 X187.033 Y168.200 Z0.8859 E492.19883
G1 X188.622 Y172.147 Z0.8879 E493.47254
G1 X189.815 Y176.172 Z0.8899 E494.72937
G1 X190.574 Y180.120 Z0.8919 E495.93273
G1 X190.891 Y183.846 Z0.8936 E497.05208
G1 X190.786 Y187.233 Z0.8953 E498.06639
G1 X190.305 Y190.199 Z0.8967 E498.96605
G1 X189.504 Y192.703 Z0.8980 E499.75298
G1 X188.533 Y194.569 Z0.8990 E500.38242
G1 X188.438 Y194.732 Z0.8991 E500.43912
G1 X188.328 Y194.886 Z0.8991 E500.49583
G1 X187.364 Y196.104 Z0.8999 E500.96071
G1 X187.236 Y196.250 Z0.9000 E501.01882
G1 X187.095 Y196.383 Z0.9001 E501.07692
G1 X186.173 Y197.171 Z0.9007 E501.43984
G1 X186.024 Y197.287 Z0.9007 E501.49640
G1 X185.864 Y197.388 Z0.9008 E501.55296
G1 X184.789 Y198.001 Z0.9014 E501.92352
G1 X184.567 Y198.097 Z0.9015 E501.99586
G1 X183.653 Y198.455 Z0.9020 E502.28972
G1 X182.725 Y198.776 Z0.9025 E502.58357
G1 X181.786 Y199.061 Z0.9029 E502.87743
G1 X180.836 Y199.309 Z0.9034 E503.17129
G1 X179.877 Y199.520 Z0.9039 E503.46515
G1 X178.911 Y199.692 Z0.9044 E503.75901
G1 X177.938 Y199.827 Z0.9048 E504.05287
G1 X176.961 Y199.923 Z0.9053 E504.34673
G1 X175.981 Y199.981 Z0.9058 E504.64059
G1 X173.807 Y199.892 Z0.9068 E505.29202
G1 X173.629 Y199.867 Z0.9069 E505.34569
G1 X173.455 Y199.827 Z0.9070 E505.39935
G1 X172.408 Y199.538 Z0.9075 E505.72435
G1 X172.242 Y199.484 Z0.9076 E505.77686
G1 X172.080 Y199.415 Z0.9077 E505.82936
G1 X170.787 Y198.797 Z0.9083 E506.25838
G1 X169.230 Y197.693 Z0.9093 E506.82971
G1 X167.571 Y196.037 Z0.9104 E507.53123
G1 X165.989 Y193.884 Z0.9117 E508.33116
G1 X164.536 Y191.219 Z0.9131 E509.23974
G1 X163.275 Y188.058 Z0.9147 E510.25844
G1 X162.271 Y184.453 Z0.9165 E511.37853
G1 X161.586 Y180.496 Z0.9184 E512.58079
G1 X161.269 Y176.313 Z0.9204 E513.83653
G1 X161.346 Y172.058 Z0.9225 E515.11029
G1 X161.817 Y167.897 Z0.9245 E516.36390
G1 X162.656 Y163.987 Z0.9264 E517.56111
G1 X163.814 Y160.461 Z0.9282 E518.67209
G1 X165.226 Y157.416 Z0.9298 E519.67675
G1 X166.819 Y154.906 Z0.9312 E520.56647
G1 X168.524 Y152.946 Z0.9324 E521.34413
G1 X170.135 Y151.637 Z0.9334 E521.96548
G1 X170.288 Y151.524 Z0.9335 E522.02246
G1 X170.452 Y151.427 Z0.9336 E522.07944
G1 X171.787 Y150.711 Z0.9343 E522.53285
G1 X171.962 Y150.628 Z0.9344 E522.59082
G1 X172.144 Y150.562 Z0.9345 E522.64879
G1 X173.285 Y150.212 Z0.9351 E523.00598
G1 X173.467 Y150.165 Z0.9352 E523.06242
G1 X173.653 Y150.136 Z0.9353 E523.11885
G1 X174.693 Y150.021 Z0.9358 E523.43179
G1 X174.876 Y150.010 Z0.9359 E523.48684
G1 X175.060 Y150.015 Z0.9359 E523.54188
G1 X176.069 Y150.090 Z0.9364 E523.84480
G1 X176.247 Y150.111 Z0.9365 E523.89858
G1 X176.423 Y150.149 Z0.9366 E523.95235
G1 X177.464 Y150.419 Z0.9371 E524.27423
G1 X177.632 Y150.470 Z0.9372 E524.32683
G1 X177.795 Y150.537 Z0.9373 E524.37943
G1 X179.079 Y151.125 Z0.9380 E524.80240
G1 X180.625 Y152.187 Z0.9389 E525.36370
G1 X182.288 Y153.801 Z0.9400 E526.05747
G1 X183.879 Y155.911 Z0.9412 E526.84842
G1 X185.345 Y158.532 Z0.9427 E527.74745
G1 X186.626 Y161.651 Z0.9443 E528.75686
G1 X187.654 Y165.221 Z0.9460 E529.86884
G1 X188.369 Y169.153 Z0.9480 E531.06503
G1 X188.719 Y173.322 Z0.9500 E532.31749
G1 X188.677 Y177.577 Z0.9520 E533.59119
G1 X188.239 Y181.753 Z0.9540 E534.84802
G1 X187.430 Y185.690 Z0.9559 E536.05138
G1 X186.296 Y189.254 Z0.9577 E537.17073
G1 X184.903 Y192.343 Z0.9593 E538.18504
G1 X183.323 Y194.899 Z0.9608 E539.08470
G1 X181.625 Y196.906 Z0.9620 E539.87163
G1 X180.015 Y198.258 Z0.9630 E540.50107
G1 X179.864 Y198.373 Z0.9631 E540.55778
G1 X179.703 Y198.473 Z0.9632 E540.61448
G1 X178.347 Y199.229 Z0.9639 E541.07937
G1 X178.173 Y199.315 Z0.9640 E541.13747
G1 X177.991 Y199.384 Z0.9641 E541.19558
G1 X176.838 Y199.759 Z0.9647 E541.55849
G1 X176.656 Y199.809 Z0.9648 E541.61505
G1 X176.470 Y199.841 Z0.9649 E541.67161
G1 X175.242 Y199.996 Z0.9655 E542.04218
G1 X175.000 Y200.000 Z0.9656 E542.11451
G1 X174.019 Y199.981 Z0.9661 E542.40837
G1 X173.039 Y199.923 Z0.9665 E542.70223
G1 X172.062 Y199.827 Z0.9670 E542.99609
G1 X171.089 Y199.692 Z0.9675 E543.28994
G1 X170.123 Y199.520 Z0.9679 E543.58380
G1 X169.164 Y199.309 Z0.9684 E543.87766
G1 X168.214 Y199.061 Z0.9689 E544.17152
G1 X167.275 Y198.776 Z0.9694 E544.46538
G1 X166.347 Y198.455 Z0.9698 E544.75924
G1 X164.372 Y197.540 Z0.9709 E545.41068
G1 X164.217 Y197.450 Z0.9709 E545.46434
G1 X164.071 Y197.346 Z0.9710 E545.51800
G1 X163.215 Y196.678 Z0.9716 E545.84301
G1 X163.082 Y196.564 Z0.9716 E545.89551
G1 X162.959 Y196.439 Z0.9717 E545.94801
G1 X162.001 Y195.374 Z0.9724 E546.37703
G1 X160.985 Y193.757 Z0.9733 E546.94836
G1 X160.086 Y191.593 Z0.9744 E547.64988
G1 X159.449 Y188.998 Z0.9757 E548.44981
G1 X159.126 Y185.980 Z0.9772 E549.35839
G1 X159.170 Y182.577 Z0.9788 E550.37709
G1 X159.622 Y178.863 Z0.9806 E551.49719
G1 X160.504 Y174.944 Z0.9825 E552.69945
G1 X161.812 Y170.958 Z0.9845 E553.95518
G1 X163.511 Y167.057 Z0.9865 E555.22894
G1 X165.538 Y163.393 Z0.9885 E556.48255
G1 X167.810 Y160.101 Z0.9905 E557.67976
G1 X170.230 Y157.287 Z0.9922 E558.79074
G1 X172.699 Y155.014 Z0.9938 E559.79540
G1 X175.131 Y153.305 Z0.9953 E560.68512
G1 X177.457 Y152.147 Z0.9965 E561.46279
G1 X179.446 Y151.554 Z0.9975 E562.08413
G1 X179.631 Y151.508 Z0.9976 E562.14111
G1 X179.819 Y151.481 Z0.9977 E562.19809
G1 X181.326 Y151.330 Z0.9984 E562.65150
G1 X181.520 Y151.321 Z0.9985 E562.70947
G1 X181.713 Y151.330 Z0.9986 E562.76744
G1 X182.901 Y151.442 Z0.9991 E563.12463
G1 X183.088 Y151.469 Z0.9992 E563.18107
G1 X183.271 Y151.513 Z0.9993 E563.23751
G1 X184.275 Y151.805 Z0.9998 E563.55045
G1 X184.449 Y151.864 Z0.9999 E563.60549
G1 X184.617 Y151.940 Z1.0000 E563.66053
G1 X185.520 Y152.395 Z1.0005 E563.96346
G1 X185.677 Y152.483 Z1.0006 E564.01723
G1 X185.825 Y152.585 Z1.0007 E564.07100
G1 X186.683 Y153.233 Z1.0012 E564.39288
G1 X186.819 Y153.345 Z1.0013 E564.44548
G1 X186.944 Y153.468 Z1.0013 E564.49808
G1 X187.905 Y154.504 Z1.0020 E564.92105
G1 X188.926 Y156.076 Z1.0029 E565.48235
G1 X189.846 Y158.204 Z1.0040 E566.17613
G1 X190.508 Y160.762 Z1.0053 E566.96707
G1 X190.860 Y163.744 Z1.0067 E567.86610
G1 X190.849 Y167.116 Z1.0083 E568.87551
G1 X190.433 Y170.808 Z1.0101 E569.98749
G1 X189.589 Y174.714 Z1.0120 E571.18369
G1 X188.317 Y178.700 Z1.0140 E572.43614
G1 X186.650 Y182.614 Z1.0160 E573.70984
G1 X184.647 Y186.305 Z1.0181 E574.96667
G1 X182.392 Y189.633 Z1.0200 E576.17003
G1 X179.982 Y192.492 Z1.0218 E577.28938
G1 X177.513 Y194.813 Z1.0234 E578.30369
G1 X175.075 Y196.570 Z1.0248 E579.20335
G1 X172.738 Y197.774 Z1.0261 E579.99028
G1 X170.732 Y198.407 Z1.0271 E580.61972
G1 X170.549 Y198.455 Z1.0272 E580.67643
G1 X170.362 Y198.486 Z1.0273 E580.73313
G1 X168.820 Y198.665 Z1.0280 E581.19802
G1 X168.626 Y198.678 Z1.0281 E581.25612
G1 X168.432 Y198.673 Z1.0282 E581.31423
G1 X167.223 Y198.578 Z1.0288 E581.67714
G1 X167.036 Y198.554 Z1.0289 E581.73370
G1 X166.852 Y198.513 Z1.0289 E581.79026
G1 X165.658 Y198.186 Z1.0295 E582.16083
G1 X165.433 Y198.097 Z1.0297 E582.23316
G1 X164.534 Y197.704 Z1.0301 E582.52702
G1 X163.650 Y197.275 Z1.0306 E582.82088
G1 X162.784 Y196.812 Z1.0311 E583.11474
G1 X161.938 Y196.316 Z1.0315 E583.40860
G1 X161.111 Y195.787 Z1.0320 E583.70245
G1 X160.305 Y195.225 Z1.0325 E583.99631
G1 X159.523 Y194.633 Z1.0329 E584.29017
G1 X158.764 Y194.010 Z1.0334 E584.58403
G1 X158.030 Y193.358 Z1.0339 E584.87789
G1 X156.556 Y191.757 Z1.0349 E585.52933
G1 X156.447 Y191.615 Z1.0350 E585.58299
G1 X156.352 Y191.463 Z1.0351 E585.63665
G1 X155.817 Y190.518 Z1.0356 E585.96166
G1 X155.737 Y190.362 Z1.0357 E586.01416
G1 X155.671 Y190.199 Z1.0358 E586.06666
G1 X155.193 Y188.848 Z1.0365 E586.49568
G1 X154.874 Y186.966 Z1.0374 E587.06701
G1 X154.871 Y184.623 Z1.0385 E587.76854
G1 X155.276 Y181.981 Z1.0398 E588.56847
G1 X156.133 Y179.069 Z1.0412 E589.47705
G1 X157.475 Y175.942 Z1.0428 E590.49574
G1 X159.315 Y172.684 Z1.0446 E591.61584
G1 X161.629 Y169.401 Z1.0466 E592.81810
G1 X164.362 Y166.219 Z1.0486 E594.07383
G1 X167.425 Y163.265 Z1.0506 E595.34759
G1 X170.701 Y160.655 Z1.0526 E596.60120
G1 X174.059 Y158.484 Z1.0545 E597.79842
G1 X177.372 Y156.810 Z1.0563 E598.90940
G1 X180.523 Y155.655 Z1.0579 E599.91405
G1 X183.424 Y155.007 Z1.0593 E600.80377
G1 X186.015 Y154.827 Z1.0605 E601.58144
G1 X188.080 Y155.040 Z1.0615 E602.20279
G1 X188.268 Y155.069 Z1.0616 E602.25976
G1 X188.453 Y155.115 Z1.0617 E602.31674
G1 X189.903 Y155.553 Z1.0624 E602.77015
G1 X190.085 Y155.618 Z1.0625 E602.82812
G1 X190.260 Y155.700 Z1.0626 E602.88609
G1 X191.315 Y156.259 Z1.0632 E603.24328
G1 X191.477 Y156.355 Z1.0633 E603.29972
G1 X191.630 Y156.466 Z1.0634 E603.35616
G1 X192.445 Y157.120 Z1.0639 E603.66910
G1 X192.583 Y157.241 Z1.0640 E603.72414
G1 X192.710 Y157.375 Z1.0641 E603.77918
G1 X193.370 Y158.142 Z1.0645 E604.08211
G1 X193.481 Y158.283 Z1.0646 E604.13588
G1 X193.579 Y158.434 Z1.0647 E604.18965
G1 X194.124 Y159.361 Z1.0652 E604.51153
G1 X194.206 Y159.516 Z1.0653 E604.56413
G1 X194.274 Y159.678 Z1.0654 E604.61673
G1 X194.766 Y161.002 Z1.0661 E605.03970
G1 X195.108 Y162.846 Z1.0670 E605.60101
G1 X195.144 Y165.164 Z1.0681 E606.29478
G1 X194.776 Y167.780 Z1.0693 E607.08572
G1 X193.960 Y170.670 Z1.0708 E607.98476
G1 X192.660 Y173.782 Z1.0724 E608.99416
G1 X190.863 Y177.033 Z1.0742 E610.10614
G1 X188.588 Y180.318 Z1.0761 E611.30234
G1 X185.887 Y183.514 Z1.0781 E612.55479
G1 X182.849 Y186.493 Z1.0801 E613.82849
G1 X179.587 Y189.136 Z1.0821 E615.08532
G1 X176.230 Y191.348 Z1.0840 E616.28868
G1 X172.909 Y193.067 Z1.0858 E617.40803
G1 X169.740 Y194.266 Z1.0874 E618.42235
G1 X166.815 Y194.956 Z1.0889 E619.32201
G1 X164.195 Y195.175 Z1.0901 E620.10894
G1 X162.100 Y194.992 Z1.0911 E620.73838
G1 X161.912 Y194.966 Z1.0912 E620.79508
G1 X161.728 Y194.923 Z1.0913 E620.85179
G1 X160.234 Y194.499 Z1.0921 E621.31667
G1 X160.050 Y194.437 Z1.0922 E621.37478
G1 X159.873 Y194.357 Z1.0922 E621.43288
G1 X158.793 Y193.807 Z1.0928 E621.79579
G1 X158.628 Y193.713 Z1.0929 E621.85235
G1 X158.474 Y193.605 Z1.0930 E621.90892
G1 X157.496 Y192.846 Z1.0936 E622.27948
G1 X157.322 Y192.678 Z1.0937 E622.35181
G1 X156.642 Y191.970 Z1.0942 E622.64567
G1 X155.990 Y191.236 Z1.0947 E622.93953
G1 X155.367 Y190.477 Z1.0951 E623.23339
G1 X154.775 Y189.695 Z1.0956 E623.52725
G1 X154.213 Y188.889 Z1.0961 E623.82111
G1 X153.684 Y188.062 Z1.0965 E624.11497
G1 X153.188 Y187.216 Z1.0970 E624.40882
G1 X152.725 Y186.350 Z1.0975 E624.70268
G1 X152.296 Y185.466 Z1.0979 E624.99654
G1 X151.547 Y183.423 Z1.0990 E625.64798
G1 X151.501 Y183.250 Z1.0991 E625.70164
G1 X151.471 Y183.073 Z1.0991 E625.75531
G1 X151.338 Y181.996 Z1.0997 E626.08031
G1 X151.325 Y181.821 Z1.0998 E626.13281
G1 X151.326 Y181.646 Z1.0998 E626.18531
G1 X151.402 Y180.214 Z1.1005 E626.61433
G1 X151.827 Y178.354 Z1.1014 E627.18566
G1 X152.721 Y176.187 Z1.1026 E627.88719
G1 X154.106 Y173.902 Z1.1038 E628.68712
G1 X156.011 Y171.539 Z1.1053 E629.59570
G1 X158.449 Y169.164 Z1.1069 E630.61439
G1 X161.395 Y166.858 Z1.1087 E631.73449
G1 X164.789 Y164.711 Z1.1106 E632.93675
G1 X168.532 Y162.817 Z1.1126 E634.19248
G1 X172.492 Y161.259 Z1.1147 E635.46624
G1 X176.517 Y160.102 Z1.1167 E636.71985
G1 X180.451 Y159.381 Z1.1186 E637.91707
G1 X184.152 Y159.102 Z1.1203 E639.02805
G1 X187.505 Y159.241 Z1.1219 E640.03270
G1 X190.433 Y159.752 Z1.1234 E640.92243
G1 X192.897 Y160.578 Z1.1246 E641.70009
G1 X194.723 Y161.565 Z1.1256 E642.32144
G1 X194.886 Y161.663 Z1.1257 E642.37842
G1 X195.038 Y161.777 Z1.1258 E642.43539
G1 X196.210 Y162.737 Z1.1265 E642.88881
G1 X196.354 Y162.866 Z1.1266 E642.94677
G1 X196.484 Y163.009 Z1.1267 E643.00474
G1 X197.245 Y163.929 Z1.1273 E643.36194
G1 X197.358 Y164.080 Z1.1274 E643.41837
G1 X197.456 Y164.241 Z1.1274 E643.47481
G1 X197.960 Y165.157 Z1.1279 E643.78775
G1 X198.041 Y165.322 Z1.1280 E643.84279
G1 X198.106 Y165.494 Z1.1281 E643.89784
G1 X198.423 Y166.455 Z1.1286 E644.20076
G1 X198.472 Y166.628 Z1.1287 E644.25453
G1 X198.504 Y166.805 Z1.1288 E644.30830
G1 X198.653 Y167.870 Z1.1293 E644.63018
G1 X198.670 Y168.044 Z1.1294 E644.68278
G1 X198.671 Y168.220 Z1.1295 E644.73539
G1 X198.618 Y169.632 Z1.1301 E645.15835
G1 X198.229 Y171.466 Z1.1310 E645.71966
G1 X197.374 Y173.621 Z1.1321 E646.41343
G1 X196.034 Y175.898 Z1.1334 E647.20437
G1 X194.174 Y178.256 Z1.1348 E648.10341
G1 X191.782 Y180.633 Z1.1364 E649.11281
G1 X188.877 Y182.949 Z1.1382 E650.22479
G1 X185.518 Y185.113 Z1.1401 E651.42099
G1 X181.800 Y187.033 Z1.1421 E652.67344
G1 X177.853 Y188.622 Z1.1442 E653.94715
G1 X173.828 Y189.815 Z1.1462 E655.20397
G1 X169.880 Y190.574 Z1.1481 E656.40734
G1 X166.154 Y190.891 Z1.1499 E657.52668
G1 X162.767 Y190.786 Z1.1515 E658.54100
G1 X159.801 Y190.305 Z1.1529 E659.44066
G1 X157.297 Y189.504 Z1.1542 E660.22759
G1 X155.431 Y188.533 Z1.1552 E660.85703
G1 X155.268 Y188.438 Z1.1553 E660.91373
G1 X155.114 Y188.328 Z1.1554 E660.97044
G1 X153.896 Y187.364 Z1.1561 E661.43532
G1 X153.750 Y187.236 Z1.1562 E661.49343
G1 X153.617 Y187.095 Z1.1563 E661.55153
G1 X152.829 Y186.173 Z1.1569 E661.91444
G1 X152.713 Y186.024 Z1.1570 E661.97101
G1 X152.612 Y185.864 Z1.1571 E662.02757
G1 X151.999 Y184.789 Z1.1577 E662.39813
G1 X151.903 Y184.567 Z1.1578 E662.47047
G1 X151.541 Y183.643 Z1.1582 E662.76763
G1 X151.217 Y182.704 Z1.1587 E663.06479
G1 X150.930 Y181.754 Z1.1592 E663.36195
G1 X150.680 Y180.793 Z1.1597 E663.65911
G1 X150.470 Y179.823 Z1.1601 E663.95627
G1 X150.298 Y178.845 Z1.1606 E664.25343
G1 X150.164 Y177.862 Z1.1611 E664.55059
G1 X150.070 Y176.873 Z1.1616 E664.84775
G1 X150.016 Y175.882 Z1.1620 E665.14491
G1 X150.000 Y174.890 Z1.1625 E665.44207
G1 X150.024 Y173.897 Z1.1630 E665.73923
G1 X150.088 Y172.907 Z1.1635 E666.03639
G1 X150.191 Y171.919 Z1.1639 E666.33355
G1 X150.332 Y170.937 Z1.1644 E666.63071
G1 X150.513 Y169.961 Z1.1649 E666.92787
G1 X150.733 Y168.992 Z1.1654 E667.22503
G1 X150.990 Y168.034 Z1.1658 E667.52219
G1 X151.286 Y167.086 Z1.1663 E667.81935
G1 X151.619 Y166.151 Z1.1668 E668.11651
G1 X151.988 Y165.229 Z1.1673 E668.41367
G1 X152.394 Y164.324 Z1.1677 E668.71083
G1 X152.836 Y163.435 Z1.1682 E669.00799
G1 X153.313 Y162.564 Z1.1687 E669.30515
G1 X153.824 Y161.713 Z1.1692 E669.60231
G1 X154.368 Y160.882 Z1.1696 E669.89947
G1 X154.944 Y160.074 Z1.1701 E670.19663
G1 X155.553 Y159.290 Z1.1706 E670.49379
G1 X156.192 Y158.530 Z1.1711 E670.79095
G1 X156.861 Y157.796 Z1.1715 E671.08811
G1 X157.558 Y157.090 Z1.1720 E671.38527
G1 X158.283 Y156.412 Z1.1725 E671.68243
G1 X159.034 Y155.763 Z1.1730 E671.97959
G1 X159.810 Y155.144 Z1.1734 E672.27675
G1 X160.610 Y154.556 Z1.1739 E672.57391
G1 X161.433 Y154.001 Z1.1744 E672.87107
G1 X162.278 Y153.479 Z1.1749 E673.16823
G1 X163.142 Y152.991 Z1.1753 E673.46539
G1 X164.025 Y152.538 Z1.1758 E673.76255
G1 X164.926 Y152.120 Z1.1763 E674.05971
G1 X165.842 Y151.738 Z1.1768 E674.35687
G1 X166.773 Y151.393 Z1.1772 E674.65403
G1 X167.716 Y151.085 Z1.1777 E674.95119
G1 X168.672 Y150.814 Z1.1782 E675.24835
G1 X169.637 Y150.582 Z1.1786 E675.54551
G1 X170.611 Y150.388 Z1.1791 E675.84267
G1 X171.591 Y150.234 Z1.1796 E676.13983
G1 X172.577 Y150.118 Z1.1801 E676.43699
G1 X173.567 Y150.041 Z1.1805 E676.73415
G1 X174.559 Y150.004 Z1.1810 E677.03131
G1 X175.551 Y150.006 Z1.1815 E677.32847
G1 X176.543 Y150.048 Z1.1820 E677.62563
G1 X177.533 Y150.129 Z1.1824 E677.92279
G1 X178.518 Y150.249 Z1.1829 E678.21995
G1 X179.498 Y150.408 Z1.1834 E678.51711
G1 X180.471 Y150.606 Z1.1839 E678.81427
G1 X181.435 Y150.842 Z1.1843 E679.11143
G1 X182.389 Y151.117 Z1.1848 E679.40859
G1 X183.331 Y151.429 Z1.1853 E679.70575
G1 X184.261 Y151.778 Z1.1858 E680.00291
G1 X185.175 Y152.164 Z1.1862 E680.30007
G1 X186.074 Y152.586 Z1.1867 E680.59723
G1 X186.955 Y153.044 Z1.1872 E680.89439
G1 X187.817 Y153.536 Z1.1877 E681.19155
G1 X188.659 Y154.061 Z1.1881 E681.48871
G1 X189.480 Y154.620 Z1.1886 E681.78587
G1 X190.277 Y155.211 Z1.1891 E682.08303
G1 X191.051 Y155.833 Z1.1896 E682.38019
G1 X191.799 Y156.485 Z1.1900 E682.67735
G1 X192.521 Y157.167 Z1.1905 E682.97451
G1 X193.215 Y157.877 Z1.1910 E683.27167
G1 X193.881 Y158.613 Z1.1915 E683.56883
G1 X194.516 Y159.376 Z1.1919 E683.86599
G1 X195.121 Y160.163 Z1.1924 E684.16315
G1 X195.694 Y160.973 Z1.1929 E684.46031
G1 X196.235 Y161.806 Z1.1934 E684.75747
G1 X196.742 Y162.660 Z1.1938 E685.05463
G1 X197.215 Y163.532 Z1.1943 E685.35179
G1 X197.653 Y164.423 Z1.1948 E685.64895
G1 X198.055 Y165.331 Z1.1953 E685.94611
G1 X198.420 Y166.254 Z1.1957 E686.24327
G1 X198.749 Y167.191 Z1.1962 E686.54043
G1 X199.040 Y168.140 Z1.1967 E686.83759
G1 X199.294 Y169.100 Z1.1972 E687.13475
G1 X199.509 Y170.069 Z1.1976 E687.43191
G1 X199.685 Y171.046 Z1.1981 E687.72907
G1 X199.823 Y172.029 Z1.1986 E688.02623
G1 X199.921 Y173.017 Z1.1991 E688.32339
G1 X199.980 Y174.007 Z1.1995 E688.62055
G1 X200.000 Y175.000 Z1.2000 E688.91771
G1 X199.892 Y176.193 Z1.2006 E689.27627
G1 X199.867 Y176.371 Z1.2007 E689.32993
G1 X199.827 Y176.545 Z1.2007 E689.38360
G1 X199.538 Y177.592 Z1.2013 E689.70860
G1 X199.484 Y177.758 Z1.2013 E689.76110
G1 X199.415 Y177.920 Z1.2014 E689.81360
G1 X198.797 Y179.213 Z1.2021 E690.24262
G1 X197.693 Y180.770 Z1.2030 E690.81395
G1 X196.037 Y182.429 Z1.2041 E691.51548
G1 X193.884 Y184.011 Z1.2054 E692.31541
G1 X191.219 Y185.464 Z1.2069 E693.22399
G1 X188.058 Y186.725 Z1.2085 E694.24268
G1 X184.453 Y187.729 Z1.2103 E695.36278
G1 X180.496 Y188.414 Z1.2122 E696.56504
G1 X176.313 Y188.731 Z1.2142 E697.82077
G1 X172.058 Y188.654 Z1.2162 E699.09453
G1 X167.897 Y188.183 Z1.2183 E700.34814
G1 X163.987 Y187.344 Z1.2202 E701.54536
G1 X160.461 Y186.186 Z1.2219 E702.65634
G1 X157.416 Y184.774 Z1.2235 E703.66099
G1 X154.906 Y183.181 Z1.2250 E704.55071
G1 X152.946 Y181.476 Z1.2262 E705.32838
G1 X151.637 Y179.865 Z1.2272 E705.94973
G1 X151.524 Y179.712 Z1.2273 E706.00670
G1 X151.427 Y179.548 Z1.2274 E706.06368
G1 X150.711 Y178.213 Z1.2281 E706.51710
G1 X150.628 Y178.038 Z1.2282 E706.57506
G1 X150.562 Y177.856 Z1.2283 E706.63303
G1 X150.212 Y176.715 Z1.2289 E706.99023
G1 X150.165 Y176.533 Z1.2289 E707.04666
G1 X150.136 Y176.347 Z1.2290 E707.10310
G1 X150.021 Y175.307 Z1.2295 E707.41604
G1 X150.010 Y175.124 Z1.2296 E707.47108
G1 X150.015 Y174.940 Z1.2297 E707.52613
G1 X150.090 Y173.931 Z1.2302 E707.82905
G1 X150.111 Y173.753 Z1.2303 E707.88282
G1 X150.149 Y173.577 Z1.2304 E707.93659
G1 X150.419 Y172.536 Z1.2309 E708.25847
G1 X150.470 Y172.368 Z1.2310 E708.31107
G1 X150.537 Y172.205 Z1.2310 E708.36367
G1 X151.125 Y170.921 Z1.2317 E708.78664
G1 X152.187 Y169.375 Z1.2326 E709.34795
G1 X153.801 Y167.712 Z1.2337 E710.04172
G1 X155.911 Y166.121 Z1.2350 E710.83266
G1 X158.532 Y164.655 Z1.2364 E711.73170
G1 X161.651 Y163.374 Z1.2380 E712.74110
G1 X165.221 Y162.346 Z1.2398 E713.85308
G1 X169.153 Y161.631 Z1.2417 E715.04928
G1 X173.322 Y161.281 Z1.2437 E716.30173
G1 X177.577 Y161.323 Z1.2458 E717.57544
G1 X181.753 Y161.761 Z1.2478 E718.83226
G1 X185.690 Y162.570 Z1.2497 E720.03562
G1 X189.254 Y163.704 Z1.2515 E721.15497
G1 X192.343 Y165.097 Z1.2531 E722.16929
G1 X194.899 Y166.677 Z1.2545 E723.06895
G1 X196.906 Y168.375 Z1.2558 E723.85588
G1 X198.258 Y169.985 Z1.2568 E724.48532
G1 X198.373 Y170.136 Z1.2569 E724.54202
G1 X198.473 Y170.297 Z1.2570 E724.59873
G1 X199.229 Y171.653 Z1.2577 E725.06361
G1 X199.315 Y171.827 Z1.2578 E725.12172
G1 X199.384 Y172.009 Z1.2579 E725.17982
G1 X199.759 Y173.162 Z1.2585 E725.54273
G1 X199.809 Y173.344 Z1.2586 E725.59930
G1 X199.841 Y173.530 Z1.2587 E725.65586
G1 X199.996 Y174.758 Z1.2593 E726.02642
G1 X200.000 Y175.000 Z1.2594 E726.09876
G1 X199.981 Y175.981 Z1.2598 E726.39261
G1 X199.923 Y176.961 Z1.2603 E726.68647
G1 X199.827 Y177.938 Z1.2608 E726.98033
G1 X199.692 Y178.911 Z1.2612 E727.27419
G1 X199.520 Y179.877 Z1.2617 E727.56805
G1 X199.309 Y180.836 Z1.2622 E727.86191
G1 X199.061 Y181.786 Z1.2627 E728.15577
G1 X198.776 Y182.725 Z1.2631 E728.44962
G1 X198.455 Y183.653 Z1.2636 E728.74348
G1 X197.540 Y185.628 Z1.2646 E729.39492
G1 X197.450 Y185.783 Z1.2647 E729.44858
G1 X197.346 Y185.929 Z1.2648 E729.50225
G1 X196.678 Y186.785 Z1.2653 E729.82725
G1 X196.564 Y186.918 Z1.2654 E729.87975
G1 X196.439 Y187.041 Z1.2655 E729.93225
G1 X195.374 Y187.999 Z1.2662 E730.36127
G1 X193.757 Y189.015 Z1.2671 E730.93260
G1 X191.593 Y189.914 Z1.2682 E731.63413
G1 X188.998 Y190.551 Z1.2695 E732.43406
G1 X185.980 Y190.874 Z1.2709 E733.34264
G1 X182.577 Y190.830 Z1.2726 E734.36133
G1 X178.863 Y190.378 Z1.2743 E735.48143
G1 X174.944 Y189.496 Z1.2763 E736.68369
G1 X170.958 Y188.188 Z1.2783 E737.93942
G1 X167.057 Y186.489 Z1.2803 E739.21319
G1 X163.393 Y184.462 Z1.2823 E740.46679
G1 X160.101 Y182.190 Z1.2842 E741.66401
G1 X157.287 Y179.770 Z1.2860 E742.77499
G1 X155.014 Y177.301 Z1.2876 E743.77964
G1 X153.305 Y174.869 Z1.2890 E744.66937
G1 X152.147 Y172.543 Z1.2903 E745.44703
G1 X151.554 Y170.554 Z1.2913 E746.06838
G1 X151.508 Y170.369 Z1.2913 E746.12536
G1 X151.481 Y170.181 Z1.2914 E746.18233
G1 X151.330 Y168.674 Z1.2922 E746.63575
G1 X151.321 Y168.480 Z1.2923 E746.69372
G1 X151.330 Y168.287 Z1.2923 E746.75168
G1 X151.442 Y167.099 Z1.2929 E747.10888
G1 X151.469 Y166.912 Z1.2930 E747.16532
G1 X151.513 Y166.729 Z1.2931 E747.22175
G1 X151.805 Y165.725 Z1.2936 E747.53469
G1 X151.864 Y165.551 Z1.2937 E747.58973
G1 X151.940 Y165.383 Z1.2938 E747.64478
G1 X152.395 Y164.480 Z1.2943 E747.94770
G1 X152.483 Y164.323 Z1.2943 E748.00147
G1 X152.585 Y164.175 Z1.2944 E748.05525
G1 X153.233 Y163.317 Z1.2949 E748.37712
G1 X153.345 Y163.181 Z1.2950 E748.42973
G1 X153.468 Y163.056 Z1.2951 E748.48233
G1 X154.504 Y162.095 Z1.2958 E748.90529
G1 X156.076 Y161.074 Z1.2967 E749.46660
G1 X158.204 Y160.154 Z1.2978 E750.16037
G1 X160.762 Y159.492 Z1.2990 E750.95132
G1 X163.744 Y159.140 Z1.3005 E751.85035
G1 X167.116 Y159.151 Z1.3021 E752.85976
G1 X170.808 Y159.567 Z1.3039 E753.97174
G1 X174.714 Y160.411 Z1.3058 E755.16793
G1 X178.700 Y161.683 Z1.3078 E756.42038
G1 X182.614 Y163.350 Z1.3098 E757.69409
G1 X186.305 Y165.353 Z1.3118 E758.95092
G1 X189.633 Y167.608 Z1.3137 E760.15428
G1 X192.492 Y170.018 Z1.3155 E761.27363
G1 X194.813 Y172.487 Z1.3172 E762.28794
G1 X196.570 Y174.925 Z1.3186 E763.18760
G1 X197.774 Y177.262 Z1.3198 E763.97453
G1 X198.407 Y179.268 Z1.3208 E764.60397
G1 X198.455 Y179.451 Z1.3209 E764.66067
G1 X198.486 Y179.638 Z1.3210 E764.71738
G1 X198.665 Y181.180 Z1.3218 E765.18226
G1 X198.678 Y181.374 Z1.3219 E765.24037
G1 X198.673 Y181.568 Z1.3220 E765.29847
G1 X198.578 Y182.777 Z1.3225 E765.66139
G1 X198.554 Y182.964 Z1.3226 E765.71795
G1 X198.513 Y183.148 Z1.3227 E765.77451
G1 X198.186 Y184.342 Z1.3233 E766.14507
G1 X198.097 Y184.567 Z1.3234 E766.21741
G1 X197.704 Y185.466 Z1.3239 E766.51127
G1 X197.275 Y186.350 Z1.3244 E766.80512
G1 X196.812 Y187.216 Z1.3248 E767.09898
G1 X196.316 Y188.062 Z1.3253 E767.39284
G1 X195.787 Y188.889 Z1.3258 E767.68670
G1 X195.225 Y189.695 Z1.3262 E767.98056
G1 X194.633 Y190.477 Z1.3267 E768.27442
G1 X194.010 Y191.236 Z1.3272 E768.56828
G1 X193.358 Y191.970 Z1.3276 E768.86214
G1 X191.757 Y193.444 Z1.3287 E769.51357
G1 X191.615 Y193.553 Z1.3288 E769.56724
G1 X191.463 Y193.648 Z1.3289 E769.62090
G1 X190.518 Y194.183 Z1.3294 E769.94590
G1 X190.362 Y194.263 Z1.3295 E769.99840
G1 X190.199 Y194.329 Z1.3295 E770.05091
G1 X188.848 Y194.807 Z1.3302 E770.47993
G1 X186.966 Y195.126 Z1.3311 E771.05126
G1 X184.623 Y195.129 Z1.3323 E771.75278
G1 X181.981 Y194.724 Z1.3335 E772.55271
G1 X179.069 Y193.867 Z1.3350 E773.46129
G1 X175.942 Y192.525 Z1.3366 E774.47998
G1 X172.684 Y190.685 Z1.3384 E775.60008
G1 X169.401 Y188.371 Z1.3403 E776.80234
G1 X166.219 Y185.638 Z1.3423 E778.05808
G1 X163.265 Y182.575 Z1.3444 E779.33184
G1 X160.655 Y179.299 Z1.3464 E780.58545
G1 X158.484 Y175.941 Z1.3483 E781.78266
G1 X156.810 Y172.628 Z1.3501 E782.89364
G1 X155.655 Y169.477 Z1.3517 E783.89830
G1 X155.007 Y166.576 Z1.3531 E784.78802
G1 X154.827 Y163.985 Z1.3543 E785.56568
G1 X155.040 Y161.920 Z1.3553 E786.18703
G1 X155.069 Y161.732 Z1.3554 E786.24401
G1 X155.115 Y161.547 Z1.3555 E786.30099
G1 X155.553 Y160.097 Z1.3562 E786.75440
G1 X155.618 Y159.915 Z1.3563 E786.81237
G1 X155.700 Y159.740 Z1.3564 E786.87034
G1 X156.259 Y158.685 Z1.3570 E787.22753
G1 X156.355 Y158.523 Z1.3571 E787.28397
G1 X156.466 Y158.370 Z1.3572 E787.34040
G1 X157.120 Y157.555 Z1.3577 E787.65334
G1 X157.241 Y157.417 Z1.3577 E787.70839
G1 X157.375 Y157.290 Z1.3578 E787.76343
G1 X158.142 Y156.630 Z1.3583 E788.06635
G1 X158.283 Y156.519 Z1.3584 E788.12013
G1 X158.434 Y156.421 Z1.3585 E788.17390
G1 X159.361 Y155.876 Z1.3590 E788.49578
G1 X159.516 Y155.794 Z1.3591 E788.54838
G1 X159.678 Y155.726 Z1.3592 E788.60098
G1 X161.002 Y155.234 Z1.3598 E789.02395
G1 X162.846 Y154.892 Z1.3607 E789.58525
G1 X165.164 Y154.856 Z1.3618 E790.27902
G1 X167.780 Y155.224 Z1.3631 E791.06997
G1 X170.670 Y156.040 Z1.3645 E791.96900
G1 X173.782 Y157.340 Z1.3662 E792.97841
G1 X177.033 Y159.137 Z1.3679 E794.09039
G1 X180.318 Y161.412 Z1.3698 E795.28658
G1 X183.514 Y164.113 Z1.3718 E796.53904
G1 X186.493 Y167.151 Z1.3739 E797.81274
G1 X189.136 Y170.413 Z1.3759 E799.06957
G1 X191.348 Y173.770 Z1.3778 E800.27293
G1 X193.067 Y177.091 Z1.3796 E801.39228
G1 X194.266 Y180.260 Z1.3812 E802.40659
G1 X194.956 Y183.185 Z1.3826 E803.30625
G1 X195.175 Y185.805 Z1.3839 E804.09318
G1 X194.992 Y187.900 Z1.3849 E804.72262
G1 X194.966 Y188.088 Z1.3850 E804.77933
G1 X194.923 Y188.272 Z1.3851 E804.83603
G1 X194.499 Y189.766 Z1.3858 E805.30092
G1 X194.437 Y189.950 Z1.3859 E805.35902
G1 X194.357 Y190.127 Z1.3860 E805.41713
G1 X193.807 Y191.207 Z1.3866 E805.78004
G1 X193.713 Y191.372 Z1.3867 E805.83660
G1 X193.605 Y191.526 Z1.3868 E805.89316
G1 X192.846 Y192.504 Z1.3874 E806.26373
G1 X192.678 Y192.678 Z1.3875 E806.33606
G1 X191.970 Y193.358 Z1.3880 E806.62992
G1 X191.236 Y194.010 Z1.3884 E806.92378
G1 X190.477 Y194.633 Z1.3889 E807.21764
G1 X189.695 Y195.225 Z1.3894 E807.51149
G1 X188.889 Y195.787 Z1.3898 E807.80535
G1 X188.062 Y196.316 Z1.3903 E808.09921
G1 X187.216 Y196.812 Z1.3908 E808.39307
G1 X186.350 Y197.275 Z1.3912 E808.68693
G1 X185.466 Y197.704 Z1.3917 E808.98079
G1 X183.423 Y198.453 Z1.3927 E809.63223
G1 X183.250 Y198.499 Z1.3928 E809.68589
G1 X183.073 Y198.529 Z1.3929 E809.73955
G1 X181.996 Y198.662 Z1.3934 E810.06456
G1 X181.821 Y198.675 Z1.3935 E810.11706
G1 X181.646 Y198.674 Z1.3936 E810.16956
G1 X180.214 Y198.598 Z1.3943 E810.59858
G1 X178.354 Y198.173 Z1.3952 E811.16991
G1 X176.187 Y197.279 Z1.3963 E811.87143
G1 X173.902 Y195.894 Z1.3976 E812.67136
G1 X171.539 Y193.989 Z1.3990 E813.57994
G1 X169.164 Y191.551 Z1.4007 E814.59864
G1 X166.858 Y188.605 Z1.4025 E815.71874
G1 X164.711 Y185.211 Z1.4044 E816.92100
G1 X162.817 Y181.468 Z1.4064 E818.17673
G1 X161.259 Y177.508 Z1.4084 E819.45049
G1 X160.102 Y173.483 Z1.4104 E820.70410
G1 X159.381 Y169.549 Z1.4123 E821.90131
G1 X159.102 Y165.848 Z1.4141 E823.01229
G1 X159.241 Y162.495 Z1.4157 E824.01695
G1 X159.752 Y159.567 Z1.4171 E824.90667
G1 X160.578 Y157.103 Z1.4184 E825.68433
G1 X161.565 Y155.277 Z1.4194 E826.30568
G1 X161.663 Y155.114 Z1.4195 E826.36266
G1 X161.777 Y154.962 Z1.4196 E826.41964
G1 X162.737 Y153.790 Z1.4203 E826.87305
G1 X162.866 Y153.646 Z1.4204 E826.93102
G1 X163.009 Y153.516 Z1.4205 E826.98899
G1 X163.929 Y152.755 Z1.4210 E827.34618
G1 X164.080 Y152.642 Z1.4211 E827.40262
G1 X164.241 Y152.544 Z1.4212 E827.45906
G1 X165.157 Y152.040 Z1.4217 E827.77199
G1 X165.322 Y151.959 Z1.4218 E827.82704
G1 X165.494 Y151.894 Z1.4219 E827.88208
G1 X166.455 Y151.577 Z1.4224 E828.18501
G1 X166.628 Y151.528 Z1.4225 E828.23878
G1 X166.805 Y151.496 Z1.4225 E828.29255
G1 X167.870 Y151.347 Z1.4231 E828.61443
G1 X168.044 Y151.330 Z1.4231 E828.66703
G1 X168.220 Y151.329 Z1.4232 E828.71963
G1 X169.632 Y151.382 Z1.4239 E829.14260
G1 X171.466 Y151.771 Z1.4248 E829.70390
G1 X173.621 Y152.626 Z1.4259 E830.39768
G1 X175.898 Y153.966 Z1.4272 E831.18862
G1 X178.256 Y155.826 Z1.4286 E832.08765
G1 X180.633 Y158.218 Z1.4302 E833.09706
G1 X182.949 Y161.123 Z1.4320 E834.20904
G1 X185.113 Y164.482 Z1.4339 E835.40524
G1 X187.033 Y168.200 Z1.4359 E836.65769
G1 X188.622 Y172.147 Z1.4379 E837.93139
G1 X189.815 Y176.172 Z1.4399 E839.18822
G1 X190.574 Y180.120 Z1.4419 E840.39158
G1 X190.891 Y183.846 Z1.4436 E841.51093
G1 X190.786 Y187.233 Z1.4453 E842.52524
G1 X190.305 Y190.199 Z1.4467 E843.42490
G1 X189.504 Y192.703 Z1.4480 E844.21183
G1 X188.533 Y194.569 Z1.4490 E844.84127
G1 X188.438 Y194.732 Z1.4491 E844.89798
G1 X188.328 Y194.886 Z1.4491 E844.95468
G1 X187.364 Y196.104 Z1.4499 E845.41957
G1 X187.236 Y196.250 Z1.4500 E845.47767
G1 X187.095 Y196.383 Z1.4501 E845.53578
G1 X186.173 Y197.171 Z1.4507 E845.89869
G1 X186.024 Y197.287 Z1.4507 E845.95525
G1 X185.864 Y197.388 Z1.4508 E846.01181
G1 X184.789 Y198.001 Z1.4514 E846.38238
G1 X184.567 Y198.097 Z1.4515 E846.45471
G1 X183.653 Y198.455 Z1.4520 E846.74857
G1 X182.725 Y198.776 Z1.4525 E847.04243
G1 X181.786 Y199.061 Z1.4529 E847.33629
G1 X180.836 Y199.309 Z1.4534 E847.63015
G1 X179.877 Y199.520 Z1.4539 E847.92400
G1 X178.911 Y199.692 Z1.4544 E848.21786
G1 X177.938 Y199.827 Z1.4548 E848.51172
G1 X176.961 Y199.923 Z1.4553 E848.80558
G1 X175.981 Y199.981 Z1.4558 E849.09944
G1 X173.807 Y199.892 Z1.4568 E849.75088
G1 X173.629 Y199.867 Z1.4569 E849.80454
G1 X173.455 Y199.827 Z1.4570 E849.85820
G1 X172.408 Y199.538 Z1.4575 E850.18321
G1 X172.242 Y199.484 Z1.4576 E850.23571
G1 X172.080 Y199.415 Z1.4577 E850.28821
G1 X170.787 Y198.797 Z1.4583 E850.71723
G1 X169.230 Y197.693 Z1.4593 E851.28856
G1 X167.571 Y196.037 Z1.4604 E851.99009
G1 X165.989 Y193.884 Z1.4617 E852.79002
G1 X164.536 Y191.219 Z1.4631 E853.69860
G1 X163.275 Y188.058 Z1.4647 E854.71729
G1 X162.271 Y184.453 Z1.4665 E855.83739
G1 X161.586 Y180.496 Z1.4684 E857.03965
G1 X161.269 Y176.313 Z1.4704 E858.29538
G1 X161.346 Y172.058 Z1.4725 E859.56914
G1 X161.817 Y167.897 Z1.4745 E860.82275
G1 X162.656 Y163.987 Z1.4764 E862.01997
G1 X163.814 Y160.461 Z1.4782 E863.13094
G1 X165.226 Y157.416 Z1.4798 E864.13560
G1 X166.819 Y154.906 Z1.4812 E865.02532
G1 X168.524 Y152.946 Z1.4824 E865.80299
G1 X170.135 Y151.637 Z1.4834 E866.42434
G1 X170.288 Y151.524 Z1.4835 E866.48131
G1 X170.452 Y151.427 Z1.4836 E866.53829
G1 X171.787 Y150.711 Z1.4843 E866.99170
G1 X171.962 Y150.628 Z1.4844 E867.04967
G1 X172.144 Y150.562 Z1.4845 E867.10764
G1 X173.285 Y150.212 Z1.4851 E867.46483
G1 X173.467 Y150.165 Z1.4852 E867.52127
G1 X173.653 Y150.136 Z1.4853 E867.57771
G1 X174.693 Y150.021 Z1.4858 E867.89065
G1 X174.876 Y150.010 Z1.4859 E867.94569
G1 X175.060 Y150.015 Z1.4859 E868.00073
G1 X176.069 Y150.090 Z1.4864 E868.30366
G1 X176.247 Y150.111 Z1.4865 E868.35743
G1 X176.423 Y150.149 Z1.4866 E868.41120
G1 X177.464 Y150.419 Z1.4871 E868.73308
G1 X177.632 Y150.470 Z1.4872 E868.78568
G1 X177.795 Y150.537 Z1.4873 E868.83828
G1 X179.079 Y151.125 Z1.4880 E869.26125
G1 X180.625 Y152.187 Z1.4889 E869.82255
G1 X182.288 Y153.801 Z1.4900 E870.51633
G1 X183.879 Y155.911 Z1.4912 E871.30727
G1 X185.345 Y158.532 Z1.4927 E872.20631
G1 X186.626 Y161.651 Z1.4943 E873.21571
G1 X187.654 Y165.221 Z1.4960 E874.32769
G1 X188.369 Y169.153 Z1.4980 E875.52389
G1 X188.719 Y173.322 Z1.5000 E876.77634
G1 X188.677 Y177.577 Z1.5020 E878.05004
G1 X188.239 Y181.753 Z1.5040 E879.30687
G1 X187.430 Y185.690 Z1.5059 E880.51023
G1 X186.296 Y189.254 Z1.5077 E881.62958
G1 X184.903 Y192.343 Z1.5093 E882.64390
G1 X183.323 Y194.899 Z1.5108 E883.54356
G1 X181.625 Y196.906 Z1.5120 E884.33049
G1 X180.015 Y198.258 Z1.5130 E884.95992
G1 X179.864 Y198.373 Z1.5131 E885.01663
G1 X179.703 Y198.473 Z1.5132 E885.07333
G1 X178.347 Y199.229 Z1.5139 E885.53822
G1 X178.173 Y199.315 Z1.5140 E885.59633
G1 X177.991 Y199.384 Z1.5141 E885.65443
G1 X176.838 Y199.759 Z1.5147 E886.01734
G1 X176.656 Y199.809 Z1.5148 E886.07390
G1 X176.470 Y199.841 Z1.5149 E886.13046
G1 X175.242 Y199.996 Z1.5155 E886.50103
G1 X175.000 Y200.000 Z1.5156 E886.57336
G1 X174.019 Y199.981 Z1.5161 E886.86722
G1 X173.039 Y199.923 Z1.5165 E887.16108
G1 X172.062 Y199.827 Z1.5170 E887.45494
G1 X171.089 Y199.692 Z1.5175 E887.74880
G1 X170.123 Y199.520 Z1.5179 E888.04266
G1 X169.164 Y199.309 Z1.5184 E888.33652
G1 X168.214 Y199.061 Z1.5189 E888.63037
G1 X167.275 Y198.776 Z1.5194 E888.92423
G1 X166.347 Y198.455 Z1.5198 E889.21809
G1 X164.372 Y197.540 Z1.5209 E889.86953
G1 X164.217 Y197.450 Z1.5209 E889.92319
G1 X164.071 Y197.346 Z1.5210 E889.97686
G1 X163.215 Y196.678 Z1.5216 E890.30186
G1 X163.082 Y196.564 Z1.5216 E890.35436
G1 X162.959 Y196.439 Z1.5217 E890.40686
G1 X162.001 Y195.374 Z1.5224 E890.83588
G1 X160.985 Y193.757 Z1.5233 E891.40721
G1 X160.086 Y191.593 Z1.5244 E892.10874
G1 X159.449 Y188.998 Z1.5257 E892.90867
G1 X159.126 Y185.980 Z1.5272 E893.81725
G1 X159.170 Y182.577 Z1.5288 E894.83594
G1 X159.622 Y178.863 Z1.5306 E895.95604
G1 X160.504 Y174.944 Z1.5325 E897.15830
G1 X161.812 Y170.958 Z1.5345 E898.41403
G1 X163.511 Y167.057 Z1.5365 E899.68779
G1 X165.538 Y163.393 Z1.5385 E900.94140
G1 X167.810 Y160.101 Z1.5405 E902.13862
G1 X170.230 Y157.287 Z1.5422 E903.24960
G1 X172.699 Y155.014 Z1.5438 E904.25425
G1 X175.131 Y153.305 Z1.5453 E905.14397
G1 X177.457 Y152.147 Z1.5465 E905.92164
G1 X179.446 Y151.554 Z1.5475 E906.54299
G1 X179.631 Y151.508 Z1.5476 E906.59996
G1 X179.819 Y151.481 Z1.5477 E906.65694
G1 X181.326 Y151.330 Z1.5484 E907.11036
G1 X181.520 Y151.321 Z1.5485 E907.16832
G1 X181.713 Y151.330 Z1.5486 E907.22629
G1 X182.901 Y151.442 Z1.5491 E907.58349
G1 X183.088 Y151.469 Z1.5492 E907.63992
G1 X183.271 Y151.513 Z1.5493 E907.69636
G1 X184.275 Y151.805 Z1.5498 E908.00930
G1 X184.449 Y151.864 Z1.5499 E908.06434
G1 X184.617 Y151.940 Z1.5500 E908.11939
G1 X185.520 Y152.395 Z1.5505 E908.42231
G1 X185.677 Y152.483 Z1.5506 E908.47608
G1 X185.825 Y152.585 Z1.5507 E908.52985
G1 X186.683 Y153.233 Z1.5512 E908.85173
G1 X186.819 Y153.345 Z1.5513 E908.90433
G1 X186.944 Y153.468 Z1.5513 E908.95693
G1 X187.905 Y154.504 Z1.5520 E909.37990
G1 X188.926 Y156.076 Z1.5529 E909.94121
G1 X189.846 Y158.204 Z1.5540 E910.63498
G1 X190.508 Y160.762 Z1.5553 E911.42592
G1 X190.860 Y163.744 Z1.5567 E912.32496
G1 X190.849 Y167.116 Z1.5583 E913.33436
G1 X190.433 Y170.808 Z1.5601 E914.44634
G1 X189.589 Y174.714 Z1.5620 E915.64254
G1 X188.317 Y178.700 Z1.5640 E916.89499
G1 X186.650 Y182.614 Z1.5660 E918.16870
G1 X184.647 Y186.305 Z1.5681 E919.42552
G1 X182.392 Y189.633 Z1.5700 E920.62888
G1 X179.982 Y192.492 Z1.5718 E921.74823
G1 X177.513 Y194.813 Z1.5734 E922.76255
G1 X175.075 Y196.570 Z1.5748 E923.66221
G1 X172.738 Y197.774 Z1.5761 E924.44914
G1 X170.732 Y198.407 Z1.5771 E925.07858
G1 X170.549 Y198.455 Z1.5772 E925.13528
G1 X170.362 Y198.486 Z1.5773 E925.19199
G1 X168.820 Y198.665 Z1.5780 E925.65687
G1 X168.626 Y198.678 Z1.5781 E925.71498
G1 X168.432 Y198.673 Z1.5782 E925.77308
G1 X167.223 Y198.578 Z1.5788 E926.13599
G1 X167.036 Y198.554 Z1.5789 E926.19256
G1 X166.852 Y198.513 Z1.5789 E926.24912
G1 X165.658 Y198.186 Z1.5795 E926.61968
G1 X165.433 Y198.097 Z1.5797 E926.69202
G1 X164.534 Y197.704 Z1.5801 E926.98587
G1 X163.650 Y197.275 Z1.5806 E927.27973
G1 X162.784 Y196.812 Z1.5811 E927.57359
G1 X161.938 Y196.316 Z1.5815 E927.86745
G1 X161.111 Y195.787 Z1.5820 E928.16131
G1 X160.305 Y195.225 Z1.5825 E928.45517
G1 X159.523 Y194.633 Z1.5829 E928.74903
G1 X158.764 Y194.010 Z1.5834 E929.04288
G1 X158.030 Y193.358 Z1.5839 E929.33674
G1 X156.556 Y191.757 Z1.5849 E929.98818
G1 X156.447 Y191.615 Z1.5850 E930.04184
G1 X156.352 Y191.463 Z1.5851 E930.09551
G1 X155.817 Y190.518 Z1.5856 E930.42051
G1 X155.737 Y190.362 Z1.5857 E930.47301
G1 X155.671 Y190.199 Z1.5858 E930.52551
G1 X155.193 Y188.848 Z1.5865 E930.95453
G1 X154.874 Y186.966 Z1.5874 E931.52586
G1 X154.871 Y184.623 Z1.5885 E932.22739
G1 X155.276 Y181.981 Z1.5898 E933.02732
G1 X156.133 Y179.069 Z1.5912 E933.93590
G1 X157.475 Y175.942 Z1.5928 E934.95459
G1 X159.315 Y172.684 Z1.5946 E936.07469
G1 X161.629 Y169.401 Z1.5966 E937.27695
G1 X164.362 Y166.219 Z1.5986 E938.53268
G1 X167.425 Y163.265 Z1.6006 E939.80645
G1 X170.701 Y160.655 Z1.6026 E941.06005
G1 X174.059 Y158.484 Z1.6045 E942.25727
G1 X177.372 Y156.810 Z1.6063 E943.36825
G1 X180.523 Y155.655 Z1.6079 E944.37290
G1 X183.424 Y155.007 Z1.6093 E945.26263
G1 X186.015 Y154.827 Z1.6105 E946.04029
G1 X188.080 Y155.040 Z1.6115 E946.66164
G1 X188.268 Y155.069 Z1.6116 E946.71862
G1 X188.453 Y155.115 Z1.6117 E946.77559
G1 X189.903 Y155.553 Z1.6124 E947.22901
G1 X190.085 Y155.618 Z1.6125 E947.28698
G1 X190.260 Y155.700 Z1.6126 E947.34494
G1 X191.315 Y156.259 Z1.6132 E947.70214
G1 X191.477 Y156.355 Z1.6133 E947.75858
G1 X191.630 Y156.466 Z1.6134 E947.81501
G1 X192.445 Y157.120 Z1.6139 E948.12795
G1 X192.583 Y157.241 Z1.6140 E948.18299
G1 X192.710 Y157.375 Z1.6141 E948.23804
G1 X193.370 Y158.142 Z1.6145 E948.54096
G1 X193.481 Y158.283 Z1.6146 E948.59473
G1 X193.579 Y158.434 Z1.6147 E948.64851
G1 X194.124 Y159.361 Z1.6152 E948.97038
G1 X194.206 Y159.516 Z1.6153 E949.02299
G1 X194.274 Y159.678 Z1.6154 E949.07559
G1 X194.766 Y161.002 Z1.6161 E949.49855
G1 X195.108 Y162.846 Z1.6170 E950.05986
G1 X195.144 Y165.164 Z1.6181 E950.75363
G1 X194.776 Y167.780 Z1.6193 E951.54458
G1 X193.960 Y170.670 Z1.6208 E952.44361
G1 X192.660 Y173.782 Z1.6224 E953.45302
G1 X190.863 Y177.033 Z1.6242 E954.56500
G1 X188.588 Y180.318 Z1.6261 E955.76119
G1 X185.887 Y183.514 Z1.6281 E957.01364
G1 X182.849 Y186.493 Z1.6301 E958.28735
G1 X179.587 Y189.136 Z1.6321 E959.54418
G1 X176.230 Y191.348 Z1.6340 E960.74754
G1 X172.909 Y193.067 Z1.6358 E961.86689
G1 X169.740 Y194.266 Z1.6374 E962.88120
G1 X166.815 Y194.956 Z1.6389 E963.78086
G1 X164.195 Y195.175 Z1.6401 E964.56779
G1 X162.100 Y194.992 Z1.6411 E965.19723
G1 X161.912 Y194.966 Z1.6412 E965.25393
G1 X161.728 Y194.923 Z1.6413 E965.31064
G1 X160.234 Y194.499 Z1.6421 E965.77552
G1 X160.050 Y194.437 Z1.6422 E965.83363
G1 X159.873 Y194.357 Z1.6422 E965.89173
G1 X158.793 Y193.807 Z1.6428 E966.25465
G1 X158.628 Y193.713 Z1.6429 E966.31121
G1 X158.474 Y193.605 Z1.6430 E966.36777
G1 X157.496 Y192.846 Z1.6436 E966.73833
G1 X157.322 Y192.678 Z1.6437 E966.81067
G1 X156.642 Y191.970 Z1.6442 E967.10453
G1 X155.990 Y191.236 Z1.6447 E967.39838
G1 X155.367 Y190.477 Z1.6451 E967.69224
G1 X154.775 Y189.695 Z1.6456 E967.98610
G1 X154.213 Y188.889 Z1.6461 E968.27996
G1 X153.684 Y188.062 Z1.6465 E968.57382
G1 X153.188 Y187.216 Z1.6470 E968.86768
G1 X152.725 Y186.350 Z1.6475 E969.16154
G1 X152.296 Y185.466 Z1.6479 E969.45540
G1 X151.547 Y183.423 Z1.6490 E970.10683
G1 X151.501 Y183.250 Z1.6491 E970.16050
G1 X151.471 Y183.073 Z1.6491 E970.21416
G1 X151.338 Y181.996 Z1.6497 E970.53916
G1 X151.325 Y181.821 Z1.6498 E970.59166
G1 X151.326 Y181.646 Z1.6498 E970.64417
G1 X151.402 Y180.214 Z1.6505 E971.07319
G1 X151.827 Y178.354 Z1.6514 E971.64452
G1 X152.721 Y176.187 Z1.6526 E972.34604
G1 X154.106 Y173.902 Z1.6538 E973.14597
G1 X156.011 Y171.539 Z1.6553 E974.05455
G1 X158.449 Y169.164 Z1.6569 E975.07324
G1 X161.395 Y166.858 Z1.6587 E976.19334
G1 X164.789 Y164.711 Z1.6606 E977.39560
G1 X168.532 Y162.817 Z1.6626 E978.65134
G1 X172.492 Y161.259 Z1.6647 E979.92510
G1 X176.517 Y160.102 Z1.6667 E981.17871
G1 X180.451 Y159.381 Z1.6686 E982.37592
G1 X184.152 Y159.102 Z1.6703 E983.48690
G1 X187.505 Y159.241 Z1.6719 E984.49156
G1 X190.433 Y159.752 Z1.6734 E985.38128
G1 X192.897 Y160.578 Z1.6746 E986.15894
G1 X194.723 Y161.565 Z1.6756 E986.78029
G1 X194.886 Y161.663 Z1.6757 E986.83727
G1 X195.038 Y161.777 Z1.6758 E986.89425
G1 X196.210 Y162.737 Z1.6765 E987.34766
G1 X196.354 Y162.866 Z1.6766 E987.40563
G1 X196.484 Y163.009 Z1.6767 E987.46360
G1 X197.245 Y163.929 Z1.6773 E987.82079
G1 X197.358 Y164.080 Z1.6774 E987.87723
G1 X197.456 Y164.241 Z1.6774 E987.93366
G1 X197.960 Y165.157 Z1.6779 E988.24660
G1 X198.041 Y165.322 Z1.6780 E988.30165
G1 X198.106 Y165.494 Z1.6781 E988.35669
G1 X198.423 Y166.455 Z1.6786 E988.65961
G1 X198.472 Y166.628 Z1.6787 E988.71339
G1 X198.504 Y166.805 Z1.6788 E988.76716
G1 X198.653 Y167.870 Z1.6793 E989.08904
G1 X198.670 Y168.044 Z1.6794 E989.14164
G1 X198.671 Y168.220 Z1.6795 E989.19424
G1 X198.618 Y169.632 Z1.6801 E989.61721
G1 X198.229 Y171.466 Z1.6810 E990.17851
G1 X197.374 Y173.621 Z1.6821 E990.87228
G1 X196.034 Y175.898 Z1.6834 E991.66323
G1 X194.174 Y178.256 Z1.6848 E992.56226
G1 X191.782 Y180.633 Z1.6864 E993.57167
G1 X188.877 Y182.949 Z1.6882 E994.68365
G1 X185.518 Y185.113 Z1.6901 E995.87984
G1 X181.800 Y187.033 Z1.6921 E997.13230
G1 X177.853 Y188.622 Z1.6942 E998.40600
G1 X173.828 Y189.815 Z1.6962 E999.66283
G1 X169.880 Y190.574 Z1.6981 E1000.86619
G1 X166.154 Y190.891 Z1.6999 E1001.98554
G1 X162.767 Y190.786 Z1.7015 E1002.99985
G1 X159.801 Y190.305 Z1.7029 E1003.89951
G1 X157.297 Y189.504 Z1.7042 E1004.68644
G1 X155.431 Y188.533 Z1.7052 E1005.31588
G1 X155.268 Y188.438 Z1.7053 E1005.37259
G1 X155.114 Y188.328 Z1.7054 E1005.42929
G1 X153.896 Y187.364 Z1.7061 E1005.89418
G1 X153.750 Y187.236 Z1.7062 E1005.95228
G1 X153.617 Y187.095 Z1.7063 E1006.01039
G1 X152.829 Y186.173 Z1.7069 E1006.37330
G1 X152.713 Y186.024 Z1.7070 E1006.42986
G1 X152.612 Y185.864 Z1.7071 E1006.48642
G1 X151.999 Y184.789 Z1.7077 E1006.85699
G1 X151.903 Y184.567 Z1.7078 E1006.92932
G1 X151.541 Y183.643 Z1.7082 E1007.22648
G1 X151.217 Y182.704 Z1.7087 E1007.52364
G1 X150.930 Y181.754 Z1.7092 E1007.82080
G1 X150.680 Y180.793 Z1.7097 E1008.11796
G1 X150.470 Y179.823 Z1.7101 E1008.41512
G1 X150.298 Y178.845 Z1.7106 E1008.71228
G1 X150.164 Y177.862 Z1.7111 E1009.00944
G1 X150.070 Y176.873 Z1.7116 E1009.30660
G1 X150.016 Y175.882 Z1.7120 E1009.60376
G1 X150.000 Y174.890 Z1.7125 E1009.90092
G1 X150.024 Y173.897 Z1.7130 E1010.19808
G1 X150.088 Y172.907 Z1.7135 E1010.49524
G1 X150.191 Y171.919 Z1.7139 E1010.79240
G1 X150.332 Y170.937 Z1.7144 E1011.08956
G1 X150.513 Y169.961 Z1.7149 E1011.38672
G1 X150.733 Y168.992 Z1.7154 E1011.68388
G1 X150.990 Y168.034 Z1.7158 E1011.98104
G1 X151.286 Y167.086 Z1.7163 E1012.27820
G1 X151.619 Y166.151 Z1.7168 E1012.57536
G1 X151.988 Y165.229 Z1.7173 E1012.87252
G1 X152.394 Y164.324 Z1.7177 E1013.16968
G1 X152.836 Y163.435 Z1.7182 E1013.46684
G1 X153.313 Y162.564 Z1.7187 E1013.76400
G1 X153.824 Y161.713 Z1.7192 E1014.06116
G1 X154.368 Y160.882 Z1.7196 E1014.35832
G1 X154.944 Y160.074 Z1.7201 E1014.65548
G1 X155.553 Y159.290 Z1.7206 E1014.95264
G1 X156.192 Y158.530 Z1.7211 E1015.24980
G1 X156.861 Y157.796 Z1.7215 E1015.54696
G1 X157.558 Y157.090 Z1.7220 E1015.84412
G1 X158.283 Y156.412 Z1.7225 E1016.14128
G1 X159.034 Y155.763 Z1.7230 E1016.43844
G1 X159.810 Y155.144 Z1.7234 E1016.73560
G1 X160.610 Y154.556 Z1.7239 E1017.03276
G1 X161.433 Y154.001 Z1.7244 E1017.32992
G1 X162.278 Y153.479 Z1.7249 E1017.62708
G1 X163.142 Y152.991 Z1.7253 E1017.92424
G1 X164.025 Y152.538 Z1.7258 E1018.22140
G1 X164.926 Y152.120 Z1.7263 E1018.51856
G1 X165.842 Y151.738 Z1.7268 E1018.81572
G1 X166.773 Y151.393 Z1.7272 E1019.11288
G1 X167.716 Y151.085 Z1.7277 E1019.41004
G1 X168.672 Y150.814 Z1.7282 E1019.70720
G1 X169.637 Y150.582 Z1.7286 E1020.00436
G1 X170.611 Y150.388 Z1.7291 E1020.30152
G1 X171.591 Y150.234 Z1.7296 E1020.59868
G1 X172.577 Y150.118 Z1.7301 E1020.89584
G1 X173.567 Y150.041 Z1.7305 E1021.19300
G1 X174.559 Y150.004 Z1.7310 E1021.49016
G1 X175.551 Y150.006 Z1.7315 E1021.78732
G1 X176.543 Y150.048 Z1.7320 E1022.08448
G1 X177.533 Y150.129 Z1.7324 E1022.38164
G1 X178.518 Y150.249 Z1.7329 E1022.67880
G1 X179.498 Y150.408 Z1.7334 E1022.97596
G1 X180.471 Y150.606 Z1.7339 E1023.27312
G1 X181.435 Y150.842 Z1.7343 E1023.57028
G1 X182.389 Y151.117 Z1.7348 E1023.86744
G1 X183.331 Y151.429 Z1.7353 E1024.16460
G1 X184.261 Y151.778 Z1.7358 E1024.46176
G1 X185.175 Y152.164 Z1.7362 E1024.75892
G1 X186.074 Y152.586 Z1.7367 E1025.05608
G1 X186.955 Y153.044 Z1.7372 E1025.35324
G1 X187.817 Y153.536 Z1.7377 E1025.65040
G1 X188.659 Y154.061 Z1.7381 E1025.94756
G1 X189.480 Y154.620 Z1.7386 E1026.24472
G1 X190.277 Y155.211 Z1.7391 E1026.54188
G1 X191.051 Y155.833 Z1.7396 E1026.83904
G1 X191.799 Y156.485 Z1.7400 E1027.13620
G1 X192.521 Y157.167 Z1.7405 E1027.43336
G1 X193.215 Y157.877 Z1.7410 E1027.73052
G1 X193.881 Y158.613 Z1.7415 E1028.02768
G1 X194.516 Y159.376 Z1.7419 E1028.32484
G1 X195.121 Y160.163 Z1.7424 E1028.62200
G1 X195.694 Y160.973 Z1.7429 E1028.91916
G1 X196.235 Y161.806 Z1.7434 E1029.21632
G1 X196.742 Y162.660 Z1.7438 E1029.51348
G1 X197.215 Y163.532 Z1.7443 E1029.81064
G1 X197.653 Y164.423 Z1.7448 E1030.10780
G1 X198.055 Y165.331 Z1.7453 E1030.40496
G1 X198.420 Y166.254 Z1.7457 E1030.70212
G1 X198.749 Y167.191 Z1.7462 E1030.99928
G1 X199.040 Y168.140 Z1.7467 E1031.29644
G1 X199.294 Y169.100 Z1.7472 E1031.59360
G1 X199.509 Y170.069 Z1.7476 E1031.89076
G1 X199.685 Y171.046 Z1.7481 E1032.18792
G1 X199.823 Y172.029 Z1.7486 E1032.48508
G1 X199.921 Y173.017 Z1.7491 E1032.78224
G1 X199.980 Y174.007 Z1.7495 E1033.07940
G1 X200.000 Y175.000 Z1.7500 E1033.37656
G1 X199.892 Y176.193 Z1.7506 E1033.73512
G1 X199.867 Y176.371 Z1.7507 E1033.78879
G1 X199.827 Y176.545 Z1.7507 E1033.84245
G1 X199.538 Y177.592 Z1.7513 E1034.16745
G1 X199.484 Y177.758 Z1.7513 E1034.21995
G1 X199.415 Y177.920 Z1.7514 E1034.27245
G1 X198.797 Y179.213 Z1.7521 E1034.70148
G1 X197.693 Y180.770 Z1.7530 E1035.27281
G1 X196.037 Y182.429 Z1.7541 E1035.97433
G1 X193.884 Y184.011 Z1.7554 E1036.77426
G1 X191.219 Y185.464 Z1.7569 E1037.68284
G1 X188.058 Y186.725 Z1.7585 E1038.70153
G1 X184.453 Y187.729 Z1.7603 E1039.82163
G1 X180.496 Y188.414 Z1.7622 E1041.02389
G1 X176.313 Y188.731 Z1.7642 E1042.27963
G1 X172.058 Y188.654 Z1.7662 E1043.55339
G1 X167.897 Y188.183 Z1.7683 E1044.80700
G1 X163.987 Y187.344 Z1.7702 E1046.00421
G1 X160.461 Y186.186 Z1.7719 E1047.11519
G1 X157.416 Y184.774 Z1.7735 E1048.11985
G1 X154.906 Y183.181 Z1.7750 E1049.00957
G1 X152.946 Y181.476 Z1.7762 E1049.78723
G1 X151.637 Y179.865 Z1.7772 E1050.40858
G1 X151.524 Y179.712 Z1.7773 E1050.46556
G1 X151.427 Y179.548 Z1.7774 E1050.52254
G1 X150.711 Y178.213 Z1.7781 E1050.97595
G1 X150.628 Y178.038 Z1.7782 E1051.03392
G1 X150.562 Y177.856 Z1.7783 E1051.09189
G1 X150.212 Y176.715 Z1.7789 E1051.44908
G1 X150.165 Y176.533 Z1.7789 E1051.50552
G1 X150.136 Y176.347 Z1.7790 E1051.56195
G1 X150.021 Y175.307 Z1.7795 E1051.87489
G1 X150.010 Y175.124 Z1.7796 E1051.92994
G1 X150.015 Y174.940 Z1.7797 E1051.98498
G1 X150.090 Y173.931 Z1.7802 E1052.28790
G1 X150.111 Y173.753 Z1.7803 E1052.34168
G1 X150.149 Y173.577 Z1.7804 E1052.39545
G1 X150.419 Y172.536 Z1.7809 E1052.71733
G1 X150.470 Y172.368 Z1.7810 E1052.76993
G1 X150.537 Y172.205 Z1.7810 E1052.82253
G1 X151.125 Y170.921 Z1.7817 E1053.24550
G1 X152.187 Y169.375 Z1.7826 E1053.80680
G1 X153.801 Y167.712 Z1.7837 E1054.50057
G1 X155.911 Y166.121 Z1.7850 E1055.29152
G1 X158.532 Y164.655 Z1.7864 E1056.19055
G1 X161.651 Y163.374 Z1.7880 E1057.19996
G1 X165.221 Y162.346 Z1.7898 E1058.31194
G1 X169.153 Y161.631 Z1.7917 E1059.50813
G1 X173.322 Y161.281 Z1.7937 E1060.76059
G1 X177.577 Y161.323 Z1.7958 E1062.03429
G1 X181.753 Y161.761 Z1.7978 E1063.29112
G1 X185.690 Y162.570 Z1.7997 E1064.49448
G1 X189.254 Y163.704 Z1.8015 E1065.61383
G1 X192.343 Y165.097 Z1.8031 E1066.62814
G1 X194.899 Y166.677 Z1.8045 E1067.52780
G1 X196.906 Y168.375 Z1.8058 E1068.31473
G1 X198.258 Y169.985 Z1.8068 E1068.94417
G1 X198.373 Y170.136 Z1.8069 E1069.00088
G1 X198.473 Y170.297 Z1.8070 E1069.05758
G1 X199.229 Y171.653 Z1.8077 E1069.52247
G1 X199.315 Y171.827 Z1.8078 E1069.58057
G1 X199.384 Y172.009 Z1.8079 E1069.63868
G1 X199.759 Y173.162 Z1.8085 E1070.00159
G1 X199.809 Y173.344 Z1.8086 E1070.05815
G1 X199.841 Y173.530 Z1.8087 E1070.11471
G1 X199.996 Y174.758 Z1.8093 E1070.48528
G1 X200.000 Y175.000 Z1.8094 E1070.55761
G1 X199.981 Y175.981 Z1.8098 E1070.85147
G1 X199.923 Y176.961 Z1.8103 E1071.14533
G1 X199.827 Y177.938 Z1.8108 E1071.43918
G1 X199.692 Y178.911 Z1.8112 E1071.73304
G1 X199.520 Y179.877 Z1.8117 E1072.02690
G1 X199.309 Y180.836 Z1.8122 E1072.32076
G1 X199.061 Y181.786 Z1.8127 E1072.61462
G1 X198.776 Y182.725 Z1.8131 E1072.90848
G1 X198.455 Y183.653 Z1.8136 E1073.20234
G1 X197.540 Y185.628 Z1.8146 E1073.85378
G1 X197.450 Y185.783 Z1.8147 E1073.90744
G1 X197.346 Y185.929 Z1.8148 E1073.96110
G1 X196.678 Y186.785 Z1.8153 E1074.28611
G1 X196.564 Y186.918 Z1.8154 E1074.33861
G1 X196.439 Y187.041 Z1.8155 E1074.39111
G1 X195.374 Y187.999 Z1.8162 E1074.82013
G1 X193.757 Y189.015 Z1.8171 E1075.39146
G1 X191.593 Y189.914 Z1.8182 E1076.09298
G1 X188.998 Y190.551 Z1.8195 E1076.89291
G1 X185.980 Y190.874 Z1.8209 E1077.80149
G1 X182.577 Y190.830 Z1.8226 E1078.82019
G1 X178.863 Y190.378 Z1.8243 E1079.94029
G1 X174.944 Y189.496 Z1.8263 E1081.14255
G1 X170.958 Y188.188 Z1.8283 E1082.39828
G1 X167.057 Y186.489 Z1.8303 E1083.67204
G1 X163.393 Y184.462 Z1.8323 E1084.92565
G1 X160.101 Y182.190 Z1.8342 E1086.12286
G1 X157.287 Y179.770 Z1.8360 E1087.23384
G1 X155.014 Y177.301 Z1.8376 E1088.23850
G1 X153.305 Y174.869 Z1.8390 E1089.12822
G1 X152.147 Y172.543 Z1.8403 E1089.90588
G1 X151.554 Y170.554 Z1.8413 E1090.52723
G1 X151.508 Y170.369 Z1.8413 E1090.58421
G1 X151.481 Y170.181 Z1.8414 E1090.64119
G1 X151.330 Y168.674 Z1.8422 E1091.09460
G1 X151.321 Y168.480 Z1.8423 E1091.15257
G1 X151.330 Y168.287 Z1.8423 E1091.21054
G1 X151.442 Y167.099 Z1.8429 E1091.56773
G1 X151.469 Y166.912 Z1.8430 E1091.62417
G1 X151.513 Y166.729 Z1.8431 E1091.68061
G1 X151.805 Y165.725 Z1.8436 E1091.99354
G1 X151.864 Y165.551 Z1.8437 E1092.04859
G1 X151.940 Y165.383 Z1.8438 E1092.10363
G1 X152.395 Y164.480 Z1.8443 E1092.40656
G1 X152.483 Y164.323 Z1.8443 E1092.46033
G1 X152.585 Y164.175 Z1.8444 E1092.51410
G1 X153.233 Y163.317 Z1.8449 E1092.83598
G1 X153.345 Y163.181 Z1.8450 E1092.88858
G1 X153.468 Y163.056 Z1.8451 E1092.94118
G1 X154.504 Y162.095 Z1.8458 E1093.36415
G1 X156.076 Y161.074 Z1.8467 E1093.92545
G1 X158.204 Y160.154 Z1.8478 E1094.61923
G1 X160.762 Y159.492 Z1.8490 E1095.41017
G1 X163.744 Y159.140 Z1.8505 E1096.30920
G1 X167.116 Y159.151 Z1.8521 E1097.31861
G1 X170.808 Y159.567 Z1.8539 E1098.43059
G1 X174.714 Y160.411 Z1.8558 E1099.62679
G1 X178.700 Y161.683 Z1.8578 E1100.87924
G1 X182.614 Y163.350 Z1.8598 E1102.15294
G1 X186.305 Y165.353 Z1.8618 E1103.40977
G1 X189.633 Y167.608 Z1.8637 E1104.61313
G1 X192.492 Y170.018 Z1.8655 E1105.73248
G1 X194.813 Y172.487 Z1.8672 E1106.74679
G1 X196.570 Y174.925 Z1.8686 E1107.64645
G1 X197.774 Y177.262 Z1.8698 E1108.43338
G1 X198.407 Y179.268 Z1.8708 E1109.06282
G1 X198.455 Y179.451 Z1.8709 E1109.11953
G1 X198.486 Y179.638 Z1.8710 E1109.17623
G1 X198.665 Y181.180 Z1.8718 E1109.64112
G1 X198.678 Y181.374 Z1.8719 E1109.69922
G1 X198.673 Y181.568 Z1.8720 E1109.75733
G1 X198.578 Y182.777 Z1.8725 E1110.12024
G1 X198.554 Y182.964 Z1.8726 E1110.17680
G1 X198.513 Y183.148 Z1.8727 E1110.23336
G1 X198.186 Y184.342 Z1.8733 E1110.60393
G1 X198.097 Y184.567 Z1.8734 E1110.67626
G1 X197.704 Y185.466 Z1.8739 E1110.97012
G1 X197.275 Y186.350 Z1.8744 E1111.26398
G1 X196.812 Y187.216 Z1.8748 E1111.55784
G1 X196.316 Y188.062 Z1.8753 E1111.85170
G1 X195.787 Y188.889 Z1.8758 E1112.14555
G1 X195.225 Y189.695 Z1.8762 E1112.43941
G1 X194.633 Y190.477 Z1.8767 E1112.73327
G1 X194.010 Y191.236 Z1.8772 E1113.02713
G1 X193.358 Y191.970 Z1.8776 E1113.32099
G1 X191.757 Y193.444 Z1.8787 E1113.97243
G1 X191.615 Y193.553 Z1.8788 E1114.02609
G1 X191.463 Y193.648 Z1.8789 E1114.07975
G1 X190.518 Y194.183 Z1.8794 E1114.40476
G1 X190.362 Y194.263 Z1.8795 E1114.45726
G1 X190.199 Y194.329 Z1.8795 E1114.50976
G1 X188.848 Y194.807 Z1.8802 E1114.93878
G1 X186.966 Y195.126 Z1.8811 E1115.51011
G1 X184.623 Y195.129 Z1.8823 E1116.21164
G1 X181.981 Y194.724 Z1.8835 E1117.01156
G1 X179.069 Y193.867 Z1.8850 E1117.92014
G1 X175.942 Y192.525 Z1.8866 E1118.93884
G1 X172.684 Y190.685 Z1.8884 E1120.05894
G1 X169.401 Y188.371 Z1.8903 E1121.26120
G1 X166.219 Y185.638 Z1.8923 E1122.51693
G1 X163.265 Y182.575 Z1.8944 E1123.79069
G1 X160.655 Y179.299 Z1.8964 E1125.04430
G1 X158.484 Y175.941 Z1.8983 E1126.24151
G1 X156.810 Y172.628 Z1.9001 E1127.35249
G1 X155.655 Y169.477 Z1.9017 E1128.35715
G1 X155.007 Y166.576 Z1.9031 E1129.24687
G1 X154.827 Y163.985 Z1.9043 E1130.02454
G1 X155.040 Y161.920 Z1.9053 E1130.64589
G1 X155.069 Y161.732 Z1.9054 E1130.70286
G1 X155.115 Y161.547 Z1.9055 E1130.75984
G1 X155.553 Y160.097 Z1.9062 E1131.21325
G1 X155.618 Y159.915 Z1.9063 E1131.27122
G1 X155.700 Y159.740 Z1.9064 E1131.32919
G1 X156.259 Y158.685 Z1.9070 E1131.68638
G1 X156.355 Y158.523 Z1.9071 E1131.74282
G1 X156.466 Y158.370 Z1.9072 E1131.79926
G1 X157.120 Y157.555 Z1.9077 E1132.11220
G1 X157.241 Y157.417 Z1.9077 E1132.16724
G1 X157.375 Y157.290 Z1.9078 E1132.22228
G1 X158.142 Y156.630 Z1.9083 E1132.52521
G1 X158.283 Y156.519 Z1.9084 E1132.57898
G1 X158.434 Y156.421 Z1.9085 E1132.63275
G1 X159.361 Y155.876 Z1.9090 E1132.95463
G1 X159.516 Y155.794 Z1.9091 E1133.00723
G1 X159.678 Y155.726 Z1.9092 E1133.05983
G1 X161.002 Y155.234 Z1.9098 E1133.48280
G1 X162.846 Y154.892 Z1.9107 E1134.04410
G1 X165.164 Y154.856 Z1.9118 E1134.73788
G1 X167.780 Y155.224 Z1.9131 E1135.52882
G1 X170.670 Y156.040 Z1.9145 E1136.42785
G1 X173.782 Y157.340 Z1.9162 E1137.43726
G1 X177.033 Y159.137 Z1.9179 E1138.54924
G1 X180.318 Y161.412 Z1.9198 E1139.74544
G1 X183.514 Y164.113 Z1.9218 E1140.99789
G1 X186.493 Y167.151 Z1.9239 E1142.27159
G1 X189.136 Y170.413 Z1.9259 E1143.52842
G1 X191.348 Y173.770 Z1.9278 E1144.73178
G1 X193.067 Y177.091 Z1.9296 E1145.85113
G1 X194.266 Y180.260 Z1.9312 E1146.86544
G1 X194.956 Y183.185 Z1.9326 E1147.76511
G1 X195.175 Y185.805 Z1.9339 E1148.55204
G1 X194.992 Y187.900 Z1.9349 E1149.18147
G1 X194.966 Y188.088 Z1.9350 E1149.23818
G1 X194.923 Y188.272 Z1.9351 E1149.29488
G1 X194.499 Y189.766 Z1.9358 E1149.75977
G1 X194.437 Y189.950 Z1.9359 E1149.81788
G1 X194.357 Y190.127 Z1.9360 E1149.87598
G1 X193.807 Y191.207 Z1.9366 E1150.23889
G1 X193.713 Y191.372 Z1.9367 E1150.29545
G1 X193.605 Y191.526 Z1.9368 E1150.35201
G1 X192.846 Y192.504 Z1.9374 E1150.72258
G1 X192.678 Y192.678 Z1.9375 E1150.79491
G1 X191.970 Y193.358 Z1.9380 E1151.08877
G1 X191.236 Y194.010 Z1.9384 E1151.38263
G1 X190.477 Y194.633 Z1.9389 E1151.67649
G1 X189.695 Y195.225 Z1.9394 E1151.97035
G1 X188.889 Y195.787 Z1.9398 E1152.26421
G1 X188.062 Y196.316 Z1.9403 E1152.55806
G1 X187.216 Y196.812 Z1.9408 E1152.85192
G1 X186.350 Y197.275 Z1.9412 E1153.14578
G1 X185.466 Y197.704 Z1.9417 E1153.43964
G1 X183.423 Y198.453 Z1.9427 E1154.09108
G1 X183.250 Y198.499 Z1.9428 E1154.14474
G1 X183.073 Y198.529 Z1.9429 E1154.19841
G1 X181.996 Y198.662 Z1.9434 E1154.52341
G1 X181.821 Y198.675 Z1.9435 E1154.57591
G1 X181.646 Y198.674 Z1.9436 E1154.62841
G1 X180.214 Y198.598 Z1.9443 E1155.05743
G1 X178.354 Y198.173 Z1.9452 E1155.62876
G1 X176.187 Y197.279 Z1.9463 E1156.33029
G1 X173.902 Y195.894 Z1.9476 E1157.13022
G1 X171.539 Y193.989 Z1.9490 E1158.03880
G1 X169.164 Y191.551 Z1.9507 E1159.05749
G1 X166.858 Y188.605 Z1.9525 E1160.17759
G1 X164.711 Y185.211 Z1.9544 E1161.37985
G1 X162.817 Y181.468 Z1.9564 E1162.63558
G1 X161.259 Y177.508 Z1.9584 E1163.90934
G1 X160.102 Y173.483 Z1.9604 E1165.16295
G1 X159.381 Y169.549 Z1.9623 E1166.36017
G1 X159.102 Y165.848 Z1.9641 E1167.47115
G1 X159.241 Y162.495 Z1.9657 E1168.47580
G1 X159.752 Y159.567 Z1.9671 E1169.36552
G1 X160.578 Y157.103 Z1.9684 E1170.14319
G1 X161.565 Y155.277 Z1.9694 E1170.76454
G1 X161.663 Y155.114 Z1.9695 E1170.82151
G1 X161.777 Y154.962 Z1.9696 E1170.87849
G1 X162.737 Y153.790 Z1.9703 E1171.33190
G1 X162.866 Y153.646 Z1.9704 E1171.38987
G1 X163.009 Y153.516 Z1.9705 E1171.44784
G1 X163.929 Y152.755 Z1.9710 E1171.80504
G1 X164.080 Y152.642 Z1.9711 E1171.86147
G1 X164.241 Y152.544 Z1.9712 E1171.91791
G1 X165.157 Y152.040 Z1.9717 E1172.23085
G1 X165.322 Y151.959 Z1.9718 E1172.28589
G1 X165.494 Y151.894 Z1.9719 E1172.34094
G1 X166.455 Y151.577 Z1.9724 E1172.64386
G1 X166.628 Y151.528 Z1.9725 E1172.69763
G1 X166.805 Y151.496 Z1.9725 E1172.75140
G1 X167.870 Y151.347 Z1.9731 E1173.07328
G1 X168.044 Y151.330 Z1.9731 E1173.12588
G1 X168.220 Y151.329 Z1.9732 E1173.17848
G1 X169.632 Y151.382 Z1.9739 E1173.60145
G1 X171.466 Y151.771 Z1.9748 E1174.16276
G1 X173.621 Y152.626 Z1.9759 E1174.85653
G1 X175.898 Y153.966 Z1.9772 E1175.64747
G1 X178.256 Y155.826 Z1.9786 E1176.54651
G1 X180.633 Y158.218 Z1.9802 E1177.55591
G1 X182.949 Y161.123 Z1.9820 E1178.66789
G1 X185.113 Y164.482 Z1.9839 E1179.86409
G1 X187.033 Y168.200 Z1.9859 E1181.11654
G1 X188.622 Y172.147 Z1.9879 E1182.39025
G1 X189.815 Y176.172 Z1.9899 E1183.64707
G1 X190.574 Y180.120 Z1.9919 E1184.85043
G1 X190.891 Y183.846 Z1.9936 E1185.96978
G1 X190.786 Y187.233 Z1.9953 E1186.98410
G1 X190.305 Y190.199 Z1.9967 E1187.88376
G1 X189.504 Y192.703 Z1.9980 E1188.67069
G1 X188.533 Y194.569 Z1.9990 E1189.30013
G1 X188.438 Y194.732 Z1.9991 E1189.35683
G1 X188.328 Y194.886 Z1.9991 E1189.41354
G1 X187.364 Y196.104 Z1.9999 E1189.87842
G1 X187.236 Y196.250 Z2.0000 E1189.93653
G1 X187.095 Y196.383 Z2.0001 E1189.99463
G1 X186.173 Y197.171 Z2.0007 E1190.35754
G1 X186.024 Y197.287 Z2.0007 E1190.41411
G1 X185.864 Y197.388 Z2.0008 E1190.47067
G1 X184.789 Y198.001 Z2.0014 E1190.84123
G1 X184.567 Y198.097 Z2.0015 E1190.91356
G1 X183.653 Y198.455 Z2.0020 E1191.20742
G1 X182.725 Y198.776 Z2.0025 E1191.50128
G1 X181.786 Y199.061 Z2.0029 E1191.79514
G1 X180.836 Y199.309 Z2.0034 E1192.08900
G1 X179.877 Y199.520 Z2.0039 E1192.38286
G1 X178.911 Y199.692 Z2.0044 E1192.67672
G1 X177.938 Y199.827 Z2.0048 E1192.97058
G1 X176.961 Y199.923 Z2.0053 E1193.26443
G1 X175.981 Y199.981 Z2.0058 E1193.55829
G1 X173.807 Y199.892 Z2.0068 E1194.20973
G1 X173.629 Y199.867 Z2.0069 E1194.26339
G1 X173.455 Y199.827 Z2.0070 E1194.31706
G1 X172.408 Y199.538 Z2.0075 E1194.64206
G1 X172.242 Y199.484 Z2.0076 E1194.69456
G1 X172.080 Y199.415 Z2.0077 E1194.74706
G1 X170.787 Y198.797 Z2.0083 E1195.17608
G1 X169.230 Y197.693 Z2.0093 E1195.74741
G1 X167.571 Y196.037 Z2.0104 E1196.44894
G1 X165.989 Y193.884 Z2.0117 E1197.24887
G1 X164.536 Y191.219 Z2.0131 E1198.15745
G1 X163.275 Y188.058 Z2.0147 E1199.17614
G1 X162.271 Y184.453 Z2.0165 E1200.29624
G1 X161.586 Y180.496 Z2.0184 E1201.49850
G1 X161.269 Y176.313 Z2.0204 E1202.75423
G1 X161.346 Y172.058 Z2.0225 E1204.02800
G1 X161.817 Y167.897 Z2.0245 E1205.28160
G1 X162.656 Y163.987 Z2.0264 E1206.47882
G1 X163.814 Y160.461 Z2.0282 E1207.58980
G1 X165.226 Y157.416 Z2.0298 E1208.59445
G1 X166.819 Y154.906 Z2.0312 E1209.48418
G1 X168.524 Y152.946 Z2.0324 E1210.26184
G1 X170.135 Y151.637 Z2.0334 E1210.88319
G1 X170.288 Y151.524 Z2.0335 E1210.94017
G1 X170.452 Y151.427 Z2.0336 E1210.99714
G1 X171.787 Y150.711 Z2.0343 E1211.45056
G1 X171.962 Y150.628 Z2.0344 E1211.50853
G1 X172.144 Y150.562 Z2.0345 E1211.56649
G1 X173.285 Y150.212 Z2.0351 E1211.92369
G1 X173.467 Y150.165 Z2.0352 E1211.98012
G1 X173.653 Y150.136 Z2.0353 E1212.03656
G1 X174.693 Y150.021 Z2.0358 E1212.34950
G1 X174.876 Y150.010 Z2.0359 E1212.40454
G1 X175.060 Y150.015 Z2.0359 E1212.45959
G1 X176.069 Y150.090 Z2.0364 E1212.76251
G1 X176.247 Y150.111 Z2.0365 E1212.81628
G1 X176.423 Y150.149 Z2.0366 E1212.87006
G1 X177.464 Y150.419 Z2.0371 E1213.19193
G1 X177.632 Y150.470 Z2.0372 E1213.24454
G1 X177.795 Y150.537 Z2.0373 E1213.29714
G1 X179.079 Y151.125 Z2.0380 E1213.72010
G1 X180.625 Y152.187 Z2.0389 E1214.28141
G1 X182.288 Y153.801 Z2.0400 E1214.97518
G1 X183.879 Y155.911 Z2.0412 E1215.76613
G1 X185.345 Y158.532 Z2.0427 E1216.66516
G1 X186.626 Y161.651 Z2.0443 E1217.67457
G1 X187.654 Y165.221 Z2.0460 E1218.78655
G1 X188.369 Y169.153 Z2.0480 E1219.98274
G1 X188.719 Y173.322 Z2.0500 E1221.23519
G1 X188.677 Y177.577 Z2.0520 E1222.50890
G1 X188.239 Y181.753 Z2.0540 E1223.76573
G1 X187.430 Y185.690 Z2.0559 E1224.96909
G1 X186.296 Y189.254 Z2.0577 E1226.08844
G1 X184.903 Y192.343 Z2.0593 E1227.10275
G1 X183.323 Y194.899 Z2.0608 E1228.00241
G1 X181.625 Y196.906 Z2.0620 E1228.78934
G1 X180.015 Y198.258 Z2.0630 E1229.41878
G1 X179.864 Y198.373 Z2.0631 E1229.47548
G1 X179.703 Y198.473 Z2.0632 E1229.53219
G1 X178.347 Y199.229 Z2.0639 E1229.99707
G1 X178.173 Y199.315 Z2.0640 E1230.05518
G1 X177.991 Y199.384 Z2.0641 E1230.11328
G1 X176.838 Y199.759 Z2.0647 E1230.47620
G1 X176.656 Y199.809 Z2.0648 E1230.53276
G1 X176.470 Y199.841 Z2.0649 E1230.58932
G1 X175.242 Y199.996 Z2.0655 E1230.95988
G1 X175.000 Y200.000 Z2.0656 E1231.03222
G1 X174.019 Y199.981 Z2.0661 E1231.32608
G1 X173.039 Y199.923 Z2.0665 E1231.61993
G1 X172.062 Y199.827 Z2.0670 E1231.91379
G1 X171.089 Y199.692 Z2.0675 E1232.20765
G1 X170.123 Y199.520 Z2.0679 E1232.50151
G1 X169.164 Y199.309 Z2.0684 E1232.79537
G1 X168.214 Y199.061 Z2.0689 E1233.08923
G1 X167.275 Y198.776 Z2.0694 E1233.38309
G1 X166.347 Y198.455 Z2.0698 E1233.67694
G1 X164.372 Y197.540 Z2.0709 E1234.32838
G1 X164.217 Y197.450 Z2.0709 E1234.38205
G1 X164.071 Y197.346 Z2.0710 E1234.43571
G1 X163.215 Y196.678 Z2.0716 E1234.76071
G1 X163.082 Y196.564 Z2.0716 E1234.81321
G1 X162.959 Y196.439 Z2.0717 E1234.86571
G1 X162.001 Y195.374 Z2.0724 E1235.29474
G1 X160.985 Y193.757 Z2.0733 E1235.86607
G1 X160.086 Y191.593 Z2.0744 E1236.56759
G1 X159.449 Y188.998 Z2.0757 E1237.36752
G1 X159.126 Y185.980 Z2.0772 E1238.27610
G1 X159.170 Y182.577 Z2.0788 E1239.29479
G1 X159.622 Y178.863 Z2.0806 E1240.41489
G1 X160.504 Y174.944 Z2.0825 E1241.61715
G1 X161.812 Y170.958 Z2.0845 E1242.87289
G1 X163.511 Y167.057 Z2.0865 E1244.14665
G1 X165.538 Y163.393 Z2.0885 E1245.40026
G1 X167.810 Y160.101 Z2.0905 E1246.59747
G1 X170.230 Y157.287 Z2.0922 E1247.70845
G1 X172.699 Y155.014 Z2.0938 E1248.71311
G1 X175.131 Y153.305 Z2.0953 E1249.60283
G1 X177.457 Y152.147 Z2.0965 E1250.38049
G1 X179.446 Y151.554 Z2.0975 E1251.00184
G1 X179.631 Y151.508 Z2.0976 E1251.05882
G1 X179.819 Y151.481 Z2.0977 E1251.11580
G1 X181.326 Y151.330 Z2.0984 E1251.56921
G1 X181.520 Y151.321 Z2.0985 E1251.62718
G1 X181.713 Y151.330 Z2.0986 E1251.68515
G1 X182.901 Y151.442 Z2.0991 E1252.04234
G1 X183.088 Y151.469 Z2.0992 E1252.09878
G1 X183.271 Y151.513 Z2.0993 E1252.15521
G1 X184.275 Y151.805 Z2.0998 E1252.46815
G1 X184.449 Y151.864 Z2.0999 E1252.52320
G1 X184.617 Y151.940 Z2.1000 E1252.57824
G1 X185.520 Y152.395 Z2.1005 E1252.88116
G1 X185.677 Y152.483 Z2.1006 E1252.93494
G1 X185.825 Y152.585 Z2.1007 E1252.98871
G1 X186.683 Y153.233 Z2.1012 E1253.31059
G1 X186.819 Y153.345 Z2.1013 E1253.36319
G1 X186.944 Y153.468 Z2.1013 E1253.41579
G1 X187.905 Y154.504 Z2.1020 E1253.83876
G1 X188.926 Y156.076 Z2.1029 E1254.40006
G1 X189.846 Y158.204 Z2.1040 E1255.09383
G1 X190.508 Y160.762 Z2.1053 E1255.88478
G1 X190.860 Y163.744 Z2.1067 E1256.78381
G1 X190.849 Y167.116 Z2.1083 E1257.79322
G1 X190.433 Y170.808 Z2.1101 E1258.90520
G1 X189.589 Y174.714 Z2.1120 E1260.10139
G1 X188.317 Y178.700 Z2.1140 E1261.35385
G1 X186.650 Y182.614 Z2.1160 E1262.62755
G1 X184.647 Y186.305 Z2.1181 E1263.88438
G1 X182.392 Y189.633 Z2.1200 E1265.08774
G1 X179.982 Y192.492 Z2.1218 E1266.20709
G1 X177.513 Y194.813 Z2.1234 E1267.22140
G1 X175.075 Y196.570 Z2.1248 E1268.12106
G1 X172.738 Y197.774 Z2.1261 E1268.90799
G1 X170.732 Y198.407 Z2.1271 E1269.53743
G1 X170.549 Y198.455 Z2.1272 E1269.59414
G1 X170.362 Y198.486 Z2.1273 E1269.65084
G1 X168.820 Y198.665 Z2.1280 E1270.11573
G1 X168.626 Y198.678 Z2.1281 E1270.17383
G1 X168.432 Y198.673 Z2.1282 E1270.23194
G1 X167.223 Y198.578 Z2.1288 E1270.59485
G1 X167.036 Y198.554 Z2.1289 E1270.65141
G1 X166.852 Y198.513 Z2.1289 E1270.70797
G1 X165.658 Y198.186 Z2.1295 E1271.07854
G1 X165.433 Y198.097 Z2.1297 E1271.15087
G1 X164.534 Y197.704 Z2.1301 E1271.44473
G1 X163.650 Y197.275 Z2.1306 E1271.73859
G1 X162.784 Y196.812 Z2.1311 E1272.03244
G1 X161.938 Y196.316 Z2.1315 E1272.32630
G1 X161.111 Y195.787 Z2.1320 E1272.62016
G1 X160.305 Y195.225 Z2.1325 E1272.91402
G1 X159.523 Y194.633 Z2.1329 E1273.20788
G1 X158.764 Y194.010 Z2.1334 E1273.50174
G1 X158.030 Y193.358 Z2.1339 E1273.79560
G1 X156.556 Y191.757 Z2.1349 E1274.44704
G1 X156.447 Y191.615 Z2.1350 E1274.50070
G1 X156.352 Y191.463 Z2.1351 E1274.55436
G1 X155.817 Y190.518 Z2.1356 E1274.87937
G1 X155.737 Y190.362 Z2.1357 E1274.93187
G1 X155.671 Y190.199 Z2.1358 E1274.98437
G1 X155.193 Y188.848 Z2.1365 E1275.41339
G1 X154.874 Y186.966 Z2.1374 E1275.98472
G1 X154.871 Y184.623 Z2.1385 E1276.68624
G1 X155.276 Y181.981 Z2.1398 E1277.48617
G1 X156.133 Y179.069 Z2.1412 E1278.39475
G1 X157.475 Y175.942 Z2.1428 E1279.41345
G1 X159.315 Y172.684 Z2.1446 E1280.53355
G1 X161.629 Y169.401 Z2.1466 E1281.73581
G1 X164.362 Y166.219 Z2.1486 E1282.99154
G1 X167.425 Y163.265 Z2.1506 E1284.26530
G1 X170.701 Y160.655 Z2.1526 E1285.51891
G1 X174.059 Y158.484 Z2.1545 E1286.71612
G1 X177.372 Y156.810 Z2.1563 E1287.82710
G1 X180.523 Y155.655 Z2.1579 E1288.83176
G1 X183.424 Y155.007 Z2.1593 E1289.72148
G1 X186.015 Y154.827 Z2.1605 E1290.49914
G1 X188.080 Y155.040 Z2.1615 E1291.12049
G1 X188.268 Y155.069 Z2.1616 E1291.17747
G1 X188.453 Y155.115 Z2.1617 E1291.23445
G1 X189.903 Y155.553 Z2.1624 E1291.68786
G1 X190.085 Y155.618 Z2.1625 E1291.74583
G1 X190.260 Y155.700 Z2.1626 E1291.80380
G1 X191.315 Y156.259 Z2.1632 E1292.16099
G1 X191.477 Y156.355 Z2.1633 E1292.21743
G1 X191.630 Y156.466 Z2.1634 E1292.27387
G1 X192.445 Y157.120 Z2.1639 E1292.58680
G1 X192.583 Y157.241 Z2.1640 E1292.64185
G1 X192.710 Y157.375 Z2.1641 E1292.69689
G1 X193.370 Y158.142 Z2.1645 E1292.99982
G1 X193.481 Y158.283 Z2.1646 E1293.05359
G1 X193.579 Y158.434 Z2.1647 E1293.10736
G1 X194.124 Y159.361 Z2.1652 E1293.42924
G1 X194.206 Y159.516 Z2.1653 E1293.48184
G1 X194.274 Y159.678 Z2.1654 E1293.53444
G1 X194.766 Y161.002 Z2.1661 E1293.95741
G1 X195.108 Y162.846 Z2.1670 E1294.51871
G1 X195.144 Y165.164 Z2.1681 E1295.21249
G1 X194.776 Y167.780 Z2.1693 E1296.00343
G1 X193.960 Y170.670 Z2.1708 E1296.90246
G1 X192.660 Y173.782 Z2.1724 E1297.91187
G1 X190.863 Y177.033 Z2.1742 E1299.02385
G1 X188.588 Y180.318 Z2.1761 E1300.22005
G1 X185.887 Y183.514 Z2.1781 E1301.47250
G1 X182.849 Y186.493 Z2.1801 E1302.74620
G1 X179.587 Y189.136 Z2.1821 E1304.00303
G1 X176.230 Y191.348 Z2.1840 E1305.20639
G1 X172.909 Y193.067 Z2.1858 E1306.32574
G1 X169.740 Y194.266 Z2.1874 E1307.34005
G1 X166.815 Y194.956 Z2.1889 E1308.23971
G1 X164.195 Y195.175 Z2.1901 E1309.02664
G1 X162.100 Y194.992 Z2.1911 E1309.65608
G1 X161.912 Y194.966 Z2.1912 E1309.71279
G1 X161.728 Y194.923 Z2.1913 E1309.76949
G1 X160.234 Y194.499 Z2.1921 E1310.23438
G1 X160.050 Y194.437 Z2.1922 E1310.29248
G1 X159.873 Y194.357 Z2.1922 E1310.35059
G1 X158.793 Y193.807 Z2.1928 E1310.71350
G1 X158.628 Y193.713 Z2.1929 E1310.77006
G1 X158.474 Y193.605 Z2.1930 E1310.82662
G1 X157.496 Y192.846 Z2.1936 E1311.19719
G1 X157.322 Y192.678 Z2.1937 E1311.26952
G1 X156.642 Y191.970 Z2.1942 E1311.56338
G1 X155.990 Y191.236 Z2.1947 E1311.85724
G1 X155.367 Y190.477 Z2.1951 E1312.15110
G1 X154.775 Y189.695 Z2.1956 E1312.44496
G1 X154.213 Y188.889 Z2.1961 E1312.73881
G1 X153.684 Y188.062 Z2.1965 E1313.03267
G1 X153.188 Y187.216 Z2.1970 E1313.32653
G1 X152.725 Y186.350 Z2.1975 E1313.62039
G1 X152.296 Y185.466 Z2.1979 E1313.91425
G1 X151.547 Y183.423 Z2.1990 E1314.56569
G1 X151.501 Y183.250 Z2.1991 E1314.61935
G1 X151.471 Y183.073 Z2.1991 E1314.67301
G1 X151.338 Y181.996 Z2.1997 E1314.99802
G1 X151.325 Y181.821 Z2.1998 E1315.05052
G1 X151.326 Y181.646 Z2.1998 E1315.10302
G1 X151.402 Y180.214 Z2.2005 E1315.53204
G1 X151.827 Y178.354 Z2.2014 E1316.10337
G1 X152.721 Y176.187 Z2.2026 E1316.80490
G1 X154.106 Y173.902 Z2.2038 E1317.60482
G1 X156.011 Y171.539 Z2.2053 E1318.51340
G1 X158.449 Y169.164 Z2.2069 E1319.53210
G1 X161.395 Y166.858 Z2.2087 E1320.65220
G1 X164.789 Y164.711 Z2.2106 E1321.85446
G1 X168.532 Y162.817 Z2.2126 E1323.11019
G1 X172.492 Y161.259 Z2.2147 E1324.38395
G1 X176.517 Y160.102 Z2.2167 E1325.63756
G1 X180.451 Y159.381 Z2.2186 E1326.83477
G1 X184.152 Y159.102 Z2.2203 E1327.94575
G1 X187.505 Y159.241 Z2.2219 E1328.95041
G1 X190.433 Y159.752 Z2.2234 E1329.84013
G1 X192.897 Y160.578 Z2.2246 E1330.61780
G1 X194.723 Y161.565 Z2.2256 E1331.23915
G1 X194.886 Y161.663 Z2.2257 E1331.29612
G1 X195.038 Y161.777 Z2.2258 E1331.35310
G1 X196.210 Y162.737 Z2.2265 E1331.80651
G1 X196.354 Y162.866 Z2.2266 E1331.86448
G1 X196.484 Y163.009 Z2.2267 E1331.92245
G1 X197.245 Y163.929 Z2.2273 E1332.27964
G1 X197.358 Y164.080 Z2.2274 E1332.33608
G1 X197.456 Y164.241 Z2.2274 E1332.39252
G1 X197.960 Y165.157 Z2.2279 E1332.70546
G1 X198.041 Y165.322 Z2.2280 E1332.76050
G1 X198.106 Y165.494 Z2.2281 E1332.81554
G1 X198.423 Y166.455 Z2.2286 E1333.11847
G1 X198.472 Y166.628 Z2.2287 E1333.17224
G1 X198.504 Y166.805 Z2.2288 E1333.22601
G1 X198.653 Y167.870 Z2.2293 E1333.54789
G1 X198.670 Y168.044 Z2.2294 E1333.60049
G1 X198.671 Y168.220 Z2.2295 E1333.65309
G1 X198.618 Y169.632 Z2.2301 E1334.07606
G1 X198.229 Y171.466 Z2.2310 E1334.63736
G1 X197.374 Y173.621 Z2.2321 E1335.33114
G1 X196.034 Y175.898 Z2.2334 E1336.12208
G1 X194.174 Y178.256 Z2.2348 E1337.02111
G1 X191.782 Y180.633 Z2.2364 E1338.03052
G1 X188.877 Y182.949 Z2.2382 E1339.14250
G1 X185.518 Y185.113 Z2.2401 E1340.33870
G1 X181.800 Y187.033 Z2.2421 E1341.59115
G1 X177.853 Y188.622 Z2.2442 E1342.86485
G1 X173.828 Y189.815 Z2.2462 E1344.12168
G1 X169.880 Y190.574 Z2.2481 E1345.32504
G1 X166.154 Y190.891 Z2.2499 E1346.44439
G1 X162.767 Y190.786 Z2.2515 E1347.45870
G1 X159.801 Y190.305 Z2.2529 E1348.35837
G1 X157.297 Y189.504 Z2.2542 E1349.14530
G1 X155.431 Y188.533 Z2.2552 E1349.77473
G1 X155.268 Y188.438 Z2.2553 E1349.83144
G1 X155.114 Y188.328 Z2.2554 E1349.88814
G1 X153.896 Y187.364 Z2.2561 E1350.35303
G1 X153.750 Y187.236 Z2.2562 E1350.41114
G1 X153.617 Y187.095 Z2.2563 E1350.46924
G1 X152.829 Y186.173 Z2.2569 E1350.83215
G1 X152.713 Y186.024 Z2.2570 E1350.88871
G1 X152.612 Y185.864 Z2.2571 E1350.94527
G1 X151.999 Y184.789 Z2.2577 E1351.31584
G1 X151.903 Y184.567 Z2.2578 E1351.38817
G1 X151.541 Y183.643 Z2.2582 E1351.68533
G1 X151.217 Y182.704 Z2.2587 E1351.98249
G1 X150.930 Y181.754 Z2.2592 E1352.27965
G1 X150.680 Y180.793 Z2.2597 E1352.57681
G1 X150.470 Y179.823 Z2.2601 E1352.87397
G1 X150.298 Y178.845 Z2.2606 E1353.17113
G1 X150.164 Y177.862 Z2.2611 E1353.46829
G1 X150.070 Y176.873 Z2.2616 E1353.76545
G1 X150.016 Y175.882 Z2.2620 E1354.06261
G1 X150.000 Y174.890 Z2.2625 E1354.35977
G1 X150.024 Y173.897 Z2.2630 E1354.65693
G1 X150.088 Y172.907 Z2.2635 E1354.95409
G1 X150.191 Y171.919 Z2.2639 E1355.25125
G1 X150.332 Y170.937 Z2.2644 E1355.54841
G1 X150.513 Y169.961 Z2.2649 E1355.84557
G1 X150.733 Y168.992 Z2.2654 E1356.14273
G1 X150.990 Y168.034 Z2.2658 E1356.43989
G1 X151.286 Y167.086 Z2.2663 E1356.73705
G1 X151.619 Y166.151 Z2.2668 E1357.03421
G1 X151.988 Y165.229 Z2.2673 E1357.33137
G1 X152.394 Y164.324 Z2.2677 E1357.62853
G1 X152.836 Y163.435 Z2.2682 E1357.92569
G1 X153.313 Y162.564 Z2.2687 E1358.22285
G1 X153.824 Y161.713 Z2.2692 E1358.52001
G1 X154.368 Y160.882 Z2.2696 E1358.81717
G1 X154.944 Y160.074 Z2.2701 E1359.11433
G1 X155.553 Y159.290 Z2.2706 E1359.41149
G1 X156.192 Y158.530 Z2.2711 E1359.70865
G1 X156.861 Y157.796 Z2.2715 E1360.00581
G1 X157.558 Y157.090 Z2.2720 E1360.30297
G1 X158.283 Y156.412 Z2.2725 E1360.60013
G1 X159.034 Y155.763 Z2.2730 E1360.89729
G1 X159.810 Y155.144 Z2.2734 E1361.19445
G1 X160.610 Y154.556 Z2.2739 E1361.49161
G1 X161.433 Y154.001 Z2.2744 E1361.78877
G1 X162.278 Y153.479 Z2.2749 E1362.08593
G1 X163.142 Y152.991 Z2.2753 E1362.38309
G1 X164.025 Y152.538 Z2.2758 E1362.68025
G1 X164.926 Y152.120 Z2.2763 E1362.97741
G1 X165.842 Y151.738 Z2.2768 E1363.27457
G1 X166.773 Y151.393 Z2.2772 E1363.57173
G1 X167.716 Y151.085 Z2.2777 E1363.86889
G1 X168.672 Y150.814 Z2.2782 E1364.16605
G1 X169.637 Y150.582 Z2.2786 E1364.46321
G1 X170.611 Y150.388 Z2.2791 E1364.76037
G1 X171.591 Y150.234 Z2.2796 E1365.05753
G1 X172.577 Y150.118 Z2.2801 E1365.35469
G1 X173.567 Y150.041 Z2.2805 E1365.65185
G1 X174.559 Y150.004 Z2.2810 E1365.94901
G1 X175.551 Y150.006 Z2.2815 E1366.24617
G1 X176.543 Y150.048 Z2.2820 E1366.54333
G1 X177.533 Y150.129 Z2.2824 E1366.84049
G1 X178.518 Y150.249 Z2.2829 E1367.13765
G1 X179.498 Y150.408 Z2.2834 E1367.43481
G1 X180.471 Y150.606 Z2.2839 E1367.73197
G1 X181.435 Y150.842 Z2.2843 E1368.02913
G1 X182.389 Y151.117 Z2.2848 E1368.32629
G1 X183.331 Y151.429 Z2.2853 E1368.62345
G1 X184.261 Y151.778 Z2.2858 E1368.92061
G1 X185.175 Y152.164 Z2.2862 E1369.21777
G1 X186.074 Y152.586 Z2.2867 E1369.51493
G1 X186.955 Y153.044 Z2.2872 E1369.81209
G1 X187.817 Y153.536 Z2.2877 E1370.10925
G1 X188.659 Y154.061 Z2.2881 E1370.40641
G1 X189.480 Y154.620 Z2.2886 E1370.70357
G1 X190.277 Y155.211 Z2.2891 E1371.00073
G1 X191.051 Y155.833 Z2.2896 E1371.29789
G1 X191.799 Y156.485 Z2.2900 E1371.59505
G1 X192.521 Y157.167 Z2.2905 E1371.89221
G1 X193.215 Y157.877 Z2.2910 E1372.18937
G1 X193.881 Y158.613 Z2.2915 E1372.48653
G1 X194.516 Y159.376 Z2.2919 E1372.78369
G1 X195.121 Y160.163 Z2.2924 E1373.08085
G1 X195.694 Y160.973 Z2.2929 E1373.37801
G1 X196.235 Y161.806 Z2.2934 E1373.67517
G1 X196.742 Y162.660 Z2.2938 E1373.97233
G1 X197.215 Y163.532 Z2.2943 E1374.26949
G1 X197.653 Y164.423 Z2.2948 E1374.56665
G1 X198.055 Y165.331 Z2.2953 E1374.86381
G1 X198.420 Y166.254 Z2.2957 E1375.16097
G1 X198.749 Y167.191 Z2.2962 E1375.45813
G1 X199.040 Y168.140 Z2.2967 E1375.75529
G1 X199.294 Y169.100 Z2.2972 E1376.05245
G1 X199.509 Y170.069 Z2.2976 E1376.34961
G1 X199.685 Y171.046 Z2.2981 E1376.64677
G1 X199.823 Y172.029 Z2.2986 E1376.94393
G1 X199.921 Y173.017 Z2.2991 E1377.24109
G1 X199.980 Y174.007 Z2.2995 E1377.53825
G1 X200.000 Y175.000 Z2.3000 E1377.83541
G1 X199.892 Y176.193 Z2.3006 E1378.19398
G1 X199.867 Y176.371 Z2.3007 E1378.24764
G1 X199.827 Y176.545 Z2.3007 E1378.30130
G1 X199.538 Y177.592 Z2.3013 E1378.62631
G1 X199.484 Y177.758 Z2.3013 E1378.67881
G1 X199.415 Y177.920 Z2.3014 E1378.73131
G1 X198.797 Y179.213 Z2.3021 E1379.16033
G1 X197.693 Y180.770 Z2.3030 E1379.73166
G1 X196.037 Y182.429 Z2.3041 E1380.43319
G1 X193.884 Y184.011 Z2.3054 E1381.23311
G1 X191.219 Y185.464 Z2.3069 E1382.14169
G1 X188.058 Y186.725 Z2.3085 E1383.16039
G1 X184.453 Y187.729 Z2.3103 E1384.28049
G1 X180.496 Y188.414 Z2.3122 E1385.48275
G1 X176.313 Y188.731 Z2.3142 E1386.73848
G1 X172.058 Y188.654 Z2.3162 E1388.01224
G1 X167.897 Y188.183 Z2.3183 E1389.26585
G1 X163.987 Y187.344 Z2.3202 E1390.46306
G1 X160.461 Y186.186 Z2.3219 E1391.57404
G1 X157.416 Y184.774 Z2.3235 E1392.57870
G1 X154.906 Y183.181 Z2.3250 E1393.46842
G1 X152.946 Y181.476 Z2.3262 E1394.24609
G1 X151.637 Y179.865 Z2.3272 E1394.86743
G1 X151.524 Y179.712 Z2.3273 E1394.92441
G1 X151.427 Y179.548 Z2.3274 E1394.98139
G1 X150.711 Y178.213 Z2.3281 E1395.43480
G1 X150.628 Y178.038 Z2.3282 E1395.49277
G1 X150.562 Y177.856 Z2.3283 E1395.55074
G1 X150.212 Y176.715 Z2.3289 E1395.90793
G1 X150.165 Y176.533 Z2.3289 E1395.96437
G1 X150.136 Y176.347 Z2.3290 E1396.02081
G1 X150.021 Y175.307 Z2.3295 E1396.33375
G1 X150.010 Y175.124 Z2.3296 E1396.38879
G1 X150.015 Y174.940 Z2.3297 E1396.44383
G1 X150.090 Y173.931 Z2.3302 E1396.74676
G1 X150.111 Y173.753 Z2.3303 E1396.80053
G1 X150.149 Y173.577 Z2.3304 E1396.85430
G1 X150.419 Y172.536 Z2.3309 E1397.17618
G1 X150.470 Y172.368 Z2.3310 E1397.22878
G1 X150.537 Y172.205 Z2.3310 E1397.28138
G1 X151.125 Y170.921 Z2.3317 E1397.70435
G1 X152.187 Y169.375 Z2.3326 E1398.26565
G1 X153.801 Y167.712 Z2.3337 E1398.95943
G1 X155.911 Y166.121 Z2.3350 E1399.75037
G1 X158.532 Y164.655 Z2.3364 E1400.64940
G1 X161.651 Y163.374 Z2.3380 E1401.65881
G1 X165.221 Y162.346 Z2.3398 E1402.77079
G1 X169.153 Y161.631 Z2.3417 E1403.96699
G1 X173.322 Y161.281 Z2.3437 E1405.21944
G1 X177.577 Y161.323 Z2.3458 E1406.49314
G1 X181.753 Y161.761 Z2.3478 E1407.74997
G1 X185.690 Y162.570 Z2.3497 E1408.95333
G1 X189.254 Y163.704 Z2.3515 E1410.07268
G1 X192.343 Y165.097 Z2.3531 E1411.08699
G1 X194.899 Y166.677 Z2.3545 E1411.98665
G1 X196.906 Y168.375 Z2.3558 E1412.77359
G1 X198.258 Y169.985 Z2.3568 E1413.40302
G1 X198.373 Y170.136 Z2.3569 E1413.45973
G1 X198.473 Y170.297 Z2.3570 E1413.51643
G1 X199.229 Y171.653 Z2.3577 E1413.98132
G1 X199.315 Y171.827 Z2.3578 E1414.03942
G1 X199.384 Y172.009 Z2.3579 E1414.09753
G1 X199.759 Y173.162 Z2.3585 E1414.46044
G1 X199.809 Y173.344 Z2.3586 E1414.51700
G1 X199.841 Y173.530 Z2.3587 E1414.57356
G1 X199.996 Y174.758 Z2.3593 E1414.94413
G1 X200.000 Y175.000 Z2.3594 E1415.01646
G1 X199.981 Y175.981 Z2.3598 E1415.31032
G1 X199.923 Y176.961 Z2.3603 E1415.60418
G1 X199.827 Y177.938 Z2.3608 E1415.89804
G1 X199.692 Y178.911 Z2.3612 E1416.19190
G1 X199.520 Y179.877 Z2.3617 E1416.48576
G1 X199.309 Y180.836 Z2.3622 E1416.77961
G1 X199.061 Y181.786 Z2.3627 E1417.07347
G1 X198.776 Y182.725 Z2.3631 E1417.36733
G1 X198.455 Y183.653 Z2.3636 E1417.66119
G1 X197.540 Y185.628 Z2.3646 E1418.31263
G1 X197.450 Y185.783 Z2.3647 E1418.36629
G1 X197.346 Y185.929 Z2.3648 E1418.41996
G1 X196.678 Y186.785 Z2.3653 E1418.74496
G1 X196.564 Y186.918 Z2.3654 E1418.79746
G1 X196.439 Y187.041 Z2.3655 E1418.84996
G1 X195.374 Y187.999 Z2.3662 E1419.27898
G1 X193.757 Y189.015 Z2.3671 E1419.85031
G1 X191.593 Y189.914 Z2.3682 E1420.55184
G1 X188.998 Y190.551 Z2.3695 E1421.35177
G1 X185.980 Y190.874 Z2.3709 E1422.26035
G1 X182.577 Y190.830 Z2.3726 E1423.27904
G1 X178.863 Y190.378 Z2.3743 E1424.39914
G1 X174.944 Y189.496 Z2.3763 E1425.60140
G1 X170.958 Y188.188 Z2.3783 E1426.85713
G1 X167.057 Y186.489 Z2.3803 E1428.13089
G1 X163.393 Y184.462 Z2.3823 E1429.38450
G1 X160.101 Y182.190 Z2.3842 E1430.58172
G1 X157.287 Y179.770 Z2.3860 E1431.69270
G1 X155.014 Y177.301 Z2.3876 E1432.69735
G1 X153.305 Y174.869 Z2.3890 E1433.58707
G1 X152.147 Y172.543 Z2.3903 E1434.36474
G1 X151.554 Y170.554 Z2.3913 E1434.98609
G1 X151.508 Y170.369 Z2.3913 E1435.04306
G1 X151.481 Y170.181 Z2.3914 E1435.10004
G1 X151.330 Y168.674 Z2.3922 E1435.55345
G1 X151.321 Y168.480 Z2.3923 E1435.61142
G1 X151.330 Y168.287 Z2.3923 E1435.66939
G1 X151.442 Y167.099 Z2.3929 E1436.02659
G1 X151.469 Y166.912 Z2.3930 E1436.08302
G1 X151.513 Y166.729 Z2.3931 E1436.13946
G1 X151.805 Y165.725 Z2.3936 E1436.45240
G1 X151.864 Y165.551 Z2.3937 E1436.50744
G1 X151.940 Y165.383 Z2.3938 E1436.56249
G1 X152.395 Y164.480 Z2.3943 E1436.86541
G1 X152.483 Y164.323 Z2.3943 E1436.91918
G1 X152.585 Y164.175 Z2.3944 E1436.97295
G1 X153.233 Y163.317 Z2.3949 E1437.29483
G1 X153.345 Y163.181 Z2.3950 E1437.34743
G1 X153.468 Y163.056 Z2.3951 E1437.40003
G1 X154.504 Y162.095 Z2.3958 E1437.82300
G1 X156.076 Y161.074 Z2.3967 E1438.38431
G1 X158.204 Y160.154 Z2.3978 E1439.07808
G1 X160.762 Y159.492 Z2.3990 E1439.86902
G1 X163.744 Y159.140 Z2.4005 E1440.76806
G1 X167.116 Y159.151 Z2.4021 E1441.77746
G1 X170.808 Y159.567 Z2.4039 E1442.88944
G1 X174.714 Y160.411 Z2.4058 E1444.08564
G1 X178.700 Y161.683 Z2.4078 E1445.33809
G1 X182.614 Y163.350 Z2.4098 E1446.61180
G1 X186.305 Y165.353 Z2.4118 E1447.86862
G1 X189.633 Y167.608 Z2.4137 E1449.07198
G1 X192.492 Y170.018 Z2.4155 E1450.19133
G1 X194.813 Y172.487 Z2.4172 E1451.20565
G1 X196.570 Y174.925 Z2.4186 E1452.10531
G1 X197.774 Y177.262 Z2.4198 E1452.89224
G1 X198.407 Y179.268 Z2.4208 E1453.52168
G1 X198.455 Y179.451 Z2.4209 E1453.57838
G1 X198.486 Y179.638 Z2.4210 E1453.63509
G1 X198.665 Y181.180 Z2.4218 E1454.09997
G1 X198.678 Y181.374 Z2.4219 E1454.15808
G1 X198.673 Y181.568 Z2.4220 E1454.21618
G1 X198.578 Y182.777 Z2.4225 E1454.57909
G1 X198.554 Y182.964 Z2.4226 E1454.63565
G1 X198.513 Y183.148 Z2.4227 E1454.69222
G1 X198.186 Y184.342 Z2.4233 E1455.06278
G1 X198.097 Y184.567 Z2.4234 E1455.13511
G1 X197.704 Y185.466 Z2.4239 E1455.42897
G1 X197.275 Y186.350 Z2.4244 E1455.72283
G1 X196.812 Y187.216 Z2.4248 E1456.01669
G1 X196.316 Y188.062 Z2.4253 E1456.31055
G1 X195.787 Y188.889 Z2.4258 E1456.60441
G1 X195.225 Y189.695 Z2.4262 E1456.89827
G1 X194.633 Y190.477 Z2.4267 E1457.19213
G1 X194.010 Y191.236 Z2.4272 E1457.48598
G1 X193.358 Y191.970 Z2.4276 E1457.77984
G1 X191.757 Y193.444 Z2.4287 E1458.43128
G1 X191.615 Y193.553 Z2.4288 E1458.48494
G1 X191.463 Y193.648 Z2.4289 E1458.53861
G1 X190.518 Y194.183 Z2.4294 E1458.86361
G1 X190.362 Y194.263 Z2.4295 E1458.91611
G1 X190.199 Y194.329 Z2.4295 E1458.96861
G1 X188.848 Y194.807 Z2.4302 E1459.39763
G1 X186.966 Y195.126 Z2.4311 E1459.96896
G1 X184.623 Y195.129 Z2.4323 E1460.67049
G1 X181.981 Y194.724 Z2.4335 E1461.47042
G1 X179.069 Y193.867 Z2.4350 E1462.37900
G1 X175.942 Y192.525 Z2.4366 E1463.39769
G1 X172.684 Y190.685 Z2.4384 E1464.51779
G1 X169.401 Y188.371 Z2.4403 E1465.72005
G1 X166.219 Y185.638 Z2.4423 E1466.97578
G1 X163.265 Y182.575 Z2.4444 E1468.24955
G1 X160.655 Y179.299 Z2.4464 E1469.50315
G1 X158.484 Y175.941 Z2.4483 E1470.70037
G1 X156.810 Y172.628 Z2.4501 E1471.81135
G1 X155.655 Y169.477 Z2.4517 E1472.81600
G1 X155.007 Y166.576 Z2.4531 E1473.70573
G1 X154.827 Y163.985 Z2.4543 E1474.48339
G1 X155.040 Y161.920 Z2.4553 E1475.10474
G1 X155.069 Y161.732 Z2.4554 E1475.16172
G1 X155.115 Y161.547 Z2.4555 E1475.21869
G1 X155.553 Y160.097 Z2.4562 E1475.67211
G1 X155.618 Y159.915 Z2.4563 E1475.73008
G1 X155.700 Y159.740 Z2.4564 E1475.78804
G1 X156.259 Y158.685 Z2.4570 E1476.14524
G1 X156.355 Y158.523 Z2.4571 E1476.20167
G1 X156.466 Y158.370 Z2.4572 E1476.25811
G1 X157.120 Y157.555 Z2.4577 E1476.57105
G1 X157.241 Y157.417 Z2.4577 E1476.62609
G1 X157.375 Y157.290 Z2.4578 E1476.68114
G1 X158.142 Y156.630 Z2.4583 E1476.98406
G1 X158.283 Y156.519 Z2.4584 E1477.03783
G1 X158.434 Y156.421 Z2.4585 E1477.09161
G1 X159.361 Y155.876 Z2.4590 E1477.41348
G1 X159.516 Y155.794 Z2.4591 E1477.46608
G1 X159.678 Y155.726 Z2.4592 E1477.51869
G1 X161.002 Y155.234 Z2.4598 E1477.94165
G1 X162.846 Y154.892 Z2.4607 E1478.50296
G1 X165.164 Y154.856 Z2.4618 E1479.19673
G1 X167.780 Y155.224 Z2.4631 E1479.98768
G1 X170.670 Y156.040 Z2.4645 E1480.88671
G1 X173.782 Y157.340 Z2.4662 E1481.89612
G1 X177.033 Y159.137 Z2.4679 E1483.00810
G1 X180.318 Y161.412 Z2.4698 E1484.20429
G1 X183.514 Y164.113 Z2.4718 E1485.45674
G1 X186.493 Y167.151 Z2.4739 E1486.73045
G1 X189.136 Y170.413 Z2.4759 E1487.98727
G1 X191.348 Y173.770 Z2.4778 E1489.19064
G1 X193.067 Y177.091 Z2.4796 E1490.30998
G1 X194.266 Y180.260 Z2.4812 E1491.32430
G1 X194.956 Y183.185 Z2.4826 E1492.22396
G1 X195.175 Y185.805 Z2.4839 E1493.01089
G1 X194.992 Y187.900 Z2.4849 E1493.64033
G1 X194.966 Y188.088 Z2.4850 E1493.69703
G1 X194.923 Y188.272 Z2.4851 E1493.75374
G1 X194.499 Y189.766 Z2.4858 E1494.21862
G1 X194.437 Y189.950 Z2.4859 E1494.27673
G1 X194.357 Y190.127 Z2.4860 E1494.33483
G1 X193.807 Y191.207 Z2.4866 E1494.69775
G1 X193.713 Y191.372 Z2.4867 E1494.75431
G1 X193.605 Y191.526 Z2.4868 E1494.81087
G1 X192.846 Y192.504 Z2.4874 E1495.18143
G1 X192.678 Y192.678 Z2.4875 E1495.25377
G1 X191.970 Y193.358 Z2.4880 E1495.54763
G1 X191.236 Y194.010 Z2.4884 E1495.84148
G1 X190.477 Y194.633 Z2.4889 E1496.13534
G1 X189.695 Y195.225 Z2.4894 E1496.42920
G1 X188.889 Y195.787 Z2.4898 E1496.72306
G1 X188.062 Y196.316 Z2.4903 E1497.01692
G1 X187.216 Y196.812 Z2.4908 E1497.31078
G1 X186.350 Y197.275 Z2.4912 E1497.60464
G1 X185.466 Y197.704 Z2.4917 E1497.89849
G1 X183.423 Y198.453 Z2.4927 E1498.54993
G1 X183.250 Y198.499 Z2.4928 E1498.60360
G1 X183.073 Y198.529 Z2.4929 E1498.65726
G1 X181.996 Y198.662 Z2.4934 E1498.98226
G1 X181.821 Y198.675 Z2.4935 E1499.03476
G1 X181.646 Y198.674 Z2.4936 E1499.08726
G1 X180.214 Y198.598 Z2.4943 E1499.51629
G1 X178.354 Y198.173 Z2.4952 E1500.08762
G1 X176.187 Y197.279 Z2.4963 E1500.78914
G1 X173.902 Y195.894 Z2.4976 E1501.58907
G1 X171.539 Y193.989 Z2.4990 E1502.49765
G1 X169.164 Y191.551 Z2.5007 E1503.51634
G1 X166.858 Y188.605 Z2.5025 E1504.63644
G1 X164.711 Y185.211 Z2.5044 E1505.83870
G1 X162.817 Y181.468 Z2.5064 E1507.09444
G1 X161.259 Y177.508 Z2.5084 E1508.36820
G1 X160.102 Y173.483 Z2.5104 E1509.62181
G1 X159.381 Y169.549 Z2.5123 E1510.81902
G1 X159.102 Y165.848 Z2.5141 E1511.93000
G1 X159.241 Y162.495 Z2.5157 E1512.93465
G1 X159.752 Y159.567 Z2.5171 E1513.82438
G1 X160.578 Y157.103 Z2.5184 E1514.60204
G1 X161.565 Y155.277 Z2.5194 E1515.22339
G1 X161.663 Y155.114 Z2.5195 E1515.28037
G1 X161.777 Y154.962 Z2.5196 E1515.33735
G1 X162.737 Y153.790 Z2.5203 E1515.79076
G1 X162.866 Y153.646 Z2.5204 E1515.84873
G1 X163.009 Y153.516 Z2.5205 E1515.90670
G1 X163.929 Y152.755 Z2.5210 E1516.26389
G1 X164.080 Y152.642 Z2.5211 E1516.32033
G1 X164.241 Y152.544 Z2.5212 E1516.37676
G1 X165.157 Y152.040 Z2.5217 E1516.68970
G1 X165.322 Y151.959 Z2.5218 E1516.74475
G1 X165.494 Y151.894 Z2.5219 E1516.79979
G1 X166.455 Y151.577 Z2.5224 E1517.10271
G1 X166.628 Y151.528 Z2.5225 E1517.15649
G1 X166.805 Y151.496 Z2.5225 E1517.21026
G1 X167.870 Y151.347 Z2.5231 E1517.53214
G1 X168.044 Y151.330 Z2.5231 E1517.58474
G1 X168.220 Y151.329 Z2.5232 E1517.63734
G1 X169.632 Y151.382 Z2.5239 E1518.06031
G1 X171.466 Y151.771 Z2.5248 E1518.62161
G1 X173.621 Y152.626 Z2.5259 E1519.31538
G1 X175.898 Y153.966 Z2.5272 E1520.10633
G1 X178.256 Y155.826 Z2.5286 E1521.00536
G1 X180.633 Y158.218 Z2.5302 E1522.01477
G1 X182.949 Y161.123 Z2.5320 E1523.12675
G1 X185.113 Y164.482 Z2.5339 E1524.32294
G1 X187.033 Y168.200 Z2.5359 E1525.57540
G1 X188.622 Y172.147 Z2.5379 E1526.84910
G1 X189.815 Y176.172 Z2.5399 E1528.10593
G1 X190.574 Y180.120 Z2.5419 E1529.30929
G1 X190.891 Y183.846 Z2.5436 E1530.42864
G1 X190.786 Y187.233 Z2.5453 E1531.44295
G1 X190.305 Y190.199 Z2.5467 E1532.34261
G1 X189.504 Y192.703 Z2.5480 E1533.12954
G1 X188.533 Y194.569 Z2.5490 E1533.75898
G1 X188.438 Y194.732 Z2.5491 E1533.81569
G1 X188.328 Y194.886 Z2.5491 E1533.87239
G1 X187.364 Y196.104 Z2.5499 E1534.33728
G1 X187.236 Y196.250 Z2.5500 E1534.39538
G1 X187.095 Y196.383 Z2.5501 E1534.45349
G1 X186.173 Y197.171 Z2.5507 E1534.81640
G1 X186.024 Y197.287 Z2.5507 E1534.87296
G1 X185.864 Y197.388 Z2.5508 E1534.92952
G1 X184.789 Y198.001 Z2.5514 E1535.30009
G1 X184.567 Y198.097 Z2.5515 E1535.37242
G1 X183.653 Y198.455 Z2.5520 E1535.66628
G1 X182.725 Y198.776 Z2.5525 E1535.96014
G1 X181.786 Y199.061 Z2.5529 E1536.25399
G1 X180.836 Y199.309 Z2.5534 E1536.54785
G1 X179.877 Y199.520 Z2.5539 E1536.84171
G1 X178.911 Y199.692 Z2.5544 E1537.13557
G1 X177.938 Y199.827 Z2.5548 E1537.42943
G1 X176.961 Y199.923 Z2.5553 E1537.72329
G1 X175.981 Y199.981 Z2.5558 E1538.01715
G1 X173.807 Y199.892 Z2.5568 E1538.66858
G1 X173.629 Y199.867 Z2.5569 E1538.72225
G1 X173.455 Y199.827 Z2.5570 E1538.77591
G1 X172.408 Y199.538 Z2.5575 E1539.10092
G1 X172.242 Y199.484 Z2.5576 E1539.15342
G1 X172.080 Y199.415 Z2.5577 E1539.20592
G1 X170.787 Y198.797 Z2.5583 E1539.63494
G1 X169.230 Y197.693 Z2.5593 E1540.20627
G1 X167.571 Y196.037 Z2.5604 E1540.90779
G1 X165.989 Y193.884 Z2.5617 E1541.70772
G1 X164.536 Y191.219 Z2.5631 E1542.61630
G1 X163.275 Y188.058 Z2.5647 E1543.63500
G1 X162.271 Y184.453 Z2.5665 E1544.75509
G1 X161.586 Y180.496 Z2.5684 E1545.95736
G1 X161.269 Y176.313 Z2.5704 E1547.21309
G1 X161.346 Y172.058 Z2.5725 E1548.48685
G1 X161.817 Y167.897 Z2.5745 E1549.74046
G1 X162.656 Y163.987 Z2.5764 E1550.93767
G1 X163.814 Y160.461 Z2.5782 E1552.04865
G1 X165.226 Y157.416 Z2.5798 E1553.05331
G1 X166.819 Y154.906 Z2.5812 E1553.94303
G1 X168.524 Y152.946 Z2.5824 E1554.72069
G1 X170.135 Y151.637 Z2.5834 E1555.34204
G1 X170.288 Y151.524 Z2.5835 E1555.39902
G1 X170.452 Y151.427 Z2.5836 E1555.45600
G1 X171.787 Y150.711 Z2.5843 E1555.90941
G1 X171.962 Y150.628 Z2.5844 E1555.96738
G1 X172.144 Y150.562 Z2.5845 E1556.02535
G1 X173.285 Y150.212 Z2.5851 E1556.38254
G1 X173.467 Y150.165 Z2.5852 E1556.43898
G1 X173.653 Y150.136 Z2.5853 E1556.49542
G1 X174.693 Y150.021 Z2.5858 E1556.80835
G1 X174.876 Y150.010 Z2.5859 E1556.86340
G1 X175.060 Y150.015 Z2.5859 E1556.91844
G1 X176.069 Y150.090 Z2.5864 E1557.22136
G1 X176.247 Y150.111 Z2.5865 E1557.27514
G1 X176.423 Y150.149 Z2.5866 E1557.32891
G1 X177.464 Y150.419 Z2.5871 E1557.65079
G1 X177.632 Y150.470 Z2.5872 E1557.70339
G1 X177.795 Y150.537 Z2.5873 E1557.75599
G1 X179.079 Y151.125 Z2.5880 E1558.17896
G1 X180.625 Y152.187 Z2.5889 E1558.74026
G1 X182.288 Y153.801 Z2.5900 E1559.43404
G1 X183.879 Y155.911 Z2.5912 E1560.22498
G1 X185.345 Y158.532 Z2.5927 E1561.12401
G1 X186.626 Y161.651 Z2.5943 E1562.13342
G1 X187.654 Y165.221 Z2.5960 E1563.24540
G1 X188.369 Y169.153 Z2.5980 E1564.44159
G1 X188.719 Y173.322 Z2.6000 E1565.69405
G1 X188.677 Y177.577 Z2.6020 E1566.96775
G1 X188.239 Y181.753 Z2.6040 E1568.22458
G1 X187.430 Y185.690 Z2.6059 E1569.42794
G1 X186.296 Y189.254 Z2.6077 E1570.54729
G1 X184.903 Y192.343 Z2.6093 E1571.56160
G1 X183.323 Y194.899 Z2.6108 E1572.46126
G1 X181.625 Y196.906 Z2.6120 E1573.24819
G1 X180.015 Y198.258 Z2.6130 E1573.87763
G1 X179.864 Y198.373 Z2.6131 E1573.93434
G1 X179.703 Y198.473 Z2.6132 E1573.99104
G1 X178.347 Y199.229 Z2.6139 E1574.45593
G1 X178.173 Y199.315 Z2.6140 E1574.51403
G1 X177.991 Y199.384 Z2.6141 E1574.57214
G1 X176.838 Y199.759 Z2.6147 E1574.93505
G1 X176.656 Y199.809 Z2.6148 E1574.99161
G1 X176.470 Y199.841 Z2.6149 E1575.04817
G1 X175.242 Y199.996 Z2.6155 E1575.41874
G1 X175.000 Y200.000 Z2.6156 E1575.49107
G1 X174.019 Y199.981 Z2.6161 E1575.78493
G1 X173.039 Y199.923 Z2.6165 E1576.07879
G1 X172.062 Y199.827 Z2.6170 E1576.37265
G1 X171.089 Y199.692 Z2.6175 E1576.66651
G1 X170.123 Y199.520 Z2.6179 E1576.96036
G1 X169.164 Y199.309 Z2.6184 E1577.25422
G1 X168.214 Y199.061 Z2.6189 E1577.54808
G1 X167.275 Y198.776 Z2.6194 E1577.84194
G1 X166.347 Y198.455 Z2.6198 E1578.13580
G1 X164.372 Y197.540 Z2.6209 E1578.78724
G1 X164.217 Y197.450 Z2.6209 E1578.84090
G1 X164.071 Y197.346 Z2.6210 E1578.89456
G1 X163.215 Y196.678 Z2.6216 E1579.21957
G1 X163.082 Y196.564 Z2.6216 E1579.27207
G1 X162.959 Y196.439 Z2.6217 E1579.32457
G1 X162.001 Y195.374 Z2.6224 E1579.75359
G1 X160.985 Y193.757 Z2.6233 E1580.32492
G1 X160.086 Y191.593 Z2.6244 E1581.02645
G1 X159.449 Y188.998 Z2.6257 E1581.82637
G1 X159.126 Y185.980 Z2.6272 E1582.73495
G1 X159.170 Y182.577 Z2.6288 E1583.75365
G1 X159.622 Y178.863 Z2.6306 E1584.87375
G1 X160.504 Y174.944 Z2.6325 E1586.07601
G1 X161.812 Y170.958 Z2.6345 E1587.33174
G1 X163.511 Y167.057 Z2.6365 E1588.60550
G1 X165.538 Y163.393 Z2.6385 E1589.85911
G1 X167.810 Y160.101 Z2.6405 E1591.05632
G1 X170.230 Y157.287 Z2.6422 E1592.16730
G1 X172.699 Y155.014 Z2.6438 E1593.17196
G1 X175.131 Y153.305 Z2.6453 E1594.06168
G1 X177.457 Y152.147 Z2.6465 E1594.83935
G1 X179.446 Y151.554 Z2.6475 E1595.46069
G1 X179.631 Y151.508 Z2.6476 E1595.51767
G1 X179.819 Y151.481 Z2.6477 E1595.57465
G1 X181.326 Y151.330 Z2.6484 E1596.02806
G1 X181.520 Y151.321 Z2.6485 E1596.08603
G1 X181.713 Y151.330 Z2.6486 E1596.14400
G1 X182.901 Y151.442 Z2.6491 E1596.50119
G1 X183.088 Y151.469 Z2.6492 E1596.55763
G1 X183.271 Y151.513 Z2.6493 E1596.61407
G1 X184.275 Y151.805 Z2.6498 E1596.92701
G1 X184.449 Y151.864 Z2.6499 E1596.98205
G1 X184.617 Y151.940 Z2.6500 E1597.03709
G1 X185.520 Y152.395 Z2.6505 E1597.34002
G1 X185.677 Y152.483 Z2.6506 E1597.39379
G1 X185.825 Y152.585 Z2.6507 E1597.44756
G1 X186.683 Y153.233 Z2.6512 E1597.76944
G1 X186.819 Y153.345 Z2.6513 E1597.82204
G1 X186.944 Y153.468 Z2.6513 E1597.87464
G1 X187.905 Y154.504 Z2.6520 E1598.29761
G1 X188.926 Y156.076 Z2.6529 E1598.85891
G1 X189.846 Y158.204 Z2.6540 E1599.55269
G1 X190.508 Y160.762 Z2.6553 E1600.34363
G1 X190.860 Y163.744 Z2.6567 E1601.24266
G1 X190.849 Y167.116 Z2.6583 E1602.25207
G1 X190.433 Y170.808 Z2.6601 E1603.36405
G1 X189.589 Y174.714 Z2.6620 E1604.56025
G1 X188.317 Y178.700 Z2.6640 E1605.81270
G1 X186.650 Y182.614 Z2.6660 E1607.08640
G1 X184.647 Y186.305 Z2.6681 E1608.34323
G1 X182.392 Y189.633 Z2.6700 E1609.54659
G1 X179.982 Y192.492 Z2.6718 E1610.66594
G1 X177.513 Y194.813 Z2.6734 E1611.68025
G1 X175.075 Y196.570 Z2.6748 E1612.57992
G1 X172.738 Y197.774 Z2.6761 E1613.36685
G1 X170.732 Y198.407 Z2.6771 E1613.99628
G1 X170.549 Y198.455 Z2.6772 E1614.05299
G1 X170.362 Y198.486 Z2.6773 E1614.10969
G1 X168.820 Y198.665 Z2.6780 E1614.57458
G1 X168.626 Y198.678 Z2.6781 E1614.63268
G1 X168.432 Y198.673 Z2.6782 E1614.69079
G1 X167.223 Y198.578 Z2.6788 E1615.05370
G1 X167.036 Y198.554 Z2.6789 E1615.11026
G1 X166.852 Y198.513 Z2.6789 E1615.16682
G1 X165.658 Y198.186 Z2.6795 E1615.53739
G1 X165.433 Y198.097 Z2.6797 E1615.60972
G1 X164.534 Y197.704 Z2.6801 E1615.90358
G1 X163.650 Y197.275 Z2.6806 E1616.19744
G1 X162.784 Y196.812 Z2.6811 E1616.49130
G1 X161.938 Y196.316 Z2.6815 E1616.78516
G1 X161.111 Y195.787 Z2.6820 E1617.07902
G1 X160.305 Y195.225 Z2.6825 E1617.37287
G1 X159.523 Y194.633 Z2.6829 E1617.66673
G1 X158.764 Y194.010 Z2.6834 E1617.96059
G1 X158.030 Y193.358 Z2.6839 E1618.25445
G1 X156.556 Y191.757 Z2.6849 E1618.90589
G1 X156.447 Y191.615 Z2.6850 E1618.95955
G1 X156.352 Y191.463 Z2.6851 E1619.01322
G1 X155.817 Y190.518 Z2.6856 E1619.33822
G1 X155.737 Y190.362 Z2.6857 E1619.39072
G1 X155.671 Y190.199 Z2.6858 E1619.44322
G1 X155.193 Y188.848 Z2.6865 E1619.87224
G1 X154.874 Y186.966 Z2.6874 E1620.44357
G1 X154.871 Y184.623 Z2.6885 E1621.14510
G1 X155.276 Y181.981 Z2.6898 E1621.94503
G1 X156.133 Y179.069 Z2.6912 E1622.85361
G1 X157.475 Y175.942 Z2.6928 E1623.87230
G1 X159.315 Y172.684 Z2.6946 E1624.99240
G1 X161.629 Y169.401 Z2.6966 E1626.19466
G1 X164.362 Y166.219 Z2.6986 E1627.45039
G1 X167.425 Y163.265 Z2.7006 E1628.72415
G1 X170.701 Y160.655 Z2.7026 E1629.97776
G1 X174.059 Y158.484 Z2.7045 E1631.17498
G1 X177.372 Y156.810 Z2.7063 E1632.28596
G1 X180.523 Y155.655 Z2.7079 E1633.29061
G1 X183.424 Y155.007 Z2.7093 E1634.18033
G1 X186.015 Y154.827 Z2.7105 E1634.95800
G1 X188.080 Y155.040 Z2.7115 E1635.57935
G1 X188.268 Y155.069 Z2.7116 E1635.63632
G1 X188.453 Y155.115 Z2.7117 E1635.69330
G1 X189.903 Y155.553 Z2.7124 E1636.14671
G1 X190.085 Y155.618 Z2.7125 E1636.20468
G1 X190.260 Y155.700 Z2.7126 E1636.26265
G1 X191.315 Y156.259 Z2.7132 E1636.61985
G1 X191.477 Y156.355 Z2.7133 E1636.67628
G1 X191.630 Y156.466 Z2.7134 E1636.73272
G1 X192.445 Y157.120 Z2.7139 E1637.04566
G1 X192.583 Y157.241 Z2.7140 E1637.10070
G1 X192.710 Y157.375 Z2.7141 E1637.15575
G1 X193.370 Y158.142 Z2.7145 E1637.45867
G1 X193.481 Y158.283 Z2.7146 E1637.51244
G1 X193.579 Y158.434 Z2.7147 E1637.56621
G1 X194.124 Y159.361 Z2.7152 E1637.88809
G1 X194.206 Y159.516 Z2.7153 E1637.94069
G1 X194.274 Y159.678 Z2.7154 E1637.99329
G1 X194.766 Y161.002 Z2.7161 E1638.41626
G1 X195.108 Y162.846 Z2.7170 E1638.97757
G1 X195.144 Y165.164 Z2.7181 E1639.67134
G1 X194.776 Y167.780 Z2.7193 E1640.46228
G1 X193.960 Y170.670 Z2.7208 E1641.36132
G1 X192.660 Y173.782 Z2.7224 E1642.37072
G1 X190.863 Y177.033 Z2.7242 E1643.48270
G1 X188.588 Y180.318 Z2.7261 E1644.67890
G1 X185.887 Y183.514 Z2.7281 E1645.93135
G1 X182.849 Y186.493 Z2.7301 E1647.20506
G1 X179.587 Y189.136 Z2.7321 E1648.46188
G1 X176.230 Y191.348 Z2.7340 E1649.66524
G1 X172.909 Y193.067 Z2.7358 E1650.78459
G1 X169.740 Y194.266 Z2.7374 E1651.79891
G1 X166.815 Y194.956 Z2.7389 E1652.69857
G1 X164.195 Y195.175 Z2.7401 E1653.48550
G1 X162.100 Y194.992 Z2.7411 E1654.11494
G1 X161.912 Y194.966 Z2.7412 E1654.17164
G1 X161.728 Y194.923 Z2.7413 E1654.22835
G1 X160.234 Y194.499 Z2.7421 E1654.69323
G1 X160.050 Y194.437 Z2.7422 E1654.75134
G1 X159.873 Y194.357 Z2.7422 E1654.80944
G1 X158.793 Y193.807 Z2.7428 E1655.17235
G1 X158.628 Y193.713 Z2.7429 E1655.22891
G1 X158.474 Y193.605 Z2.7430 E1655.28548
G1 X157.496 Y192.846 Z2.7436 E1655.65604
G1 X157.322 Y192.678 Z2.7437 E1655.72837
G1 X156.642 Y191.970 Z2.7442 E1656.02223
G1 X155.990 Y191.236 Z2.7447 E1656.31609
G1 X155.367 Y190.477 Z2.7451 E1656.60995
G1 X154.775 Y189.695 Z2.7456 E1656.90381
G1 X154.213 Y188.889 Z2.7461 E1657.19767
G1 X153.684 Y188.062 Z2.7465 E1657.49153
G1 X153.188 Y187.216 Z2.7470 E1657.78539
G1 X152.725 Y186.350 Z2.7475 E1658.07924
G1 X152.296 Y185.466 Z2.7479 E1658.37310
G1 X151.547 Y183.423 Z2.7490 E1659.02454
G1 X151.501 Y183.250 Z2.7491 E1659.07820
G1 X151.471 Y183.073 Z2.7491 E1659.13187
G1 X151.338 Y181.996 Z2.7497 E1659.45687
G1 X151.325 Y181.821 Z2.7498 E1659.50937
G1 X151.326 Y181.646 Z2.7498 E1659.56187
G1 X151.402 Y180.214 Z2.7505 E1659.99089
G1 X151.827 Y178.354 Z2.7514 E1660.56222
G1 X152.721 Y176.187 Z2.7526 E1661.26375
G1 X154.106 Y173.902 Z2.7538 E1662.06368
G1 X156.011 Y171.539 Z2.7553 E1662.97226
G1 X158.449 Y169.164 Z2.7569 E1663.99095
G1 X161.395 Y166.858 Z2.7587 E1665.11105
G1 X164.789 Y164.711 Z2.7606 E1666.31331
G1 X168.532 Y162.817 Z2.7626 E1667.56904
G1 X172.492 Y161.259 Z2.7647 E1668.84281
G1 X176.517 Y160.102 Z2.7667 E1670.09641
G1 X180.451 Y159.381 Z2.7686 E1671.29363
G1 X184.152 Y159.102 Z2.7703 E1672.40461
G1 X187.505 Y159.241 Z2.7719 E1673.40926
G1 X190.433 Y159.752 Z2.7734 E1674.29899
G1 X192.897 Y160.578 Z2.7746 E1675.07665
G1 X194.723 Y161.565 Z2.7756 E1675.69800
G1 X194.886 Y161.663 Z2.7757 E1675.75498
G1 X195.038 Y161.777 Z2.7758 E1675.81195
G1 X196.210 Y162.737 Z2.7765 E1676.26537
G1 X196.354 Y162.866 Z2.7766 E1676.32334
G1 X196.484 Y163.009 Z2.7767 E1676.38130
G1 X197.245 Y163.929 Z2.7773 E1676.73850
G1 X197.358 Y164.080 Z2.7774 E1676.79493
G1 X197.456 Y164.241 Z2.7774 E1676.85137
G1 X197.960 Y165.157 Z2.7779 E1677.16431
G1 X198.041 Y165.322 Z2.7780 E1677.21935
G1 X198.106 Y165.494 Z2.7781 E1677.27440
G1 X198.423 Y166.455 Z2.7786 E1677.57732
G1 X198.472 Y166.628 Z2.7787 E1677.63109
G1 X198.504 Y166.805 Z2.7788 E1677.68487
G1 X198.653 Y167.870 Z2.7793 E1678.00674
G1 X198.670 Y168.044 Z2.7794 E1678.05934
G1 X198.671 Y168.220 Z2.7795 E1678.11195
G1 X198.618 Y169.632 Z2.7801 E1678.53491
G1 X198.229 Y171.466 Z2.7810 E1679.09622
G1 X197.374 Y173.621 Z2.7821 E1679.78999
G1 X196.034 Y175.898 Z2.7834 E1680.58094
G1 X194.174 Y178.256 Z2.7848 E1681.47997
G1 X191.782 Y180.633 Z2.7864 E1682.48938
G1 X188.877 Y182.949 Z2.7882 E1683.60136
G1 X185.518 Y185.113 Z2.7901 E1684.79755
G1 X181.800 Y187.033 Z2.7921 E1686.05000
G1 X177.853 Y188.622 Z2.7942 E1687.32371
G1 X173.828 Y189.815 Z2.7962 E1688.58053
G1 X169.880 Y190.574 Z2.7981 E1689.78390
G1 X166.154 Y190.891 Z2.7999 E1690.90324
G1 X162.767 Y190.786 Z2.8015 E1691.91756
G1 X159.801 Y190.305 Z2.8029 E1692.81722
G1 X157.297 Y189.504 Z2.8042 E1693.60415
G1 X155.431 Y188.533 Z2.8052 E1694.23359
G1 X155.268 Y188.438 Z2.8053 E1694.29029
G1 X155.114 Y188.328 Z2.8054 E1694.34700
G1 X153.896 Y187.364 Z2.8061 E1694.81188
G1 X153.750 Y187.236 Z2.8062 E1694.86999
G1 X153.617 Y187.095 Z2.8063 E1694.92809
G1 X152.829 Y186.173 Z2.8069 E1695.29101
G1 X152.713 Y186.024 Z2.8070 E1695.34757
G1 X152.612 Y185.864 Z2.8071 E1695.40413
G1 X151.999 Y184.789 Z2.8077 E1695.77469
G1 X151.903 Y184.567 Z2.8078 E1695.84703
G1 X151.541 Y183.643 Z2.8082 E1696.14419
G1 X151.217 Y182.704 Z2.8087 E1696.44135
G1 X150.930 Y181.754 Z2.8092 E1696.73851
G1 X150.680 Y180.793 Z2.8097 E1697.03567
G1 X150.470 Y179.823 Z2.8101 E1697.33283
G1 X150.298 Y178.845 Z2.8106 E1697.62999
G1 X150.164 Y177.862 Z2.8111 E1697.92715
G1 X150.070 Y176.873 Z2.8116 E1698.22431
G1 X150.016 Y175.882 Z2.8120 E1698.52147
G1 X150.000 Y174.890 Z2.8125 E1698.81863
G1 X150.024 Y173.897 Z2.8130 E1699.11579
G1 X150.088 Y172.907 Z2.8135 E1699.41295
G1 X150.191 Y171.919 Z2.8139 E1699.71011
G1 X150.332 Y170.937 Z2.8144 E1700.00727
G1 X150.513 Y169.961 Z2.8149 E1700.30443
G1 X150.733 Y168.992 Z2.8154 E1700.60159
G1 X150.990 Y168.034 Z2.8158 E1700.89875
G1 X151.286 Y167.086 Z2.8163 E1701.19591
G1 X151.619 Y166.151 Z2.8168 E1701.49307
G1 X151.988 Y165.229 Z2.8173 E1701.79023
G1 X152.394 Y164.324 Z2.8177 E1702.08739
G1 X152.836 Y163.435 Z2.8182 E1702.38455
G1 X153.313 Y162.564 Z2.8187 E1702.68171
G1 X153.824 Y161.713 Z2.8192 E1702.97887
G1 X154.368 Y160.882 Z2.8196 E1703.27603
G1 X154.944 Y160.074 Z2.8201 E1703.57319
G1 X155.553 Y159.290 Z2.8206 E1703.87035
G1 X156.192 Y158.530 Z2.8211 E1704.16751
G1 X156.861 Y157.796 Z2.8215 E1704.46467
G1 X157.558 Y157.090 Z2.8220 E1704.76183
G1 X158.283 Y156.412 Z2.8225 E1705.05899
G1 X159.034 Y155.763 Z2.8230 E1705.35615
G1 X159.810 Y155.144 Z2.8234 E1705.65331
G1 X160.610 Y154.556 Z2.8239 E1705.95047
G1 X161.433 Y154.001 Z2.8244 E1706.24763
G1 X162.278 Y153.479 Z2.8249 E1706.54479
G1 X163.142 Y152.991 Z2.8253 E1706.84195
G1 X164.025 Y152.538 Z2.8258 E1707.13911
G1 X164.926 Y152.120 Z2.8263 E1707.43627
G1 X165.842 Y151.738 Z2.8268 E1707.73343
G1 X166.773 Y151.393 Z2.8272 E1708.03059
G1 X167.716 Y151.085 Z2.8277 E1708.32775
G1 X168.672 Y150.814 Z2.8282 E1708.62491
G1 X169.637 Y150.582 Z2.8286 E1708.92207
G1 X170.611 Y150.388 Z2.8291 E1709.21923
G1 X171.591 Y150.234 Z2.8296 E1709.51639
G1 X172.577 Y150.118 Z2.8301 E1709.81355
G1 X173.567 Y150.041 Z2.8305 E1710.11071
G1 X174.559 Y150.004 Z2.8310 E1710.40787
G1 X175.551 Y150.006 Z2.8315 E1710.70503
G1 X176.543 Y150.048 Z2.8320 E1711.00219
G1 X177.533 Y150.129 Z2.8324 E1711.29935
G1 X178.518 Y150.249 Z2.8329 E1711.59651
G1 X179.498 Y150.408 Z2.8334 E1711.89367
G1 X180.471 Y150.606 Z2.8339 E1712.19083
G1 X181.435 Y150.842 Z2.8343 E1712.48799
G1 X182.389 Y151.117 Z2.8348 E1712.78515
G1 X183.331 Y151.429 Z2.8353 E1713.08231
G1 X184.261 Y151.778 Z2.8358 E1713.37947
G1 X185.175 Y152.164 Z2.8362 E1713.67663
G1 X186.074 Y152.586 Z2.8367 E1713.97379
G1 X186.955 Y153.044 Z2.8372 E1714.27095
G1 X187.817 Y153.536 Z2.8377 E1714.56811
G1 X188.659 Y154.061 Z2.8381 E1714.86527
G1 X189.480 Y154.620 Z2.8386 E1715.16243
G1 X190.277 Y155.211 Z2.8391 E1715.45959
G1 X191.051 Y155.833 Z2.8396 E1715.75675
G1 X191.799 Y156.485 Z2.8400 E1716.05391
G1 X192.521 Y157.167 Z2.8405 E1716.35107
G1 X193.215 Y157.877 Z2.8410 E1716.64823
G1 X193.881 Y158.613 Z2.8415 E1716.94539
G1 X194.516 Y159.376 Z2.8419 E1717.24255
G1 X195.121 Y160.163 Z2.8424 E1717.53971
G1 X195.694 Y160.973 Z2.8429 E1717.83687
G1 X196.235 Y161.806 Z2.8434 E1718.13403
G1 X196.742 Y162.660 Z2.8438 E1718.43119
G1 X197.215 Y163.532 Z2.8443 E1718.72835
G1 X197.653 Y164.423 Z2.8448 E1719.02551
G1 X198.055 Y165.331 Z2.8453 E1719.32267
G1 X198.420 Y166.254 Z2.8457 E1719.61983
G1 X198.749 Y167.191 Z2.8462 E1719.91699
G1 X199.040 Y168.140 Z2.8467 E1720.21415
G1 X199.294 Y169.100 Z2.8472 E1720.51131
G1 X199.509 Y170.069 Z2.8476 E1720.80847
G1 X199.685 Y171.046 Z2.8481 E1721.10563
G1 X199.823 Y172.029 Z2.8486 E1721.40279
G1 X199.921 Y173.017 Z2.8491 E1721.69995
G1 X199.980 Y174.007 Z2.8495 E1721.99711
G1 X200.000 Y175.000 Z2.8500 E1722.29427
G1 X199.892 Y176.193 Z2.8506 E1722.65283
G1 X199.867 Y176.371 Z2.8507 E1722.70649
G1 X199.827 Y176.545 Z2.8507 E1722.76016
G1 X199.538 Y177.592 Z2.8513 E1723.08516
G1 X199.484 Y177.758 Z2.8513 E1723.13766
G1 X199.415 Y177.920 Z2.8514 E1723.19016
G1 X198.797 Y179.213 Z2.8521 E1723.61918
G1 X197.693 Y180.770 Z2.8530 E1724.19051
G1 X196.037 Y182.429 Z2.8541 E1724.89204
G1 X193.884 Y184.011 Z2.8554 E1725.69197
G1 X191.219 Y185.464 Z2.8569 E1726.60055
G1 X188.058 Y186.725 Z2.8585 E1727.61924
G1 X184.453 Y187.729 Z2.8603 E1728.73934
G1 X180.496 Y188.414 Z2.8622 E1729.94160
G1 X176.313 Y188.731 Z2.8642 E1731.19733
G1 X172.058 Y188.654 Z2.8662 E1732.47110
G1 X167.897 Y188.183 Z2.8683 E1733.72470
G1 X163.987 Y187.344 Z2.8702 E1734.92192
G1 X160.461 Y186.186 Z2.8719 E1736.03290
G1 X157.416 Y184.774 Z2.8735 E1737.03755
G1 X154.906 Y183.181 Z2.8750 E1737.92728
G1 X152.946 Y181.476 Z2.8762 E1738.70494
G1 X151.637 Y179.865 Z2.8772 E1739.32629
G1 X151.524 Y179.712 Z2.8773 E1739.38327
G1 X151.427 Y179.548 Z2.8774 E1739.44024
G1 X150.711 Y178.213 Z2.8781 E1739.89366
G1 X150.628 Y178.038 Z2.8782 E1739.95162
G1 X150.562 Y177.856 Z2.8783 E1740.00959
G1 X150.212 Y176.715 Z2.8789 E1740.36679
G1 X150.165 Y176.533 Z2.8789 E1740.42322
G1 X150.136 Y176.347 Z2.8790 E1740.47966
G1 X150.021 Y175.307 Z2.8795 E1740.79260
G1 X150.010 Y175.124 Z2.8796 E1740.84764
G1 X150.015 Y174.940 Z2.8797 E1740.90269
G1 X150.090 Y173.931 Z2.8802 E1741.20561
G1 X150.111 Y173.753 Z2.8803 E1741.25938
G1 X150.149 Y173.577 Z2.8804 E1741.31316
G1 X150.419 Y172.536 Z2.8809 E1741.63503
G1 X150.470 Y172.368 Z2.8810 E1741.68763
G1 X150.537 Y172.205 Z2.8810 E1741.74024
G1 X151.125 Y170.921 Z2.8817 E1742.16320
G1 X152.187 Y169.375 Z2.8826 E1742.72451
G1 X153.801 Y167.712 Z2.8837 E1743.41828
G1 X155.911 Y166.121 Z2.8850 E1744.20922
G1 X158.532 Y164.655 Z2.8864 E1745.10826
G1 X161.651 Y163.374 Z2.8880 E1746.11766
G1 X165.221 Y162.346 Z2.8898 E1747.22964
G1 X169.153 Y161.631 Z2.8917 E1748.42584
G1 X173.322 Y161.281 Z2.8937 E1749.67829
G1 X177.577 Y161.323 Z2.8958 E1750.95200
G1 X181.753 Y161.761 Z2.8978 E1752.20882
G1 X185.690 Y162.570 Z2.8997 E1753.41219
G1 X189.254 Y163.704 Z2.9015 E1754.53153
G1 X192.343 Y165.097 Z2.9031 E1755.54585
G1 X194.899 Y166.677 Z2.9045 E1756.44551
G1 X196.906 Y168.375 Z2.9058 E1757.23244
G1 X198.258 Y169.985 Z2.9068 E1757.86188
G1 X198.373 Y170.136 Z2.9069 E1757.91858
G1 X198.473 Y170.297 Z2.9070 E1757.97529
G1 X199.229 Y171.653 Z2.9077 E1758.44017
G1 X199.315 Y171.827 Z2.9078 E1758.49828
G1 X199.384 Y172.009 Z2.9079 E1758.55638
G1 X199.759 Y173.162 Z2.9085 E1758.91929
G1 X199.809 Y173.344 Z2.9086 E1758.97586
G1 X199.841 Y173.530 Z2.9087 E1759.03242
G1 X199.996 Y174.758 Z2.9093 E1759.40298
G1 X200.000 Y175.000 Z2.9094 E1759.47532
G1 X199.981 Y175.981 Z2.9098 E1759.76917
G1 X199.923 Y176.961 Z2.9103 E1760.06303
G1 X199.827 Y177.938 Z2.9108 E1760.35689
G1 X199.692 Y178.911 Z2.9112 E1760.65075
G1 X199.520 Y179.877 Z2.9117 E1760.94461
G1 X199.309 Y180.836 Z2.9122 E1761.23847
G1 X199.061 Y181.786 Z2.9127 E1761.53233
G1 X198.776 Y182.725 Z2.9131 E1761.82619
G1 X198.455 Y183.653 Z2.9136 E1762.12004
G1 X197.540 Y185.628 Z2.9146 E1762.77148
G1 X197.450 Y185.783 Z2.9147 E1762.82515
G1 X197.346 Y185.929 Z2.9148 E1762.87881
G1 X196.678 Y186.785 Z2.9153 E1763.20381
G1 X196.564 Y186.918 Z2.9154 E1763.25631
G1 X196.439 Y187.041 Z2.9155 E1763.30881
G1 X195.374 Y187.999 Z2.9162 E1763.73784
G1 X193.757 Y189.015 Z2.9171 E1764.30917
G1 X191.593 Y189.914 Z2.9182 E1765.01069
G1 X188.998 Y190.551 Z2.9195 E1765.81062
G1 X185.980 Y190.874 Z2.9209 E1766.71920
G1 X182.577 Y190.830 Z2.9226 E1767.73789
G1 X178.863 Y190.378 Z2.9243 E1768.85799
G1 X174.944 Y189.496 Z2.9263 E1770.06025
G1 X170.958 Y188.188 Z2.9283 E1771.31599
G1 X167.057 Y186.489 Z2.9303 E1772.58975
G1 X163.393 Y184.462 Z2.9323 E1773.84335
G1 X160.101 Y182.190 Z2.9342 E1775.04057
G1 X157.287 Y179.770 Z2.9360 E1776.15155
G1 X155.014 Y177.301 Z2.9376 E1777.15620
G1 X153.305 Y174.869 Z2.9390 E1778.04593
G1 X152.147 Y172.543 Z2.9403 E1778.82359
G1 X151.554 Y170.554 Z2.9413 E1779.44494
G1 X151.508 Y170.369 Z2.9413 E1779.50192
G1 X151.481 Y170.181 Z2.9414 E1779.55890
G1 X151.330 Y168.674 Z2.9422 E1780.01231
G1 X151.321 Y168.480 Z2.9423 E1780.07028
G1 X151.330 Y168.287 Z2.9423 E1780.12825
G1 X151.442 Y167.099 Z2.9429 E1780.48544
G1 X151.469 Y166.912 Z2.9430 E1780.54188
G1 X151.513 Y166.729 Z2.9431 E1780.59831
G1 X151.805 Y165.725 Z2.9436 E1780.91125
G1 X151.864 Y165.551 Z2.9437 E1780.96630
G1 X151.940 Y165.383 Z2.9438 E1781.02134
G1 X152.395 Y164.480 Z2.9443 E1781.32426
G1 X152.483 Y164.323 Z2.9443 E1781.37803
G1 X152.585 Y164.175 Z2.9444 E1781.43181
G1 X153.233 Y163.317 Z2.9449 E1781.75369
G1 X153.345 Y163.181 Z2.9450 E1781.80629
G1 X153.468 Y163.056 Z2.9451 E1781.85889
G1 X154.504 Y162.095 Z2.9458 E1782.28185
G1 X156.076 Y161.074 Z2.9467 E1782.84316
G1 X158.204 Y160.154 Z2.9478 E1783.53693
G1 X160.762 Y159.492 Z2.9490 E1784.32788
G1 X163.744 Y159.140 Z2.9505 E1785.22691
G1 X167.116 Y159.151 Z2.9521 E1786.23632
G1 X170.808 Y159.567 Z2.9539 E1787.34830
G1 X174.714 Y160.411 Z2.9558 E1788.54449
G1 X178.700 Y161.683 Z2.9578 E1789.79695
G1 X182.614 Y163.350 Z2.9598 E1791.07065
G1 X186.305 Y165.353 Z2.9618 E1792.32748
G1 X189.633 Y167.608 Z2.9637 E1793.53084
G1 X192.492 Y170.018 Z2.9655 E1794.65019
G1 X194.813 Y172.487 Z2.9672 E1795.66450
G1 X196.570 Y174.925 Z2.9686 E1796.56416
G1 X197.774 Y177.262 Z2.9698 E1797.35109
G1 X198.407 Y179.268 Z2.9708 E1797.98053
G1 X198.455 Y179.451 Z2.9709 E1798.03723
G1 X198.486 Y179.638 Z2.9710 E1798.09394
G1 X198.665 Y181.180 Z2.9718 E1798.55883
G1 X198.678 Y181.374 Z2.9719 E1798.61693
G1 X198.673 Y181.568 Z2.9720 E1798.67504
G1 X198.578 Y182.777 Z2.9725 E1799.03795
G1 X198.554 Y182.964 Z2.9726 E1799.09451
G1 X198.513 Y183.148 Z2.9727 E1799.15107
G1 X198.186 Y184.342 Z2.9733 E1799.52164
G1 X198.097 Y184.567 Z2.9734 E1799.59397
G1 X197.704 Y185.466 Z2.9739 E1799.88783
G1 X197.275 Y186.350 Z2.9744 E1800.18169
G1 X196.812 Y187.216 Z2.9748 E1800.47554
G1 X196.316 Y188.062 Z2.9753 E1800.76940
G1 X195.787 Y188.889 Z2.9758 E1801.06326
G1 X195.225 Y189.695 Z2.9762 E1801.35712
G1 X194.633 Y190.477 Z2.9767 E1801.65098
G1 X194.010 Y191.236 Z2.9772 E1801.94484
G1 X193.358 Y191.970 Z2.9776 E1802.23870
G1 X191.757 Y193.444 Z2.9787 E1802.89013
G1 X191.615 Y193.553 Z2.9788 E1802.94380
G1 X191.463 Y193.648 Z2.9789 E1802.99746
G1 X190.518 Y194.183 Z2.9794 E1803.32247
G1 X190.362 Y194.263 Z2.9795 E1803.37497
G1 X190.199 Y194.329 Z2.9795 E1803.42747
G1 X188.848 Y194.807 Z2.9802 E1803.85649
G1 X186.966 Y195.126 Z2.9811 E1804.42782
G1 X184.623 Y195.129 Z2.9823 E1805.12934
G1 X181.981 Y194.724 Z2.9835 E1805.92927
G1 X179.069 Y193.867 Z2.9850 E1806.83785
G1 X175.942 Y192.525 Z2.9866 E1807.85655
G1 X172.684 Y190.685 Z2.9884 E1808.97664
G1 X169.401 Y188.371 Z2.9903 E1810.17890
G1 X166.219 Y185.638 Z2.9923 E1811.43464
G1 X163.265 Y182.575 Z2.9944 E1812.70840
G1 X160.655 Y179.299 Z2.9964 E1813.96201
G1 X158.484 Y175.941 Z2.9983 E1815.15922
G1 X156.810 Y172.628 Z3.0001 E1816.27020
G1 X155.655 Y169.477 Z3.0017 E1817.27486
G1 X155.007 Y166.576 Z3.0031 E1818.16458
G1 X154.827 Y163.985 Z3.0043 E1818.94224
G1 X155.040 Y161.920 Z3.0053 E1819.56359
G1 X155.069 Y161.732 Z3.0054 E1819.62057
G1 X155.115 Y161.547 Z3.0055 E1819.67755
G1 X155.553 Y160.097 Z3.0062 E1820.13096
G1 X155.618 Y159.915 Z3.0063 E1820.18893
G1 X155.700 Y159.740 Z3.0064 E1820.24690
G1 X156.259 Y158.685 Z3.0070 E1820.60409
G1 X156.355 Y158.523 Z3.0071 E1820.66053
G1 X156.466 Y158.370 Z3.0072 E1820.71697
G1 X157.120 Y157.555 Z3.0077 E1821.02990
G1 X157.241 Y157.417 Z3.0077 E1821.08495
G1 X157.375 Y157.290 Z3.0078 E1821.13999
G1 X158.142 Y156.630 Z3.0083 E1821.44291
G1 X158.283 Y156.519 Z3.0084 E1821.49669
G1 X158.434 Y156.421 Z3.0085 E1821.55046
G1 X159.361 Y155.876 Z3.0090 E1821.87234
G1 X159.516 Y155.794 Z3.0091 E1821.92494
G1 X159.678 Y155.726 Z3.0092 E1821.97754
G1 X161.002 Y155.234 Z3.0098 E1822.40051
G1 X162.846 Y154.892 Z3.0107 E1822.96181
G1 X165.164 Y154.856 Z3.0118 E1823.65559
G1 X167.780 Y155.224 Z3.0131 E1824.44653
G1 X170.670 Y156.040 Z3.0145 E1825.34556
G1 X173.782 Y157.340 Z3.0162 E1826.35497
G1 X177.033 Y159.137 Z3.0179 E1827.46695
G1 X180.318 Y161.412 Z3.0198 E1828.66314
G1 X183.514 Y164.113 Z3.0218 E1829.91560
G1 X186.493 Y167.151 Z3.0239 E1831.18930
G1 X189.136 Y170.413 Z3.0259 E1832.44613
G1 X191.348 Y173.770 Z3.0278 E1833.64949
G1 X193.067 Y177.091 Z3.0296 E1834.76884
G1 X194.266 Y180.260 Z3.0312 E1835.78315
G1 X194.956 Y183.185 Z3.0326 E1836.68281
G1 X195.175 Y185.805 Z3.0339 E1837.46974
G1 X194.992 Y187.900 Z3.0349 E1838.09918
G1 X194.966 Y188.088 Z3.0350 E1838.15589
G1 X194.923 Y188.272 Z3.0351 E1838.21259
G1 X194.499 Y189.766 Z3.0358 E1838.67748
G1 X194.437 Y189.950 Z3.0359 E1838.73558
G1 X194.357 Y190.127 Z3.0360 E1838.79369
G1 X193.807 Y191.207 Z3.0366 E1839.15660
G1 X193.713 Y191.372 Z3.0367 E1839.21316
G1 X193.605 Y191.526 Z3.0368 E1839.26972
G1 X192.846 Y192.504 Z3.0374 E1839.64029
G1 X192.678 Y192.678 Z3.0375 E1839.71262
G1 X191.970 Y193.358 Z3.0380 E1840.00648
G1 X191.236 Y194.010 Z3.0384 E1840.30034
G1 X190.477 Y194.633 Z3.0389 E1840.59420
G1 X189.695 Y195.225 Z3.0394 E1840.88805
G1 X188.889 Y195.787 Z3.0398 E1841.18191
G1 X188.062 Y196.316 Z3.0403 E1841.47577
G1 X187.216 Y196.812 Z3.0408 E1841.76963
G1 X186.350 Y197.275 Z3.0412 E1842.06349
G1 X185.466 Y197.704 Z3.0417 E1842.35735
G1 X183.423 Y198.453 Z3.0427 E1843.00879
G1 X183.250 Y198.499 Z3.0428 E1843.06245
G1 X183.073 Y198.529 Z3.0429 E1843.11611
G1 X181.996 Y198.662 Z3.0434 E1843.44112
G1 X181.821 Y198.675 Z3.0435 E1843.49362
G1 X181.646 Y198.674 Z3.0436 E1843.54612
G1 X180.214 Y198.598 Z3.0443 E1843.97514
G1 X178.354 Y198.173 Z3.0452 E1844.54647
G1 X176.187 Y197.279 Z3.0463 E1845.24800
G1 X173.902 Y195.894 Z3.0476 E1846.04792
G1 X171.539 Y193.989 Z3.0490 E1846.95650
G1 X169.164 Y191.551 Z3.0507 E1847.97520
G1 X166.858 Y188.605 Z3.0525 E1849.09530
G1 X164.711 Y185.211 Z3.0544 E1850.29756
G1 X162.817 Y181.468 Z3.0564 E1851.55329
G1 X161.259 Y177.508 Z3.0584 E1852.82705
G1 X160.102 Y173.483 Z3.0604 E1854.08066
G1 X159.381 Y169.549 Z3.0623 E1855.27787
G1 X159.102 Y165.848 Z3.0641 E1856.38885
G1 X159.241 Y162.495 Z3.0657 E1857.39351
G1 X159.752 Y159.567 Z3.0671 E1858.28323
G1 X160.578 Y157.103 Z3.0684 E1859.06090
G1 X161.565 Y155.277 Z3.0694 E1859.68224
G1 X161.663 Y155.114 Z3.0695 E1859.73922
G1 X161.777 Y154.962 Z3.0696 E1859.79620
G1 X162.737 Y153.790 Z3.0703 E1860.24961
G1 X162.866 Y153.646 Z3.0704 E1860.30758
G1 X163.009 Y153.516 Z3.0705 E1860.36555
G1 X163.929 Y152.755 Z3.0710 E1860.72274
G1 X164.080 Y152.642 Z3.0711 E1860.77918
G1 X164.241 Y152.544 Z3.0712 E1860.83562
G1 X165.157 Y152.040 Z3.0717 E1861.14856
G1 X165.322 Y151.959 Z3.0718 E1861.20360
G1 X165.494 Y151.894 Z3.0719 E1861.25864
G1 X166.455 Y151.577 Z3.0724 E1861.56157
G1 X166.628 Y151.528 Z3.0725 E1861.61534
G1 X166.805 Y151.496 Z3.0725 E1861.66911
G1 X167.870 Y151.347 Z3.0731 E1861.99099
G1 X168.044 Y151.330 Z3.0731 E1862.04359
G1 X168.220 Y151.329 Z3.0732 E1862.09619
G1 X169.632 Y151.382 Z3.0739 E1862.51916
G1 X171.466 Y151.771 Z3.0748 E1863.08046
G1 X173.621 Y152.626 Z3.0759 E1863.77424
G1 X175.898 Y153.966 Z3.0772 E1864.56518
G1 X178.256 Y155.826 Z3.0786 E1865.46421
G1 X180.633 Y158.218 Z3.0802 E1866.47362
G1 X182.949 Y161.123 Z3.0820 E1867.58560
G1 X185.113 Y164.482 Z3.0839 E1868.78180
G1 X187.033 Y168.200 Z3.0859 E1870.03425
G1 X188.622 Y172.147 Z3.0879 E1871.30795
G1 X189.815 Y176.172 Z3.0899 E1872.56478
G1 X190.574 Y180.120 Z3.0919 E1873.76814
G1 X190.891 Y183.846 Z3.0936 E1874.88749
G1 X190.786 Y187.233 Z3.0953 E1875.90180
G1 X190.305 Y190.199 Z3.0967 E1876.80146
G1 X189.504 Y192.703 Z3.0980 E1877.58840
G1 X188.533 Y194.569 Z3.0990 E1878.21783
G1 X188.438 Y194.732 Z3.0991 E1878.27454
G1 X188.328 Y194.886 Z3.0991 E1878.33124
G1 X187.364 Y196.104 Z3.0999 E1878.79613
G1 X187.236 Y196.250 Z3.1000 E1878.85423
G1 X187.095 Y196.383 Z3.1001 E1878.91234
G1 X186.173 Y197.171 Z3.1007 E1879.27525
G1 X186.024 Y197.287 Z3.1007 E1879.33181
G1 X185.864 Y197.388 Z3.1008 E1879.38837
G1 X184.789 Y198.001 Z3.1014 E1879.75894
G1 X184.567 Y198.097 Z3.1015 E1879.83127
G1 X183.653 Y198.455 Z3.1020 E1880.12513
G1 X182.725 Y198.776 Z3.1025 E1880.41899
G1 X181.786 Y199.061 Z3.1029 E1880.71285
G1 X180.836 Y199.309 Z3.1034 E1881.00671
G1 X179.877 Y199.520 Z3.1039 E1881.30057
G1 X178.911 Y199.692 Z3.1044 E1881.59442
G1 X177.938 Y199.827 Z3.1048 E1881.88828
G1 X176.961 Y199.923 Z3.1053 E1882.18214
G1 X175.981 Y199.981 Z3.1058 E1882.47600
G1 X173.807 Y199.892 Z3.1068 E1883.12744
G1 X173.629 Y199.867 Z3.1069 E1883.18110
G1 X173.455 Y199.827 Z3.1070 E1883.23477
G1 X172.408 Y199.538 Z3.1075 E1883.55977
G1 X172.242 Y199.484 Z3.1076 E1883.61227
G1 X172.080 Y199.415 Z3.1077 E1883.66477
G1 X170.787 Y198.797 Z3.1083 E1884.09379
G1 X169.230 Y197.693 Z3.1093 E1884.66512
G1 X167.571 Y196.037 Z3.1104 E1885.36665
G1 X165.989 Y193.884 Z3.1117 E1886.16658
G1 X164.536 Y191.219 Z3.1131 E1887.07516
G1 X163.275 Y188.058 Z3.1147 E1888.09385
G1 X162.271 Y184.453 Z3.1165 E1889.21395
G1 X161.586 Y180.496 Z3.1184 E1890.41621
G1 X161.269 Y176.313 Z3.1204 E1891.67194
G1 X161.346 Y172.058 Z3.1225 E1892.94570
G1 X161.817 Y167.897 Z3.1245 E1894.19931
G1 X162.656 Y163.987 Z3.1264 E1895.39653
G1 X163.814 Y160.461 Z3.1282 E1896.50751
G1 X165.226 Y157.416 Z3.1298 E1897.51216
G1 X166.819 Y154.906 Z3.1312 E1898.40188
G1 X168.524 Y152.946 Z3.1324 E1899.17955
G1 X170.135 Y151.637 Z3.1334 E1899.80090
G1 X170.288 Y151.524 Z3.1335 E1899.85787
G1 X170.452 Y151.427 Z3.1336 E1899.91485
G1 X171.787 Y150.711 Z3.1343 E1900.36826
G1 X171.962 Y150.628 Z3.1344 E1900.42623
G1 X172.144 Y150.562 Z3.1345 E1900.48420
G1 X173.285 Y150.212 Z3.1351 E1900.84140
G1 X173.467 Y150.165 Z3.1352 E1900.89783
G1 X173.653 Y150.136 Z3.1353 E1900.95427
G1 X174.693 Y150.021 Z3.1358 E1901.26721
G1 X174.876 Y150.010 Z3.1359 E1901.32225
G1 X175.060 Y150.015 Z3.1359 E1901.37729
G1 X176.069 Y150.090 Z3.1364 E1901.68022
G1 X176.247 Y150.111 Z3.1365 E1901.73399
G1 X176.423 Y150.149 Z3.1366 E1901.78776
G1 X177.464 Y150.419 Z3.1371 E1902.10964
G1 X177.632 Y150.470 Z3.1372 E1902.16224
G1 X177.795 Y150.537 Z3.1373 E1902.21484
G1 X179.079 Y151.125 Z3.1380 E1902.63781
G1 X180.625 Y152.187 Z3.1389 E1903.19912
G1 X182.288 Y153.801 Z3.1400 E1903.89289
G1 X183.879 Y155.911 Z3.1412 E1904.68383
G1 X185.345 Y158.532 Z3.1427 E1905.58287
G1 X186.626 Y161.651 Z3.1443 E1906.59227
G1 X187.654 Y165.221 Z3.1460 E1907.70425
G1 X188.369 Y169.153 Z3.1480 E1908.90045
G1 X188.719 Y173.322 Z3.1500 E1910.15290
G1 X188.677 Y177.577 Z3.1520 E1911.42660
G1 X188.239 Y181.753 Z3.1540 E1912.68343
G1 X187.430 Y185.690 Z3.1559 E1913.88679
G1 X186.296 Y189.254 Z3.1577 E1915.00614
G1 X184.903 Y192.343 Z3.1593 E1916.02046
G1 X183.323 Y194.899 Z3.1608 E1916.92012
G1 X181.625 Y196.906 Z3.1620 E1917.70705
G1 X180.015 Y198.258 Z3.1630 E1918.33649
G1 X179.864 Y198.373 Z3.1631 E1918.39319
G1 X179.703 Y198.473 Z3.1632 E1918.44990
G1 X178.347 Y199.229 Z3.1639 E1918.91478
G1 X178.173 Y199.315 Z3.1640 E1918.97289
G1 X177.991 Y199.384 Z3.1641 E1919.03099
G1 X176.838 Y199.759 Z3.1647 E1919.39390
G1 X176.656 Y199.809 Z3.1648 E1919.45046
G1 X176.470 Y199.841 Z3.1649 E1919.50703
G1 X175.242 Y199.996 Z3.1655 E1919.87759
G1 X175.000 Y200.000 Z3.1656 E1919.94992
G1 X174.019 Y199.981 Z3.1661 E1920.24378
G1 X173.039 Y199.923 Z3.1665 E1920.53764
G1 X172.062 Y199.827 Z3.1670 E1920.83150
G1 X171.089 Y199.692 Z3.1675 E1921.12536
G1 X170.123 Y199.520 Z3.1679 E1921.41922
G1 X169.164 Y199.309 Z3.1684 E1921.71308
G1 X168.214 Y199.061 Z3.1689 E1922.00693
G1 X167.275 Y198.776 Z3.1694 E1922.30079
G1 X166.347 Y198.455 Z3.1698 E1922.59465
G1 X164.372 Y197.540 Z3.1709 E1923.24609
G1 X164.217 Y197.450 Z3.1709 E1923.29975
G1 X164.071 Y197.346 Z3.1710 E1923.35342
G1 X163.215 Y196.678 Z3.1716 E1923.67842
G1 X163.082 Y196.564 Z3.1716 E1923.73092
G1 X162.959 Y196.439 Z3.1717 E1923.78342
G1 X162.001 Y195.374 Z3.1724 E1924.21244
G1 X160.985 Y193.757 Z3.1733 E1924.78377
G1 X160.086 Y191.593 Z3.1744 E1925.48530
G1 X159.449 Y188.998 Z3.1757 E1926.28523
G1 X159.126 Y185.980 Z3.1772 E1927.19381
G1 X159.170 Y182.577 Z3.1788 E1928.21250
G1 X159.622 Y178.863 Z3.1806 E1929.33260
G1 X160.504 Y174.944 Z3.1825 E1930.53486
G1 X161.812 Y170.958 Z3.1845 E1931.79059
G1 X163.511 Y167.057 Z3.1865 E1933.06436
G1 X165.538 Y163.393 Z3.1885 E1934.31796
G1 X167.810 Y160.101 Z3.1905 E1935.51518
G1 X170.230 Y157.287 Z3.1922 E1936.62616
G1 X172.699 Y155.014 Z3.1938 E1937.63081
G1 X175.131 Y153.305 Z3.1953 E1938.52054
G1 X177.457 Y152.147 Z3.1965 E1939.29820
G1 X179.446 Y151.554 Z3.1975 E1939.91955
G1 X179.631 Y151.508 Z3.1976 E1939.97653
G1 X179.819 Y151.481 Z3.1977 E1940.03350
G1 X181.326 Y151.330 Z3.1984 E1940.48692
G1 X181.520 Y151.321 Z3.1985 E1940.54488
G1 X181.713 Y151.330 Z3.1986 E1940.60285
G1 X182.901 Y151.442 Z3.1991 E1940.96005
G1 X183.088 Y151.469 Z3.1992 E1941.01648
G1 X183.271 Y151.513 Z3.1993 E1941.07292
G1 X184.275 Y151.805 Z3.1998 E1941.38586
G1 X184.449 Y151.864 Z3.1999 E1941.44090
G1 X184.617 Y151.940 Z3.2000 E1941.49595
G1 X185.520 Y152.395 Z3.2005 E1941.79887
G1 X185.677 Y152.483 Z3.2006 E1941.85264
G1 X185.825 Y152.585 Z3.2007 E1941.90642
G1 X186.683 Y153.233 Z3.2012 E1942.22829
G1 X186.819 Y153.345 Z3.2013 E1942.28089
G1 X186.944 Y153.468 Z3.2013 E1942.33350
G1 X187.905 Y154.504 Z3.2020 E1942.75646
G1 X188.926 Y156.076 Z3.2029 E1943.31777
G1 X189.846 Y158.204 Z3.2040 E1944.01154
G1 X190.508 Y160.762 Z3.2053 E1944.80248
G1 X190.860 Y163.744 Z3.2067 E1945.70152
G1 X190.849 Y167.116 Z3.2083 E1946.71092
G1 X190.433 Y170.808 Z3.2101 E1947.82290
G1 X189.589 Y174.714 Z3.2120 E1949.01910
G1 X188.317 Y178.700 Z3.2140 E1950.27155
G1 X186.650 Y182.614 Z3.2160 E1951.54526
G1 X184.647 Y186.305 Z3.2181 E1952.80208
G1 X182.392 Y189.633 Z3.2200 E1954.00545
G1 X179.982 Y192.492 Z3.2218 E1955.12479
G1 X177.513 Y194.813 Z3.2234 E1956.13911
G1 X175.075 Y196.570 Z3.2248 E1957.03877
G1 X172.738 Y197.774 Z3.2261 E1957.82570
G1 X170.732 Y198.407 Z3.2271 E1958.45514
G1 X170.549 Y198.455 Z3.2272 E1958.51184
G1 X170.362 Y198.486 Z3.2273 E1958.56855
G1 X168.820 Y198.665 Z3.2280 E1959.03343
G1 X168.626 Y198.678 Z3.2281 E1959.09154
G1 X168.432 Y198.673 Z3.2282 E1959.14964
G1 X167.223 Y198.578 Z3.2288 E1959.51255
G1 X167.036 Y198.554 Z3.2289 E1959.56912
G1 X166.852 Y198.513 Z3.2289 E1959.62568
G1 X165.658 Y198.186 Z3.2295 E1959.99624
G1 X165.433 Y198.097 Z3.2297 E1960.06858
G1 X164.534 Y197.704 Z3.2301 E1960.36243
G1 X163.650 Y197.275 Z3.2306 E1960.65629
G1 X162.784 Y196.812 Z3.2311 E1960.95015
G1 X161.938 Y196.316 Z3.2315 E1961.24401
G1 X161.111 Y195.787 Z3.2320 E1961.53787
G1 X160.305 Y195.225 Z3.2325 E1961.83173
G1 X159.523 Y194.633 Z3.2329 E1962.12559
G1 X158.764 Y194.010 Z3.2334 E1962.41945
G1 X158.030 Y193.358 Z3.2339 E1962.71330
G1 X156.556 Y191.757 Z3.2349 E1963.36474
G1 X156.447 Y191.615 Z3.2350 E1963.41841
G1 X156.352 Y191.463 Z3.2351 E1963.47207
G1 X155.817 Y190.518 Z3.2356 E1963.79707
G1 X155.737 Y190.362 Z3.2357 E1963.84957
G1 X155.671 Y190.199 Z3.2358 E1963.90207
G1 X155.193 Y188.848 Z3.2365 E1964.33110
G1 X154.874 Y186.966 Z3.2374 E1964.90243
G1 X154.871 Y184.623 Z3.2385 E1965.60395
G1 X155.276 Y181.981 Z3.2398 E1966.40388
G1 X156.133 Y179.069 Z3.2412 E1967.31246
G1 X157.475 Y175.942 Z3.2428 E1968.33115
G1 X159.315 Y172.684 Z3.2446 E1969.45125
G1 X161.629 Y169.401 Z3.2466 E1970.65351
G1 X164.362 Y166.219 Z3.2486 E1971.90925
G1 X167.425 Y163.265 Z3.2506 E1973.18301
G1 X170.701 Y160.655 Z3.2526 E1974.43661
G1 X174.059 Y158.484 Z3.2545 E1975.63383
G1 X177.372 Y156.810 Z3.2563 E1976.74481
G1 X180.523 Y155.655 Z3.2579 E1977.74946
G1 X183.424 Y155.007 Z3.2593 E1978.63919
G1 X186.015 Y154.827 Z3.2605 E1979.41685
G1 X188.080 Y155.040 Z3.2615 E1980.03820
G1 X188.268 Y155.069 Z3.2616 E1980.09518
G1 X188.453 Y155.115 Z3.2617 E1980.15216
G1 X189.903 Y155.553 Z3.2624 E1980.60557
G1 X190.085 Y155.618 Z3.2625 E1980.66354
G1 X190.260 Y155.700 Z3.2626 E1980.72151
G1 X191.315 Y156.259 Z3.2632 E1981.07870
G1 X191.477 Y156.355 Z3.2633 E1981.13514
G1 X191.630 Y156.466 Z3.2634 E1981.19157
G1 X192.445 Y157.120 Z3.2639 E1981.50451
G1 X192.583 Y157.241 Z3.2640 E1981.55956
G1 X192.710 Y157.375 Z3.2641 E1981.61460
G1 X193.370 Y158.142 Z3.2645 E1981.91752
G1 X193.481 Y158.283 Z3.2646 E1981.97129
G1 X193.579 Y158.434 Z3.2647 E1982.02507
G1 X194.124 Y159.361 Z3.2652 E1982.34695
G1 X194.206 Y159.516 Z3.2653 E1982.39955
G1 X194.274 Y159.678 Z3.2654 E1982.45215
G1 X194.766 Y161.002 Z3.2661 E1982.87511
G1 X195.108 Y162.846 Z3.2670 E1983.43642
G1 X195.144 Y165.164 Z3.2681 E1984.13019
G1 X194.776 Y167.780 Z3.2693 E1984.92114
G1 X193.960 Y170.670 Z3.2708 E1985.82017
G1 X192.660 Y173.782 Z3.2724 E1986.82958
G1 X190.863 Y177.033 Z3.2742 E1987.94156
G1 X188.588 Y180.318 Z3.2761 E1989.13775
G1 X185.887 Y183.514 Z3.2781 E1990.39021
G1 X182.849 Y186.493 Z3.2801 E1991.66391
G1 X179.587 Y189.136 Z3.2821 E1992.92074
G1 X176.230 Y191.348 Z3.2840 E1994.12410
G1 X172.909 Y193.067 Z3.2858 E1995.24345
G1 X169.740 Y194.266 Z3.2874 E1996.25776
G1 X166.815 Y194.956 Z3.2889 E1997.15742
G1 X164.195 Y195.175 Z3.2901 E1997.94435
G1 X162.100 Y194.992 Z3.2911 E1998.57379
G1 X161.912 Y194.966 Z3.2912 E1998.63049
G1 X161.728 Y194.923 Z3.2913 E1998.68720
G1 X160.234 Y194.499 Z3.2921 E1999.15209
G1 X160.050 Y194.437 Z3.2922 E1999.21019
G1 X159.873 Y194.357 Z3.2922 E1999.26830
G1 X158.793 Y193.807 Z3.2928 E1999.63121
G1 X158.628 Y193.713 Z3.2929 E1999.68777
G1 X158.474 Y193.605 Z3.2930 E1999.74433
G1 X157.496 Y192.846 Z3.2936 E2000.11490
G1 X157.322 Y192.678 Z3.2937 E2000.18723
G1 X156.642 Y191.970 Z3.2942 E2000.48109
G1 X155.990 Y191.236 Z3.2947 E2000.77495
G1 X155.367 Y190.477 Z3.2951 E2001.06880
G1 X154.775 Y189.695 Z3.2956 E2001.36266
G1 X154.213 Y188.889 Z3.2961 E2001.65652
G1 X153.684 Y188.062 Z3.2965 E2001.95038
G1 X153.188 Y187.216 Z3.2970 E2002.24424
G1 X152.725 Y186.350 Z3.2975 E2002.53810
G1 X152.296 Y185.466 Z3.2979 E2002.83196
G1 X151.547 Y183.423 Z3.2990 E2003.48339
G1 X151.501 Y183.250 Z3.2991 E2003.53706
G1 X151.471 Y183.073 Z3.2991 E2003.59072
G1 X151.338 Y181.996 Z3.2997 E2003.91573
G1 X151.325 Y181.821 Z3.2998 E2003.96823
G1 X151.326 Y181.646 Z3.2998 E2004.02073
G1 X151.402 Y180.214 Z3.3005 E2004.44975
G1 X151.827 Y178.354 Z3.3014 E2005.02108
G1 X152.721 Y176.187 Z3.3026 E2005.72260
G1 X154.106 Y173.902 Z3.3038 E2006.52253
G1 X156.011 Y171.539 Z3.3053 E2007.43111
G1 X158.449 Y169.164 Z3.3069 E2008.44981
G1 X161.395 Y166.858 Z3.3087 E2009.56990
G1 X164.789 Y164.711 Z3.3106 E2010.77216
G1 X168.532 Y162.817 Z3.3126 E2012.02790
G1 X172.492 Y161.259 Z3.3147 E2013.30166
G1 X176.517 Y160.102 Z3.3167 E2014.55527
G1 X180.451 Y159.381 Z3.3186 E2015.75248
G1 X184.152 Y159.102 Z3.3203 E2016.86346
G1 X187.505 Y159.241 Z3.3219 E2017.86812
G1 X190.433 Y159.752 Z3.3234 E2018.75784
G1 X192.897 Y160.578 Z3.3246 E2019.53550
G1 X194.723 Y161.565 Z3.3256 E2020.15685
G1 X194.886 Y161.663 Z3.3257 E2020.21383
G1 X195.038 Y161.777 Z3.3258 E2020.27081
G1 X196.210 Y162.737 Z3.3265 E2020.72422
G1 X196.354 Y162.866 Z3.3266 E2020.78219
G1 X196.484 Y163.009 Z3.3267 E2020.84016
G1 X197.245 Y163.929 Z3.3273 E2021.19735
G1 X197.358 Y164.080 Z3.3274 E2021.25379
G1 X197.456 Y164.241 Z3.3274 E2021.31023
G1 X197.960 Y165.157 Z3.3279 E2021.62316
G1 X198.041 Y165.322 Z3.3280 E2021.67821
G1 X198.106 Y165.494 Z3.3281 E2021.73325
G1 X198.423 Y166.455 Z3.3286 E2022.03617
G1 X198.472 Y166.628 Z3.3287 E2022.08995
G1 X198.504 Y166.805 Z3.3288 E2022.14372
G1 X198.653 Y167.870 Z3.3293 E2022.46560
G1 X198.670 Y168.044 Z3.3294 E2022.51820
G1 X198.671 Y168.220 Z3.3295 E2022.57080
G1 X198.618 Y169.632 Z3.3301 E2022.99377
G1 X198.229 Y171.466 Z3.3310 E2023.55507
G1 X197.374 Y173.621 Z3.3321 E2024.24885
G1 X196.034 Y175.898 Z3.3334 E2025.03979
G1 X194.174 Y178.256 Z3.3348 E2025.93882
G1 X191.782 Y180.633 Z3.3364 E2026.94823
G1 X188.877 Y182.949 Z3.3382 E2028.06021
G1 X185.518 Y185.113 Z3.3401 E2029.25640
G1 X181.800 Y187.033 Z3.3421 E2030.50886
G1 X177.853 Y188.622 Z3.3442 E2031.78256
G1 X173.828 Y189.815 Z3.3462 E2033.03939
G1 X169.880 Y190.574 Z3.3481 E2034.24275
G1 X166.154 Y190.891 Z3.3499 E2035.36210
G1 X162.767 Y190.786 Z3.3515 E2036.37641
G1 X159.801 Y190.305 Z3.3529 E2037.27607
G1 X157.297 Y189.504 Z3.3542 E2038.06300
G1 X155.431 Y188.533 Z3.3552 E2038.69244
G1 X155.268 Y188.438 Z3.3553 E2038.74915
G1 X155.114 Y188.328 Z3.3554 E2038.80585
G1 X153.896 Y187.364 Z3.3561 E2039.27074
G1 X153.750 Y187.236 Z3.3562 E2039.32884
G1 X153.617 Y187.095 Z3.3563 E2039.38695
G1 X152.829 Y186.173 Z3.3569 E2039.74986
G1 X152.713 Y186.024 Z3.3570 E2039.80642
G1 X152.612 Y185.864 Z3.3571 E2039.86298
G1 X151.999 Y184.789 Z3.3577 E2040.23355
G1 X151.903 Y184.567 Z3.3578 E2040.30588
G1 X151.541 Y183.643 Z3.3582 E2040.60304
G1 X151.217 Y182.704 Z3.3587 E2040.90020
G1 X150.930 Y181.754 Z3.3592 E2041.19736
G1 X150.680 Y180.793 Z3.3597 E2041.49452
G1 X150.470 Y179.823 Z3.3601 E2041.79168
G1 X150.298 Y178.845 Z3.3606 E2042.08884
G1 X150.164 Y177.862 Z3.3611 E2042.38600
G1 X150.070 Y176.873 Z3.3616 E2042.68316
G1 X150.016 Y175.882 Z3.3620 E2042.98032
G1 X150.000 Y174.890 Z3.3625 E2043.27748
G1 X150.024 Y173.897 Z3.3630 E2043.57464
G1 X150.088 Y172.907 Z3.3635 E2043.87180
G1 X150.191 Y171.919 Z3.3639 E2044.16896
G1 X150.332 Y170.937 Z3.3644 E2044.46612
G1 X150.513 Y169.961 Z3.3649 E2044.76328
G1 X150.733 Y168.992 Z3.3654 E2045.06044
G1 X150.990 Y168.034 Z3.3658 E2045.35760
G1 X151.286 Y167.086 Z3.3663 E2045.65476
G1 X151.619 Y166.151 Z3.3668 E2045.95192
G1 X151.988 Y165.229 Z3.3673 E2046.24908
G1 X152.394 Y164.324 Z3.3677 E2046.54624
G1 X152.836 Y163.435 Z3.3682 E2046.84340
G1 X153.313 Y162.564 Z3.3687 E2047.14056
G1 X153.824 Y161.713 Z3.3692 E2047.43772
G1 X154.368 Y160.882 Z3.3696 E2047.73488
G1 X154.944 Y160.074 Z3.3701 E2048.03204
G1 X155.553 Y159.290 Z3.3706 E2048.32920
G1 X156.192 Y158.530 Z3.3711 E2048.62636
G1 X156.861 Y157.796 Z3.3715 E2048.92352
G1 X157.558 Y157.090 Z3.3720 E2049.22068
G1 X158.283 Y156.412 Z3.3725 E2049.51784
G1 X159.034 Y155.763 Z3.3730 E2049.81500
G1 X159.810 Y155.144 Z3.3734 E2050.11216
G1 X160.610 Y154.556 Z3.3739 E2050.40932
G1 X161.433 Y154.001 Z3.3744 E2050.70648
G1 X162.278 Y153.479 Z3.3749 E2051.00364
G1 X163.142 Y152.991 Z3.3753 E2051.30080
G1 X164.025 Y152.538 Z3.3758 E2051.59796
G1 X164.926 Y152.120 Z3.3763 E2051.89512
G1 X165.842 Y151.738 Z3.3768 E2052.19228
G1 X166.773 Y151.393 Z3.3772 E2052.48944
G1 X167.716 Y151.085 Z3.3777 E2052.78660
G1 X168.672 Y150.814 Z3.3782 E2053.08376
G1 X169.637 Y150.582 Z3.3786 E2053.38092
G1 X170.611 Y150.388 Z3.3791 E2053.67808
G1 X171.591 Y150.234 Z3.3796 E2053.97524
G1 X172.577 Y150.118 Z3.3801 E2054.27240
G1 X173.567 Y150.041 Z3.3805 E2054.56956
G1 X174.559 Y150.004 Z3.3810 E2054.86672
G1 X175.551 Y150.006 Z3.3815 E2055.16388
G1 X176.543 Y150.048 Z3.3820 E2055.46104
G1 X177.533 Y150.129 Z3.3824 E2055.75820
G1 X178.518 Y150.249 Z3.3829 E2056.05536
G1 X179.498 Y150.408 Z3.3834 E2056.35252
G1 X180.471 Y150.606 Z3.3839 E2056.64968
G1 X181.435 Y150.842 Z3.3843 E2056.94684
G1 X182.389 Y151.117 Z3.3848 E2057.24400
G1 X183.331 Y151.429 Z3.3853 E2057.54116
G1 X184.261 Y151.778 Z3.3858 E2057.83832
G1 X185.175 Y152.164 Z3.3862 E2058.13548
G1 X186.074 Y152.586 Z3.3867 E2058.43264
G1 X186.955 Y153.044 Z3.3872 E2058.72980
G1 X187.817 Y153.536 Z3.3877 E2059.02696
G1 X188.659 Y154.061 Z3.3881 E2059.32412
G1 X189.480 Y154.620 Z3.3886 E2059.62128
G1 X190.277 Y155.211 Z3.3891 E2059.91844
G1 X191.051 Y155.833 Z3.3896 E2060.21560
G1 X191.799 Y156.485 Z3.3900 E2060.51276
G1 X192.521 Y157.167 Z3.3905 E2060.80992
G1 X193.215 Y157.877 Z3.3910 E2061.10708
G1 X193.881 Y158.613 Z3.3915 E2061.40424
G1 X194.516 Y159.376 Z3.3919 E2061.70140
G1 X195.121 Y160.163 Z3.3924 E2061.99856
G1 X195.694 Y160.973 Z3.3929 E2062.29572
G1 X196.235 Y161.806 Z3.3934 E2062.59288
G1 X196.742 Y162.660 Z3.3938 E2062.89004
G1 X197.215 Y163.532 Z3.3943 E2063.18720
G1 X197.653 Y164.423 Z3.3948 E2063.48436
G1 X198.055 Y165.331 Z3.3953 E2063.78152
G1 X198.420 Y166.254 Z3.3957 E2064.07868
G1 X198.749 Y167.191 Z3.3962 E2064.37584
G1 X199.040 Y168.140 Z3.3967 E2064.67300
G1 X199.294 Y169.100 Z3.3972 E2064.97016
G1 X199.509 Y170.069 Z3.3976 E2065.26732
G1 X199.685 Y171.046 Z3.3981 E2065.56448
G1 X199.823 Y172.029 Z3.3986 E2065.86164
G1 X199.921 Y173.017 Z3.3991 E2066.15880
G1 X199.980 Y174.007 Z3.3995 E2066.45596
G1 X200.000 Y175.000 Z3.4000 E2066.75312
G1 X199.892 Y176.193 Z3.4006 E2067.11168
G1 X199.867 Y176.371 Z3.4007 E2067.16535
G1 X199.827 Y176.545 Z3.4007 E2067.21901
G1 X199.538 Y177.592 Z3.4013 E2067.54402
G1 X199.484 Y177.758 Z3.4013 E2067.59652
G1 X199.415 Y177.920 Z3.4014 E2067.64902
G1 X198.797 Y179.213 Z3.4021 E2068.07804
G1 X197.693 Y180.770 Z3.4030 E2068.64937
G1 X196.037 Y182.429 Z3.4041 E2069.35089
G1 X193.884 Y184.011 Z3.4054 E2070.15082
G1 X191.219 Y185.464 Z3.4069 E2071.05940
G1 X188.058 Y186.725 Z3.4085 E2072.07810
G1 X184.453 Y187.729 Z3.4103 E2073.19819
G1 X180.496 Y188.414 Z3.4122 E2074.40045
G1 X176.313 Y188.731 Z3.4142 E2075.65619
G1 X172.058 Y188.654 Z3.4162 E2076.92995
G1 X167.897 Y188.183 Z3.4183 E2078.18356
G1 X163.987 Y187.344 Z3.4202 E2079.38077
G1 X160.461 Y186.186 Z3.4219 E2080.49175
G1 X157.416 Y184.774 Z3.4235 E2081.49641
G1 X154.906 Y183.181 Z3.4250 E2082.38613
G1 X152.946 Y181.476 Z3.4262 E2083.16379
G1 X151.637 Y179.865 Z3.4272 E2083.78514
G1 X151.524 Y179.712 Z3.4273 E2083.84212
G1 X151.427 Y179.548 Z3.4274 E2083.89910
G1 X150.711 Y178.213 Z3.4281 E2084.35251
G1 X150.628 Y178.038 Z3.4282 E2084.41048
G1 X150.562 Y177.856 Z3.4283 E2084.46845
G1 X150.212 Y176.715 Z3.4289 E2084.82564
G1 X150.165 Y176.533 Z3.4289 E2084.88208
G1 X150.136 Y176.347 Z3.4290 E2084.93851
G1 X150.021 Y175.307 Z3.4295 E2085.25145
G1 X150.010 Y175.124 Z3.4296 E2085.30650
G1 X150.015 Y174.940 Z3.4297 E2085.36154
G1 X150.090 Y173.931 Z3.4302 E2085.66446
G1 X150.111 Y173.753 Z3.4303 E2085.71824
G1 X150.149 Y173.577 Z3.4304 E2085.77201
G1 X150.419 Y172.536 Z3.4309 E2086.09389
G1 X150.470 Y172.368 Z3.4310 E2086.14649
G1 X150.537 Y172.205 Z3.4310 E2086.19909
G1 X151.125 Y170.921 Z3.4317 E2086.62206
G1 X152.187 Y169.375 Z3.4326 E2087.18336
G1 X153.801 Y167.712 Z3.4337 E2087.87713
G1 X155.911 Y166.121 Z3.4350 E2088.66808
G1 X158.532 Y164.655 Z3.4364 E2089.56711
G1 X161.651 Y163.374 Z3.4380 E2090.57652
G1 X165.221 Y162.346 Z3.4398 E2091.68850
G1 X169.153 Y161.631 Z3.4417 E2092.88469
G1 X173.322 Y161.281 Z3.4437 E2094.13715
G1 X177.577 Y161.323 Z3.4458 E2095.41085
G1 X181.753 Y161.761 Z3.4478 E2096.66768
G1 X185.690 Y162.570 Z3.4497 E2097.87104
G1 X189.254 Y163.704 Z3.4515 E2098.99039
G1 X192.343 Y165.097 Z3.4531 E2100.00470
G1 X194.899 Y166.677 Z3.4545 E2100.90436
G1 X196.906 Y168.375 Z3.4558 E2101.69129
G1 X198.258 Y169.985 Z3.4568 E2102.32073
G1 X198.373 Y170.136 Z3.4569 E2102.37744
G1 X198.473 Y170.297 Z3.4570 E2102.43414
G1 X199.229 Y171.653 Z3.4577 E2102.89903
G1 X199.315 Y171.827 Z3.4578 E2102.95713
G1 X199.384 Y172.009 Z3.4579 E2103.01524
G1 X199.759 Y173.162 Z3.4585 E2103.37815
G1 X199.809 Y173.344 Z3.4586 E2103.43471
G1 X199.841 Y173.530 Z3.4587 E2103.49127
G1 X199.996 Y174.758 Z3.4593 E2103.86184
G1 X200.000 Y175.000 Z3.4594 E2103.93417
G1 X199.981 Y175.981 Z3.4598 E2104.22803
G1 X199.923 Y176.961 Z3.4603 E2104.52189
G1 X199.827 Y177.938 Z3.4608 E2104.81575
G1 X199.692 Y178.911 Z3.4612 E2105.10960
G1 X199.520 Y179.877 Z3.4617 E2105.40346
G1 X199.309 Y180.836 Z3.4622 E2105.69732
G1 X199.061 Y181.786 Z3.4627 E2105.99118
G1 X198.776 Y182.725 Z3.4631 E2106.28504
G1 X198.455 Y183.653 Z3.4636 E2106.57890
G1 X197.540 Y185.628 Z3.4646 E2107.23034
G1 X197.450 Y185.783 Z3.4647 E2107.28400
G1 X197.346 Y185.929 Z3.4648 E2107.33766
G1 X196.678 Y186.785 Z3.4653 E2107.66267
G1 X196.564 Y186.918 Z3.4654 E2107.71517
G1 X196.439 Y187.041 Z3.4655 E2107.76767
G1 X195.374 Y187.999 Z3.4662 E2108.19669
G1 X193.757 Y189.015 Z3.4671 E2108.76802
G1 X191.593 Y189.914 Z3.4682 E2109.46954
G1 X188.998 Y190.551 Z3.4695 E2110.26947
G1 X185.980 Y190.874 Z3.4709 E2111.17805
G1 X182.577 Y190.830 Z3.4726 E2112.19675
G1 X178.863 Y190.378 Z3.4743 E2113.31685
G1 X174.944 Y189.496 Z3.4763 E2114.51911
G1 X170.958 Y188.188 Z3.4783 E2115.77484
G1 X167.057 Y186.489 Z3.4803 E2117.04860
G1 X163.393 Y184.462 Z3.4823 E2118.30221
G1 X160.101 Y182.190 Z3.4842 E2119.49942
G1 X157.287 Y179.770 Z3.4860 E2120.61040
G1 X155.014 Y177.301 Z3.4876 E2121.61506
G1 X153.305 Y174.869 Z3.4890 E2122.50478
G1 X152.147 Y172.543 Z3.4903 E2123.28245
G1 X151.554 Y170.554 Z3.4913 E2123.90379
G1 X151.508 Y170.369 Z3.4913 E2123.96077
G1 X151.481 Y170.181 Z3.4914 E2124.01775
G1 X151.330 Y168.674 Z3.4922 E2124.47116
G1 X151.321 Y168.480 Z3.4923 E2124.52913
G1 X151.330 Y168.287 Z3.4923 E2124.58710
G1 X151.442 Y167.099 Z3.4929 E2124.94429
G1 X151.469 Y166.912 Z3.4930 E2125.00073
G1 X151.513 Y166.729 Z3.4931 E2125.05717
G1 X151.805 Y165.725 Z3.4936 E2125.37011
G1 X151.864 Y165.551 Z3.4937 E2125.42515
G1 X151.940 Y165.383 Z3.4938 E2125.48019
G1 X152.395 Y164.480 Z3.4943 E2125.78312
G1 X152.483 Y164.323 Z3.4943 E2125.83689
G1 X152.585 Y164.175 Z3.4944 E2125.89066
G1 X153.233 Y163.317 Z3.4949 E2126.21254
G1 X153.345 Y163.181 Z3.4950 E2126.26514
G1 X153.468 Y163.056 Z3.4951 E2126.31774
G1 X154.504 Y162.095 Z3.4958 E2126.74071
G1 X156.076 Y161.074 Z3.4967 E2127.30201
G1 X158.204 Y160.154 Z3.4978 E2127.99579
G1 X160.762 Y159.492 Z3.4990 E2128.78673
G1 X163.744 Y159.140 Z3.5005 E2129.68576
G1 X167.116 Y159.151 Z3.5021 E2130.69517
G1 X170.808 Y159.567 Z3.5039 E2131.80715
G1 X174.714 Y160.411 Z3.5058 E2133.00335
G1 X178.700 Y161.683 Z3.5078 E2134.25580
G1 X182.614 Y163.350 Z3.5098 E2135.52950
G1 X186.305 Y165.353 Z3.5118 E2136.78633
G1 X189.633 Y167.608 Z3.5137 E2137.98969
G1 X192.492 Y170.018 Z3.5155 E2139.10904
G1 X194.813 Y172.487 Z3.5172 E2140.12335
G1 X196.570 Y174.925 Z3.5186 E2141.02301
G1 X197.774 Y177.262 Z3.5198 E2141.80994
G1 X198.407 Y179.268 Z3.5208 E2142.43938
G1 X198.455 Y179.451 Z3.5209 E2142.49609
G1 X198.486 Y179.638 Z3.5210 E2142.55279
G1 X198.665 Y181.180 Z3.5218 E2143.01768
G1 X198.678 Y181.374 Z3.5219 E2143.07578
G1 X198.673 Y181.568 Z3.5220 E2143.13389
G1 X198.578 Y182.777 Z3.5225 E2143.49680
G1 X198.554 Y182.964 Z3.5226 E2143.55336
G1 X198.513 Y183.148 Z3.5227 E2143.60992
G1 X198.186 Y184.342 Z3.5233 E2143.98049
G1 X198.097 Y184.567 Z3.5234 E2144.05282
G1 X197.704 Y185.466 Z3.5239 E2144.34668
G1 X197.275 Y186.350 Z3.5244 E2144.64054
G1 X196.812 Y187.216 Z3.5248 E2144.93440
G1 X196.316 Y188.062 Z3.5253 E2145.22826
G1 X195.787 Y188.889 Z3.5258 E2145.52212
G1 X195.225 Y189.695 Z3.5262 E2145.81597
G1 X194.633 Y190.477 Z3.5267 E2146.10983
G1 X194.010 Y191.236 Z3.5272 E2146.40369
G1 X193.358 Y191.970 Z3.5276 E2146.69755
G1 X191.757 Y193.444 Z3.5287 E2147.34899
G1 X191.615 Y193.553 Z3.5288 E2147.40265
G1 X191.463 Y193.648 Z3.5289 E2147.45631
G1 X190.518 Y194.183 Z3.5294 E2147.78132
G1 X190.362 Y194.263 Z3.5295 E2147.83382
G1 X190.199 Y194.329 Z3.5295 E2147.88632
G1 X188.848 Y194.807 Z3.5302 E2148.31534
G1 X186.966 Y195.126 Z3.5311 E2148.88667
G1 X184.623 Y195.129 Z3.5323 E2149.58820
G1 X181.981 Y194.724 Z3.5335 E2150.38813
G1 X179.069 Y193.867 Z3.5350 E2151.29671
G1 X175.942 Y192.525 Z3.5366 E2152.31540
G1 X172.684 Y190.685 Z3.5384 E2153.43550
G1 X169.401 Y188.371 Z3.5403 E2154.63776
G1 X166.219 Y185.638 Z3.5423 E2155.89349
G1 X163.265 Y182.575 Z3.5444 E2157.16725
G1 X160.655 Y179.299 Z3.5464 E2158.42086
G1 X158.484 Y175.941 Z3.5483 E2159.61808
G1 X156.810 Y172.628 Z3.5501 E2160.72906
G1 X155.655 Y169.477 Z3.5517 E2161.73371
G1 X155.007 Y166.576 Z3.5531 E2162.62343
G1 X154.827 Y163.985 Z3.5543 E2163.40110
G1 X155.040 Y161.920 Z3.5553 E2164.02245
G1 X155.069 Y161.732 Z3.5554 E2164.07942
G1 X155.115 Y161.547 Z3.5555 E2164.13640
G1 X155.553 Y160.097 Z3.5562 E2164.58981
G1 X155.618 Y159.915 Z3.5563 E2164.64778
G1 X155.700 Y159.740 Z3.5564 E2164.70575
G1 X156.259 Y158.685 Z3.5570 E2165.06294
G1 X156.355 Y158.523 Z3.5571 E2165.11938
G1 X156.466 Y158.370 Z3.5572 E2165.17582
G1 X157.120 Y157.555 Z3.5577 E2165.48876
G1 X157.241 Y157.417 Z3.5577 E2165.54380
G1 X157.375 Y157.290 Z3.5578 E2165.59884
G1 X158.142 Y156.630 Z3.5583 E2165.90177
G1 X158.283 Y156.519 Z3.5584 E2165.95554
G1 X158.434 Y156.421 Z3.5585 E2166.00931
G1 X159.361 Y155.876 Z3.5590 E2166.33119
G1 X159.516 Y155.794 Z3.5591 E2166.38379
G1 X159.678 Y155.726 Z3.5592 E2166.43639
G1 X161.002 Y155.234 Z3.5598 E2166.85936
G1 X162.846 Y154.892 Z3.5607 E2167.42067
G1 X165.164 Y154.856 Z3.5618 E2168.11444
G1 X167.780 Y155.224 Z3.5631 E2168.90538
G1 X170.670 Y156.040 Z3.5645 E2169.80442
G1 X173.782 Y157.340 Z3.5662 E2170.81382
G1 X177.033 Y159.137 Z3.5679 E2171.92580
G1 X180.318 Y161.412 Z3.5698 E2173.12200
G1 X183.514 Y164.113 Z3.5718 E2174.37445
G1 X186.493 Y167.151 Z3.5739 E2175.64815
G1 X189.136 Y170.413 Z3.5759 E2176.90498
G1 X191.348 Y173.770 Z3.5778 E2178.10834
G1 X193.067 Y177.091 Z3.5796 E2179.22769
G1 X194.266 Y180.260 Z3.5812 E2180.24201
G1 X194.956 Y183.185 Z3.5826 E2181.14167
G1 X195.175 Y185.805 Z3.5839 E2181.92860
G1 X194.992 Y187.900 Z3.5849 E2182.55804
G1 X194.966 Y188.088 Z3.5850 E2182.61474
G1 X194.923 Y188.272 Z3.5851 E2182.67145
G1 X194.499 Y189.766 Z3.5858 E2183.13633
G1 X194.437 Y189.950 Z3.5859 E2183.19444
G1 X194.357 Y190.127 Z3.5860 E2183.25254
G1 X193.807 Y191.207 Z3.5866 E2183.61545
G1 X193.713 Y191.372 Z3.5867 E2183.67201
G1 X193.605 Y191.526 Z3.5868 E2183.72858
G1 X192.846 Y192.504 Z3.5874 E2184.09914
G1 X192.678 Y192.678 Z3.5875 E2184.17147
G1 X191.970 Y193.358 Z3.5880 E2184.46533
G1 X191.236 Y194.010 Z3.5884 E2184.75919
G1 X190.477 Y194.633 Z3.5889 E2185.05305
G1 X189.695 Y195.225 Z3.5894 E2185.34691
G1 X188.889 Y195.787 Z3.5898 E2185.64077
G1 X188.062 Y196.316 Z3.5903 E2185.93463
G1 X187.216 Y196.812 Z3.5908 E2186.22848
G1 X186.350 Y197.275 Z3.5912 E2186.52234
G1 X185.466 Y197.704 Z3.5917 E2186.81620
G1 X183.423 Y198.453 Z3.5927 E2187.46764
G1 X183.250 Y198.499 Z3.5928 E2187.52130
G1 X183.073 Y198.529 Z3.5929 E2187.57497
G1 X181.996 Y198.662 Z3.5934 E2187.89997
G1 X181.821 Y198.675 Z3.5935 E2187.95247
G1 X181.646 Y198.674 Z3.5936 E2188.00497
G1 X180.214 Y198.598 Z3.5943 E2188.43399
G1 X178.354 Y198.173 Z3.5952 E2189.00532
G1 X176.187 Y197.279 Z3.5963 E2189.70685
G1 X173.902 Y195.894 Z3.5976 E2190.50678
G1 X171.539 Y193.989 Z3.5990 E2191.41536
G1 X169.164 Y191.551 Z3.6007 E2192.43405
G1 X166.858 Y188.605 Z3.6025 E2193.55415
G1 X164.711 Y185.211 Z3.6044 E2194.75641
G1 X162.817 Y181.468 Z3.6064 E2196.01214
G1 X161.259 Y177.508 Z3.6084 E2197.28591
G1 X160.102 Y173.483 Z3.6104 E2198.53951
G1 X159.381 Y169.549 Z3.6123 E2199.73673
G1 X159.102 Y165.848 Z3.6141 E2200.84771
G1 X159.241 Y162.495 Z3.6157 E2201.85236
G1 X159.752 Y159.567 Z3.6171 E2202.74209
G1 X160.578 Y157.103 Z3.6184 E2203.51975
G1 X161.565 Y155.277 Z3.6194 E2204.14110
G1 X161.663 Y155.114 Z3.6195 E2204.19808
G1 X161.777 Y154.962 Z3.6196 E2204.25505
G1 X162.737 Y153.790 Z3.6203 E2204.70847
G1 X162.866 Y153.646 Z3.6204 E2204.76643
G1 X163.009 Y153.516 Z3.6205 E2204.82440
G1 X163.929 Y152.755 Z3.6210 E2205.18160
G1 X164.080 Y152.642 Z3.6211 E2205.23803
G1 X164.241 Y152.544 Z3.6212 E2205.29447
G1 X165.157 Y152.040 Z3.6217 E2205.60741
G1 X165.322 Y151.959 Z3.6218 E2205.66245
G1 X165.494 Y151.894 Z3.6219 E2205.71750
G1 X166.455 Y151.577 Z3.6224 E2206.02042
G1 X166.628 Y151.528 Z3.6225 E2206.07419
G1 X166.805 Y151.496 Z3.6225 E2206.12796
G1 X167.870 Y151.347 Z3.6231 E2206.44984
G1 X168.044 Y151.330 Z3.6231 E2206.50244
G1 X168.220 Y151.329 Z3.6232 E2206.55505
G1 X169.632 Y151.382 Z3.6239 E2206.97801
G1 X171.466 Y151.771 Z3.6248 E2207.53932
G1 X173.621 Y152.626 Z3.6259 E2208.23309
G1 X175.898 Y153.966 Z3.6272 E2209.02403
G1 X178.256 Y155.826 Z3.6286 E2209.92307
G1 X180.633 Y158.218 Z3.6302 E2210.93247
G1 X182.949 Y161.123 Z3.6320 E2212.04445
G1 X185.113 Y164.482 Z3.6339 E2213.24065
G1 X187.033 Y168.200 Z3.6359 E2214.49310
G1 X188.622 Y172.147 Z3.6379 E2215.76681
G1 X189.815 Y176.172 Z3.6399 E2217.02363
G1 X190.574 Y180.120 Z3.6419 E2218.22700
G1 X190.891 Y183.846 Z3.6436 E2219.34634
G1 X190.786 Y187.233 Z3.6453 E2220.36066
G1 X190.305 Y190.199 Z3.6467 E2221.26032
G1 X189.504 Y192.703 Z3.6480 E2222.04725
G1 X188.533 Y194.569 Z3.6490 E2222.67669
G1 X188.438 Y194.732 Z3.6491 E2222.73339
G1 X188.328 Y194.886 Z3.6491 E2222.79010
G1 X187.364 Y196.104 Z3.6499 E2223.25498
G1 X187.236 Y196.250 Z3.6500 E2223.31309
G1 X187.095 Y196.383 Z3.6501 E2223.37119
G1 X186.173 Y197.171 Z3.6507 E2223.73410
G1 X186.024 Y197.287 Z3.6507 E2223.79067
G1 X185.864 Y197.388 Z3.6508 E2223.84723
G1 X184.789 Y198.001 Z3.6514 E2224.21779
G1 X184.567 Y198.097 Z3.6515 E2224.29013
G1 X183.653 Y198.455 Z3.6520 E2224.58398
G1 X182.725 Y198.776 Z3.6525 E2224.87784
G1 X181.786 Y199.061 Z3.6529 E2225.17170
G1 X180.836 Y199.309 Z3.6534 E2225.46556
G1 X179.877 Y199.520 Z3.6539 E2225.75942
G1 X178.911 Y199.692 Z3.6544 E2226.05328
G1 X177.938 Y199.827 Z3.6548 E2226.34714
G1 X176.961 Y199.923 Z3.6553 E2226.64100
G1 X175.981 Y199.981 Z3.6558 E2226.93485
G1 X173.807 Y199.892 Z3.6568 E2227.58629
G1 X173.629 Y199.867 Z3.6569 E2227.63996
G1 X173.455 Y199.827 Z3.6570 E2227.69362
G1 X172.408 Y199.538 Z3.6575 E2228.01862
G1 X172.242 Y199.484 Z3.6576 E2228.07112
G1 X172.080 Y199.415 Z3.6577 E2228.12362
G1 X170.787 Y198.797 Z3.6583 E2228.55264
G1 X169.230 Y197.693 Z3.6593 E2229.12398
G1 X167.571 Y196.037 Z3.6604 E2229.82550
G1 X165.989 Y193.884 Z3.6617 E2230.62543
G1 X164.536 Y191.219 Z3.6631 E2231.53401
G1 X163.275 Y188.058 Z3.6647 E2232.55270
G1 X162.271 Y184.453 Z3.6665 E2233.67280
G1 X161.586 Y180.496 Z3.6684 E2234.87506
G1 X161.269 Y176.313 Z3.6704 E2236.13080
G1 X161.346 Y172.058 Z3.6725 E2237.40456
G1 X161.817 Y167.897 Z3.6745 E2238.65816
G1 X162.656 Y163.987 Z3.6764 E2239.85538
G1 X163.814 Y160.461 Z3.6782 E2240.96636
G1 X165.226 Y157.416 Z3.6798 E2241.97101
G1 X166.819 Y154.906 Z3.6812 E2242.86074
G1 X168.524 Y152.946 Z3.6824 E2243.63840
G1 X170.135 Y151.637 Z3.6834 E2244.25975
G1 X170.288 Y151.524 Z3.6835 E2244.31673
G1 X170.452 Y151.427 Z3.6836 E2244.37370
G1 X171.787 Y150.711 Z3.6843 E2244.82712
G1 X171.962 Y150.628 Z3.6844 E2244.88509
G1 X172.144 Y150.562 Z3.6845 E2244.94306
G1 X173.285 Y150.212 Z3.6851 E2245.30025
G1 X173.467 Y150.165 Z3.6852 E2245.35669
G1 X173.653 Y150.136 Z3.6853 E2245.41312
G1 X174.693 Y150.021 Z3.6858 E2245.72606
G1 X174.876 Y150.010 Z3.6859 E2245.78111
G1 X175.060 Y150.015 Z3.6859 E2245.83615
G1 X176.069 Y150.090 Z3.6864 E2246.13907
G1 X176.247 Y150.111 Z3.6865 E2246.19284
G1 X176.423 Y150.149 Z3.6866 E2246.24662
G1 X177.464 Y150.419 Z3.6871 E2246.56849
G1 X177.632 Y150.470 Z3.6872 E2246.62110
G1 X177.795 Y150.537 Z3.6873 E2246.67370
G1 X179.079 Y151.125 Z3.6880 E2247.09666
G1 X180.625 Y152.187 Z3.6889 E2247.65797
G1 X182.288 Y153.801 Z3.6900 E2248.35174
G1 X183.879 Y155.911 Z3.6912 E2249.14269
G1 X185.345 Y158.532 Z3.6927 E2250.04172
G1 X186.626 Y161.651 Z3.6943 E2251.05113
G1 X187.654 Y165.221 Z3.6960 E2252.16311
G1 X188.369 Y169.153 Z3.6980 E2253.35930
G1 X188.719 Y173.322 Z3.7000 E2254.61175
G1 X188.677 Y177.577 Z3.7020 E2255.88546
G1 X188.239 Y181.753 Z3.7040 E2257.14229
G1 X187.430 Y185.690 Z3.7059 E2258.34565
G1 X186.296 Y189.254 Z3.7077 E2259.46500
G1 X184.903 Y192.343 Z3.7093 E2260.47931
G1 X183.323 Y194.899 Z3.7108 E2261.37897
G1 X181.625 Y196.906 Z3.7120 E2262.16590
G1 X180.015 Y198.258 Z3.7130 E2262.79534
G1 X179.864 Y198.373 Z3.7131 E2262.85204
G1 X179.703 Y198.473 Z3.7132 E2262.90875
G1 X178.347 Y199.229 Z3.7139 E2263.37364
G1 X178.173 Y199.315 Z3.7140 E2263.43174
G1 X177.991 Y199.384 Z3.7141 E2263.48984
G1 X176.838 Y199.759 Z3.7147 E2263.85276
G1 X176.656 Y199.809 Z3.7148 E2263.90932
G1 X176.470 Y199.841 Z3.7149 E2263.96588
G1 X175.242 Y199.996 Z3.7155 E2264.33644
G1 X175.000 Y200.000 Z3.7156 E2264.40878
G1 X174.019 Y199.981 Z3.7161 E2264.70264
G1 X173.039 Y199.923 Z3.7165 E2264.99650
G1 X172.062 Y199.827 Z3.7170 E2265.29035
G1 X171.089 Y199.692 Z3.7175 E2265.58421
G1 X170.123 Y199.520 Z3.7179 E2265.87807
G1 X169.164 Y199.309 Z3.7184 E2266.17193
G1 X168.214 Y199.061 Z3.7189 E2266.46579
G1 X167.275 Y198.776 Z3.7194 E2266.75965
G1 X166.347 Y198.455 Z3.7198 E2267.05351
G1 X164.372 Y197.540 Z3.7209 E2267.70494
G1 X164.217 Y197.450 Z3.7209 E2267.75861
G1 X164.071 Y197.346 Z3.7210 E2267.81227
G1 X163.215 Y196.678 Z3.7216 E2268.13728
G1 X163.082 Y196.564 Z3.7216 E2268.18978
G1 X162.959 Y196.439 Z3.7217 E2268.24228
G1 X162.001 Y195.374 Z3.7224 E2268.67130
G1 X160.985 Y193.757 Z3.7233 E2269.24263
G1 X160.086 Y191.593 Z3.7244 E2269.94415
G1 X159.449 Y188.998 Z3.7257 E2270.74408
G1 X159.126 Y185.980 Z3.7272 E2271.65266
G1 X159.170 Y182.577 Z3.7288 E2272.67136
G1 X159.622 Y178.863 Z3.7306 E2273.79145
G1 X160.504 Y174.944 Z3.7325 E2274.99371
G1 X161.812 Y170.958 Z3.7345 E2276.24945
G1 X163.511 Y167.057 Z3.7365 E2277.52321
G1 X165.538 Y163.393 Z3.7385 E2278.77682
G1 X167.810 Y160.101 Z3.7405 E2279.97403
G1 X170.230 Y157.287 Z3.7422 E2281.08501
G1 X172.699 Y155.014 Z3.7438 E2282.08967
G1 X175.131 Y153.305 Z3.7453 E2282.97939
G1 X177.457 Y152.147 Z3.7465 E2283.75705
G1 X179.446 Y151.554 Z3.7475 E2284.37840
G1 X179.631 Y151.508 Z3.7476 E2284.43538
G1 X179.819 Y151.481 Z3.7477 E2284.49236
G1 X181.326 Y151.330 Z3.7484 E2284.94577
G1 X181.520 Y151.321 Z3.7485 E2285.00374
G1 X181.713 Y151.330 Z3.7486 E2285.06171
G1 X182.901 Y151.442 Z3.7491 E2285.41890
G1 X183.088 Y151.469 Z3.7492 E2285.47534
G1 X183.271 Y151.513 Z3.7493 E2285.53177
G1 X184.275 Y151.805 Z3.7498 E2285.84471
G1 X184.449 Y151.864 Z3.7499 E2285.89976
G1 X184.617 Y151.940 Z3.7500 E2285.95480
G1 X185.520 Y152.395 Z3.7505 E2286.25772
G1 X185.677 Y152.483 Z3.7506 E2286.31150
G1 X185.825 Y152.585 Z3.7507 E2286.36527
G1 X186.683 Y153.233 Z3.7512 E2286.68715
G1 X186.819 Y153.345 Z3.7513 E2286.73975
G1 X186.944 Y153.468 Z3.7513 E2286.79235
G1 X187.905 Y154.504 Z3.7520 E2287.21532
G1 X188.926 Y156.076 Z3.7529 E2287.77662
G1 X189.846 Y158.204 Z3.7540 E2288.47039
G1 X190.508 Y160.762 Z3.7553 E2289.26134
G1 X190.860 Y163.744 Z3.7567 E2290.16037
G1 X190.849 Y167.116 Z3.7583 E2291.16978
G1 X190.433 Y170.808 Z3.7601 E2292.28176
G1 X189.589 Y174.714 Z3.7620 E2293.47795
G1 X188.317 Y178.700 Z3.7640 E2294.73041
G1 X186.650 Y182.614 Z3.7660 E2296.00411
G1 X184.647 Y186.305 Z3.7681 E2297.26094
G1 X182.392 Y189.633 Z3.7700 E2298.46430
G1 X179.982 Y192.492 Z3.7718 E2299.58365
G1 X177.513 Y194.813 Z3.7734 E2300.59796
G1 X175.075 Y196.570 Z3.7748 E2301.49762
G1 X172.738 Y197.774 Z3.7761 E2302.28455
G1 X170.732 Y198.407 Z3.7771 E2302.91399
G1 X170.549 Y198.455 Z3.7772 E2302.97070
G1 X170.362 Y198.486 Z3.7773 E2303.02740
G1 X168.820 Y198.665 Z3.7780 E2303.49229
G1 X168.626 Y198.678 Z3.7781 E2303.55039
G1 X168.432 Y198.673 Z3.7782 E2303.60850
G1 X167.223 Y198.578 Z3.7788 E2303.97141
G1 X167.036 Y198.554 Z3.7789 E2304.02797
G1 X166.852 Y198.513 Z3.7789 E2304.08453
G1 X165.658 Y198.186 Z3.7795 E2304.45510
G1 X165.433 Y198.097 Z3.7797 E2304.52743
G1 X164.534 Y197.704 Z3.7801 E2304.82129
G1 X163.650 Y197.275 Z3.7806 E2305.11515
G1 X162.784 Y196.812 Z3.7811 E2305.40901
G1 X161.938 Y196.316 Z3.7815 E2305.70286
G1 X161.111 Y195.787 Z3.7820 E2305.99672
G1 X160.305 Y195.225 Z3.7825 E2306.29058
G1 X159.523 Y194.633 Z3.7829 E2306.58444
G1 X158.764 Y194.010 Z3.7834 E2306.87830
G1 X158.030 Y193.358 Z3.7839 E2307.17216
G1 X156.556 Y191.757 Z3.7849 E2307.82360
G1 X156.447 Y191.615 Z3.7850 E2307.87726
G1 X156.352 Y191.463 Z3.7851 E2307.93092
G1 X155.817 Y190.518 Z3.7856 E2308.25593
G1 X155.737 Y190.362 Z3.7857 E2308.30843
G1 X155.671 Y190.199 Z3.7858 E2308.36093
G1 X155.193 Y188.848 Z3.7865 E2308.78995
G1 X154.874 Y186.966 Z3.7874 E2309.36128
G1 X154.871 Y184.623 Z3.7885 E2310.06280
G1 X155.276 Y181.981 Z3.7898 E2310.86273
G1 X156.133 Y179.069 Z3.7912 E2311.77131
G1 X157.475 Y175.942 Z3.7928 E2312.79001
G1 X159.315 Y172.684 Z3.7946 E2313.91011
G1 X161.629 Y169.401 Z3.7966 E2315.11237
G1 X164.362 Y166.219 Z3.7986 E2316.36810
G1 X167.425 Y163.265 Z3.8006 E2317.64186
G1 X170.701 Y160.655 Z3.8026 E2318.89547
G1 X174.059 Y158.484 Z3.8045 E2320.09268
G1 X177.372 Y156.810 Z3.8063 E2321.20366
G1 X180.523 Y155.655 Z3.8079 E2322.20832
G1 X183.424 Y155.007 Z3.8093 E2323.09804
G1 X186.015 Y154.827 Z3.8105 E2323.87571
G1 X188.080 Y155.040 Z3.8115 E2324.49705
G1 X188.268 Y155.069 Z3.8116 E2324.55403
G1 X188.453 Y155.115 Z3.8117 E2324.61101
G1 X189.903 Y155.553 Z3.8124 E2325.06442
G1 X190.085 Y155.618 Z3.8125 E2325.12239
G1 X190.260 Y155.700 Z3.8126 E2325.18036
G1 X191.315 Y156.259 Z3.8132 E2325.53755
G1 X191.477 Y156.355 Z3.8133 E2325.59399
G1 X191.630 Y156.466 Z3.8134 E2325.65043
G1 X192.445 Y157.120 Z3.8139 E2325.96337
G1 X192.583 Y157.241 Z3.8140 E2326.01841
G1 X192.710 Y157.375 Z3.8141 E2326.07345
G1 X193.370 Y158.142 Z3.8145 E2326.37638
G1 X193.481 Y158.283 Z3.8146 E2326.43015
G1 X193.579 Y158.434 Z3.8147 E2326.48392
G1 X194.124 Y159.361 Z3.8152 E2326.80580
G1 X194.206 Y159.516 Z3.8153 E2326.85840
G1 X194.274 Y159.678 Z3.8154 E2326.91100
G1 X194.766 Y161.002 Z3.8161 E2327.33397
G1 X195.108 Y162.846 Z3.8170 E2327.89527
G1 X195.144 Y165.164 Z3.8181 E2328.58905
G1 X194.776 Y167.780 Z3.8193 E2329.37999
G1 X193.960 Y170.670 Z3.8208 E2330.27902
G1 X192.660 Y173.782 Z3.8224 E2331.28843
G1 X190.863 Y177.033 Z3.8242 E2332.40041
G1 X188.588 Y180.318 Z3.8261 E2333.59661
G1 X185.887 Y183.514 Z3.8281 E2334.84906
G1 X182.849 Y186.493 Z3.8301 E2336.12276
G1 X179.587 Y189.136 Z3.8321 E2337.37959
G1 X176.230 Y191.348 Z3.8340 E2338.58295
G1 X172.909 Y193.067 Z3.8358 E2339.70230
G1 X169.740 Y194.266 Z3.8374 E2340.71661
G1 X166.815 Y194.956 Z3.8389 E2341.61627
G1 X164.195 Y195.175 Z3.8401 E2342.40320
G1 X162.100 Y194.992 Z3.8411 E2343.03264
G1 X161.912 Y194.966 Z3.8412 E2343.08935
G1 X161.728 Y194.923 Z3.8413 E2343.14605
G1 X160.234 Y194.499 Z3.8421 E2343.61094
G1 X160.050 Y194.437 Z3.8422 E2343.66904
G1 X159.873 Y194.357 Z3.8422 E2343.72715
G1 X158.793 Y193.807 Z3.8428 E2344.09006
G1 X158.628 Y193.713 Z3.8429 E2344.14662
G1 X158.474 Y193.605 Z3.8430 E2344.20318
G1 X157.496 Y192.846 Z3.8436 E2344.57375
G1 X157.322 Y192.678 Z3.8437 E2344.64608
G1 X156.642 Y191.970 Z3.8442 E2344.93994
G1 X155.990 Y191.236 Z3.8447 E2345.23380
G1 X155.367 Y190.477 Z3.8451 E2345.52766
G1 X154.775 Y189.695 Z3.8456 E2345.82152
G1 X154.213 Y188.889 Z3.8461 E2346.11538
G1 X153.684 Y188.062 Z3.8465 E2346.40923
G1 X153.188 Y187.216 Z3.8470 E2346.70309
G1 X152.725 Y186.350 Z3.8475 E2346.99695
G1 X152.296 Y185.466 Z3.8479 E2347.29081
G1 X151.547 Y183.423 Z3.8490 E2347.94225
G1 X151.501 Y183.250 Z3.8491 E2347.99591
G1 X151.471 Y183.073 Z3.8491 E2348.04957
G1 X151.338 Y181.996 Z3.8497 E2348.37458
G1 X151.325 Y181.821 Z3.8498 E2348.42708
G1 X151.326 Y181.646 Z3.8498 E2348.47958
G1 X151.402 Y180.214 Z3.8505 E2348.90860
G1 X151.827 Y178.354 Z3.8514 E2349.47993
G1 X152.721 Y176.187 Z3.8526 E2350.18146
G1 X154.106 Y173.902 Z3.8538 E2350.98139
G1 X156.011 Y171.539 Z3.8553 E2351.88997
G1 X158.449 Y169.164 Z3.8569 E2352.90866
G1 X161.395 Y166.858 Z3.8587 E2354.02876
G1 X164.789 Y164.711 Z3.8606 E2355.23102
G1 X168.532 Y162.817 Z3.8626 E2356.48675
G1 X172.492 Y161.259 Z3.8647 E2357.76051
G1 X176.517 Y160.102 Z3.8667 E2359.01412
G1 X180.451 Y159.381 Z3.8686 E2360.21134
G1 X184.152 Y159.102 Z3.8703 E2361.32232
G1 X187.505 Y159.241 Z3.8719 E2362.32697
G1 X190.433 Y159.752 Z3.8734 E2363.21669
G1 X192.897 Y160.578 Z3.8746 E2363.99436
G1 X194.723 Y161.565 Z3.8756 E2364.61571
G1 X194.886 Y161.663 Z3.8757 E2364.67268
G1 X195.038 Y161.777 Z3.8758 E2364.72966
G1 X196.210 Y162.737 Z3.8765 E2365.18307
G1 X196.354 Y162.866 Z3.8766 E2365.24104
G1 X196.484 Y163.009 Z3.8767 E2365.29901
G1 X197.245 Y163.929 Z3.8773 E2365.65620
G1 X197.358 Y164.080 Z3.8774 E2365.71264
G1 X197.456 Y164.241 Z3.8774 E2365.76908
G1 X197.960 Y165.157 Z3.8779 E2366.08202
G1 X198.041 Y165.322 Z3.8780 E2366.13706
G1 X198.106 Y165.494 Z3.8781 E2366.19210
G1 X198.423 Y166.455 Z3.8786 E2366.49503
G1 X198.472 Y166.628 Z3.8787 E2366.54880
G1 X198.504 Y166.805 Z3.8788 E2366.60257
G1 X198.653 Y167.870 Z3.8793 E2366.92445
G1 X198.670 Y168.044 Z3.8794 E2366.97705
G1 X198.671 Y168.220 Z3.8795 E2367.02965
G1 X198.618 Y169.632 Z3.8801 E2367.45262
G1 X198.229 Y171.466 Z3.8810 E2368.01393
G1 X197.374 Y173.621 Z3.8821 E2368.70770
G1 X196.034 Y175.898 Z3.8834 E2369.49864
G1 X194.174 Y178.256 Z3.8848 E2370.39768
G1 X191.782 Y180.633 Z3.8864 E2371.40708
G1 X188.877 Y182.949 Z3.8882 E2372.51906
G1 X185.518 Y185.113 Z3.8901 E2373.71526
G1 X181.800 Y187.033 Z3.8921 E2374.96771
G1 X177.853 Y188.622 Z3.8942 E2376.24141
G1 X173.828 Y189.815 Z3.8962 E2377.49824
G1 X169.880 Y190.574 Z3.8981 E2378.70160
G1 X166.154 Y190.891 Z3.8999 E2379.82095
G1 X162.767 Y190.786 Z3.9015 E2380.83527
G1 X159.801 Y190.305 Z3.9029 E2381.73493
G1 X157.297 Y189.504 Z3.9042 E2382.52186
G1 X155.431 Y188.533 Z3.9052 E2383.15130
G1 X155.268 Y188.438 Z3.9053 E2383.20800
G1 X155.114 Y188.328 Z3.9054 E2383.26471
G1 X153.896 Y187.364 Z3.9061 E2383.72959
G1 X153.750 Y187.236 Z3.9062 E2383.78770
G1 X153.617 Y187.095 Z3.9063 E2383.84580
G1 X152.829 Y186.173 Z3.9069 E2384.20871
G1 X152.713 Y186.024 Z3.9070 E2384.26527
G1 X152.612 Y185.864 Z3.9071 E2384.32184
G1 X151.999 Y184.789 Z3.9077 E2384.69240
G1 X151.903 Y184.567 Z3.9078 E2384.76473
G1 X151.541 Y183.643 Z3.9082 E2385.06189
G1 X151.217 Y182.704 Z3.9087 E2385.35905
G1 X150.930 Y181.754 Z3.9092 E2385.65621
G1 X150.680 Y180.793 Z3.9097 E2385.95337
G1 X150.470 Y179.823 Z3.9101 E2386.25053
G1 X150.298 Y178.845 Z3.9106 E2386.54769
G1 X150.164 Y177.862 Z3.9111 E2386.84485
G1 X150.070 Y176.873 Z3.9116 E2387.14201
G1 X150.016 Y175.882 Z3.9120 E2387.43917
G1 X150.000 Y174.890 Z3.9125 E2387.73633
G1 X150.024 Y173.897 Z3.9130 E2388.03349
G1 X150.088 Y172.907 Z3.9135 E2388.33065
G1 X150.191 Y171.919 Z3.9139 E2388.62781
G1 X150.332 Y170.937 Z3.9144 E2388.92497
G1 X150.513 Y169.961 Z3.9149 E2389.22213
G1 X150.733 Y168.992 Z3.9154 E2389.51929
G1 X150.990 Y168.034 Z3.9158 E2389.81645
G1 X151.286 Y167.086 Z3.9163 E2390.11361
G1 X151.619 Y166.151 Z3.9168 E2390.41077
G1 X151.988 Y165.229 Z3.9173 E2390.70793
G1 X152.394 Y164.324 Z3.9177 E2391.00509
G1 X152.836 Y163.435 Z3.9182 E2391.30225
G1 X153.313 Y162.564 Z3.9187 E2391.59941
G1 X153.824 Y161.713 Z3.9192 E2391.89657
G1 X154.368 Y160.882 Z3.9196 E2392.19373
G1 X154.944 Y160.074 Z3.9201 E2392.49089
G1 X155.553 Y159.290 Z3.9206 E2392.78805
G1 X156.192 Y158.530 Z3.9211 E2393.08521
G1 X156.861 Y157.796 Z3.9215 E2393.38237
G1 X157.558 Y157.090 Z3.9220 E2393.67953
G1 X158.283 Y156.412 Z3.9225 E2393.97669
G1 X159.034 Y155.763 Z3.9230 E2394.27385
G1 X159.810 Y155.144 Z3.9234 E2394.57101
G1 X160.610 Y154.556 Z3.9239 E2394.86817
G1 X161.433 Y154.001 Z3.9244 E2395.16533
G1 X162.278 Y153.479 Z3.9249 E2395.46249
G1 X163.142 Y152.991 Z3.9253 E2395.75965
G1 X164.025 Y152.538 Z3.9258 E2396.05681
G1 X164.926 Y152.120 Z3.9263 E2396.35397
G1 X165.842 Y151.738 Z3.9268 E2396.65113
G1 X166.773 Y151.393 Z3.9272 E2396.94829
G1 X167.716 Y151.085 Z3.9277 E2397.24545
G1 X168.672 Y150.814 Z3.9282 E2397.54261
G1 X169.637 Y150.582 Z3.9286 E2397.83977
G1 X170.611 Y150.388 Z3.9291 E2398.13693
G1 X171.591 Y150.234 Z3.9296 E2398.43409
G1 X172.577 Y150.118 Z3.9301 E2398.73125
G1 X173.567 Y150.041 Z3.9305 E2399.02841
G1 X174.559 Y150.004 Z3.9310 E2399.32557
G1 X175.551 Y150.006 Z3.9315 E2399.62273
G1 X176.543 Y150.048 Z3.9320 E2399.91989
G1 X177.533 Y150.129 Z3.9324 E2400.21705
G1 X178.518 Y150.249 Z3.9329 E2400.51421
G1 X179.498 Y150.408 Z3.9334 E2400.81137
G1 X180.471 Y150.606 Z3.9339 E2401.10853
G1 X181.435 Y150.842 Z3.9343 E2401.40569
G1 X182.389 Y151.117 Z3.9348 E2401.70285
G1 X183.331 Y151.429 Z3.9353 E2402.00001
G1 X184.261 Y151.778 Z3.9358 E2402.29717
G1 X185.175 Y152.164 Z3.9362 E2402.59434
G1 X186.074 Y152.586 Z3.9367 E2402.89150
G1 X186.955 Y153.044 Z3.9372 E2403.18866
G1 X187.817 Y153.536 Z3.9377 E2403.48582
G1 X188.659 Y154.061 Z3.9381 E2403.78298
G1 X189.480 Y154.620 Z3.9386 E2404.08014
G1 X190.277 Y155.211 Z3.9391 E2404.37730
G1 X191.051 Y155.833 Z3.9396 E2404.67446
G1 X191.799 Y156.485 Z3.9400 E2404.97162
G1 X192.521 Y157.167 Z3.9405 E2405.26878
G1 X193.215 Y157.877 Z3.9410 E2405.56594
G1 X193.881 Y158.613 Z3.9415 E2405.86310
G1 X194.516 Y159.376 Z3.9419 E2406.16026
G1 X195.121 Y160.163 Z3.9424 E2406.45742
G1 X195.694 Y160.973 Z3.9429 E2406.75458
G1 X196.235 Y161.806 Z3.9434 E2407.05174
G1 X196.742 Y162.660 Z3.9438 E2407.34890
G1 X197.215 Y163.532 Z3.9443 E2407.64606
G1 X197.653 Y164.423 Z3.9448 E2407.94322
G1 X198.055 Y165.331 Z3.9453 E2408.24038
G1 X198.420 Y166.254 Z3.9457 E2408.53754
G1 X198.749 Y167.191 Z3.9462 E2408.83470
G1 X199.040 Y168.140 Z3.9467 E2409.13186
G1 X199.294 Y169.100 Z3.9472 E2409.42902
G1 X199.509 Y170.069 Z3.9476 E2409.72618
G1 X199.685 Y171.046 Z3.9481 E2410.02334
G1 X199.823 Y172.029 Z3.9486 E2410.32050
G1 X199.921 Y173.017 Z3.9491 E2410.61766
G1 X199.980 Y174.007 Z3.9495 E2410.91482
G1 X200.000 Y175.000 Z3.9500 E2411.21198
G1 X199.892 Y176.193 Z3.9506 E2411.57054
G1 X199.867 Y176.371 Z3.9507 E2411.62420
G1 X199.827 Y176.545 Z3.9507 E2411.67786
G1 X199.538 Y177.592 Z3.9513 E2412.00287
G1 X199.484 Y177.758 Z3.9513 E2412.05537
G1 X199.415 Y177.920 Z3.9514 E2412.10787
G1 X198.797 Y179.213 Z3.9521 E2412.53689
G1 X197.693 Y180.770 Z3.9530 E2413.10822
G1 X196.037 Y182.429 Z3.9541 E2413.80975
G1 X193.884 Y184.011 Z3.9554 E2414.60968
G1 X191.219 Y185.464 Z3.9569 E2415.51826
G1 X188.058 Y186.725 Z3.9585 E2416.53695
G1 X184.453 Y187.729 Z3.9603 E2417.65705
G1 X180.496 Y188.414 Z3.9622 E2418.85931
G1 X176.313 Y188.731 Z3.9642 E2420.11504
G1 X172.058 Y188.654 Z3.9662 E2421.38880
G1 X167.897 Y188.183 Z3.9683 E2422.64241
G1 X163.987 Y187.344 Z3.9702 E2423.83963
G1 X160.461 Y186.186 Z3.9719 E2424.95061
G1 X157.416 Y184.774 Z3.9735 E2425.95526
G1 X154.906 Y183.181 Z3.9750 E2426.84498
G1 X152.946 Y181.476 Z3.9762 E2427.62265
G1 X151.637 Y179.865 Z3.9772 E2428.24400
G1 X151.524 Y179.712 Z3.9773 E2428.30097
G1 X151.427 Y179.548 Z3.9774 E2428.35795
G1 X150.711 Y178.213 Z3.9781 E2428.81136
G1 X150.628 Y178.038 Z3.9782 E2428.86933
G1 X150.562 Y177.856 Z3.9783 E2428.92730
G1 X150.212 Y176.715 Z3.9789 E2429.28449
G1 X150.165 Y176.533 Z3.9789 E2429.34093
G1 X150.136 Y176.347 Z3.9790 E2429.39737
G1 X150.021 Y175.307 Z3.9795 E2429.71031
G1 X150.010 Y175.124 Z3.9796 E2429.76535
G1 X150.015 Y174.940 Z3.9797 E2429.82039
G1 X150.090 Y173.931 Z3.9802 E2430.12332
G1 X150.111 Y173.753 Z3.9803 E2430.17709
G1 X150.149 Y173.577 Z3.9804 E2430.23086
G1 X150.419 Y172.536 Z3.9809 E2430.55274
G1 X150.470 Y172.368 Z3.9810 E2430.60534
G1 X150.537 Y172.205 Z3.9810 E2430.65794
G1 X151.125 Y170.921 Z3.9817 E2431.08091
G1 X152.187 Y169.375 Z3.9826 E2431.64221
G1 X153.801 Y167.712 Z3.9837 E2432.33599
G1 X155.911 Y166.121 Z3.9850 E2433.12693
G1 X158.532 Y164.655 Z3.9864 E2434.02597
G1 X161.651 Y163.374 Z3.9880 E2435.03537
G1 X165.221 Y162.346 Z3.9898 E2436.14735
G1 X169.153 Y161.631 Z3.9917 E2437.34355
G1 X173.322 Y161.281 Z3.9937 E2438.59600
G1 X177.577 Y161.323 Z3.9958 E2439.86970
G1 X181.753 Y161.761 Z3.9978 E2441.12653
G1 X185.690 Y162.570 Z3.9997 E2442.32989
G1 X189.254 Y163.704 Z4.0015 E2443.44924
G1 X192.343 Y165.097 Z4.0031 E2444.46356
G1 X194.899 Y166.677 Z4.0045 E2445.36322
G1 X196.906 Y168.375 Z4.0058 E2446.15015
G1 X198.258 Y169.985 Z4.0068 E2446.77959
G1 X198.373 Y170.136 Z4.0069 E2446.83629
G1 X198.473 Y170.297 Z4.0070 E2446.89300
G1 X199.229 Y171.653 Z4.0077 E2447.35788
G1 X199.315 Y171.827 Z4.0078 E2447.41599
G1 X199.384 Y172.009 Z4.0079 E2447.47409
G1 X199.759 Y173.162 Z4.0085 E2447.83700
G1 X199.809 Y173.344 Z4.0086 E2447.89356
G1 X199.841 Y173.530 Z4.0087 E2447.95013
G1 X199.996 Y174.758 Z4.0093 E2448.32069
G1 X200.000 Y175.000 Z4.0094 E2448.39302
G1 X199.981 Y175.981 Z4.0098 E2448.68688
G1 X199.923 Y176.961 Z4.0103 E2448.98074
G1 X199.827 Y177.938 Z4.0108 E2449.27460
G1 X199.692 Y178.911 Z4.0112 E2449.56846
G1 X199.520 Y179.877 Z4.0117 E2449.86232
G1 X199.309 Y180.836 Z4.0122 E2450.15618
G1 X199.061 Y181.786 Z4.0127 E2450.45003
G1 X198.776 Y182.725 Z4.0131 E2450.74389
G1 X198.455 Y183.653 Z4.0136 E2451.03775
G1 X197.540 Y185.628 Z4.0146 E2451.68919
G1 X197.450 Y185.783 Z4.0147 E2451.74285
G1 X197.346 Y185.929 Z4.0148 E2451.79652
G1 X196.678 Y186.785 Z4.0153 E2452.12152
G1 X196.564 Y186.918 Z4.0154 E2452.17402
G1 X196.439 Y187.041 Z4.0155 E2452.22652
G1 X195.374 Y187.999 Z4.0162 E2452.65554
G1 X193.757 Y189.015 Z4.0171 E2453.22687
G1 X191.593 Y189.914 Z4.0182 E2453.92840
G1 X188.998 Y190.551 Z4.0195 E2454.72833
G1 X185.980 Y190.874 Z4.0209 E2455.63691
G1 X182.577 Y190.830 Z4.0226 E2456.65560
G1 X178.863 Y190.378 Z4.0243 E2457.77570
G1 X174.944 Y189.496 Z4.0263 E2458.97796
G1 X170.958 Y188.188 Z4.0283 E2460.23369
G1 X167.057 Y186.489 Z4.0303 E2461.50745
G1 X163.393 Y184.462 Z4.0323 E2462.76106
G1 X160.101 Y182.190 Z4.0342 E2463.95828
G1 X157.287 Y179.770 Z4.0360 E2465.06926
G1 X155.014 Y177.301 Z4.0376 E2466.07391
G1 X153.305 Y174.869 Z4.0390 E2466.96364
G1 X152.147 Y172.543 Z4.0403 E2467.74130
G1 X151.554 Y170.554 Z4.0413 E2468.36265
G1 X151.508 Y170.369 Z4.0413 E2468.41963
G1 X151.481 Y170.181 Z4.0414 E2468.47660
G1 X151.330 Y168.674 Z4.0422 E2468.93002
G1 X151.321 Y168.480 Z4.0423 E2468.98798
G1 X151.330 Y168.287 Z4.0423 E2469.04595
G1 X151.442 Y167.099 Z4.0429 E2469.40315
G1 X151.469 Y166.912 Z4.0430 E2469.45958
G1 X151.513 Y166.729 Z4.0431 E2469.51602
G1 X151.805 Y165.725 Z4.0436 E2469.82896
G1 X151.864 Y165.551 Z4.0437 E2469.88400
G1 X151.940 Y165.383 Z4.0438 E2469.93905
G1 X152.395 Y164.480 Z4.0443 E2470.24197
G1 X152.483 Y164.323 Z4.0443 E2470.29574
G1 X152.585 Y164.175 Z4.0444 E2470.34951
G1 X153.233 Y163.317 Z4.0449 E2470.67139
G1 X153.345 Y163.181 Z4.0450 E2470.72399
G1 X153.468 Y163.056 Z4.0451 E2470.77659
G1 X154.504 Y162.095 Z4.0458 E2471.19956
G1 X156.076 Y161.074 Z4.0467 E2471.76087
G1 X158.204 Y160.154 Z4.0478 E2472.45464
G1 X160.762 Y159.492 Z4.0490 E2473.24558
G1 X163.744 Y159.140 Z4.0505 E2474.14462
G1 X167.116 Y159.151 Z4.0521 E2475.15402
G1 X170.808 Y159.567 Z4.0539 E2476.26600
G1 X174.714 Y160.411 Z4.0558 E2477.46220
G1 X178.700 Y161.683 Z4.0578 E2478.71465
G1 X182.614 Y163.350 Z4.0598 E2479.98836
G1 X186.305 Y165.353 Z4.0618 E2481.24518
G1 X189.633 Y167.608 Z4.0637 E2482.44855
G1 X192.492 Y170.018 Z4.0655 E2483.56789
G1 X194.813 Y172.487 Z4.0672 E2484.58221
G1 X196.570 Y174.925 Z4.0686 E2485.48187
G1 X197.774 Y177.262 Z4.0698 E2486.26880
G1 X198.407 Y179.268 Z4.0708 E2486.89824
G1 X198.455 Y179.451 Z4.0709 E2486.95494
G1 X198.486 Y179.638 Z4.0710 E2487.01165
G1 X198.665 Y181.180 Z4.0718 E2487.47653
G1 X198.678 Y181.374 Z4.0719 E2487.53464
G1 X198.673 Y181.568 Z4.0720 E2487.59274
G1 X198.578 Y182.777 Z4.0725 E2487.95565
G1 X198.554 Y182.964 Z4.0726 E2488.01222
G1 X198.513 Y183.148 Z4.0727 E2488.06878
G1 X198.186 Y184.342 Z4.0733 E2488.43934
G1 X198.097 Y184.567 Z4.0734 E2488.51168
G1 X197.704 Y185.466 Z4.0739 E2488.80553
G1 X197.275 Y186.350 Z4.0744 E2489.09939
G1 X196.812 Y187.216 Z4.0748 E2489.39325
G1 X196.316 Y188.062 Z4.0753 E2489.68711
G1 X195.787 Y188.889 Z4.0758 E2489.98097
G1 X195.225 Y189.695 Z4.0762 E2490.27483
G1 X194.633 Y190.477 Z4.0767 E2490.56869
G1 X194.010 Y191.236 Z4.0772 E2490.86254
G1 X193.358 Y191.970 Z4.0776 E2491.15640
G1 X191.757 Y193.444 Z4.0787 E2491.80784
G1 X191.615 Y193.553 Z4.0788 E2491.86151
G1 X191.463 Y193.648 Z4.0789 E2491.91517
G1 X190.518 Y194.183 Z4.0794 E2492.24017
G1 X190.362 Y194.263 Z4.0795 E2492.29267
G1 X190.199 Y194.329 Z4.0795 E2492.34517
G1 X188.848 Y194.807 Z4.0802 E2492.77419
G1 X186.966 Y195.126 Z4.0811 E2493.34552
G1 X184.623 Y195.129 Z4.0823 E2494.04705
G1 X181.981 Y194.724 Z4.0835 E2494.84698
G1 X179.069 Y193.867 Z4.0850 E2495.75556
G1 X175.942 Y192.525 Z4.0866 E2496.77425
G1 X172.684 Y190.685 Z4.0884 E2497.89435
G1 X169.401 Y188.371 Z4.0903 E2499.09661
G1 X166.219 Y185.638 Z4.0923 E2500.35235
G1 X163.265 Y182.575 Z4.0944 E2501.62611
G1 X160.655 Y179.299 Z4.0964 E2502.87971
G1 X158.484 Y175.941 Z4.0983 E2504.07693
G1 X156.810 Y172.628 Z4.1001 E2505.18791
G1 X155.655 Y169.477 Z4.1017 E2506.19256
G1 X155.007 Y166.576 Z4.1031 E2507.08229
G1 X154.827 Y163.985 Z4.1043 E2507.85995
G1 X155.040 Y161.920 Z4.1053 E2508.48130
G1 X155.069 Y161.732 Z4.1054 E2508.53828
G1 X155.115 Y161.547 Z4.1055 E2508.59525
G1 X155.553 Y160.097 Z4.1062 E2509.04867
G1 X155.618 Y159.915 Z4.1063 E2509.10664
G1 X155.700 Y159.740 Z4.1064 E2509.16461
G1 X156.259 Y158.685 Z4.1070 E2509.52180
G1 X156.355 Y158.523 Z4.1071 E2509.57824
G1 X156.466 Y158.370 Z4.1072 E2509.63467
G1 X157.120 Y157.555 Z4.1077 E2509.94761
G1 X157.241 Y157.417 Z4.1077 E2510.00265
G1 X157.375 Y157.290 Z4.1078 E2510.05770
G1 X158.142 Y156.630 Z4.1083 E2510.36062
G1 X158.283 Y156.519 Z4.1084 E2510.41439
G1 X158.434 Y156.421 Z4.1085 E2510.46817
G1 X159.361 Y155.876 Z4.1090 E2510.79004
G1 X159.516 Y155.794 Z4.1091 E2510.84265
G1 X159.678 Y155.726 Z4.1092 E2510.89525
G1 X161.002 Y155.234 Z4.1098 E2511.31821
G1 X162.846 Y154.892 Z4.1107 E2511.87952
G1 X165.164 Y154.856 Z4.1118 E2512.57329
G1 X167.780 Y155.224 Z4.1131 E2513.36424
G1 X170.670 Y156.040 Z4.1145 E2514.26327
G1 X173.782 Y157.340 Z4.1162 E2515.27268
G1 X177.033 Y159.137 Z4.1179 E2516.38466
G1 X180.318 Y161.412 Z4.1198 E2517.58085
G1 X183.514 Y164.113 Z4.1218 E2518.83330
G1 X186.493 Y167.151 Z4.1239 E2520.10701
G1 X189.136 Y170.413 Z4.1259 E2521.36384
G1 X191.348 Y173.770 Z4.1278 E2522.56720
G1 X193.067 Y177.091 Z4.1296 E2523.68655
G1 X194.266 Y180.260 Z4.1312 E2524.70086
G1 X194.956 Y183.185 Z4.1326 E2525.60052
G1 X195.175 Y185.805 Z4.1339 E2526.38745
G1 X194.992 Y187.900 Z4.1349 E2527.01689
G1 X194.966 Y188.088 Z4.1350 E2527.07359
G1 X194.923 Y188.272 Z4.1351 E2527.13030
G1 X194.499 Y189.766 Z4.1358 E2527.59518
G1 X194.437 Y189.950 Z4.1359 E2527.65329
G1 X194.357 Y190.127 Z4.1360 E2527.71139
G1 X193.807 Y191.207 Z4.1366 E2528.07431
G1 X193.713 Y191.372 Z4.1367 E2528.13087
G1 X193.605 Y191.526 Z4.1368 E2528.18743
G1 X192.846 Y192.504 Z4.1374 E2528.55799
G1 X192.678 Y192.678 Z4.1375 E2528.63033
G1 X191.970 Y193.358 Z4.1380 E2528.92419
G1 X191.236 Y194.010 Z4.1384 E2529.21804
G1 X190.477 Y194.633 Z4.1389 E2529.51190
G1 X189.695 Y195.225 Z4.1394 E2529.80576
G1 X188.889 Y195.787 Z4.1398 E2530.09962
G1 X188.062 Y196.316 Z4.1403 E2530.39348
G1 X187.216 Y196.812 Z4.1408 E2530.68734
G1 X186.350 Y197.275 Z4.1412 E2530.98120
G1 X185.466 Y197.704 Z4.1417 E2531.27506
G1 X183.423 Y198.453 Z4.1427 E2531.92649
G1 X183.250 Y198.499 Z4.1428 E2531.98016
G1 X183.073 Y198.529 Z4.1429 E2532.03382
G1 X181.996 Y198.662 Z4.1434 E2532.35882
G1 X181.821 Y198.675 Z4.1435 E2532.41133
G1 X181.646 Y198.674 Z4.1436 E2532.46383
G1 X180.214 Y198.598 Z4.1443 E2532.89285
G1 X178.354 Y198.173 Z4.1452 E2533.46418
G1 X176.187 Y197.279 Z4.1463 E2534.16570
G1 X173.902 Y195.894 Z4.1476 E2534.96563
G1 X171.539 Y193.989 Z4.1490 E2535.87421
G1 X169.164 Y191.551 Z4.1507 E2536.89291
G1 X166.858 Y188.605 Z4.1525 E2538.01300
G1 X164.711 Y185.211 Z4.1544 E2539.21526
G1 X162.817 Y181.468 Z4.1564 E2540.47100
G1 X161.259 Y177.508 Z4.1584 E2541.74476
G1 X160.102 Y173.483 Z4.1604 E2542.99837
G1 X159.381 Y169.549 Z4.1623 E2544.19558
G1 X159.102 Y165.848 Z4.1641 E2545.30656
G1 X159.241 Y162.495 Z4.1657 E2546.31122
G1 X159.752 Y159.567 Z4.1671 E2547.20094
G1 X160.578 Y157.103 Z4.1684 E2547.97860
G1 X161.565 Y155.277 Z4.1694 E2548.59995
G1 X161.663 Y155.114 Z4.1695 E2548.65693
G1 X161.777 Y154.962 Z4.1696 E2548.71391
G1 X162.737 Y153.790 Z4.1703 E2549.16732
G1 X162.866 Y153.646 Z4.1704 E2549.22529
G1 X163.009 Y153.516 Z4.1705 E2549.28326
G1 X163.929 Y152.755 Z4.1710 E2549.64045
G1 X164.080 Y152.642 Z4.1711 E2549.69689
G1 X164.241 Y152.544 Z4.1712 E2549.75332
G1 X165.157 Y152.040 Z4.1717 E2550.06626
G1 X165.322 Y151.959 Z4.1718 E2550.12131
G1 X165.494 Y151.894 Z4.1719 E2550.17635
G1 X166.455 Y151.577 Z4.1724 E2550.47927
G1 X166.628 Y151.528 Z4.1725 E2550.53305
G1 X166.805 Y151.496 Z4.1725 E2550.58682
G1 X167.870 Y151.347 Z4.1731 E2550.90870
G1 X168.044 Y151.330 Z4.1731 E2550.96130
G1 X168.220 Y151.329 Z4.1732 E2551.01390
G1 X169.632 Y151.382 Z4.1739 E2551.43687
G1 X171.466 Y151.771 Z4.1748 E2551.99817
G1 X173.621 Y152.626 Z4.1759 E2552.69194
G1 X175.898 Y153.966 Z4.1772 E2553.48289
G1 X178.256 Y155.826 Z4.1786 E2554.38192
G1 X180.633 Y158.218 Z4.1802 E2555.39133
G1 X182.949 Y161.123 Z4.1820 E2556.50331
G1 X185.113 Y164.482 Z4.1839 E2557.69950
G1 X187.033 Y168.200 Z4.1859 E2558.95196
G1 X188.622 Y172.147 Z4.1879 E2560.22566
G1 X189.815 Y176.172 Z4.1899 E2561.48249
G1 X190.574 Y180.120 Z4.1919 E2562.68585
G1 X190.891 Y183.846 Z4.1936 E2563.80520
G1 X190.786 Y187.233 Z4.1953 E2564.81951
G1 X190.305 Y190.199 Z4.1967 E2565.71917
G1 X189.504 Y192.703 Z4.1980 E2566.50610
G1 X188.533 Y194.569 Z4.1990 E2567.13554
G1 X188.438 Y194.732 Z4.1991 E2567.19225
G1 X188.328 Y194.886 Z4.1991 E2567.24895
G1 X187.364 Y196.104 Z4.1999 E2567.71384
G1 X187.236 Y196.250 Z4.2000 E2567.77194
G1 X187.095 Y196.383 Z4.2001 E2567.83005
G1 X186.173 Y197.171 Z4.2007 E2568.19296
G1 X186.024 Y197.287 Z4.2007 E2568.24952
G1 X185.864 Y197.388 Z4.2008 E2568.30608
G1 X184.789 Y198.001 Z4.2014 E2568.67665
G1 X184.567 Y198.097 Z4.2015 E2568.74898
G1 X183.653 Y198.455 Z4.2020 E2569.04284
G1 X182.725 Y198.776 Z4.2025 E2569.33670
G1 X181.786 Y199.061 Z4.2029 E2569.63056
G1 X180.836 Y199.309 Z4.2034 E2569.92441
G1 X179.877 Y199.520 Z4.2039 E2570.21827
G1 X178.911 Y199.692 Z4.2044 E2570.51213
G1 X177.938 Y199.827 Z4.2048 E2570.80599
G1 X176.961 Y199.923 Z4.2053 E2571.09985
G1 X175.981 Y199.981 Z4.2058 E2571.39371
G1 X173.807 Y199.892 Z4.2068 E2572.04515
G1 X173.629 Y199.867 Z4.2069 E2572.09881
G1 X173.455 Y199.827 Z4.2070 E2572.15247
G1 X172.408 Y199.538 Z4.2075 E2572.47748
G1 X172.242 Y199.484 Z4.2076 E2572.52998
G1 X172.080 Y199.415 Z4.2077 E2572.58248
G1 X170.787 Y198.797 Z4.2083 E2573.01150
G1 X169.230 Y197.693 Z4.2093 E2573.58283
G1 X167.571 Y196.037 Z4.2104 E2574.28435
G1 X165.989 Y193.884 Z4.2117 E2575.08428
G1 X164.536 Y191.219 Z4.2131 E2575.99286
G1 X163.275 Y188.058 Z4.2147 E2577.01156
G1 X162.271 Y184.453 Z4.2165 E2578.13166
G1 X161.586 Y180.496 Z4.2184 E2579.33392
G1 X161.269 Y176.313 Z4.2204 E2580.58965
G1 X161.346 Y172.058 Z4.2225 E2581.86341
G1 X161.817 Y167.897 Z4.2245 E2583.11702
G1 X162.656 Y163.987 Z4.2264 E2584.31423
G1 X163.814 Y160.461 Z4.2282 E2585.42521
G1 X165.226 Y157.416 Z4.2298 E2586.42987
G1 X166.819 Y154.906 Z4.2312 E2587.31959
G1 X168.524 Y152.946 Z4.2324 E2588.09725
G1 X170.135 Y151.637 Z4.2334 E2588.71860
G1 X170.288 Y151.524 Z4.2335 E2588.77558
G1 X170.452 Y151.427 Z4.2336 E2588.83256
G1 X171.787 Y150.711 Z4.2343 E2589.28597
G1 X171.962 Y150.628 Z4.2344 E2589.34394
G1 X172.144 Y150.562 Z4.2345 E2589.40191
G1 X173.285 Y150.212 Z4.2351 E2589.75910
G1 X173.467 Y150.165 Z4.2352 E2589.81554
G1 X173.653 Y150.136 Z4.2353 E2589.87198
G1 X174.693 Y150.021 Z4.2358 E2590.18492
G1 X174.876 Y150.010 Z4.2359 E2590.23996
G1 X175.060 Y150.015 Z4.2359 E2590.29500
G1 X176.069 Y150.090 Z4.2364 E2590.59793
G1 X176.247 Y150.111 Z4.2365 E2590.65170
G1 X176.423 Y150.149 Z4.2366 E2590.70547
G1 X177.464 Y150.419 Z4.2371 E2591.02735
G1 X177.632 Y150.470 Z4.2372 E2591.07995
G1 X177.795 Y150.537 Z4.2373 E2591.13255
G1 X179.079 Y151.125 Z4.2380 E2591.55552
G1 X180.625 Y152.187 Z4.2389 E2592.11682
G1 X182.288 Y153.801 Z4.2400 E2592.81060
G1 X183.879 Y155.911 Z4.2412 E2593.60154
G1 X185.345 Y158.532 Z4.2427 E2594.50057
G1 X186.626 Y161.651 Z4.2443 E2595.50998
G1 X187.654 Y165.221 Z4.2460 E2596.62196
G1 X188.369 Y169.153 Z4.2480 E2597.81816
G1 X188.719 Y173.322 Z4.2500 E2599.07061
G1 X188.677 Y177.577 Z4.2520 E2600.34431
G1 X188.239 Y181.753 Z4.2540 E2601.60114
G1 X187.430 Y185.690 Z4.2559 E2602.80450
G1 X186.296 Y189.254 Z4.2577 E2603.92385
G1 X184.903 Y192.343 Z4.2593 E2604.93816
G1 X183.323 Y194.899 Z4.2608 E2605.83782
G1 X181.625 Y196.906 Z4.2620 E2606.62475
G1 X180.015 Y198.258 Z4.2630 E2607.25419
G1 X179.864 Y198.373 Z4.2631 E2607.31090
G1 X179.703 Y198.473 Z4.2632 E2607.36760
G1 X178.347 Y199.229 Z4.2639 E2607.83249
G1 X178.173 Y199.315 Z4.2640 E2607.89059
G1 X177.991 Y199.384 Z4.2641 E2607.94870
G1 X176.838 Y199.759 Z4.2647 E2608.31161
G1 X176.656 Y199.809 Z4.2648 E2608.36817
G1 X176.470 Y199.841 Z4.2649 E2608.42473
G1 X175.242 Y199.996 Z4.2655 E2608.79530
G1 X175.000 Y200.000 Z4.2656 E2608.86763
G1 X174.019 Y199.981 Z4.2661 E2609.16149
G1 X173.039 Y199.923 Z4.2665 E2609.45535
G1 X172.062 Y199.827 Z4.2670 E2609.74921
G1 X171.089 Y199.692 Z4.2675 E2610.04307
G1 X170.123 Y199.520 Z4.2679 E2610.33692
G1 X169.164 Y199.309 Z4.2684 E2610.63078
G1 X168.214 Y199.061 Z4.2689 E2610.92464
G1 X167.275 Y198.776 Z4.2694 E2611.21850
G1 X166.347 Y198.455 Z4.2698 E2611.51236
G1 X164.372 Y197.540 Z4.2709 E2612.16380
G1 X164.217 Y197.450 Z4.2709 E2612.21746
G1 X164.071 Y197.346 Z4.2710 E2612.27112
G1 X163.215 Y196.678 Z4.2716 E2612.59613
G1 X163.082 Y196.564 Z4.2716 E2612.64863
G1 X162.959 Y196.439 Z4.2717 E2612.70113
G1 X162.001 Y195.374 Z4.2724 E2613.13015
G1 X160.985 Y193.757 Z4.2733 E2613.70148
G1 X160.086 Y191.593 Z4.2744 E2614.40301
G1 X159.449 Y188.998 Z4.2757 E2615.20294
G1 X159.126 Y185.980 Z4.2772 E2616.11152
G1 X159.170 Y182.577 Z4.2788 E2617.13021
G1 X159.622 Y178.863 Z4.2806 E2618.25031
G1 X160.504 Y174.944 Z4.2825 E2619.45257
G1 X161.812 Y170.958 Z4.2845 E2620.70830
G1 X163.511 Y167.057 Z4.2865 E2621.98206
G1 X165.538 Y163.393 Z4.2885 E2623.23567
G1 X167.810 Y160.101 Z4.2905 E2624.43289
G1 X170.230 Y157.287 Z4.2922 E2625.54387
G1 X172.699 Y155.014 Z4.2938 E2626.54852
G1 X175.131 Y153.305 Z4.2953 E2627.43824
G1 X177.457 Y152.147 Z4.2965 E2628.21591
G1 X179.446 Y151.554 Z4.2975 E2628.83726
G1 X179.631 Y151.508 Z4.2976 E2628.89423
G1 X179.819 Y151.481 Z4.2977 E2628.95121
G1 X181.326 Y151.330 Z4.2984 E2629.40462
G1 X181.520 Y151.321 Z4.2985 E2629.46259
G1 X181.713 Y151.330 Z4.2986 E2629.52056
G1 X182.901 Y151.442 Z4.2991 E2629.87775
G1 X183.088 Y151.469 Z4.2992 E2629.93419
G1 X183.271 Y151.513 Z4.2993 E2629.99063
G1 X184.275 Y151.805 Z4.2998 E2630.30357
G1 X184.449 Y151.864 Z4.2999 E2630.35861
G1 X184.617 Y151.940 Z4.3000 E2630.41365
G1 X185.520 Y152.395 Z4.3005 E2630.71658
G1 X185.677 Y152.483 Z4.3006 E2630.77035
G1 X185.825 Y152.585 Z4.3007 E2630.82412
G1 X186.683 Y153.233 Z4.3012 E2631.14600
G1 X186.819 Y153.345 Z4.3013 E2631.19860
G1 X186.944 Y153.468 Z4.3013 E2631.25120
G1 X187.905 Y154.504 Z4.3020 E2631.67417
G1 X188.926 Y156.076 Z4.3029 E2632.23547
G1 X189.846 Y158.204 Z4.3040 E2632.92925
G1 X190.508 Y160.762 Z4.3053 E2633.72019
G1 X190.860 Y163.744 Z4.3067 E2634.61923
G1 X190.849 Y167.116 Z4.3083 E2635.62863
G1 X190.433 Y170.808 Z4.3101 E2636.74061
G1 X189.589 Y174.714 Z4.3120 E2637.93681
G1 X188.317 Y178.700 Z4.3140 E2639.18926
G1 X186.650 Y182.614 Z4.3160 E2640.46296
G1 X184.647 Y186.305 Z4.3181 E2641.71979
G1 X182.392 Y189.633 Z4.3200 E2642.92315
G1 X179.982 Y192.492 Z4.3218 E2644.04250
G1 X177.513 Y194.813 Z4.3234 E2645.05682
G1 X175.075 Y196.570 Z4.3248 E2645.95648
G1 X172.738 Y197.774 Z4.3261 E2646.74341
G1 X170.732 Y198.407 Z4.3271 E2647.37285
G1 X170.549 Y198.455 Z4.3272 E2647.42955
G1 X170.362 Y198.486 Z4.3273 E2647.48626
G1 X168.820 Y198.665 Z4.3280 E2647.95114
G1 X168.626 Y198.678 Z4.3281 E2648.00925
G1 X168.432 Y198.673 Z4.3282 E2648.06735
G1 X167.223 Y198.578 Z4.3288 E2648.43026
G1 X167.036 Y198.554 Z4.3289 E2648.48682
G1 X166.852 Y198.513 Z4.3289 E2648.54339
G1 X165.658 Y198.186 Z4.3295 E2648.91395
G1 X165.433 Y198.097 Z4.3297 E2648.98628
G1 X164.534 Y197.704 Z4.3301 E2649.28014
G1 X163.650 Y197.275 Z4.3306 E2649.57400
G1 X162.784 Y196.812 Z4.3311 E2649.86786
G1 X161.938 Y196.316 Z4.3315 E2650.16172
G1 X161.111 Y195.787 Z4.3320 E2650.45558
G1 X160.305 Y195.225 Z4.3325 E2650.74944
G1 X159.523 Y194.633 Z4.3329 E2651.04329
G1 X158.764 Y194.010 Z4.3334 E2651.33715
G1 X158.030 Y193.358 Z4.3339 E2651.63101
G1 X156.556 Y191.757 Z4.3349 E2652.28245
G1 X156.447 Y191.615 Z4.3350 E2652.33611
G1 X156.352 Y191.463 Z4.3351 E2652.38978
G1 X155.817 Y190.518 Z4.3356 E2652.71478
G1 X155.737 Y190.362 Z4.3357 E2652.76728
G1 X155.671 Y190.199 Z4.3358 E2652.81978
G1 X155.193 Y188.848 Z4.3365 E2653.24880
G1 X154.874 Y186.966 Z4.3374 E2653.82013
G1 X154.871 Y184.623 Z4.3385 E2654.52166
G1 X155.276 Y181.981 Z4.3398 E2655.32159
G1 X156.133 Y179.069 Z4.3412 E2656.23017
G1 X157.475 Y175.942 Z4.3428 E2657.24886
G1 X159.315 Y172.684 Z4.3446 E2658.36896
G1 X161.629 Y169.401 Z4.3466 E2659.57122
G1 X164.362 Y166.219 Z4.3486 E2660.82695
G1 X167.425 Y163.265 Z4.3506 E2662.10071
G1 X170.701 Y160.655 Z4.3526 E2663.35432
G1 X174.059 Y158.484 Z4.3545 E2664.55154
G1 X177.372 Y156.810 Z4.3563 E2665.66252
G1 X180.523 Y155.655 Z4.3579 E2666.66717
G1 X183.424 Y155.007 Z4.3593 E2667.55690
G1 X186.015 Y154.827 Z4.3605 E2668.33456
G1 X188.080 Y155.040 Z4.3615 E2668.95591
G1 X188.268 Y155.069 Z4.3616 E2669.01289
G1 X188.453 Y155.115 Z4.3617 E2669.06986
G1 X189.903 Y155.553 Z4.3624 E2669.52328
G1 X190.085 Y155.618 Z4.3625 E2669.58124
G1 X190.260 Y155.700 Z4.3626 E2669.63921
G1 X191.315 Y156.259 Z4.3632 E2669.99641
G1 X191.477 Y156.355 Z4.3633 E2670.05284
G1 X191.630 Y156.466 Z4.3634 E2670.10928
G1 X192.445 Y157.120 Z4.3639 E2670.42222
G1 X192.583 Y157.241 Z4.3640 E2670.47726
G1 X192.710 Y157.375 Z4.3641 E2670.53231
G1 X193.370 Y158.142 Z4.3645 E2670.83523
G1 X193.481 Y158.283 Z4.3646 E2670.88900
G1 X193.579 Y158.434 Z4.3647 E2670.94277
G1 X194.124 Y159.361 Z4.3652 E2671.26465
G1 X194.206 Y159.516 Z4.3653 E2671.31725
G1 X194.274 Y159.678 Z4.3654 E2671.36985
G1 X194.766 Y161.002 Z4.3661 E2671.79282
G1 X195.108 Y162.846 Z4.3670 E2672.35413
G1 X195.144 Y165.164 Z4.3681 E2673.04790
G1 X194.776 Y167.780 Z4.3693 E2673.83884
G1 X193.960 Y170.670 Z4.3708 E2674.73788
G1 X192.660 Y173.782 Z4.3724 E2675.74728
G1 X190.863 Y177.033 Z4.3742 E2676.85926
G1 X188.588 Y180.318 Z4.3761 E2678.05546
G1 X185.887 Y183.514 Z4.3781 E2679.30791
G1 X182.849 Y186.493 Z4.3801 E2680.58162
G1 X179.587 Y189.136 Z4.3821 E2681.83844
G1 X176.230 Y191.348 Z4.3840 E2683.04181
G1 X172.909 Y193.067 Z4.3858 E2684.16115
G1 X169.740 Y194.266 Z4.3874 E2685.17547
G1 X166.815 Y194.956 Z4.3889 E2686.07513
G1 X164.195 Y195.175 Z4.3901 E2686.86206
G1 X162.100 Y194.992 Z4.3911 E2687.49150
G1 X161.912 Y194.966 Z4.3912 E2687.54820
G1 X161.728 Y194.923 Z4.3913 E2687.60491
G1 X160.234 Y194.499 Z4.3921 E2688.06979
G1 X160.050 Y194.437 Z4.3922 E2688.12790
G1 X159.873 Y194.357 Z4.3922 E2688.18600
G1 X158.793 Y193.807 Z4.3928 E2688.54891
G1 X158.628 Y193.713 Z4.3929 E2688.60548
G1 X158.474 Y193.605 Z4.3930 E2688.66204
G1 X157.496 Y192.846 Z4.3936 E2689.03260
G1 X157.322 Y192.678 Z4.3937 E2689.10494
G1 X156.642 Y191.970 Z4.3942 E2689.39879
G1 X155.990 Y191.236 Z4.3947 E2689.69265
G1 X155.367 Y190.477 Z4.3951 E2689.98651
G1 X154.775 Y189.695 Z4.3956 E2690.28037
G1 X154.213 Y188.889 Z4.3961 E2690.57423
G1 X153.684 Y188.062 Z4.3965 E2690.86809
G1 X153.188 Y187.216 Z4.3970 E2691.16195
G1 X152.725 Y186.350 Z4.3975 E2691.45580
G1 X152.296 Y185.466 Z4.3979 E2691.74966
G1 X151.547 Y183.423 Z4.3990 E2692.40110
G1 X151.501 Y183.250 Z4.3991 E2692.45477
G1 X151.471 Y183.073 Z4.3991 E2692.50843
G1 X151.338 Y181.996 Z4.3997 E2692.83343
G1 X151.325 Y181.821 Z4.3998 E2692.88593
G1 X151.326 Y181.646 Z4.3998 E2692.93843
G1 X151.402 Y180.214 Z4.4005 E2693.36745
G1 X151.827 Y178.354 Z4.4014 E2693.93878
G1 X152.721 Y176.187 Z4.4026 E2694.64031
G1 X154.106 Y173.902 Z4.4038 E2695.44024
G1 X156.011 Y171.539 Z4.4053 E2696.34882
G1 X158.449 Y169.164 Z4.4069 E2697.36751
G1 X161.395 Y166.858 Z4.4087 E2698.48761
G1 X164.789 Y164.711 Z4.4106 E2699.68987
G1 X168.532 Y162.817 Z4.4126 E2700.94561
G1 X172.492 Y161.259 Z4.4147 E2702.21937
G1 X176.517 Y160.102 Z4.4167 E2703.47297
G1 X180.451 Y159.381 Z4.4186 E2704.67019
G1 X184.152 Y159.102 Z4.4203 E2705.78117
G1 X187.505 Y159.241 Z4.4219 E2706.78582
G1 X190.433 Y159.752 Z4.4234 E2707.67555
G1 X192.897 Y160.578 Z4.4246 E2708.45321
G1 X194.723 Y161.565 Z4.4256 E2709.07456
G1 X194.886 Y161.663 Z4.4257 E2709.13154
G1 X195.038 Y161.777 Z4.4258 E2709.18851
G1 X196.210 Y162.737 Z4.4265 E2709.64193
G1 X196.354 Y162.866 Z4.4266 E2709.69990
G1 X196.484 Y163.009 Z4.4267 E2709.75787
G1 X197.245 Y163.929 Z4.4273 E2710.11506
G1 X197.358 Y164.080 Z4.4274 E2710.17150
G1 X197.456 Y164.241 Z4.4274 E2710.22793
G1 X197.960 Y165.157 Z4.4279 E2710.54087
G1 X198.041 Y165.322 Z4.4280 E2710.59591
G1 X198.106 Y165.494 Z4.4281 E2710.65096
G1 X198.423 Y166.455 Z4.4286 E2710.95388
G1 X198.472 Y166.628 Z4.4287 E2711.00765
G1 X198.504 Y166.805 Z4.4288 E2711.06143
G1 X198.653 Y167.870 Z4.4293 E2711.38330
G1 X198.670 Y168.044 Z4.4294 E2711.43591
G1 X198.671 Y168.220 Z4.4295 E2711.48851
G1 X198.618 Y169.632 Z4.4301 E2711.91147
G1 X198.229 Y171.466 Z4.4310 E2712.47278
G1 X197.374 Y173.621 Z4.4321 E2713.16655
G1 X196.034 Y175.898 Z4.4334 E2713.95750
G1 X194.174 Y178.256 Z4.4348 E2714.85653
G1 X191.782 Y180.633 Z4.4364 E2715.86594
G1 X188.877 Y182.949 Z4.4382 E2716.97792
G1 X185.518 Y185.113 Z4.4401 E2718.17411
G1 X181.800 Y187.033 Z4.4421 E2719.42656
G1 X177.853 Y188.622 Z4.4442 E2720.70027
G1 X173.828 Y189.815 Z4.4462 E2721.95710
G1 X169.880 Y190.574 Z4.4481 E2723.16046
G1 X166.154 Y190.891 Z4.4499 E2724.27981
G1 X162.767 Y190.786 Z4.4515 E2725.29412
G1 X159.801 Y190.305 Z4.4529 E2726.19378
G1 X157.297 Y189.504 Z4.4542 E2726.98071
G1 X155.431 Y188.533 Z4.4552 E2727.61015
G1 X155.268 Y188.438 Z4.4553 E2727.66685
G1 X155.114 Y188.328 Z4.4554 E2727.72356
G1 X153.896 Y187.364 Z4.4561 E2728.18844
G1 X153.750 Y187.236 Z4.4562 E2728.24655
G1 X153.617 Y187.095 Z4.4563 E2728.30465
G1 X152.829 Y186.173 Z4.4569 E2728.66757
G1 X152.713 Y186.024 Z4.4570 E2728.72413
G1 X152.612 Y185.864 Z4.4571 E2728.78069
G1 X151.999 Y184.789 Z4.4577 E2729.15125
G1 X151.903 Y184.567 Z4.4578 E2729.22359
G1 X151.541 Y183.643 Z4.4582 E2729.52075
G1 X151.217 Y182.704 Z4.4587 E2729.81791
G1 X150.930 Y181.754 Z4.4592 E2730.11507
G1 X150.680 Y180.793 Z4.4597 E2730.41223
G1 X150.470 Y179.823 Z4.4601 E2730.70939
G1 X150.298 Y178.845 Z4.4606 E2731.00655
G1 X150.164 Y177.862 Z4.4611 E2731.30371
G1 X150.070 Y176.873 Z4.4616 E2731.60087
G1 X150.016 Y175.882 Z4.4620 E2731.89803
G1 X150.000 Y174.890 Z4.4625 E2732.19519
G1 X150.024 Y173.897 Z4.4630 E2732.49235
G1 X150.088 Y172.907 Z4.4635 E2732.78951
G1 X150.191 Y171.919 Z4.4639 E2733.08667
G1 X150.332 Y170.937 Z4.4644 E2733.38383
G1 X150.513 Y169.961 Z4.4649 E2733.68099
G1 X150.733 Y168.992 Z4.4654 E2733.97815
G1 X150.990 Y168.034 Z4.4658 E2734.27531
G1 X151.286 Y167.086 Z4.4663 E2734.57247
G1 X151.619 Y166.151 Z4.4668 E2734.86963
G1 X151.988 Y165.229 Z4.4673 E2735.16679
G1 X152.394 Y164.324 Z4.4677 E2735.46395
G1 X152.836 Y163.435 Z4.4682 E2735.76111
G1 X153.313 Y162.564 Z4.4687 E2736.05827
G1 X153.824 Y161.713 Z4.4692 E2736.35543
G1 X154.368 Y160.882 Z4.4696 E2736.65259
G1 X154.944 Y160.074 Z4.4701 E2736.94975
G1 X155.553 Y159.290 Z4.4706 E2737.24691
G1 X156.192 Y158.530 Z4.4711 E2737.54407
G1 X156.861 Y157.796 Z4.4715 E2737.84123
G1 X157.558 Y157.090 Z4.4720 E2738.13839
G1 X158.283 Y156.412 Z4.4725 E2738.43555
G1 X159.034 Y155.763 Z4.4730 E2738.73271
G1 X159.810 Y155.144 Z4.4734 E2739.02987
G1 X160.610 Y154.556 Z4.4739 E2739.32703
G1 X161.433 Y154.001 Z4.4744 E2739.62419
G1 X162.278 Y153.479 Z4.4749 E2739.92135
G1 X163.142 Y152.991 Z4.4753 E2740.21851
G1 X164.025 Y152.538 Z4.4758 E2740.51567
G1 X164.926 Y152.120 Z4.4763 E2740.81283
G1 X165.842 Y151.738 Z4.4768 E2741.10999
G1 X166.773 Y151.393 Z4.4772 E2741.40715
G1 X167.716 Y151.085 Z4.4777 E2741.70431
G1 X168.672 Y150.814 Z4.4782 E2742.00147
G1 X169.637 Y150.582 Z4.4786 E2742.29863
G1 X170.611 Y150.388 Z4.4791 E2742.59579
G1 X171.591 Y150.234 Z4.4796 E2742.89295
G1 X172.577 Y150.118 Z4.4801 E2743.19011
G1 X173.567 Y150.041 Z4.4805 E2743.48727
G1 X174.559 Y150.004 Z4.4810 E2743.78443
G1 X175.551 Y150.006 Z4.4815 E2744.08159
G1 X176.543 Y150.048 Z4.4820 E2744.37875
G1 X177.533 Y150.129 Z4.4824 E2744.67591
G1 X178.518 Y150.249 Z4.4829 E2744.97307
G1 X179.498 Y150.408 Z4.4834 E2745.27023
G1 X180.471 Y150.606 Z4.4839 E2745.56739
G1 X181.435 Y150.842 Z4.4843 E2745.86455
G1 X182.389 Y151.117 Z4.4848 E2746.16171
G1 X183.331 Y151.429 Z4.4853 E2746.45887
G1 X184.261 Y151.778 Z4.4858 E2746.75603
G1 X185.175 Y152.164 Z4.4862 E2747.05319
G1 X186.074 Y152.586 Z4.4867 E2747.35035
G1 X186.955 Y153.044 Z4.4872 E2747.64751
G1 X187.817 Y153.536 Z4.4877 E2747.94467
G1 X188.659 Y154.061 Z4.4881 E2748.24183
G1 X189.480 Y154.620 Z4.4886 E2748.53899
G1 X190.277 Y155.211 Z4.4891 E2748.83615
G1 X191.051 Y155.833 Z4.4896 E2749.13331
G1 X191.799 Y156.485 Z4.4900 E2749.43047
G1 X192.521 Y157.167 Z4.4905 E2749.72763
G1 X193.215 Y157.877 Z4.4910 E2750.02479
G1 X193.881 Y158.613 Z4.4915 E2750.32195
G1 X194.516 Y159.376 Z4.4919 E2750.61911
G1 X195.121 Y160.163 Z4.4924 E2750.91627
G1 X195.694 Y160.973 Z4.4929 E2751.21343
G1 X196.235 Y161.806 Z4.4934 E2751.51059
G1 X196.742 Y162.660 Z4.4938 E2751.80775
G1 X197.215 Y163.532 Z4.4943 E2752.10491
G1 X197.653 Y164.423 Z4.4948 E2752.40207
G1 X198.055 Y165.331 Z4.4953 E2752.69923
G1 X198.420 Y166.254 Z4.4957 E2752.99639
G1 X198.749 Y167.191 Z4.4962 E2753.29355
G1 X199.040 Y168.140 Z4.4967 E2753.59071
G1 X199.294 Y169.100 Z4.4972 E2753.88787
G1 X199.509 Y170.069 Z4.4976 E2754.18503
G1 X199.685 Y171.046 Z4.4981 E2754.48219
G1 X199.823 Y172.029 Z4.4986 E2754.77935
G1 X199.921 Y173.017 Z4.4991 E2755.07651
G1 X199.980 Y174.007 Z4.4995 E2755.37367
G1 X200.000 Y175.000 Z4.5000 E2755.67083
G1 X199.892 Y176.193 Z4.5006 E2756.02939
G1 X199.867 Y176.371 Z4.5007 E2756.08305
G1 X199.827 Y176.545 Z4.5007 E2756.13672
G1 X199.538 Y177.592 Z4.5013 E2756.46172
G1 X199.484 Y177.758 Z4.5013 E2756.51422
G1 X199.415 Y177.920 Z4.5014 E2756.56672
G1 X198.797 Y179.213 Z4.5021 E2756.99574
G1 X197.693 Y180.770 Z4.5030 E2757.56707
G1 X196.037 Y182.429 Z4.5041 E2758.26860
G1 X193.884 Y184.011 Z4.5054 E2759.06853
G1 X191.219 Y185.464 Z4.5069 E2759.97711
G1 X188.058 Y186.725 Z4.5085 E2760.99580
G1 X184.453 Y187.729 Z4.5103 E2762.11590
G1 X180.496 Y188.414 Z4.5122 E2763.31816
G1 X176.313 Y188.731 Z4.5142 E2764.57389
G1 X172.058 Y188.654 Z4.5162 E2765.84766
G1 X167.897 Y188.183 Z4.5183 E2767.10126
G1 X163.987 Y187.344 Z4.5202 E2768.29848
G1 X160.461 Y186.186 Z4.5219 E2769.40946
G1 X157.416 Y184.774 Z4.5235 E2770.41411
G1 X154.906 Y183.181 Z4.5250 E2771.30384
G1 X152.946 Y181.476 Z4.5262 E2772.08150
G1 X151.637 Y179.865 Z4.5272 E2772.70285
G1 X151.524 Y179.712 Z4.5273 E2772.75983
G1 X151.427 Y179.548 Z4.5274 E2772.81680
G1 X150.711 Y178.213 Z4.5281 E2773.27022
G1 X150.628 Y178.038 Z4.5282 E2773.32819
G1 X150.562 Y177.856 Z4.5283 E2773.38615
G1 X150.212 Y176.715 Z4.5289 E2773.74335
G1 X150.165 Y176.533 Z4.5289 E2773.79979
G1 X150.136 Y176.347 Z4.5290 E2773.85622
G1 X150.021 Y175.307 Z4.5295 E2774.16916
G1 X150.010 Y175.124 Z4.5296 E2774.22420
G1 X150.015 Y174.940 Z4.5297 E2774.27925
G1 X150.090 Y173.931 Z4.5302 E2774.58217
G1 X150.111 Y173.753 Z4.5303 E2774.63594
G1 X150.149 Y173.577 Z4.5304 E2774.68972
G1 X150.419 Y172.536 Z4.5309 E2775.01159
G1 X150.470 Y172.368 Z4.5310 E2775.06420
G1 X150.537 Y172.205 Z4.5310 E2775.11680
G1 X151.125 Y170.921 Z4.5317 E2775.53976
G1 X152.187 Y169.375 Z4.5326 E2776.10107
G1 X153.801 Y167.712 Z4.5337 E2776.79484
G1 X155.911 Y166.121 Z4.5350 E2777.58579
G1 X158.532 Y164.655 Z4.5364 E2778.48482
G1 X161.651 Y163.374 Z4.5380 E2779.49423
G1 X165.221 Y162.346 Z4.5398 E2780.60621
G1 X169.153 Y161.631 Z4.5417 E2781.80240
G1 X173.322 Y161.281 Z4.5437 E2783.05485
G1 X177.577 Y161.323 Z4.5458 E2784.32856
G1 X181.753 Y161.761 Z4.5478 E2785.58539
G1 X185.690 Y162.570 Z4.5497 E2786.78875
G1 X189.254 Y163.704 Z4.5515 E2787.90810
G1 X192.343 Y165.097 Z4.5531 E2788.92241
G1 X194.899 Y166.677 Z4.5545 E2789.82207
G1 X196.906 Y168.375 Z4.5558 E2790.60900
G1 X198.258 Y169.985 Z4.5568 E2791.23844
G1 X198.373 Y170.136 Z4.5569 E2791.29514
G1 X198.473 Y170.297 Z4.5570 E2791.35185
G1 X199.229 Y171.653 Z4.5577 E2791.81673
G1 X199.315 Y171.827 Z4.5578 E2791.87484
G1 X199.384 Y172.009 Z4.5579 E2791.93294
G1 X199.759 Y173.162 Z4.5585 E2792.29586
G1 X199.809 Y173.344 Z4.5586 E2792.35242
G1 X199.841 Y173.530 Z4.5587 E2792.40898
G1 X199.996 Y174.758 Z4.5593 E2792.77954
G1 X200.000 Y175.000 Z4.5594 E2792.85188
G1 X199.981 Y175.981 Z4.5598 E2793.14574
G1 X199.923 Y176.961 Z4.5603 E2793.43959
G1 X199.827 Y177.938 Z4.5608 E2793.73345
G1 X199.692 Y178.911 Z4.5612 E2794.02731
G1 X199.520 Y179.877 Z4.5617 E2794.32117
G1 X199.309 Y180.836 Z4.5622 E2794.61503
G1 X199.061 Y181.786 Z4.5627 E2794.90889
G1 X198.776 Y182.725 Z4.5631 E2795.20275
G1 X198.455 Y183.653 Z4.5636 E2795.49661
G1 X197.540 Y185.628 Z4.5646 E2796.14804
G1 X197.450 Y185.783 Z4.5647 E2796.20171
G1 X197.346 Y185.929 Z4.5648 E2796.25537
G1 X196.678 Y186.785 Z4.5653 E2796.58037
G1 X196.564 Y186.918 Z4.5654 E2796.63287
G1 X196.439 Y187.041 Z4.5655 E2796.68538
G1 X195.374 Y187.999 Z4.5662 E2797.11440
G1 X193.757 Y189.015 Z4.5671 E2797.68573
G1 X191.593 Y189.914 Z4.5682 E2798.38725
G1 X188.998 Y190.551 Z4.5695 E2799.18718
G1 X185.980 Y190.874 Z4.5709 E2800.09576
G1 X182.577 Y190.830 Z4.5726 E2801.11445
G1 X178.863 Y190.378 Z4.5743 E2802.23455
G1 X174.944 Y189.496 Z4.5763 E2803.43681
G1 X170.958 Y188.188 Z4.5783 E2804.69255
G1 X167.057 Y186.489 Z4.5803 E2805.96631
G1 X163.393 Y184.462 Z4.5823 E2807.21992
G1 X160.101 Y182.190 Z4.5842 E2808.41713
G1 X157.287 Y179.770 Z4.5860 E2809.52811
G1 X155.014 Y177.301 Z4.5876 E2810.53277
G1 X153.305 Y174.869 Z4.5890 E2811.42249
G1 X152.147 Y172.543 Z4.5903 E2812.20015
G1 X151.554 Y170.554 Z4.5913 E2812.82150
G1 X151.508 Y170.369 Z4.5913 E2812.87848
G1 X151.481 Y170.181 Z4.5914 E2812.93546
G1 X151.330 Y168.674 Z4.5922 E2813.38887
G1 X151.321 Y168.480 Z4.5923 E2813.44684
G1 X151.330 Y168.287 Z4.5923 E2813.50481
G1 X151.442 Y167.099 Z4.5929 E2813.86200
G1 X151.469 Y166.912 Z4.5930 E2813.91844
G1 X151.513 Y166.729 Z4.5931 E2813.97487
G1 X151.805 Y165.725 Z4.5936 E2814.28781
G1 X151.864 Y165.551 Z4.5937 E2814.34286
G1 X151.940 Y165.383 Z4.5938 E2814.39790
G1 X152.395 Y164.480 Z4.5943 E2814.70082
G1 X152.483 Y164.323 Z4.5943 E2814.75460
G1 X152.585 Y164.175 Z4.5944 E2814.80837
G1 X153.233 Y163.317 Z4.5949 E2815.13025
G1 X153.345 Y163.181 Z4.5950 E2815.18285
G1 X153.468 Y163.056 Z4.5951 E2815.23545
G1 X154.504 Y162.095 Z4.5958 E2815.65842
G1 X156.076 Y161.074 Z4.5967 E2816.21972
G1 X158.204 Y160.154 Z4.5978 E2816.91349
G1 X160.762 Y159.492 Z4.5990 E2817.70444
G1 X163.744 Y159.140 Z4.6005 E2818.60347
G1 X167.116 Y159.151 Z4.6021 E2819.61288
G1 X170.808 Y159.567 Z4.6039 E2820.72486
G1 X174.714 Y160.411 Z4.6058 E2821.92105
G1 X178.700 Y161.683 Z4.6078 E2823.17351
G1 X182.614 Y163.350 Z4.6098 E2824.44721
G1 X186.305 Y165.353 Z4.6118 E2825.70404
G1 X189.633 Y167.608 Z4.6137 E2826.90740
G1 X192.492 Y170.018 Z4.6155 E2828.02675
G1 X194.813 Y172.487 Z4.6172 E2829.04106
G1 X196.570 Y174.925 Z4.6186 E2829.94072
G1 X197.774 Y177.262 Z4.6198 E2830.72765
G1 X198.407 Y179.268 Z4.6208 E2831.35709
G1 X198.455 Y179.451 Z4.6209 E2831.41380
G1 X198.486 Y179.638 Z4.6210 E2831.47050
G1 X198.665 Y181.180 Z4.6218 E2831.93539
G1 X198.678 Y181.374 Z4.6219 E2831.99349
G1 X198.673 Y181.568 Z4.6220 E2832.05160
G1 X198.578 Y182.777 Z4.6225 E2832.41451
G1 X198.554 Y182.964 Z4.6226 E2832.47107
G1 X198.513 Y183.148 Z4.6227 E2832.52763
G1 X198.186 Y184.342 Z4.6233 E2832.89820
G1 X198.097 Y184.567 Z4.6234 E2832.97053
G1 X197.704 Y185.466 Z4.6239 E2833.26439
G1 X197.275 Y186.350 Z4.6244 E2833.55825
G1 X196.812 Y187.216 Z4.6248 E2833.85211
G1 X196.316 Y188.062 Z4.6253 E2834.14596
G1 X195.787 Y188.889 Z4.6258 E2834.43982
G1 X195.225 Y189.695 Z4.6262 E2834.73368
G1 X194.633 Y190.477 Z4.6267 E2835.02754
G1 X194.010 Y191.236 Z4.6272 E2835.32140
G1 X193.358 Y191.970 Z4.6276 E2835.61526
G1 X191.757 Y193.444 Z4.6287 E2836.26670
G1 X191.615 Y193.553 Z4.6288 E2836.32036
G1 X191.463 Y193.648 Z4.6289 E2836.37402
G1 X190.518 Y194.183 Z4.6294 E2836.69903
G1 X190.362 Y194.263 Z4.6295 E2836.75153
G1 X190.199 Y194.329 Z4.6295 E2836.80403
G1 X188.848 Y194.807 Z4.6302 E2837.23305
G1 X186.966 Y195.126 Z4.6311 E2837.80438
G1 X184.623 Y195.129 Z4.6323 E2838.50590
G1 X181.981 Y194.724 Z4.6335 E2839.30583
G1 X179.069 Y193.867 Z4.6350 E2840.21441
G1 X175.942 Y192.525 Z4.6366 E2841.23311
G1 X172.684 Y190.685 Z4.6384 E2842.35321
G1 X169.401 Y188.371 Z4.6403 E2843.55547
G1 X166.219 Y185.638 Z4.6423 E2844.81120
G1 X163.265 Y182.575 Z4.6444 E2846.08496
G1 X160.655 Y179.299 Z4.6464 E2847.33857
G1 X158.484 Y175.941 Z4.6483 E2848.53578
G1 X156.810 Y172.628 Z4.6501 E2849.64676
G1 X155.655 Y169.477 Z4.6517 E2850.65142
G1 X155.007 Y166.576 Z4.6531 E2851.54114
G1 X154.827 Y163.985 Z4.6543 E2852.31880
G1 X155.040 Y161.920 Z4.6553 E2852.94015
G1 X155.069 Y161.732 Z4.6554 E2852.99713
G1 X155.115 Y161.547 Z4.6555 E2853.05411
G1 X155.553 Y160.097 Z4.6562 E2853.50752
G1 X155.618 Y159.915 Z4.6563 E2853.56549
G1 X155.700 Y159.740 Z4.6564 E2853.62346
G1 X156.259 Y158.685 Z4.6570 E2853.98065
G1 X156.355 Y158.523 Z4.6571 E2854.03709
G1 X156.466 Y158.370 Z4.6572 E2854.09353
G1 X157.120 Y157.555 Z4.6577 E2854.40646
G1 X157.241 Y157.417 Z4.6577 E2854.46151
G1 X157.375 Y157.290 Z4.6578 E2854.51655
G1 X158.142 Y156.630 Z4.6583 E2854.81948
G1 X158.283 Y156.519 Z4.6584 E2854.87325
G1 X158.434 Y156.421 Z4.6585 E2854.92702
G1 X159.361 Y155.876 Z4.6590 E2855.24890
G1 X159.516 Y155.794 Z4.6591 E2855.30150
G1 X159.678 Y155.726 Z4.6592 E2855.35410
G1 X161.002 Y155.234 Z4.6598 E2855.77707
G1 X162.846 Y154.892 Z4.6607 E2856.33837
G1 X165.164 Y154.856 Z4.6618 E2857.03215
G1 X167.780 Y155.224 Z4.6631 E2857.82309
G1 X170.670 Y156.040 Z4.6645 E2858.72212
G1 X173.782 Y157.340 Z4.6662 E2859.73153
G1 X177.033 Y159.137 Z4.6679 E2860.84351
G1 X180.318 Y161.412 Z4.6698 E2862.03971
G1 X183.514 Y164.113 Z4.6718 E2863.29216
G1 X186.493 Y167.151 Z4.6739 E2864.56586
G1 X189.136 Y170.413 Z4.6759 E2865.82269
G1 X191.348 Y173.770 Z4.6778 E2867.02605
G1 X193.067 Y177.091 Z4.6796 E2868.14540
G1 X194.266 Y180.260 Z4.6812 E2869.15971
G1 X194.956 Y183.185 Z4.6826 E2870.05937
G1 X195.175 Y185.805 Z4.6839 E2870.84630
G1 X194.992 Y187.900 Z4.6849 E2871.47574
G1 X194.966 Y188.088 Z4.6850 E2871.53245
G1 X194.923 Y188.272 Z4.6851 E2871.58915
G1 X194.499 Y189.766 Z4.6858 E2872.05404
G1 X194.437 Y189.950 Z4.6859 E2872.11214
G1 X194.357 Y190.127 Z4.6860 E2872.17025
G1 X193.807 Y191.207 Z4.6866 E2872.53316
G1 X193.713 Y191.372 Z4.6867 E2872.58972
G1 X193.605 Y191.526 Z4.6868 E2872.64628
G1 X192.846 Y192.504 Z4.6874 E2873.01685
G1 X192.678 Y192.678 Z4.6875 E2873.08918
G1 X191.970 Y193.358 Z4.6880 E2873.38304
G1 X191.236 Y194.010 Z4.6884 E2873.67690
G1 X190.477 Y194.633 Z4.6889 E2873.97076
G1 X189.695 Y195.225 Z4.6894 E2874.26462
G1 X188.889 Y195.787 Z4.6898 E2874.55847
G1 X188.062 Y196.316 Z4.6903 E2874.85233
G1 X187.216 Y196.812 Z4.6908 E2875.14619
G1 X186.350 Y197.275 Z4.6912 E2875.44005
G1 X185.466 Y197.704 Z4.6917 E2875.73391
G1 X183.423 Y198.453 Z4.6927 E2876.38535
G1 X183.250 Y198.499 Z4.6928 E2876.43901
G1 X183.073 Y198.529 Z4.6929 E2876.49267
G1 X181.996 Y198.662 Z4.6934 E2876.81768
G1 X181.821 Y198.675 Z4.6935 E2876.87018
G1 X181.646 Y198.674 Z4.6936 E2876.92268
G1 X180.214 Y198.598 Z4.6943 E2877.35170
G1 X178.354 Y198.173 Z4.6952 E2877.92303
G1 X176.187 Y197.279 Z4.6963 E2878.62456
G1 X173.902 Y195.894 Z4.6976 E2879.42448
G1 X171.539 Y193.989 Z4.6990 E2880.33306
G1 X169.164 Y191.551 Z4.7007 E2881.35176
G1 X166.858 Y188.605 Z4.7025 E2882.47186
G1 X164.711 Y185.211 Z4.7044 E2883.67412
G1 X162.817 Y181.468 Z4.7064 E2884.92985
G1 X161.259 Y177.508 Z4.7084 E2886.20361
G1 X160.102 Y173.483 Z4.7104 E2887.45722
G1 X159.381 Y169.549 Z4.7123 E2888.65444
G1 X159.102 Y165.848 Z4.7141 E2889.76541
G1 X159.241 Y162.495 Z4.7157 E2890.77007
G1 X159.752 Y159.567 Z4.7171 E2891.65979
G1 X160.578 Y157.103 Z4.7184 E2892.43746
G1 X161.565 Y155.277 Z4.7194 E2893.05881
G1 X161.663 Y155.114 Z4.7195 E2893.11578
G1 X161.777 Y154.962 Z4.7196 E2893.17276
G1 X162.737 Y153.790 Z4.7203 E2893.62617
G1 X162.866 Y153.646 Z4.7204 E2893.68414
G1 X163.009 Y153.516 Z4.7205 E2893.74211
G1 X163.929 Y152.755 Z4.7210 E2894.09930
G1 X164.080 Y152.642 Z4.7211 E2894.15574
G1 X164.241 Y152.544 Z4.7212 E2894.21218
G1 X165.157 Y152.040 Z4.7217 E2894.52512
G1 X165.322 Y151.959 Z4.7218 E2894.58016
G1 X165.494 Y151.894 Z4.7219 E2894.63520
G1 X166.455 Y151.577 Z4.7224 E2894.93813
G1 X166.628 Y151.528 Z4.7225 E2894.99190
G1 X166.805 Y151.496 Z4.7225 E2895.04567
G1 X167.870 Y151.347 Z4.7231 E2895.36755
G1 X168.044 Y151.330 Z4.7231 E2895.42015
G1 X168.220 Y151.329 Z4.7232 E2895.47275
G1 X169.632 Y151.382 Z4.7239 E2895.89572
G1 X171.466 Y151.771 Z4.7248 E2896.45702
G1 X173.621 Y152.626 Z4.7259 E2897.15080
G1 X175.898 Y153.966 Z4.7272 E2897.94174
G1 X178.256 Y155.826 Z4.7286 E2898.84078
G1 X180.633 Y158.218 Z4.7302 E2899.85018
G1 X182.949 Y161.123 Z4.7320 E2900.96216
G1 X185.113 Y164.482 Z4.7339 E2902.15836
G1 X187.033 Y168.200 Z4.7359 E2903.41081
G1 X188.622 Y172.147 Z4.7379 E2904.68451
G1 X189.815 Y176.172 Z4.7399 E2905.94134
G1 X190.574 Y180.120 Z4.7419 E2907.14470
G1 X190.891 Y183.846 Z4.7436 E2908.26405
G1 X190.786 Y187.233 Z4.7453 E2909.27836
G1 X190.305 Y190.199 Z4.7467 E2910.17803
G1 X189.504 Y192.703 Z4.7480 E2910.96496
G1 X188.533 Y194.569 Z4.7490 E2911.59439
G1 X188.438 Y194.732 Z4.7491 E2911.65110
G1 X188.328 Y194.886 Z4.7491 E2911.70780
G1 X187.364 Y196.104 Z4.7499 E2912.17269
G1 X187.236 Y196.250 Z4.7500 E2912.23080
G1 X187.095 Y196.383 Z4.7501 E2912.28890
G1 X186.173 Y197.171 Z4.7507 E2912.65181
G1 X186.024 Y197.287 Z4.7507 E2912.70837
G1 X185.864 Y197.388 Z4.7508 E2912.76493
G1 X184.789 Y198.001 Z4.7514 E2913.13550
G1 X184.567 Y198.097 Z4.7515 E2913.20783
G1 X183.653 Y198.455 Z4.7520 E2913.50169
G1 X182.725 Y198.776 Z4.7525 E2913.79555
G1 X181.786 Y199.061 Z4.7529 E2914.08941
G1 X180.836 Y199.309 Z4.7534 E2914.38327
G1 X179.877 Y199.520 Z4.7539 E2914.67713
G1 X178.911 Y199.692 Z4.7544 E2914.97099
G1 X177.938 Y199.827 Z4.7548 E2915.26484
G1 X176.961 Y199.923 Z4.7553 E2915.55870
G1 X175.981 Y199.981 Z4.7558 E2915.85256
G1 X173.807 Y199.892 Z4.7568 E2916.50400
G1 X173.629 Y199.867 Z4.7569 E2916.55766
G1 X173.455 Y199.827 Z4.7570 E2916.61133
G1 X172.408 Y199.538 Z4.7575 E2916.93633
G1 X172.242 Y199.484 Z4.7576 E2916.98883
G1 X172.080 Y199.415 Z4.7577 E2917.04133
G1 X170.787 Y198.797 Z4.7583 E2917.47035
G1 X169.230 Y197.693 Z4.7593 E2918.04168
G1 X167.571 Y196.037 Z4.7604 E2918.74321
G1 X165.989 Y193.884 Z4.7617 E2919.54314
G1 X164.536 Y191.219 Z4.7631 E2920.45172
G1 X163.275 Y188.058 Z4.7647 E2921.47041
G1 X162.271 Y184.453 Z4.7665 E2922.59051
G1 X161.586 Y180.496 Z4.7684 E2923.79277
G1 X161.269 Y176.313 Z4.7704 E2925.04850
G1 X161.346 Y172.058 Z4.7725 E2926.32226
G1 X161.817 Y167.897 Z4.7745 E2927.57587
G1 X162.656 Y163.987 Z4.7764 E2928.77309
G1 X163.814 Y160.461 Z4.7782 E2929.88407
G1 X165.226 Y157.416 Z4.7798 E2930.88872
G1 X166.819 Y154.906 Z4.7812 E2931.77844
G1 X168.524 Y152.946 Z4.7824 E2932.55611
G1 X170.135 Y151.637 Z4.7834 E2933.17746
G1 X170.288 Y151.524 Z4.7835 E2933.23443
G1 X170.452 Y151.427 Z4.7836 E2933.29141
G1 X171.787 Y150.711 Z4.7843 E2933.74482
G1 X171.962 Y150.628 Z4.7844 E2933.80279
G1 X172.144 Y150.562 Z4.7845 E2933.86076
G1 X173.285 Y150.212 Z4.7851 E2934.21796
G1 X173.467 Y150.165 Z4.7852 E2934.27439
G1 X173.653 Y150.136 Z4.7853 E2934.33083
G1 X174.693 Y150.021 Z4.7858 E2934.64377
G1 X174.876 Y150.010 Z4.7859 E2934.69881
G1 X175.060 Y150.015 Z4.7859 E2934.75386
G1 X176.069 Y150.090 Z4.7864 E2935.05678
G1 X176.247 Y150.111 Z4.7865 E2935.11055
G1 X176.423 Y150.149 Z4.7866 E2935.16432
G1 X177.464 Y150.419 Z4.7871 E2935.48620
G1 X177.632 Y150.470 Z4.7872 E2935.53880
G1 X177.795 Y150.537 Z4.7873 E2935.59140
G1 X179.079 Y151.125 Z4.7880 E2936.01437
G1 X180.625 Y152.187 Z4.7889 E2936.57568
G1 X182.288 Y153.801 Z4.7900 E2937.26945
G1 X183.879 Y155.911 Z4.7912 E2938.06039
G1 X185.345 Y158.532 Z4.7927 E2938.95943
G1 X186.626 Y161.651 Z4.7943 E2939.96883
G1 X187.654 Y165.221 Z4.7960 E2941.08081
G1 X188.369 Y169.153 Z4.7980 E2942.27701
G1 X188.719 Y173.322 Z4.8000 E2943.52946
G1 X188.677 Y177.577 Z4.8020 E2944.80317
G1 X188.239 Y181.753 Z4.8040 E2946.05999
G1 X187.430 Y185.690 Z4.8059 E2947.26335
G1 X186.296 Y189.254 Z4.8077 E2948.38270
G1 X184.903 Y192.343 Z4.8093 E2949.39702
G1 X183.323 Y194.899 Z4.8108 E2950.29668
G1 X181.625 Y196.906 Z4.8120 E2951.08361
G1 X180.015 Y198.258 Z4.8130 E2951.71305
G1 X179.864 Y198.373 Z4.8131 E2951.76975
G1 X179.703 Y198.473 Z4.8132 E2951.82646
G1 X178.347 Y199.229 Z4.8139 E2952.29134
G1 X178.173 Y199.315 Z4.8140 E2952.34945
G1 X177.991 Y199.384 Z4.8141 E2952.40755
G1 X176.838 Y199.759 Z4.8147 E2952.77046
G1 X176.656 Y199.809 Z4.8148 E2952.82703
G1 X176.470 Y199.841 Z4.8149 E2952.88359
G1 X175.242 Y199.996 Z4.8155 E2953.25415
G1 X175.000 Y200.000 Z4.8156 E2953.32649
G1 X174.019 Y199.981 Z4.8161 E2953.62034
G1 X173.039 Y199.923 Z4.8165 E2953.91420
G1 X172.062 Y199.827 Z4.8170 E2954.20806
G1 X171.089 Y199.692 Z4.8175 E2954.50192
G1 X170.123 Y199.520 Z4.8179 E2954.79578
G1 X169.164 Y199.309 Z4.8184 E2955.08964
G1 X168.214 Y199.061 Z4.8189 E2955.38350
G1 X167.275 Y198.776 Z4.8194 E2955.67735
G1 X166.347 Y198.455 Z4.8198 E2955.97121
G1 X164.372 Y197.540 Z4.8209 E2956.62265
G1 X164.217 Y197.450 Z4.8209 E2956.67631
G1 X164.071 Y197.346 Z4.8210 E2956.72998
G1 X163.215 Y196.678 Z4.8216 E2957.05498
G1 X163.082 Y196.564 Z4.8216 E2957.10748
G1 X162.959 Y196.439 Z4.8217 E2957.15998
G1 X162.001 Y195.374 Z4.8224 E2957.58900
G1 X160.985 Y193.757 Z4.8233 E2958.16033
G1 X160.086 Y191.593 Z4.8244 E2958.86186
G1 X159.449 Y188.998 Z4.8257 E2959.66179
G1 X159.126 Y185.980 Z4.8272 E2960.57037
G1 X159.170 Y182.577 Z4.8288 E2961.58906
G1 X159.622 Y178.863 Z4.8306 E2962.70916
G1 X160.504 Y174.944 Z4.8325 E2963.91142
G1 X161.812 Y170.958 Z4.8345 E2965.16715
G1 X163.511 Y167.057 Z4.8365 E2966.44092
G1 X165.538 Y163.393 Z4.8385 E2967.69452
G1 X167.810 Y160.101 Z4.8405 E2968.89174
G1 X170.230 Y157.287 Z4.8422 E2970.00272
G1 X172.699 Y155.014 Z4.8438 E2971.00737
G1 X175.131 Y153.305 Z4.8453 E2971.89710
G1 X177.457 Y152.147 Z4.8465 E2972.67476
G1 X179.446 Y151.554 Z4.8475 E2973.29611
G1 X179.631 Y151.508 Z4.8476 E2973.35309
G1 X179.819 Y151.481 Z4.8477 E2973.41006
G1 X181.326 Y151.330 Z4.8484 E2973.86348
G1 X181.520 Y151.321 Z4.8485 E2973.92145
G1 X181.713 Y151.330 Z4.8486 E2973.97941
G1 X182.901 Y151.442 Z4.8491 E2974.33661
G1 X183.088 Y151.469 Z4.8492 E2974.39305
G1 X183.271 Y151.513 Z4.8493 E2974.44948
G1 X184.275 Y151.805 Z4.8498 E2974.76242
G1 X184.449 Y151.864 Z4.8499 E2974.81746
G1 X184.617 Y151.940 Z4.8500 E2974.87251
G1 X185.520 Y152.395 Z4.8505 E2975.17543
G1 X185.677 Y152.483 Z4.8506 E2975.22920
G1 X185.825 Y152.585 Z4.8507 E2975.28298
G1 X186.683 Y153.233 Z4.8512 E2975.60485
G1 X186.819 Y153.345 Z4.8513 E2975.65746
G1 X186.944 Y153.468 Z4.8513 E2975.71006
G1 X187.905 Y154.504 Z4.8520 E2976.13302
G1 X188.926 Y156.076 Z4.8529 E2976.69433
G1 X189.846 Y158.204 Z4.8540 E2977.38810
G1 X190.508 Y160.762 Z4.8553 E2978.17905
G1 X190.860 Y163.744 Z4.8567 E2979.07808
G1 X190.849 Y167.116 Z4.8583 E2980.08749
G1 X190.433 Y170.808 Z4.8601 E2981.19947
G1 X189.589 Y174.714 Z4.8620 E2982.39566
G1 X188.317 Y178.700 Z4.8640 E2983.64811
G1 X186.650 Y182.614 Z4.8660 E2984.92182
G1 X184.647 Y186.305 Z4.8681 E2986.17865
G1 X182.392 Y189.633 Z4.8700 E2987.38201
G1 X179.982 Y192.492 Z4.8718 E2988.50136
G1 X177.513 Y194.813 Z4.8734 E2989.51567
G1 X175.075 Y196.570 Z4.8748 E2990.41533
G1 X172.738 Y197.774 Z4.8761 E2991.20226
G1 X170.732 Y198.407 Z4.8771 E2991.83170
G1 X170.549 Y198.455 Z4.8772 E2991.88840
G1 X170.362 Y198.486 Z4.8773 E2991.94511
G1 X168.820 Y198.665 Z4.8780 E2992.40999
G1 X168.626 Y198.678 Z4.8781 E2992.46810
G1 X168.432 Y198.673 Z4.8782 E2992.52620
G1 X167.223 Y198.578 Z4.8788 E2992.88912
G1 X167.036 Y198.554 Z4.8789 E2992.94568
G1 X166.852 Y198.513 Z4.8789 E2993.00224
G1 X165.658 Y198.186 Z4.8795 E2993.37280
G1 X165.433 Y198.097 Z4.8797 E2993.44514
G1 X164.534 Y197.704 Z4.8801 E2993.73900
G1 X163.650 Y197.275 Z4.8806 E2994.03285
G1 X162.784 Y196.812 Z4.8811 E2994.32671
G1 X161.938 Y196.316 Z4.8815 E2994.62057
G1 X161.111 Y195.787 Z4.8820 E2994.91443
G1 X160.305 Y195.225 Z4.8825 E2995.20829
G1 X159.523 Y194.633 Z4.8829 E2995.50215
G1 X158.764 Y194.010 Z4.8834 E2995.79601
G1 X158.030 Y193.358 Z4.8839 E2996.08987
G1 X156.556 Y191.757 Z4.8849 E2996.74130
G1 X156.447 Y191.615 Z4.8850 E2996.79497
G1 X156.352 Y191.463 Z4.8851 E2996.84863
G1 X155.817 Y190.518 Z4.8856 E2997.17363
G1 X155.737 Y190.362 Z4.8857 E2997.22613
G1 X155.671 Y190.199 Z4.8858 E2997.27864
G1 X155.193 Y188.848 Z4.8865 E2997.70766
G1 X154.874 Y186.966 Z4.8874 E2998.27899
G1 X154.871 Y184.623 Z4.8885 E2998.98051
G1 X155.276 Y181.981 Z4.8898 E2999.78044
G1 X156.133 Y179.069 Z4.8912 E3000.68902
G1 X157.475 Y175.942 Z4.8928 E3001.70771
G1 X159.315 Y172.684 Z4.8946 E3002.82781
G1 X161.629 Y169.401 Z4.8966 E3004.03007
G1 X164.362 Y166.219 Z4.8986 E3005.28581
G1 X167.425 Y163.265 Z4.9006 E3006.55957
G1 X170.701 Y160.655 Z4.9026 E3007.81318
G1 X174.059 Y158.484 Z4.9045 E3009.01039
G1 X177.372 Y156.810 Z4.9063 E3010.12137
G1 X180.523 Y155.655 Z4.9079 E3011.12603
G1 X183.424 Y155.007 Z4.9093 E3012.01575
G1 X186.015 Y154.827 Z4.9105 E3012.79341
G1 X188.080 Y155.040 Z4.9115 E3013.41476
G1 X188.268 Y155.069 Z4.9116 E3013.47174
G1 X188.453 Y155.115 Z4.9117 E3013.52872
G1 X189.903 Y155.553 Z4.9124 E3013.98213
G1 X190.085 Y155.618 Z4.9125 E3014.04010
G1 X190.260 Y155.700 Z4.9126 E3014.09807
G1 X191.315 Y156.259 Z4.9132 E3014.45526
G1 X191.477 Y156.355 Z4.9133 E3014.51170
G1 X191.630 Y156.466 Z4.9134 E3014.56813
G1 X192.445 Y157.120 Z4.9139 E3014.88107
G1 X192.583 Y157.241 Z4.9140 E3014.93612
G1 X192.710 Y157.375 Z4.9141 E3014.99116
G1 X193.370 Y158.142 Z4.9145 E3015.29408
G1 X193.481 Y158.283 Z4.9146 E3015.34786
G1 X193.579 Y158.434 Z4.9147 E3015.40163
G1 X194.124 Y159.361 Z4.9152 E3015.72351
G1 X194.206 Y159.516 Z4.9153 E3015.77611
G1 X194.274 Y159.678 Z4.9154 E3015.82871
G1 X194.766 Y161.002 Z4.9161 E3016.25168
G1 X195.108 Y162.846 Z4.9170 E3016.81298
G1 X195.144 Y165.164 Z4.9181 E3017.50675
G1 X194.776 Y167.780 Z4.9193 E3018.29770
G1 X193.960 Y170.670 Z4.9208 E3019.19673
G1 X192.660 Y173.782 Z4.9224 E3020.20614
G1 X190.863 Y177.033 Z4.9242 E3021.31812
G1 X188.588 Y180.318 Z4.9261 E3022.51431
G1 X185.887 Y183.514 Z4.9281 E3023.76677
G1 X182.849 Y186.493 Z4.9301 E3025.04047
G1 X179.587 Y189.136 Z4.9321 E3026.29730
G1 X176.230 Y191.348 Z4.9340 E3027.50066
G1 X172.909 Y193.067 Z4.9358 E3028.62001
G1 X169.740 Y194.266 Z4.9374 E3029.63432
G1 X166.815 Y194.956 Z4.9389 E3030.53398
G1 X164.195 Y195.175 Z4.9401 E3031.32091
G1 X162.100 Y194.992 Z4.9411 E3031.95035
G1 X161.912 Y194.966 Z4.9412 E3032.00706
G1 X161.728 Y194.923 Z4.9413 E3032.06376
G1 X160.234 Y194.499 Z4.9421 E3032.52865
G1 X160.050 Y194.437 Z4.9422 E3032.58675
G1 X159.873 Y194.357 Z4.9422 E3032.64486
G1 X158.793 Y193.807 Z4.9428 E3033.00777
G1 X158.628 Y193.713 Z4.9429 E3033.06433
G1 X158.474 Y193.605 Z4.9430 E3033.12089
G1 X157.496 Y192.846 Z4.9436 E3033.49146
G1 X157.322 Y192.678 Z4.9437 E3033.56379
G1 X156.642 Y191.970 Z4.9442 E3033.85765
G1 X155.990 Y191.236 Z4.9447 E3034.15151
G1 X155.367 Y190.477 Z4.9451 E3034.44537
G1 X154.775 Y189.695 Z4.9456 E3034.73922
G1 X154.213 Y188.889 Z4.9461 E3035.03308
G1 X153.684 Y188.062 Z4.9465 E3035.32694
G1 X153.188 Y187.216 Z4.9470 E3035.62080
G1 X152.725 Y186.350 Z4.9475 E3035.91466
G1 X152.296 Y185.466 Z4.9479 E3036.20852
G1 X151.547 Y183.423 Z4.9490 E3036.85996
G1 X151.501 Y183.250 Z4.9491 E3036.91362
G1 X151.471 Y183.073 Z4.9491 E3036.96728
G1 X151.338 Y181.996 Z4.9497 E3037.29229
G1 X151.325 Y181.821 Z4.9498 E3037.34479
G1 X151.326 Y181.646 Z4.9498 E3037.39729
G1 X151.402 Y180.214 Z4.9505 E3037.82631
G1 X151.827 Y178.354 Z4.9514 E3038.39764
G1 X152.721 Y176.187 Z4.9526 E3039.09916
G1 X154.106 Y173.902 Z4.9538 E3039.89909
G1 X156.011 Y171.539 Z4.9553 E3040.80767
G1 X158.449 Y169.164 Z4.9569 E3041.82637
G1 X161.395 Y166.858 Z4.9587 E3042.94647
G1 X164.789 Y164.711 Z4.9606 E3044.14873
G1 X168.532 Y162.817 Z4.9626 E3045.40446
G1 X172.492 Y161.259 Z4.9647 E3046.67822
G1 X176.517 Y160.102 Z4.9667 E3047.93183
G1 X180.451 Y159.381 Z4.9686 E3049.12904
G1 X184.152 Y159.102 Z4.9703 E3050.24002
G1 X187.505 Y159.241 Z4.9719 E3051.24468
G1 X190.433 Y159.752 Z4.9734 E3052.13440
G1 X192.897 Y160.578 Z4.9746 E3052.91206
G1 X194.723 Y161.565 Z4.9756 E3053.53341
G1 X194.886 Y161.663 Z4.9757 E3053.59039
G1 X195.038 Y161.777 Z4.9758 E3053.64737
G1 X196.210 Y162.737 Z4.9765 E3054.10078
G1 X196.354 Y162.866 Z4.9766 E3054.15875
G1 X196.484 Y163.009 Z4.9767 E3054.21672
G1 X197.245 Y163.929 Z4.9773 E3054.57391
G1 X197.358 Y164.080 Z4.9774 E3054.63035
G1 X197.456 Y164.241 Z4.9774 E3054.68679
G1 X197.960 Y165.157 Z4.9779 E3054.99972
G1 X198.041 Y165.322 Z4.9780 E3055.05477
G1 X198.106 Y165.494 Z4.9781 E3055.10981
G1 X198.423 Y166.455 Z4.9786 E3055.41274
G1 X198.472 Y166.628 Z4.9787 E3055.46651
G1 X198.504 Y166.805 Z4.9788 E3055.52028
G1 X198.653 Y167.870 Z4.9793 E3055.84216
G1 X198.670 Y168.044 Z4.9794 E3055.89476
G1 X198.671 Y168.220 Z4.9795 E3055.94736
G1 X198.618 Y169.632 Z4.9801 E3056.37033
G1 X198.229 Y171.466 Z4.9810 E3056.93163
G1 X197.374 Y173.621 Z4.9821 E3057.62541
G1 X196.034 Y175.898 Z4.9834 E3058.41635
G1 X194.174 Y178.256 Z4.9848 E3059.31538
G1 X191.782 Y180.633 Z4.9864 E3060.32479
G1 X188.877 Y182.949 Z4.9882 E3061.43677
G1 X185.518 Y185.113 Z4.9901 E3062.63297
G1 X181.800 Y187.033 Z4.9921 E3063.88542
G1 X177.853 Y188.622 Z4.9942 E3065.15912
G1 X173.828 Y189.815 Z4.9962 E3066.41595
G1 X169.880 Y190.574 Z4.9981 E3067.61931
G1 X166.154 Y190.891 Z4.9999 E3068.73866
G1 X162.767 Y190.786 Z5.0015 E3069.75297
G1 X159.801 Y190.305 Z5.0029 E3070.65263
G1 X157.297 Y189.504 Z5.0042 E3071.43956
G1 X155.431 Y188.533 Z5.0052 E3072.06900
G1 X155.268 Y188.438 Z5.0053 E3072.12571
G1 X155.114 Y188.328 Z5.0054 E3072.18241
G1 X153.896 Y187.364 Z5.0061 E3072.64730
G1 X153.750 Y187.236 Z5.0062 E3072.70540
G1 X153.617 Y187.095 Z5.0063 E3072.76351
G1 X152.829 Y186.173 Z5.0069 E3073.12642
G1 X152.713 Y186.024 Z5.0070 E3073.18298
G1 X152.612 Y185.864 Z5.0071 E3073.23954
G1 X151.999 Y184.789 Z5.0077 E3073.61011
G1 X151.903 Y184.567 Z5.0078 E3073.68244
G1 X151.541 Y183.643 Z5.0082 E3073.97960
G1 X151.217 Y182.704 Z5.0087 E3074.27676
G1 X150.930 Y181.754 Z5.0092 E3074.57392
G1 X150.680 Y180.793 Z5.0097 E3074.87108
G1 X150.470 Y179.823 Z5.0101 E3075.16824
G1 X150.298 Y178.845 Z5.0106 E3075.46540
G1 X150.164 Y177.862 Z5.0111 E3075.76256
G1 X150.070 Y176.873 Z5.0116 E3076.05972
G1 X150.016 Y175.882 Z5.0120 E3076.35688
G1 X150.000 Y174.890 Z5.0125 E3076.65404
G1 X150.024 Y173.897 Z5.0130 E3076.95120
G1 X150.088 Y172.907 Z5.0135 E3077.24836
G1 X150.191 Y171.919 Z5.0139 E3077.54552
G1 X150.332 Y170.937 Z5.0144 E3077.84268
G1 X150.513 Y169.961 Z5.0149 E3078.13984
G1 X150.733 Y168.992 Z5.0154 E3078.43700
G1 X150.990 Y168.034 Z5.0158 E3078.73416
G1 X151.286 Y167.086 Z5.0163 E3079.03132
G1 X151.619 Y166.151 Z5.0168 E3079.32848
G1 X151.988 Y165.229 Z5.0173 E3079.62564
G1 X152.394 Y164.324 Z5.0177 E3079.92280
G1 X152.836 Y163.435 Z5.0182 E3080.21996
G1 X153.313 Y162.564 Z5.0187 E3080.51712
G1 X153.824 Y161.713 Z5.0192 E3080.81428
G1 X154.368 Y160.882 Z5.0196 E3081.11144
G1 X154.944 Y160.074 Z5.0201 E3081.40860
G1 X155.553 Y159.290 Z5.0206 E3081.70576
G1 X156.192 Y158.530 Z5.0211 E3082.00292
G1 X156.861 Y157.796 Z5.0215 E3082.30008
G1 X157.558 Y157.090 Z5.0220 E3082.59724
G1 X158.283 Y156.412 Z5.0225 E3082.89440
G1 X159.034 Y155.763 Z5.0230 E3083.19156
G1 X159.810 Y155.144 Z5.0234 E3083.48872
G1 X160.610 Y154.556 Z5.0239 E3083.78588
G1 X161.433 Y154.001 Z5.0244 E3084.08304
G1 X162.278 Y153.479 Z5.0249 E3084.38020
G1 X163.142 Y152.991 Z5.0253 E3084.67736
G1 X164.025 Y152.538 Z5.0258 E3084.97452
G1 X164.926 Y152.120 Z5.0263 E3085.27168
G1 X165.842 Y151.738 Z5.0268 E3085.56884
G1 X166.773 Y151.393 Z5.0272 E3085.86600
G1 X167.716 Y151.085 Z5.0277 E3086.16316
G1 X168.672 Y150.814 Z5.0282 E3086.46032
G1 X169.637 Y150.582 Z5.0286 E3086.75748
G1 X170.611 Y150.388 Z5.0291 E3087.05464
G1 X171.591 Y150.234 Z5.0296 E3087.35180
G1 X172.577 Y150.118 Z5.0301 E3087.64896
G1 X173.567 Y150.041 Z5.0305 E3087.94612
G1 X174.559 Y150.004 Z5.0310 E3088.24328
G1 X175.551 Y150.006 Z5.0315 E3088.54044
G1 X176.543 Y150.048 Z5.0320 E3088.83760
G1 X177.533 Y150.129 Z5.0324 E3089.13476
G1 X178.518 Y150.249 Z5.0329 E3089.43192
G1 X179.498 Y150.408 Z5.0334 E3089.72908
G1 X180.471 Y150.606 Z5.0339 E3090.02624
G1 X181.435 Y150.842 Z5.0343 E3090.32340
G1 X182.389 Y151.117 Z5.0348 E3090.62056
G1 X183.331 Y151.429 Z5.0353 E3090.91772
G1 X184.261 Y151.778 Z5.0358 E3091.21488
G1 X185.175 Y152.164 Z5.0362 E3091.51204
G1 X186.074 Y152.586 Z5.0367 E3091.80920
G1 X186.955 Y153.044 Z5.0372 E3092.10636
G1 X187.817 Y153.536 Z5.0377 E3092.40352
G1 X188.659 Y154.061 Z5.0381 E3092.70068
G1 X189.480 Y154.620 Z5.0386 E3092.99784
G1 X190.277 Y155.211 Z5.0391 E3093.29500
G1 X191.051 Y155.833 Z5.0396 E3093.59216
G1 X191.799 Y156.485 Z5.0400 E3093.88932
G1 X192.521 Y157.167 Z5.0405 E3094.18648
G1 X193.215 Y157.877 Z5.0410 E3094.48364
G1 X193.881 Y158.613 Z5.0415 E3094.78080
G1 X194.516 Y159.376 Z5.0419 E3095.07796
G1 X195.121 Y160.163 Z5.0424 E3095.37512
G1 X195.694 Y160.973 Z5.0429 E3095.67228
G1 X196.235 Y161.806 Z5.0434 E3095.96944
G1 X196.742 Y162.660 Z5.0438 E3096.26660
G1 X197.215 Y163.532 Z5.0443 E3096.56376
G1 X197.653 Y164.423 Z5.0448 E3096.86092
G1 X198.055 Y165.331 Z5.0453 E3097.15808
G1 X198.420 Y166.254 Z5.0457 E3097.45524
G1 X198.749 Y167.191 Z5.0462 E3097.75240
G1 X199.040 Y168.140 Z5.0467 E3098.04956
G1 X199.294 Y169.100 Z5.0472 E3098.34672
G1 X199.509 Y170.069 Z5.0476 E3098.64388
G1 X199.685 Y171.046 Z5.0481 E3098.94104
G1 X199.823 Y172.029 Z5.0486 E3099.23820
G1 X199.921 Y173.017 Z5.0491 E3099.53536
G1 X199.980 Y174.007 Z5.0495 E3099.83252
G1 X200.000 Y175.000 Z5.0500 E3100.12968
G1 X199.892 Y176.193 Z5.0506 E3100.48825
G1 X199.867 Y176.371 Z5.0507 E3100.54191
G1 X199.827 Y176.545 Z5.0507 E3100.59557
G1 X199.538 Y177.592 Z5.0513 E3100.92058
G1 X199.484 Y177.758 Z5.0513 E3100.97308
G1 X199.415 Y177.920 Z5.0514 E3101.02558
G1 X198.797 Y179.213 Z5.0521 E3101.45460
G1 X197.693 Y180.770 Z5.0530 E3102.02593
G1 X196.037 Y182.429 Z5.0541 E3102.72745
G1 X193.884 Y184.011 Z5.0554 E3103.52738
G1 X191.219 Y185.464 Z5.0569 E3104.43596
G1 X188.058 Y186.725 Z5.0585 E3105.45466
G1 X184.453 Y187.729 Z5.0603 E3106.57476
G1 X180.496 Y188.414 Z5.0622 E3107.77702
G1 X176.313 Y188.731 Z5.0642 E3109.03275
G1 X172.058 Y188.654 Z5.0662 E3110.30651
G1 X167.897 Y188.183 Z5.0683 E3111.56012
G1 X163.987 Y187.344 Z5.0702 E3112.75733
G1 X160.461 Y186.186 Z5.0719 E3113.86831
G1 X157.416 Y184.774 Z5.0735 E3114.87297
G1 X154.906 Y183.181 Z5.0750 E3115.76269
G1 X152.946 Y181.476 Z5.0762 E3116.54035
G1 X151.637 Y179.865 Z5.0772 E3117.16170
G1 X151.524 Y179.712 Z5.0773 E3117.21868
G1 X151.427 Y179.548 Z5.0774 E3117.27566
G1 X150.711 Y178.213 Z5.0781 E3117.72907
G1 X150.628 Y178.038 Z5.0782 E3117.78704
G1 X150.562 Y177.856 Z5.0783 E3117.84501
G1 X150.212 Y176.715 Z5.0789 E3118.20220
G1 X150.165 Y176.533 Z5.0789 E3118.25864
G1 X150.136 Y176.347 Z5.0790 E3118.31508
G1 X150.021 Y175.307 Z5.0795 E3118.62801
G1 X150.010 Y175.124 Z5.0796 E3118.68306
G1 X150.015 Y174.940 Z5.0797 E3118.73810
G1 X150.090 Y173.931 Z5.0802 E3119.04103
G1 X150.111 Y173.753 Z5.0803 E3119.09480
G1 X150.149 Y173.577 Z5.0804 E3119.14857
G1 X150.419 Y172.536 Z5.0809 E3119.47045
G1 X150.470 Y172.368 Z5.0810 E3119.52305
G1 X150.537 Y172.205 Z5.0810 E3119.57565
G1 X151.125 Y170.921 Z5.0817 E3119.99862
G1 X152.187 Y169.375 Z5.0826 E3120.55992
G1 X153.801 Y167.712 Z5.0837 E3121.25370
G1 X155.911 Y166.121 Z5.0850 E3122.04464
G1 X158.532 Y164.655 Z5.0864 E3122.94367
G1 X161.651 Y163.374 Z5.0880 E3123.95308
G1 X165.221 Y162.346 Z5.0898 E3125.06506
G1 X169.153 Y161.631 Z5.0917 E3126.26126
G1 X173.322 Y161.281 Z5.0937 E3127.51371
G1 X177.577 Y161.323 Z5.0958 E3128.78741
G1 X181.753 Y161.761 Z5.0978 E3130.04424
G1 X185.690 Y162.570 Z5.0997 E3131.24760
G1 X189.254 Y163.704 Z5.1015 E3132.36695
G1 X192.343 Y165.097 Z5.1031 E3133.38126
G1 X194.899 Y166.677 Z5.1045 E3134.28092
G1 X196.906 Y168.375 Z5.1058 E3135.06785
G1 X198.258 Y169.985 Z5.1068 E3135.69729
G1 X198.373 Y170.136 Z5.1069 E3135.75400
G1 X198.473 Y170.297 Z5.1070 E3135.81070
G1 X199.229 Y171.653 Z5.1077 E3136.27559
G1 X199.315 Y171.827 Z5.1078 E3136.33369
G1 X199.384 Y172.009 Z5.1079 E3136.39180
G1 X199.759 Y173.162 Z5.1085 E3136.75471
G1 X199.809 Y173.344 Z5.1086 E3136.81127
G1 X199.841 Y173.530 Z5.1087 E3136.86783
G1 X199.996 Y174.758 Z5.1093 E3137.23840
G1 X200.000 Y175.000 Z5.1094 E3137.31073
G1 X199.981 Y175.981 Z5.1098 E3137.60459
G1 X199.923 Y176.961 Z5.1103 E3137.89845
G1 X199.827 Y177.938 Z5.1108 E3138.19231
G1 X199.692 Y178.911 Z5.1112 E3138.48617
G1 X199.520 Y179.877 Z5.1117 E3138.78002
G1 X199.309 Y180.836 Z5.1122 E3139.07388
G1 X199.061 Y181.786 Z5.1127 E3139.36774
G1 X198.776 Y182.725 Z5.1131 E3139.66160
G1 X198.455 Y183.653 Z5.1136 E3139.95546
G1 X197.540 Y185.628 Z5.1146 E3140.60690
G1 X197.450 Y185.783 Z5.1147 E3140.66056
G1 X197.346 Y185.929 Z5.1148 E3140.71422
G1 X196.678 Y186.785 Z5.1153 E3141.03923
G1 X196.564 Y186.918 Z5.1154 E3141.09173
G1 X196.439 Y187.041 Z5.1155 E3141.14423
G1 X195.374 Y187.999 Z5.1162 E3141.57325
G1 X193.757 Y189.015 Z5.1171 E3142.14458
G1 X191.593 Y189.914 Z5.1182 E3142.84611
G1 X188.998 Y190.551 Z5.1195 E3143.64603
G1 X185.980 Y190.874 Z5.1209 E3144.55461
G1 X182.577 Y190.830 Z5.1226 E3145.57331
G1 X178.863 Y190.378 Z5.1243 E3146.69341
G1 X174.944 Y189.496 Z5.1263 E3147.89567
G1 X170.958 Y188.188 Z5.1283 E3149.15140
G1 X167.057 Y186.489 Z5.1303 E3150.42516
G1 X163.393 Y184.462 Z5.1323 E3151.67877
G1 X160.101 Y182.190 Z5.1342 E3152.87598
G1 X157.287 Y179.770 Z5.1360 E3153.98696
G1 X155.014 Y177.301 Z5.1376 E3154.99162
G1 X153.305 Y174.869 Z5.1390 E3155.88134
G1 X152.147 Y172.543 Z5.1403 E3156.65901
G1 X151.554 Y170.554 Z5.1413 E3157.28036
G1 X151.508 Y170.369 Z5.1413 E3157.33733
G1 X151.481 Y170.181 Z5.1414 E3157.39431
G1 X151.330 Y168.674 Z5.1422 E3157.84772
G1 X151.321 Y168.480 Z5.1423 E3157.90569
G1 X151.330 Y168.287 Z5.1423 E3157.96366
G1 X151.442 Y167.099 Z5.1429 E3158.32085
G1 X151.469 Y166.912 Z5.1430 E3158.37729
G1 X151.513 Y166.729 Z5.1431 E3158.43373
G1 X151.805 Y165.725 Z5.1436 E3158.74667
G1 X151.864 Y165.551 Z5.1437 E3158.80171
G1 X151.940 Y165.383 Z5.1438 E3158.85675
G1 X152.395 Y164.480 Z5.1443 E3159.15968
G1 X152.483 Y164.323 Z5.1443 E3159.21345
G1 X152.585 Y164.175 Z5.1444 E3159.26722
G1 X153.233 Y163.317 Z5.1449 E3159.58910
G1 X153.345 Y163.181 Z5.1450 E3159.64170
G1 X153.468 Y163.056 Z5.1451 E3159.69430
G1 X154.504 Y162.095 Z5.1458 E3160.11727
G1 X156.076 Y161.074 Z5.1467 E3160.67857
G1 X158.204 Y160.154 Z5.1478 E3161.37235
G1 X160.762 Y159.492 Z5.1490 E3162.16329
G1 X163.744 Y159.140 Z5.1505 E3163.06232
G1 X167.116 Y159.151 Z5.1521 E3164.07173
G1 X170.808 Y159.567 Z5.1539 E3165.18371
G1 X174.714 Y160.411 Z5.1558 E3166.37991
G1 X178.700 Y161.683 Z5.1578 E3167.63236
G1 X182.614 Y163.350 Z5.1598 E3168.90606
G1 X186.305 Y165.353 Z5.1618 E3170.16289
G1 X189.633 Y167.608 Z5.1637 E3171.36625
G1 X192.492 Y170.018 Z5.1655 E3172.48560
G1 X194.813 Y172.487 Z5.1672 E3173.49991
G1 X196.570 Y174.925 Z5.1686 E3174.39958
G1 X197.774 Y177.262 Z5.1698 E3175.18651
G1 X198.407 Y179.268 Z5.1708 E3175.81594
G1 X198.455 Y179.451 Z5.1709 E3175.87265
G1 X198.486 Y179.638 Z5.1710 E3175.92935
G1 X198.665 Y181.180 Z5.1718 E3176.39424
G1 X198.678 Y181.374 Z5.1719 E3176.45234
G1 X198.673 Y181.568 Z5.1720 E3176.51045
G1 X198.578 Y182.777 Z5.1725 E3176.87336
G1 X198.554 Y182.964 Z5.1726 E3176.92992
G1 X198.513 Y183.148 Z5.1727 E3176.98648
G1 X198.186 Y184.342 Z5.1733 E3177.35705
G1 X198.097 Y184.567 Z5.1734 E3177.42938
G1 X197.704 Y185.466 Z5.1739 E3177.72324
G1 X197.275 Y186.350 Z5.1744 E3178.01710
G1 X196.812 Y187.216 Z5.1748 E3178.31096
G1 X196.316 Y188.062 Z5.1753 E3178.60482
G1 X195.787 Y188.889 Z5.1758 E3178.89868
G1 X195.225 Y189.695 Z5.1762 E3179.19253
G1 X194.633 Y190.477 Z5.1767 E3179.48639
G1 X194.010 Y191.236 Z5.1772 E3179.78025
G1 X193.358 Y191.970 Z5.1776 E3180.07411
G1 X191.757 Y193.444 Z5.1787 E3180.72555
G1 X191.615 Y193.553 Z5.1788 E3180.77921
G1 X191.463 Y193.648 Z5.1789 E3180.83288
G1 X190.518 Y194.183 Z5.1794 E3181.15788
G1 X190.362 Y194.263 Z5.1795 E3181.21038
G1 X190.199 Y194.329 Z5.1795 E3181.26288
G1 X188.848 Y194.807 Z5.1802 E3181.69190
G1 X186.966 Y195.126 Z5.1811 E3182.26323
G1 X184.623 Y195.129 Z5.1823 E3182.96476
G1 X181.981 Y194.724 Z5.1835 E3183.76469
G1 X179.069 Y193.867 Z5.1850 E3184.67327
G1 X175.942 Y192.525 Z5.1866 E3185.69196
G1 X172.684 Y190.685 Z5.1884 E3186.81206
G1 X169.401 Y188.371 Z5.1903 E3188.01432
G1 X166.219 Y185.638 Z5.1923 E3189.27005
G1 X163.265 Y182.575 Z5.1944 E3190.54381
G1 X160.655 Y179.299 Z5.1964 E3191.79742
G1 X158.484 Y175.941 Z5.1983 E3192.99464
G1 X156.810 Y172.628 Z5.2001 E3194.10562
G1 X155.655 Y169.477 Z5.2017 E3195.11027
G1 X155.007 Y166.576 Z5.2031 E3195.99999
G1 X154.827 Y163.985 Z5.2043 E3196.77766
G1 X155.040 Y161.920 Z5.2053 E3197.39901
G1 X155.069 Y161.732 Z5.2054 E3197.45598
G1 X155.115 Y161.547 Z5.2055 E3197.51296
G1 X155.553 Y160.097 Z5.2062 E3197.96637
G1 X155.618 Y159.915 Z5.2063 E3198.02434
G1 X155.700 Y159.740 Z5.2064 E3198.08231
G1 X156.259 Y158.685 Z5.2070 E3198.43951
G1 X156.355 Y158.523 Z5.2071 E3198.49594
G1 X156.466 Y158.370 Z5.2072 E3198.55238
G1 X157.120 Y157.555 Z5.2077 E3198.86532
G1 X157.241 Y157.417 Z5.2077 E3198.92036
G1 X157.375 Y157.290 Z5.2078 E3198.97541
G1 X158.142 Y156.630 Z5.2083 E3199.27833
G1 X158.283 Y156.519 Z5.2084 E3199.33210
G1 X158.434 Y156.421 Z5.2085 E3199.38587
G1 X159.361 Y155.876 Z5.2090 E3199.70775
G1 X159.516 Y155.794 Z5.2091 E3199.76035
G1 X159.678 Y155.726 Z5.2092 E3199.81295
G1 X161.002 Y155.234 Z5.2098 E3200.23592
G1 X162.846 Y154.892 Z5.2107 E3200.79723
G1 X165.164 Y154.856 Z5.2118 E3201.49100
G1 X167.780 Y155.224 Z5.2131 E3202.28194
G1 X170.670 Y156.040 Z5.2145 E3203.18098
G1 X173.782 Y157.340 Z5.2162 E3204.19038
G1 X177.033 Y159.137 Z5.2179 E3205.30236
G1 X180.318 Y161.412 Z5.2198 E3206.49856
G1 X183.514 Y164.113 Z5.2218 E3207.75101
G1 X186.493 Y167.151 Z5.2239 E3209.02472
G1 X189.136 Y170.413 Z5.2259 E3210.28154
G1 X191.348 Y173.770 Z5.2278 E3211.48490
G1 X193.067 Y177.091 Z5.2296 E3212.60425
G1 X194.266 Y180.260 Z5.2312 E3213.61857
G1 X194.956 Y183.185 Z5.2326 E3214.51823
G1 X195.175 Y185.805 Z5.2339 E3215.30516
G1 X194.992 Y187.900 Z5.2349 E3215.93460
G1 X194.966 Y188.088 Z5.2350 E3215.99130
G1 X194.923 Y188.272 Z5.2351 E3216.04801
G1 X194.499 Y189.766 Z5.2358 E3216.51289
G1 X194.437 Y189.950 Z5.2359 E3216.57100
G1 X194.357 Y190.127 Z5.2360 E3216.62910
G1 X193.807 Y191.207 Z5.2366 E3216.99201
G1 X193.713 Y191.372 Z5.2367 E3217.04857
G1 X193.605 Y191.526 Z5.2368 E3217.10514
G1 X192.846 Y192.504 Z5.2374 E3217.47570
G1 X192.678 Y192.678 Z5.2375 E3217.54803
G1 X191.970 Y193.358 Z5.2380 E3217.84189
G1 X191.236 Y194.010 Z5.2384 E3218.13575
G1 X190.477 Y194.633 Z5.2389 E3218.42961
G1 X189.695 Y195.225 Z5.2394 E3218.72347
G1 X188.889 Y195.787 Z5.2398 E3219.01733
G1 X188.062 Y196.316 Z5.2403 E3219.31119
G1 X187.216 Y196.812 Z5.2408 E3219.60505
G1 X186.350 Y197.275 Z5.2412 E3219.89890
G1 X185.466 Y197.704 Z5.2417 E3220.19276
G1 X183.423 Y198.453 Z5.2427 E3220.84420
G1 X183.250 Y198.499 Z5.2428 E3220.89786
G1 X183.073 Y198.529 Z5.2429 E3220.95153
G1 X181.996 Y198.662 Z5.2434 E3221.27653
G1 X181.821 Y198.675 Z5.2435 E3221.32903
G1 X181.646 Y198.674 Z5.2436 E3221.38153
G1 X180.214 Y198.598 Z5.2443 E3221.81055
G1 X178.354 Y198.173 Z5.2452 E3222.38188
G1 X176.187 Y197.279 Z5.2463 E3223.08341
G1 X173.902 Y195.894 Z5.2476 E3223.88334
G1 X171.539 Y193.989 Z5.2490 E3224.79192
G1 X169.164 Y191.551 Z5.2507 E3225.81061
G1 X166.858 Y188.605 Z5.2525 E3226.93071
G1 X164.711 Y185.211 Z5.2544 E3228.13297
G1 X162.817 Y181.468 Z5.2564 E3229.38870
G1 X161.259 Y177.508 Z5.2584 E3230.66247
G1 X160.102 Y173.483 Z5.2604 E3231.91607
G1 X159.381 Y169.549 Z5.2623 E3233.11329
G1 X159.102 Y165.848 Z5.2641 E3234.22427
G1 X159.241 Y162.495 Z5.2657 E3235.22892
G1 X159.752 Y159.567 Z5.2671 E3236.11865
G1 X160.578 Y157.103 Z5.2684 E3236.89631
G1 X161.565 Y155.277 Z5.2694 E3237.51766
G1 X161.663 Y155.114 Z5.2695 E3237.57464
G1 X161.777 Y154.962 Z5.2696 E3237.63161
G1 X162.737 Y153.790 Z5.2703 E3238.08503
G1 X162.866 Y153.646 Z5.2704 E3238.14300
G1 X163.009 Y153.516 Z5.2705 E3238.20096
G1 X163.929 Y152.755 Z5.2710 E3238.55816
G1 X164.080 Y152.642 Z5.2711 E3238.61459
G1 X164.241 Y152.544 Z5.2712 E3238.67103
G1 X165.157 Y152.040 Z5.2717 E3238.98397
G1 X165.322 Y151.959 Z5.2718 E3239.03901
G1 X165.494 Y151.894 Z5.2719 E3239.09406
G1 X166.455 Y151.577 Z5.2724 E3239.39698
G1 X166.628 Y151.528 Z5.2725 E3239.45075
G1 X166.805 Y151.496 Z5.2725 E3239.50453
G1 X167.870 Y151.347 Z5.2731 E3239.82640
G1 X168.044 Y151.330 Z5.2731 E3239.87900
G1 X168.220 Y151.329 Z5.2732 E3239.93161
G1 X169.632 Y151.382 Z5.2739 E3240.35457
G1 X171.466 Y151.771 Z5.2748 E3240.91588
G1 X173.621 Y152.626 Z5.2759 E3241.60965
G1 X175.898 Y153.966 Z5.2772 E3242.40060
G1 X178.256 Y155.826 Z5.2786 E3243.29963
G1 X180.633 Y158.218 Z5.2802 E3244.30904
G1 X182.949 Y161.123 Z5.2820 E3245.42102
G1 X185.113 Y164.482 Z5.2839 E3246.61721
G1 X187.033 Y168.200 Z5.2859 E3247.86966
G1 X188.622 Y172.147 Z5.2879 E3249.14337
G1 X189.815 Y176.172 Z5.2899 E3250.40019
G1 X190.574 Y180.120 Z5.2919 E3251.60356
G1 X190.891 Y183.846 Z5.2936 E3252.72291
G1 X190.786 Y187.233 Z5.2953 E3253.73722
G1 X190.305 Y190.199 Z5.2967 E3254.63688
G1 X189.504 Y192.703 Z5.2980 E3255.42381
G1 X188.533 Y194.569 Z5.2990 E3256.05325
G1 X188.438 Y194.732 Z5.2991 E3256.10995
G1 X188.328 Y194.886 Z5.2991 E3256.16666
G1 X187.364 Y196.104 Z5.2999 E3256.63154
G1 X187.236 Y196.250 Z5.3000 E3256.68965
G1 X187.095 Y196.383 Z5.3001 E3256.74775
G1 X186.173 Y197.171 Z5.3007 E3257.11067
G1 X186.024 Y197.287 Z5.3007 E3257.16723
G1 X185.864 Y197.388 Z5.3008 E3257.22379
G1 X184.789 Y198.001 Z5.3014 E3257.59435
G1 X184.567 Y198.097 Z5.3015 E3257.66669
G1 X183.653 Y198.455 Z5.3020 E3257.96055
G1 X182.725 Y198.776 Z5.3025 E3258.25440
G1 X181.786 Y199.061 Z5.3029 E3258.54826
G1 X180.836 Y199.309 Z5.3034 E3258.84212
G1 X179.877 Y199.520 Z5.3039 E3259.13598
G1 X178.911 Y199.692 Z5.3044 E3259.42984
G1 X177.938 Y199.827 Z5.3048 E3259.72370
G1 X176.961 Y199.923 Z5.3053 E3260.01756
G1 X175.981 Y199.981 Z5.3058 E3260.31141
G1 X173.807 Y199.892 Z5.3068 E3260.96285
G1 X173.629 Y199.867 Z5.3069 E3261.01652
G1 X173.455 Y199.827 Z5.3070 E3261.07018
G1 X172.408 Y199.538 Z5.3075 E3261.39518
G1 X172.242 Y199.484 Z5.3076 E3261.44768
G1 X172.080 Y199.415 Z5.3077 E3261.50018
G1 X170.787 Y198.797 Z5.3083 E3261.92921
G1 X169.230 Y197.693 Z5.3093 E3262.50054
G1 X167.571 Y196.037 Z5.3104 E3263.20206
G1 X165.989 Y193.884 Z5.3117 E3264.00199
G1 X164.536 Y191.219 Z5.3131 E3264.91057
G1 X163.275 Y188.058 Z5.3147 E3265.92926
G1 X162.271 Y184.453 Z5.3165 E3267.04936
G1 X161.586 Y180.496 Z5.3184 E3268.25162
G1 X161.269 Y176.313 Z5.3204 E3269.50736
G1 X161.346 Y172.058 Z5.3225 E3270.78112
G1 X161.817 Y167.897 Z5.3245 E3272.03473
G1 X162.656 Y163.987 Z5.3264 E3273.23194
G1 X163.814 Y160.461 Z5.3282 E3274.34292
G1 X165.226 Y157.416 Z5.3298 E3275.34757
G1 X166.819 Y154.906 Z5.3312 E3276.23730
G1 X168.524 Y152.946 Z5.3324 E3277.01496
G1 X170.135 Y151.637 Z5.3334 E3277.63631
G1 X170.288 Y151.524 Z5.3335 E3277.69329
G1 X170.452 Y151.427 Z5.3336 E3277.75027
G1 X171.787 Y150.711 Z5.3343 E3278.20368
G1 X171.962 Y150.628 Z5.3344 E3278.26165
G1 X172.144 Y150.562 Z5.3345 E3278.31962
G1 X173.285 Y150.212 Z5.3351 E3278.67681
G1 X173.467 Y150.165 Z5.3352 E3278.73325
G1 X173.653 Y150.136 Z5.3353 E3278.78968
G1 X174.693 Y150.021 Z5.3358 E3279.10262
G1 X174.876 Y150.010 Z5.3359 E3279.15767
G1 X175.060 Y150.015 Z5.3359 E3279.21271
G1 X176.069 Y150.090 Z5.3364 E3279.51563
G1 X176.247 Y150.111 Z5.3365 E3279.56941
G1 X176.423 Y150.149 Z5.3366 E3279.62318
G1 X177.464 Y150.419 Z5.3371 E3279.94506
G1 X177.632 Y150.470 Z5.3372 E3279.99766
G1 X177.795 Y150.537 Z5.3373 E3280.05026
G1 X179.079 Y151.125 Z5.3380 E3280.47323
G1 X180.625 Y152.187 Z5.3389 E3281.03453
G1 X182.288 Y153.801 Z5.3400 E3281.72830
G1 X183.879 Y155.911 Z5.3412 E3282.51925
G1 X185.345 Y158.532 Z5.3427 E3283.41828
G1 X186.626 Y161.651 Z5.3443 E3284.42769
G1 X187.654 Y165.221 Z5.3460 E3285.53967
G1 X188.369 Y169.153 Z5.3480 E3286.73586
G1 X188.719 Y173.322 Z5.3500 E3287.98832
G1 X188.677 Y177.577 Z5.3520 E3289.26202
G1 X188.239 Y181.753 Z5.3540 E3290.51885
G1 X187.430 Y185.690 Z5.3559 E3291.72221
G1 X186.296 Y189.254 Z5.3577 E3292.84156
G1 X184.903 Y192.343 Z5.3593 E3293.85587
G1 X183.323 Y194.899 Z5.3608 E3294.75553
G1 X181.625 Y196.906 Z5.3620 E3295.54246
G1 X180.015 Y198.258 Z5.3630 E3296.17190
G1 X179.864 Y198.373 Z5.3631 E3296.22861
G1 X179.703 Y198.473 Z5.3632 E3296.28531
G1 X178.347 Y199.229 Z5.3639 E3296.75020
G1 X178.173 Y199.315 Z5.3640 E3296.80830
G1 X177.991 Y199.384 Z5.3641 E3296.86641
G1 X176.838 Y199.759 Z5.3647 E3297.22932
G1 X176.656 Y199.809 Z5.3648 E3297.28588
G1 X176.470 Y199.841 Z5.3649 E3297.34244
G1 X175.242 Y199.996 Z5.3655 E3297.71301
G1 X175.000 Y200.000 Z5.3656 E3297.78534
G1 X174.019 Y199.981 Z5.3661 E3298.07920
G1 X173.039 Y199.923 Z5.3665 E3298.37306
G1 X172.062 Y199.827 Z5.3670 E3298.66691
G1 X171.089 Y199.692 Z5.3675 E3298.96077
G1 X170.123 Y199.520 Z5.3679 E3299.25463
G1 X169.164 Y199.309 Z5.3684 E3299.54849
G1 X168.214 Y199.061 Z5.3689 E3299.84235
G1 X167.275 Y198.776 Z5.3694 E3300.13621
G1 X166.347 Y198.455 Z5.3698 E3300.43007
G1 X164.372 Y197.540 Z5.3709 E3301.08151
G1 X164.217 Y197.450 Z5.3709 E3301.13517
G1 X164.071 Y197.346 Z5.3710 E3301.18883
G1 X163.215 Y196.678 Z5.3716 E3301.51384
G1 X163.082 Y196.564 Z5.3716 E3301.56634
G1 X162.959 Y196.439 Z5.3717 E3301.61884
G1 X162.001 Y195.374 Z5.3724 E3302.04786
G1 X160.985 Y193.757 Z5.3733 E3302.61919
G1 X160.086 Y191.593 Z5.3744 E3303.32071
G1 X159.449 Y188.998 Z5.3757 E3304.12064
G1 X159.126 Y185.980 Z5.3772 E3305.02922
G1 X159.170 Y182.577 Z5.3788 E3306.04792
G1 X159.622 Y178.863 Z5.3806 E3307.16802
G1 X160.504 Y174.944 Z5.3825 E3308.37028
G1 X161.812 Y170.958 Z5.3845 E3309.62601
G1 X163.511 Y167.057 Z5.3865 E3310.89977
G1 X165.538 Y163.393 Z5.3885 E3312.15338
G1 X167.810 Y160.101 Z5.3905 E3313.35059
G1 X170.230 Y157.287 Z5.3922 E3314.46157
G1 X172.699 Y155.014 Z5.3938 E3315.46623
G1 X175.131 Y153.305 Z5.3953 E3316.35595
G1 X177.457 Y152.147 Z5.3965 E3317.13361
G1 X179.446 Y151.554 Z5.3975 E3317.75496
G1 X179.631 Y151.508 Z5.3976 E3317.81194
G1 X179.819 Y151.481 Z5.3977 E3317.86892
G1 X181.326 Y151.330 Z5.3984 E3318.32233
G1 X181.520 Y151.321 Z5.3985 E3318.38030
G1 X181.713 Y151.330 Z5.3986 E3318.43827
G1 X182.901 Y151.442 Z5.3991 E3318.79546
G1 X183.088 Y151.469 Z5.3992 E3318.85190
G1 X183.271 Y151.513 Z5.3993 E3318.90834
G1 X184.275 Y151.805 Z5.3998 E3319.22127
G1 X184.449 Y151.864 Z5.3999 E3319.27632
G1 X184.617 Y151.940 Z5.4000 E3319.33136
G1 X185.520 Y152.395 Z5.4005 E3319.63429
G1 X185.677 Y152.483 Z5.4006 E3319.68806
G1 X185.825 Y152.585 Z5.4007 E3319.74183
G1 X186.683 Y153.233 Z5.4012 E3320.06371
G1 X186.819 Y153.345 Z5.4013 E3320.11631
G1 X186.944 Y153.468 Z5.4013 E3320.16891
G1 X187.905 Y154.504 Z5.4020 E3320.59188
G1 X188.926 Y156.076 Z5.4029 E3321.15318
G1 X189.846 Y158.204 Z5.4040 E3321.84696
G1 X190.508 Y160.762 Z5.4053 E3322.63790
G1 X190.860 Y163.744 Z5.4067 E3323.53693
G1 X190.849 Y167.116 Z5.4083 E3324.54634
G1 X190.433 Y170.808 Z5.4101 E3325.65832
G1 X189.589 Y174.714 Z5.4120 E3326.85452
G1 X188.317 Y178.700 Z5.4140 E3328.10697
G1 X186.650 Y182.614 Z5.4160 E3329.38067
G1 X184.647 Y186.305 Z5.4181 E3330.63750
G1 X182.392 Y189.633 Z5.4200 E3331.84086
G1 X179.982 Y192.492 Z5.4218 E3332.96021
G1 X177.513 Y194.813 Z5.4234 E3333.97452
G1 X175.075 Y196.570 Z5.4248 E3334.87418
G1 X172.738 Y197.774 Z5.4261 E3335.66111
G1 X170.732 Y198.407 Z5.4271 E3336.29055
G1 X170.549 Y198.455 Z5.4272 E3336.34726
G1 X170.362 Y198.486 Z5.4273 E3336.40396
G1 X168.820 Y198.665 Z5.4280 E3336.86885
G1 X168.626 Y198.678 Z5.4281 E3336.92695
G1 X168.432 Y198.673 Z5.4282 E3336.98506
G1 X167.223 Y198.578 Z5.4288 E3337.34797
G1 X167.036 Y198.554 Z5.4289 E3337.40453
G1 X166.852 Y198.513 Z5.4289 E3337.46109
G1 X165.658 Y198.186 Z5.4295 E3337.83166
G1 X165.433 Y198.097 Z5.4297 E3337.90399
G1 X164.534 Y197.704 Z5.4301 E3338.19785
G1 X163.650 Y197.275 Z5.4306 E3338.49171
G1 X162.784 Y196.812 Z5.4311 E3338.78557
G1 X161.938 Y196.316 Z5.4315 E3339.07943
G1 X161.111 Y195.787 Z5.4320 E3339.37328
G1 X160.305 Y195.225 Z5.4325 E3339.66714
G1 X159.523 Y194.633 Z5.4329 E3339.96100
G1 X158.764 Y194.010 Z5.4334 E3340.25486
G1 X158.030 Y193.358 Z5.4339 E3340.54872
G1 X156.556 Y191.757 Z5.4349 E3341.20016
G1 X156.447 Y191.615 Z5.4350 E3341.25382
G1 X156.352 Y191.463 Z5.4351 E3341.30748
G1 X155.817 Y190.518 Z5.4356 E3341.63249
G1 X155.737 Y190.362 Z5.4357 E3341.68499
G1 X155.671 Y190.199 Z5.4358 E3341.73749
G1 X155.193 Y188.848 Z5.4365 E3342.16651
G1 X154.874 Y186.966 Z5.4374 E3342.73784
G1 X154.871 Y184.623 Z5.4385 E3343.43937
G1 X155.276 Y181.981 Z5.4398 E3344.23929
G1 X156.133 Y179.069 Z5.4412 E3345.14787
G1 X157.475 Y175.942 Z5.4428 E3346.16657
G1 X159.315 Y172.684 Z5.4446 E3347.28667
G1 X161.629 Y169.401 Z5.4466 E3348.48893
G1 X164.362 Y166.219 Z5.4486 E3349.74466
G1 X167.425 Y163.265 Z5.4506 E3351.01842
G1 X170.701 Y160.655 Z5.4526 E3352.27203
G1 X174.059 Y158.484 Z5.4545 E3353.46924
G1 X177.372 Y156.810 Z5.4563 E3354.58022
G1 X180.523 Y155.655 Z5.4579 E3355.58488
G1 X183.424 Y155.007 Z5.4593 E3356.47460
G1 X186.015 Y154.827 Z5.4605 E3357.25227
G1 X188.080 Y155.040 Z5.4615 E3357.87362
G1 X188.268 Y155.069 Z5.4616 E3357.93059
G1 X188.453 Y155.115 Z5.4617 E3357.98757
G1 X189.903 Y155.553 Z5.4624 E3358.44098
G1 X190.085 Y155.618 Z5.4625 E3358.49895
G1 X190.260 Y155.700 Z5.4626 E3358.55692
G1 X191.315 Y156.259 Z5.4632 E3358.91411
G1 X191.477 Y156.355 Z5.4633 E3358.97055
G1 X191.630 Y156.466 Z5.4634 E3359.02699
G1 X192.445 Y157.120 Z5.4639 E3359.33993
G1 X192.583 Y157.241 Z5.4640 E3359.39497
G1 X192.710 Y157.375 Z5.4641 E3359.45001
G1 X193.370 Y158.142 Z5.4645 E3359.75294
G1 X193.481 Y158.283 Z5.4646 E3359.80671
G1 X193.579 Y158.434 Z5.4647 E3359.86048
G1 X194.124 Y159.361 Z5.4652 E3360.18236
G1 X194.206 Y159.516 Z5.4653 E3360.23496
G1 X194.274 Y159.678 Z5.4654 E3360.28756
G1 X194.766 Y161.002 Z5.4661 E3360.71053
G1 X195.108 Y162.846 Z5.4670 E3361.27183
G1 X195.144 Y165.164 Z5.4681 E3361.96561
G1 X194.776 Y167.780 Z5.4693 E3362.75655
G1 X193.960 Y170.670 Z5.4708 E3363.65558
G1 X192.660 Y173.782 Z5.4724 E3364.66499
G1 X190.863 Y177.033 Z5.4742 E3365.77697
G1 X188.588 Y180.318 Z5.4761 E3366.97317
G1 X185.887 Y183.514 Z5.4781 E3368.22562
G1 X182.849 Y186.493 Z5.4801 E3369.49932
G1 X179.587 Y189.136 Z5.4821 E3370.75615
G1 X176.230 Y191.348 Z5.4840 E3371.95951
G1 X172.909 Y193.067 Z5.4858 E3373.07886
G1 X169.740 Y194.266 Z5.4874 E3374.09317
G1 X166.815 Y194.956 Z5.4889 E3374.99284
G1 X164.195 Y195.175 Z5.4901 E3375.77977
G1 X162.100 Y194.992 Z5.4911 E3376.40920
G1 X161.912 Y194.966 Z5.4912 E3376.46591
G1 X161.728 Y194.923 Z5.4913 E3376.52261
G1 X160.234 Y194.499 Z5.4921 E3376.98750
G1 X160.050 Y194.437 Z5.4922 E3377.04560
G1 X159.873 Y194.357 Z5.4922 E3377.10371
G1 X158.793 Y193.807 Z5.4928 E3377.46662
G1 X158.628 Y193.713 Z5.4929 E3377.52318
G1 X158.474 Y193.605 Z5.4930 E3377.57974
G1 X157.496 Y192.846 Z5.4936 E3377.95031
G1 X157.322 Y192.678 Z5.4937 E3378.02264
G1 X156.642 Y191.970 Z5.4942 E3378.31650
G1 X155.990 Y191.236 Z5.4947 E3378.61036
G1 X155.367 Y190.477 Z5.4951 E3378.90422
G1 X154.775 Y189.695 Z5.4956 E3379.19808
G1 X154.213 Y188.889 Z5.4961 E3379.49194
G1 X153.684 Y188.062 Z5.4965 E3379.78579
G1 X153.188 Y187.216 Z5.4970 E3380.07965
G1 X152.725 Y186.350 Z5.4975 E3380.37351
G1 X152.296 Y185.466 Z5.4979 E3380.66737
G1 X151.547 Y183.423 Z5.4990 E3381.31881
G1 X151.501 Y183.250 Z5.4991 E3381.37247
G1 X151.471 Y183.073 Z5.4991 E3381.42614
G1 X151.338 Y181.996 Z5.4997 E3381.75114
G1 X151.325 Y181.821 Z5.4998 E3381.80364
G1 X151.326 Y181.646 Z5.4998 E3381.85614
G1 X151.402 Y180.214 Z5.5005 E3382.28516
G1 X151.827 Y178.354 Z5.5014 E3382.85649
G1 X152.721 Y176.187 Z5.5026 E3383.55802
G1 X154.106 Y173.902 Z5.5038 E3384.35795
G1 X156.011 Y171.539 Z5.5053 E3385.26653
G1 X158.449 Y169.164 Z5.5069 E3386.28522
G1 X161.395 Y166.858 Z5.5087 E3387.40532
G1 X164.789 Y164.711 Z5.5106 E3388.60758
G1 X168.532 Y162.817 Z5.5126 E3389.86331
G1 X172.492 Y161.259 Z5.5147 E3391.13707
G1 X176.517 Y160.102 Z5.5167 E3392.39068
G1 X180.451 Y159.381 Z5.5186 E3393.58790
G1 X184.152 Y159.102 Z5.5203 E3394.69888
G1 X187.505 Y159.241 Z5.5219 E3395.70353
G1 X190.433 Y159.752 Z5.5234 E3396.59325
G1 X192.897 Y160.578 Z5.5246 E3397.37092
G1 X194.723 Y161.565 Z5.5256 E3397.99227
G1 X194.886 Y161.663 Z5.5257 E3398.04924
G1 X195.038 Y161.777 Z5.5258 E3398.10622
G1 X196.210 Y162.737 Z5.5265 E3398.55963
G1 X196.354 Y162.866 Z5.5266 E3398.61760
G1 X196.484 Y163.009 Z5.5267 E3398.67557
G1 X197.245 Y163.929 Z5.5273 E3399.03277
G1 X197.358 Y164.080 Z5.5274 E3399.08920
G1 X197.456 Y164.241 Z5.5274 E3399.14564
G1 X197.960 Y165.157 Z5.5279 E3399.45858
G1 X198.041 Y165.322 Z5.5280 E3399.51362
G1 X198.106 Y165.494 Z5.5281 E3399.56867
G1 X198.423 Y166.455 Z5.5286 E3399.87159
G1 X198.472 Y166.628 Z5.5287 E3399.92536
G1 X198.504 Y166.805 Z5.5288 E3399.97913
G1 X198.653 Y167.870 Z5.5293 E3400.30101
G1 X198.670 Y168.044 Z5.5294 E3400.35361
G1 X198.671 Y168.220 Z5.5295 E3400.40621
G1 X198.618 Y169.632 Z5.5301 E3400.82918
G1 X198.229 Y171.466 Z5.5310 E3401.39049
G1 X197.374 Y173.621 Z5.5321 E3402.08426
G1 X196.034 Y175.898 Z5.5334 E3402.87520
G1 X194.174 Y178.256 Z5.5348 E3403.77424
G1 X191.782 Y180.633 Z5.5364 E3404.78364
G1 X188.877 Y182.949 Z5.5382 E3405.89562
G1 X185.518 Y185.113 Z5.5401 E3407.09182
G1 X181.800 Y187.033 Z5.5421 E3408.34427
G1 X177.853 Y188.622 Z5.5442 E3409.61798
G1 X173.828 Y189.815 Z5.5462 E3410.87480
G1 X169.880 Y190.574 Z5.5481 E3412.07816
G1 X166.154 Y190.891 Z5.5499 E3413.19751
G1 X162.767 Y190.786 Z5.5515 E3414.21183
G1 X159.801 Y190.305 Z5.5529 E3415.11149
G1 X157.297 Y189.504 Z5.5542 E3415.89842
G1 X155.431 Y188.533 Z5.5552 E3416.52786
G1 X155.268 Y188.438 Z5.5553 E3416.58456
G1 X155.114 Y188.328 Z5.5554 E3416.64127
G1 X153.896 Y187.364 Z5.5561 E3417.10615
G1 X153.750 Y187.236 Z5.5562 E3417.16426
G1 X153.617 Y187.095 Z5.5563 E3417.22236
G1 X152.829 Y186.173 Z5.5569 E3417.58527
G1 X152.713 Y186.024 Z5.5570 E3417.64183
G1 X152.612 Y185.864 Z5.5571 E3417.69840
G1 X151.999 Y184.789 Z5.5577 E3418.06896
G1 X151.903 Y184.567 Z5.5578 E3418.14129
G1 X151.541 Y183.643 Z5.5582 E3418.43845
G1 X151.217 Y182.704 Z5.5587 E3418.73561
G1 X150.930 Y181.754 Z5.5592 E3419.03277
G1 X150.680 Y180.793 Z5.5597 E3419.32993
G1 X150.470 Y179.823 Z5.5601 E3419.62709
G1 X150.298 Y178.845 Z5.5606 E3419.92425
G1 X150.164 Y177.862 Z5.5611 E3420.22141
G1 X150.070 Y176.873 Z5.5616 E3420.51857
G1 X150.016 Y175.882 Z5.5620 E3420.81573
G1 X150.000 Y174.890 Z5.5625 E3421.11290
G1 X150.024 Y173.897 Z5.5630 E3421.41006
G1 X150.088 Y172.907 Z5.5635 E3421.70722
G1 X150.191 Y171.919 Z5.5639 E3422.00438
G1 X150.332 Y170.937 Z5.5644 E3422.30154
G1 X150.513 Y169.961 Z5.5649 E3422.59870
G1 X150.733 Y168.992 Z5.5654 E3422.89586
G1 X150.990 Y168.034 Z5.5658 E3423.19302
G1 X151.286 Y167.086 Z5.5663 E3423.49018
G1 X151.619 Y166.151 Z5.5668 E3423.78734
G1 X151.988 Y165.229 Z5.5673 E3424.08450
G1 X152.394 Y164.324 Z5.5677 E3424.38166
G1 X152.836 Y163.435 Z5.5682 E3424.67882
G1 X153.313 Y162.564 Z5.5687 E3424.97598
G1 X153.824 Y161.713 Z5.5692 E3425.27314
G1 X154.368 Y160.882 Z5.5696 E3425.57030
G1 X154.944 Y160.074 Z5.5701 E3425.86746
G1 X155.553 Y159.290 Z5.5706 E3426.16462
G1 X156.192 Y158.530 Z5.5711 E3426.46178
G1 X156.861 Y157.796 Z5.5715 E3426.75894
G1 X157.558 Y157.090 Z5.5720 E3427.05610
G1 X158.283 Y156.412 Z5.5725 E3427.35326
G1 X159.034 Y155.763 Z5.5730 E3427.65042
G1 X159.810 Y155.144 Z5.5734 E3427.94758
G1 X160.610 Y154.556 Z5.5739 E3428.24474
G1 X161.433 Y154.001 Z5.5744 E3428.54190
G1 X162.278 Y153.479 Z5.5749 E3428.83906
G1 X163.142 Y152.991 Z5.5753 E3429.13622
G1 X164.025 Y152.538 Z5.5758 E3429.43338
G1 X164.926 Y152.120 Z5.5763 E3429.73054
G1 X165.842 Y151.738 Z5.5768 E3430.02770
G1 X166.773 Y151.393 Z5.5772 E3430.32486
G1 X167.716 Y151.085 Z5.5777 E3430.62202
G1 X168.672 Y150.814 Z5.5782 E3430.91918
G1 X169.637 Y150.582 Z5.5786 E3431.21634
G1 X170.611 Y150.388 Z5.5791 E3431.51350
G1 X171.591 Y150.234 Z5.5796 E3431.81066
G1 X172.577 Y150.118 Z5.5801 E3432.10782
G1 X173.567 Y150.041 Z5.5805 E3432.40498
G1 X174.559 Y150.004 Z5.5810 E3432.70214
G1 X175.551 Y150.006 Z5.5815 E3432.99930
G1 X176.543 Y150.048 Z5.5820 E3433.29646
G1 X177.533 Y150.129 Z5.5824 E3433.59362
G1 X178.518 Y150.249 Z5.5829 E3433.89078
G1 X179.498 Y150.408 Z5.5834 E3434.18794
G1 X180.471 Y150.606 Z5.5839 E3434.48510
G1 X181.435 Y150.842 Z5.5843 E3434.78226
G1 X182.389 Y151.117 Z5.5848 E3435.07942
G1 X183.331 Y151.429 Z5.5853 E3435.37658
G1 X184.261 Y151.778 Z5.5858 E3435.67374
G1 X185.175 Y152.164 Z5.5862 E3435.97090
G1 X186.074 Y152.586 Z5.5867 E3436.26806
G1 X186.955 Y153.044 Z5.5872 E3436.56522
G1 X187.817 Y153.536 Z5.5877 E3436.86238
G1 X188.659 Y154.061 Z5.5881 E3437.15954
G1 X189.480 Y154.620 Z5.5886 E3437.45670
G1 X190.277 Y155.211 Z5.5891 E3437.75386
G1 X191.051 Y155.833 Z5.5896 E3438.05102
G1 X191.799 Y156.485 Z5.5900 E3438.34818
G1 X192.521 Y157.167 Z5.5905 E3438.64534
G1 X193.215 Y157.877 Z5.5910 E3438.94250
G1 X193.881 Y158.613 Z5.5915 E3439.23966
G1 X194.516 Y159.376 Z5.5919 E3439.53682
G1 X195.121 Y160.163 Z5.5924 E3439.83398
G1 X195.694 Y160.973 Z5.5929 E3440.13114
G1 X196.235 Y161.806 Z5.5934 E3440.42830
G1 X196.742 Y162.660 Z5.5938 E3440.72546
G1 X197.215 Y163.532 Z5.5943 E3441.02262
G1 X197.653 Y164.423 Z5.5948 E3441.31978
G1 X198.055 Y165.331 Z5.5953 E3441.61694
G1 X198.420 Y166.254 Z5.5957 E3441.91410
G1 X198.749 Y167.191 Z5.5962 E3442.21126
G1 X199.040 Y168.140 Z5.5967 E3442.50842
G1 X199.294 Y169.100 Z5.5972 E3442.80558
G1 X199.509 Y170.069 Z5.5976 E3443.10274
G1 X199.685 Y171.046 Z5.5981 E3443.39990
G1 X199.823 Y172.029 Z5.5986 E3443.69706
G1 X199.921 Y173.017 Z5.5991 E3443.99422
G1 X199.980 Y174.007 Z5.5995 E3444.29138
G1 X200.000 Y175.000 Z5.6000 E3444.58854
G1 X199.892 Y176.193 Z5.6006 E3444.94710
G1 X199.867 Y176.371 Z5.6007 E3445.00076
G1 X199.827 Y176.545 Z5.6007 E3445.05443
G1 X199.538 Y177.592 Z5.6013 E3445.37943
G1 X199.484 Y177.758 Z5.6013 E3445.43193
G1 X199.415 Y177.920 Z5.6014 E3445.48443
G1 X198.797 Y179.213 Z5.6021 E3445.91345
G1 X197.693 Y180.770 Z5.6030 E3446.48478
G1 X196.037 Y182.429 Z5.6041 E3447.18631
G1 X193.884 Y184.011 Z5.6054 E3447.98624
G1 X191.219 Y185.464 Z5.6069 E3448.89482
G1 X188.058 Y186.725 Z5.6085 E3449.91351
G1 X184.453 Y187.729 Z5.6103 E3451.03361
G1 X180.496 Y188.414 Z5.6122 E3452.23587
G1 X176.313 Y188.731 Z5.6142 E3453.49160
G1 X172.058 Y188.654 Z5.6162 E3454.76536
G1 X167.897 Y188.183 Z5.6183 E3456.01897
G1 X163.987 Y187.344 Z5.6202 E3457.21619
G1 X160.461 Y186.186 Z5.6219 E3458.32717
G1 X157.416 Y184.774 Z5.6235 E3459.33182
G1 X154.906 Y183.181 Z5.6250 E3460.22154
G1 X152.946 Y181.476 Z5.6262 E3460.99921
G1 X151.637 Y179.865 Z5.6272 E3461.62056
G1 X151.524 Y179.712 Z5.6273 E3461.67753
G1 X151.427 Y179.548 Z5.6274 E3461.73451
G1 X150.711 Y178.213 Z5.6281 E3462.18792
G1 X150.628 Y178.038 Z5.6282 E3462.24589
G1 X150.562 Y177.856 Z5.6283 E3462.30386
G1 X150.212 Y176.715 Z5.6289 E3462.66106
G1 X150.165 Y176.533 Z5.6289 E3462.71749
G1 X150.136 Y176.347 Z5.6290 E3462.77393
G1 X150.021 Y175.307 Z5.6295 E3463.08687
G1 X150.010 Y175.124 Z5.6296 E3463.14191
G1 X150.015 Y174.940 Z5.6297 E3463.19696
G1 X150.090 Y173.931 Z5.6302 E3463.49988
G1 X150.111 Y173.753 Z5.6303 E3463.55365
G1 X150.149 Y173.577 Z5.6304 E3463.60742
G1 X150.419 Y172.536 Z5.6309 E3463.92930
G1 X150.470 Y172.368 Z5.6310 E3463.98190
G1 X150.537 Y172.205 Z5.6310 E3464.03450
G1 X151.125 Y170.921 Z5.6317 E3464.45747
G1 X152.187 Y169.375 Z5.6326 E3465.01878
G1 X153.801 Y167.712 Z5.6337 E3465.71255
G1 X155.911 Y166.121 Z5.6350 E3466.50349
G1 X158.532 Y164.655 Z5.6364 E3467.40253
G1 X161.651 Y163.374 Z5.6380 E3468.41193
G1 X165.221 Y162.346 Z5.6398 E3469.52391
G1 X169.153 Y161.631 Z5.6417 E3470.72011
G1 X173.322 Y161.281 Z5.6437 E3471.97256
G1 X177.577 Y161.323 Z5.6458 E3473.24627
G1 X181.753 Y161.761 Z5.6478 E3474.50309
G1 X185.690 Y162.570 Z5.6497 E3475.70645
G1 X189.254 Y163.704 Z5.6515 E3476.82580
G1 X192.343 Y165.097 Z5.6531 E3477.84012
G1 X194.899 Y166.677 Z5.6545 E3478.73978
G1 X196.906 Y168.375 Z5.6558 E3479.52671
G1 X198.258 Y169.985 Z5.6568 E3480.15615
G1 X198.373 Y170.136 Z5.6569 E3480.21285
G1 X198.473 Y170.297 Z5.6570 E3480.26956
G1 X199.229 Y171.653 Z5.6577 E3480.73444
G1 X199.315 Y171.827 Z5.6578 E3480.79255
G1 X199.384 Y172.009 Z5.6579 E3480.85065
G1 X199.759 Y173.162 Z5.6585 E3481.21356
G1 X199.809 Y173.344 Z5.6586 E3481.27012
G1 X199.841 Y173.530 Z5.6587 E3481.32669
G1 X199.996 Y174.758 Z5.6593 E3481.69725
G1 X200.000 Y175.000 Z5.6594 E3481.76958
G1 X199.981 Y175.981 Z5.6598 E3482.06344
G1 X199.923 Y176.961 Z5.6603 E3482.35730
G1 X199.827 Y177.938 Z5.6608 E3482.65116
G1 X199.692 Y178.911 Z5.6612 E3482.94502
G1 X199.520 Y179.877 Z5.6617 E3483.23888
G1 X199.309 Y180.836 Z5.6622 E3483.53274
G1 X199.061 Y181.786 Z5.6627 E3483.82660
G1 X198.776 Y182.725 Z5.6631 E3484.12045
G1 X198.455 Y183.653 Z5.6636 E3484.41431
G1 X197.540 Y185.628 Z5.6646 E3485.06575
G1 X197.450 Y185.783 Z5.6647 E3485.11941
G1 X197.346 Y185.929 Z5.6648 E3485.17308
G1 X196.678 Y186.785 Z5.6653 E3485.49808
G1 X196.564 Y186.918 Z5.6654 E3485.55058
G1 X196.439 Y187.041 Z5.6655 E3485.60308
G1 X195.374 Y187.999 Z5.6662 E3486.03210
G1 X193.757 Y189.015 Z5.6671 E3486.60343
G1 X191.593 Y189.914 Z5.6682 E3487.30496
G1 X188.998 Y190.551 Z5.6695 E3488.10489
G1 X185.980 Y190.874 Z5.6709 E3489.01347
G1 X182.577 Y190.830 Z5.6726 E3490.03216
G1 X178.863 Y190.378 Z5.6743 E3491.15226
G1 X174.944 Y189.496 Z5.6763 E3492.35452
G1 X170.958 Y188.188 Z5.6783 E3493.61025
G1 X167.057 Y186.489 Z5.6803 E3494.88402
G1 X163.393 Y184.462 Z5.6823 E3496.13762
G1 X160.101 Y182.190 Z5.6842 E3497.33484
G1 X157.287 Y179.770 Z5.6860 E3498.44582
G1 X155.014 Y177.301 Z5.6876 E3499.45047
G1 X153.305 Y174.869 Z5.6890 E3500.34020
G1 X152.147 Y172.543 Z5.6903 E3501.11786
G1 X151.554 Y170.554 Z5.6913 E3501.73921
G1 X151.508 Y170.369 Z5.6913 E3501.79619
G1 X151.481 Y170.181 Z5.6914 E3501.85316
G1 X151.330 Y168.674 Z5.6922 E3502.30658
G1 X151.321 Y168.480 Z5.6923 E3502.36455
G1 X151.330 Y168.287 Z5.6923 E3502.42251
G1 X151.442 Y167.099 Z5.6929 E3502.77971
G1 X151.469 Y166.912 Z5.6930 E3502.83614
G1 X151.513 Y166.729 Z5.6931 E3502.89258
G1 X151.805 Y165.725 Z5.6936 E3503.20552
G1 X151.864 Y165.551 Z5.6937 E3503.26056
G1 X151.940 Y165.383 Z5.6938 E3503.31561
G1 X152.395 Y164.480 Z5.6943 E3503.61853
G1 X152.483 Y164.323 Z5.6943 E3503.67230
G1 X152.585 Y164.175 Z5.6944 E3503.72608
G1 X153.233 Y163.317 Z5.6949 E3504.04795
G1 X153.345 Y163.181 Z5.6950 E3504.10055
G1 X153.468 Y163.056 Z5.6951 E3504.15316
G1 X154.504 Y162.095 Z5.6958 E3504.57612
G1 X156.076 Y161.074 Z5.6967 E3505.13743
G1 X158.204 Y160.154 Z5.6978 E3505.83120
G1 X160.762 Y159.492 Z5.6990 E3506.62215
G1 X163.744 Y159.140 Z5.7005 E3507.52118
G1 X167.116 Y159.151 Z5.7021 E3508.53059
G1 X170.808 Y159.567 Z5.7039 E3509.64257
G1 X174.714 Y160.411 Z5.7058 E3510.83876
G1 X178.700 Y161.683 Z5.7078 E3512.09121
G1 X182.614 Y163.350 Z5.7098 E3513.36492
G1 X186.305 Y165.353 Z5.7118 E3514.62174
G1 X189.633 Y167.608 Z5.7137 E3515.82511
G1 X192.492 Y170.018 Z5.7155 E3516.94445
G1 X194.813 Y172.487 Z5.7172 E3517.95877
G1 X196.570 Y174.925 Z5.7186 E3518.85843
G1 X197.774 Y177.262 Z5.7198 E3519.64536
G1 X198.407 Y179.268 Z5.7208 E3520.27480
G1 X198.455 Y179.451 Z5.7209 E3520.33150
G1 X198.486 Y179.638 Z5.7210 E3520.38821
G1 X198.665 Y181.180 Z5.7218 E3520.85309
G1 X198.678 Y181.374 Z5.7219 E3520.91120
G1 X198.673 Y181.568 Z5.7220 E3520.96930
G1 X198.578 Y182.777 Z5.7225 E3521.33221
G1 X198.554 Y182.964 Z5.7226 E3521.38878
G1 X198.513 Y183.148 Z5.7227 E3521.44534
G1 X198.186 Y184.342 Z5.7233 E3521.81590
G1 X198.097 Y184.567 Z5.7234 E3521.88824
G1 X197.704 Y185.466 Z5.7239 E3522.18210
G1 X197.275 Y186.350 Z5.7244 E3522.47595
G1 X196.812 Y187.216 Z5.7248 E3522.76981
G1 X196.316 Y188.062 Z5.7253 E3523.06367
G1 X195.787 Y188.889 Z5.7258 E3523.35753
G1 X195.225 Y189.695 Z5.7262 E3523.65139
G1 X194.633 Y190.477 Z5.7267 E3523.94525
G1 X194.010 Y191.236 Z5.7272 E3524.23911
G1 X193.358 Y191.970 Z5.7276 E3524.53296
G1 X191.757 Y193.444 Z5.7287 E3525.18440
G1 X191.615 Y193.553 Z5.7288 E3525.23807
G1 X191.463 Y193.648 Z5.7289 E3525.29173
G1 X190.518 Y194.183 Z5.7294 E3525.61673
G1 X190.362 Y194.263 Z5.7295 E3525.66923
G1 X190.199 Y194.329 Z5.7295 E3525.72173
G1 X188.848 Y194.807 Z5.7302 E3526.15076
G1 X186.966 Y195.126 Z5.7311 E3526.72209
G1 X184.623 Y195.129 Z5.7323 E3527.42361
G1 X181.981 Y194.724 Z5.7335 E3528.22354
G1 X179.069 Y193.867 Z5.7350 E3529.13212
G1 X175.942 Y192.525 Z5.7366 E3530.15081
G1 X172.684 Y190.685 Z5.7384 E3531.27091
G1 X169.401 Y188.371 Z5.7403 E3532.47317
G1 X166.219 Y185.638 Z5.7423 E3533.72891
G1 X163.265 Y182.575 Z5.7444 E3535.00267
G1 X160.655 Y179.299 Z5.7464 E3536.25627
G1 X158.484 Y175.941 Z5.7483 E3537.45349
G1 X156.810 Y172.628 Z5.7501 E3538.56447
G1 X155.655 Y169.477 Z5.7517 E3539.56912
G1 X155.007 Y166.576 Z5.7531 E3540.45885
G1 X154.827 Y163.985 Z5.7543 E3541.23651
G1 X155.040 Y161.920 Z5.7553 E3541.85786
G1 X155.069 Y161.732 Z5.7554 E3541.91484
G1 X155.115 Y161.547 Z5.7555 E3541.97182
G1 X155.553 Y160.097 Z5.7562 E3542.42523
G1 X155.618 Y159.915 Z5.7563 E3542.48320
G1 X155.700 Y159.740 Z5.7564 E3542.54117
G1 X156.259 Y158.685 Z5.7570 E3542.89836
G1 X156.355 Y158.523 Z5.7571 E3542.95480
G1 X156.466 Y158.370 Z5.7572 E3543.01123
G1 X157.120 Y157.555 Z5.7577 E3543.32417
G1 X157.241 Y157.417 Z5.7577 E3543.37922
G1 X157.375 Y157.290 Z5.7578 E3543.43426
G1 X158.142 Y156.630 Z5.7583 E3543.73718
G1 X158.283 Y156.519 Z5.7584 E3543.79096
G1 X158.434 Y156.421 Z5.7585 E3543.84473
G1 X159.361 Y155.876 Z5.7590 E3544.16661
G1 X159.516 Y155.794 Z5.7591 E3544.21921
G1 X159.678 Y155.726 Z5.7592 E3544.27181
G1 X161.002 Y155.234 Z5.7598 E3544.69477
G1 X162.846 Y154.892 Z5.7607 E3545.25608
G1 X165.164 Y154.856 Z5.7618 E3545.94985
G1 X167.780 Y155.224 Z5.7631 E3546.74080
G1 X170.670 Y156.040 Z5.7645 E3547.63983
G1 X173.782 Y157.340 Z5.7662 E3548.64924
G1 X177.033 Y159.137 Z5.7679 E3549.76122
G1 X180.318 Y161.412 Z5.7698 E3550.95741
G1 X183.514 Y164.113 Z5.7718 E3552.20987
G1 X186.493 Y167.151 Z5.7739 E3553.48357
G1 X189.136 Y170.413 Z5.7759 E3554.74040
G1 X191.348 Y173.770 Z5.7778 E3555.94376
G1 X193.067 Y177.091 Z5.7796 E3557.06311
G1 X194.266 Y180.260 Z5.7812 E3558.07742
G1 X194.956 Y183.185 Z5.7826 E3558.97708
G1 X195.175 Y185.805 Z5.7839 E3559.76401
G1 X194.992 Y187.900 Z5.7849 E3560.39345
G1 X194.966 Y188.088 Z5.7850 E3560.45016
G1 X194.923 Y188.272 Z5.7851 E3560.50686
G1 X194.499 Y189.766 Z5.7858 E3560.97175
G1 X194.437 Y189.950 Z5.7859 E3561.02985
G1 X194.357 Y190.127 Z5.7860 E3561.08796
G1 X193.807 Y191.207 Z5.7866 E3561.45087
G1 X193.713 Y191.372 Z5.7867 E3561.50743
G1 X193.605 Y191.526 Z5.7868 E3561.56399
G1 X192.846 Y192.504 Z5.7874 E3561.93456
G1 X192.678 Y192.678 Z5.7875 E3562.00689
G1 X191.970 Y193.358 Z5.7880 E3562.30075
G1 X191.236 Y194.010 Z5.7884 E3562.59461
G1 X190.477 Y194.633 Z5.7889 E3562.88846
G1 X189.695 Y195.225 Z5.7894 E3563.18232
G1 X188.889 Y195.787 Z5.7898 E3563.47618
G1 X188.062 Y196.316 Z5.7903 E3563.77004
G1 X187.216 Y196.812 Z5.7908 E3564.06390
G1 X186.350 Y197.275 Z5.7912 E3564.35776
G1 X185.466 Y197.704 Z5.7917 E3564.65162
G1 X183.423 Y198.453 Z5.7927 E3565.30305
G1 X183.250 Y198.499 Z5.7928 E3565.35672
G1 X183.073 Y198.529 Z5.7929 E3565.41038
G1 X181.996 Y198.662 Z5.7934 E3565.73539
G1 X181.821 Y198.675 Z5.7935 E3565.78789
G1 X181.646 Y198.674 Z5.7936 E3565.84039
G1 X180.214 Y198.598 Z5.7943 E3566.26941
G1 X178.354 Y198.173 Z5.7952 E3566.84074
G1 X176.187 Y197.279 Z5.7963 E3567.54226
G1 X173.902 Y195.894 Z5.7976 E3568.34219
G1 X171.539 Y193.989 Z5.7990 E3569.25077
G1 X169.164 Y191.551 Z5.8007 E3570.26947
G1 X166.858 Y188.605 Z5.8025 E3571.38956
G1 X164.711 Y185.211 Z5.8044 E3572.59182
G1 X162.817 Y181.468 Z5.8064 E3573.84756
G1 X161.259 Y177.508 Z5.8084 E3575.12132
G1 X160.102 Y173.483 Z5.8104 E3576.37493
G1 X159.381 Y169.549 Z5.8123 E3577.57214
G1 X159.102 Y165.848 Z5.8141 E3578.68312
G1 X159.241 Y162.495 Z5.8157 E3579.68778
G1 X159.752 Y159.567 Z5.8171 E3580.57750
G1 X160.578 Y157.103 Z5.8184 E3581.35516
G1 X161.565 Y155.277 Z5.8194 E3581.97651
G1 X161.663 Y155.114 Z5.8195 E3582.03349
G1 X161.777 Y154.962 Z5.8196 E3582.09047
G1 X162.737 Y153.790 Z5.8203 E3582.54388
G1 X162.866 Y153.646 Z5.8204 E3582.60185
G1 X163.009 Y153.516 Z5.8205 E3582.65982
G1 X163.929 Y152.755 Z5.8210 E3583.01701
G1 X164.080 Y152.642 Z5.8211 E3583.07345
G1 X164.241 Y152.544 Z5.8212 E3583.12989
G1 X165.157 Y152.040 Z5.8217 E3583.44282
G1 X165.322 Y151.959 Z5.8218 E3583.49787
G1 X165.494 Y151.894 Z5.8219 E3583.55291
G1 X166.455 Y151.577 Z5.8224 E3583.85583
G1 X166.628 Y151.528 Z5.8225 E3583.90961
G1 X166.805 Y151.496 Z5.8225 E3583.96338
G1 X167.870 Y151.347 Z5.8231 E3584.28526
G1 X168.044 Y151.330 Z5.8231 E3584.33786
G1 X168.220 Y151.329 Z5.8232 E3584.39046
G1 X169.632 Y151.382 Z5.8239 E3584.81343
G1 X171.466 Y151.771 Z5.8248 E3585.37473
G1 X173.621 Y152.626 Z5.8259 E3586.06851
G1 X175.898 Y153.966 Z5.8272 E3586.85945
G1 X178.256 Y155.826 Z5.8286 E3587.75848
G1 X180.633 Y158.218 Z5.8302 E3588.76789
G1 X182.949 Y161.123 Z5.8320 E3589.87987
G1 X185.113 Y164.482 Z5.8339 E3591.07606
G1 X187.033 Y168.200 Z5.8359 E3592.32852
G1 X188.622 Y172.147 Z5.8379 E3593.60222
G1 X189.815 Y176.172 Z5.8399 E3594.85905
G1 X190.574 Y180.120 Z5.8419 E3596.06241
G1 X190.891 Y183.846 Z5.8436 E3597.18176
G1 X190.786 Y187.233 Z5.8453 E3598.19607
G1 X190.305 Y190.199 Z5.8467 E3599.09573
G1 X189.504 Y192.703 Z5.8480 E3599.88266
G1 X188.533 Y194.569 Z5.8490 E3600.51210
G1 X188.438 Y194.732 Z5.8491 E3600.56881
G1 X188.328 Y194.886 Z5.8491 E3600.62551
G1 X187.364 Y196.104 Z5.8499 E3601.09040
G1 X187.236 Y196.250 Z5.8500 E3601.14850
G1 X187.095 Y196.383 Z5.8501 E3601.20661
G1 X186.173 Y197.171 Z5.8507 E3601.56952
G1 X186.024 Y197.287 Z5.8507 E3601.62608
G1 X185.864 Y197.388 Z5.8508 E3601.68264
G1 X184.789 Y198.001 Z5.8514 E3602.05321
G1 X184.567 Y198.097 Z5.8515 E3602.12554
G1 X183.653 Y198.455 Z5.8520 E3602.41940
G1 X182.725 Y198.776 Z5.8525 E3602.71326
G1 X181.786 Y199.061 Z5.8529 E3603.00712
G1 X180.836 Y199.309 Z5.8534 E3603.30098
G1 X179.877 Y199.520 Z5.8539 E3603.59483
G1 X178.911 Y199.692 Z5.8544 E3603.88869
G1 X177.938 Y199.827 Z5.8548 E3604.18255
G1 X176.961 Y199.923 Z5.8553 E3604.47641
G1 X175.981 Y199.981 Z5.8558 E3604.77027
G1 X173.807 Y199.892 Z5.8568 E3605.42171
G1 X173.629 Y199.867 Z5.8569 E3605.47537
G1 X173.455 Y199.827 Z5.8570 E3605.52903
G1 X172.408 Y199.538 Z5.8575 E3605.85404
G1 X172.242 Y199.484 Z5.8576 E3605.90654
G1 X172.080 Y199.415 Z5.8577 E3605.95904
G1 X170.787 Y198.797 Z5.8583 E3606.38806
G1 X169.230 Y197.693 Z5.8593 E3606.95939
G1 X167.571 Y196.037 Z5.8604 E3607.66092
G1 X165.989 Y193.884 Z5.8617 E3608.46084
G1 X164.536 Y191.219 Z5.8631 E3609.36942
G1 X163.275 Y188.058 Z5.8647 E3610.38812
G1 X162.271 Y184.453 Z5.8665 E3611.50822
G1 X161.586 Y180.496 Z5.8684 E3612.71048
G1 X161.269 Y176.313 Z5.8704 E3613.96621
G1 X161.346 Y172.058 Z5.8725 E3615.23997
G1 X161.817 Y167.897 Z5.8745 E3616.49358
G1 X162.656 Y163.987 Z5.8764 E3617.69079
G1 X163.814 Y160.461 Z5.8782 E3618.80177
G1 X165.226 Y157.416 Z5.8798 E3619.80643
G1 X166.819 Y154.906 Z5.8812 E3620.69615
G1 X168.524 Y152.946 Z5.8824 E3621.47382
G1 X170.135 Y151.637 Z5.8834 E3622.09516
G1 X170.288 Y151.524 Z5.8835 E3622.15214
G1 X170.452 Y151.427 Z5.8836 E3622.20912
G1 X171.787 Y150.711 Z5.8843 E3622.66253
G1 X171.962 Y150.628 Z5.8844 E3622.72050
G1 X172.144 Y150.562 Z5.8845 E3622.77847
G1 X173.285 Y150.212 Z5.8851 E3623.13566
G1 X173.467 Y150.165 Z5.8852 E3623.19210
G1 X173.653 Y150.136 Z5.8853 E3623.24854
G1 X174.693 Y150.021 Z5.8858 E3623.56148
G1 X174.876 Y150.010 Z5.8859 E3623.61652
G1 X175.060 Y150.015 Z5.8859 E3623.67156
G1 X176.069 Y150.090 Z5.8864 E3623.97449
G1 X176.247 Y150.111 Z5.8865 E3624.02826
G1 X176.423 Y150.149 Z5.8866 E3624.08203
G1 X177.464 Y150.419 Z5.8871 E3624.40391
G1 X177.632 Y150.470 Z5.8872 E3624.45651
G1 X177.795 Y150.537 Z5.8873 E3624.50911
G1 X179.079 Y151.125 Z5.8880 E3624.93208
G1 X180.625 Y152.187 Z5.8889 E3625.49338
G1 X182.288 Y153.801 Z5.8900 E3626.18716
G1 X183.879 Y155.911 Z5.8912 E3626.97810
G1 X185.345 Y158.532 Z5.8927 E3627.87713
G1 X186.626 Y161.651 Z5.8943 E3628.88654
G1 X187.654 Y165.221 Z5.8960 E3629.99852
G1 X188.369 Y169.153 Z5.8980 E3631.19472
G1 X188.719 Y173.322 Z5.9000 E3632.44717
G1 X188.677 Y177.577 Z5.9020 E3633.72087
G1 X188.239 Y181.753 Z5.9040 E3634.97770
G1 X187.430 Y185.690 Z5.9059 E3636.18106
G1 X186.296 Y189.254 Z5.9077 E3637.30041
G1 X184.903 Y192.343 Z5.9093 E3638.31472
G1 X183.323 Y194.899 Z5.9108 E3639.21438
G1 X181.625 Y196.906 Z5.9120 E3640.00132
G1 X180.015 Y198.258 Z5.9130 E3640.63075
G1 X179.864 Y198.373 Z5.9131 E3640.68746
G1 X179.703 Y198.473 Z5.9132 E3640.74416
G1 X178.347 Y199.229 Z5.9139 E3641.20905
G1 X178.173 Y199.315 Z5.9140 E3641.26715
G1 X177.991 Y199.384 Z5.9141 E3641.32526
G1 X176.838 Y199.759 Z5.9147 E3641.68817
G1 X176.656 Y199.809 Z5.9148 E3641.74473
G1 X176.470 Y199.841 Z5.9149 E3641.80129
G1 X175.242 Y199.996 Z5.9155 E3642.17186
G1 X175.000 Y200.000 Z5.9156 E3642.24419
G1 X174.019 Y199.981 Z5.9161 E3642.53805
G1 X173.039 Y199.923 Z5.9165 E3642.83191
G1 X172.062 Y199.827 Z5.9170 E3643.12577
G1 X171.089 Y199.692 Z5.9175 E3643.41963
G1 X170.123 Y199.520 Z5.9179 E3643.71349
G1 X169.164 Y199.309 Z5.9184 E3644.00734
G1 X168.214 Y199.061 Z5.9189 E3644.30120
G1 X167.275 Y198.776 Z5.9194 E3644.59506
G1 X166.347 Y198.455 Z5.9198 E3644.88892
G1 X164.372 Y197.540 Z5.9209 E3645.54036
G1 X164.217 Y197.450 Z5.9209 E3645.59402
G1 X164.071 Y197.346 Z5.9210 E3645.64769
G1 X163.215 Y196.678 Z5.9216 E3645.97269
G1 X163.082 Y196.564 Z5.9216 E3646.02519
G1 X162.959 Y196.439 Z5.9217 E3646.07769
G1 X162.001 Y195.374 Z5.9224 E3646.50671
G1 X160.985 Y193.757 Z5.9233 E3647.07804
G1 X160.086 Y191.593 Z5.9244 E3647.77957
G1 X159.449 Y188.998 Z5.9257 E3648.57950
G1 X159.126 Y185.980 Z5.9272 E3649.48808
G1 X159.170 Y182.577 Z5.9288 E3650.50677
G1 X159.622 Y178.863 Z5.9306 E3651.62687
G1 X160.504 Y174.944 Z5.9325 E3652.82913
G1 X161.812 Y170.958 Z5.9345 E3654.08486
G1 X163.511 Y167.057 Z5.9365 E3655.35862
G1 X165.538 Y163.393 Z5.9385 E3656.61223
G1 X167.810 Y160.101 Z5.9405 E3657.80945
G1 X170.230 Y157.287 Z5.9422 E3658.92043
G1 X172.699 Y155.014 Z5.9438 E3659.92508
G1 X175.131 Y153.305 Z5.9453 E3660.81480
G1 X177.457 Y152.147 Z5.9465 E3661.59247
G1 X179.446 Y151.554 Z5.9475 E3662.21382
G1 X179.631 Y151.508 Z5.9476 E3662.27079
G1 X179.819 Y151.481 Z5.9477 E3662.32777
G1 X181.326 Y151.330 Z5.9484 E3662.78118
G1 X181.520 Y151.321 Z5.9485 E3662.83915
G1 X181.713 Y151.330 Z5.9486 E3662.89712
G1 X182.901 Y151.442 Z5.9491 E3663.25432
G1 X183.088 Y151.469 Z5.9492 E3663.31075
G1 X183.271 Y151.513 Z5.9493 E3663.36719
G1 X184.275 Y151.805 Z5.9498 E3663.68013
G1 X184.449 Y151.864 Z5.9499 E3663.73517
G1 X184.617 Y151.940 Z5.9500 E3663.79022
G1 X185.520 Y152.395 Z5.9505 E3664.09314
G1 X185.677 Y152.483 Z5.9506 E3664.14691
G1 X185.825 Y152.585 Z5.9507 E3664.20068
G1 X186.683 Y153.233 Z5.9512 E3664.52256
G1 X186.819 Y153.345 Z5.9513 E3664.57516
G1 X186.944 Y153.468 Z5.9513 E3664.62776
G1 X187.905 Y154.504 Z5.9520 E3665.05073
G1 X188.926 Y156.076 Z5.9529 E3665.61204
G1 X189.846 Y158.204 Z5.9540 E3666.30581
G1 X190.508 Y160.762 Z5.9553 E3667.09675
G1 X190.860 Y163.744 Z5.9567 E3667.99579
G1 X190.849 Y167.116 Z5.9583 E3669.00519
G1 X190.433 Y170.808 Z5.9601 E3670.11717
G1 X189.589 Y174.714 Z5.9620 E3671.31337
G1 X188.317 Y178.700 Z5.9640 E3672.56582
G1 X186.650 Y182.614 Z5.9660 E3673.83953
G1 X184.647 Y186.305 Z5.9681 E3675.09635
G1 X182.392 Y189.633 Z5.9700 E3676.29971
G1 X179.982 Y192.492 Z5.9718 E3677.41906
G1 X177.513 Y194.813 Z5.9734 E3678.43338
G1 X175.075 Y196.570 Z5.9748 E3679.33304
G1 X172.738 Y197.774 Z5.9761 E3680.11997
G1 X170.732 Y198.407 Z5.9771 E3680.74941
G1 X170.549 Y198.455 Z5.9772 E3680.80611
G1 X170.362 Y198.486 Z5.9773 E3680.86282
G1 X168.820 Y198.665 Z5.9780 E3681.32770
G1 X168.626 Y198.678 Z5.9781 E3681.38581
G1 X168.432 Y198.673 Z5.9782 E3681.44391
G1 X167.223 Y198.578 Z5.9788 E3681.80682
G1 X167.036 Y198.554 Z5.9789 E3681.86338
G1 X166.852 Y198.513 Z5.9789 E3681.91995
G1 X165.658 Y198.186 Z5.9795 E3682.29051
G1 X165.433 Y198.097 Z5.9797 E3682.36284
G1 X164.534 Y197.704 Z5.9801 E3682.65670
G1 X163.650 Y197.275 Z5.9806 E3682.95056
G1 X162.784 Y196.812 Z5.9811 E3683.24442
G1 X161.938 Y196.316 Z5.9815 E3683.53828
G1 X161.111 Y195.787 Z5.9820 E3683.83214
G1 X160.305 Y195.225 Z5.9825 E3684.12600
G1 X159.523 Y194.633 Z5.9829 E3684.41986
G1 X158.764 Y194.010 Z5.9834 E3684.71371
G1 X158.030 Y193.358 Z5.9839 E3685.00757
G1 X156.556 Y191.757 Z5.9849 E3685.65901
G1 X156.447 Y191.615 Z5.9850 E3685.71267
G1 X156.352 Y191.463 Z5.9851 E3685.76634
G1 X155.817 Y190.518 Z5.9856 E3686.09134
G1 X155.737 Y190.362 Z5.9857 E3686.14384
G1 X155.671 Y190.199 Z5.9858 E3686.19634
G1 X155.193 Y188.848 Z5.9865 E3686.62536
G1 X154.874 Y186.966 Z5.9874 E3687.19669
G1 X154.871 Y184.623 Z5.9885 E3687.89822
G1 X155.276 Y181.981 Z5.9898 E3688.69815
G1 X156.133 Y179.069 Z5.9912 E3689.60673
G1 X157.475 Y175.942 Z5.9928 E3690.62542
G1 X159.315 Y172.684 Z5.9946 E3691.74552
G1 X161.629 Y169.401 Z5.9966 E3692.94778
G1 X164.362 Y166.219 Z5.9986 E3694.20351
G1 X167.425 Y163.265 Z6.0006 E3695.47728
G1 X170.701 Y160.655 Z6.0026 E3696.73088
G1 X174.059 Y158.484 Z6.0045 E3697.92810
G1 X177.372 Y156.810 Z6.0063 E3699.03908
G1 X180.523 Y155.655 Z6.0079 E3700.04373
G1 X183.424 Y155.007 Z6.0093 E3700.93346
G1 X186.015 Y154.827 Z6.0105 E3701.71112
G1 X188.080 Y155.040 Z6.0115 E3702.33247
G1 X188.268 Y155.069 Z6.0116 E3702.38945
G1 X188.453 Y155.115 Z6.0117 E3702.44642
G1 X189.903 Y155.553 Z6.0124 E3702.89984
G1 X190.085 Y155.618 Z6.0125 E3702.95781
G1 X190.260 Y155.700 Z6.0126 E3703.01577
G1 X191.315 Y156.259 Z6.0132 E3703.37297
G1 X191.477 Y156.355 Z6.0133 E3703.42940
G1 X191.630 Y156.466 Z6.0134 E3703.48584
G1 X192.445 Y157.120 Z6.0139 E3703.79878
G1 X192.583 Y157.241 Z6.0140 E3703.85382
G1 X192.710 Y157.375 Z6.0141 E3703.90887
G1 X193.370 Y158.142 Z6.0145 E3704.21179
G1 X193.481 Y158.283 Z6.0146 E3704.26556
G1 X193.579 Y158.434 Z6.0147 E3704.31934
G1 X194.124 Y159.361 Z6.0152 E3704.64121
G1 X194.206 Y159.516 Z6.0153 E3704.69381
G1 X194.274 Y159.678 Z6.0154 E3704.74642
G1 X194.766 Y161.002 Z6.0161 E3705.16938
G1 X195.108 Y162.846 Z6.0170 E3705.73069
G1 X195.144 Y165.164 Z6.0181 E3706.42446
G1 X194.776 Y167.780 Z6.0193 E3707.21541
G1 X193.960 Y170.670 Z6.0208 E3708.11444
G1 X192.660 Y173.782 Z6.0224 E3709.12385
G1 X190.863 Y177.033 Z6.0242 E3710.23583
G1 X188.588 Y180.318 Z6.0261 E3711.43202
G1 X185.887 Y183.514 Z6.0281 E3712.68447
G1 X182.849 Y186.493 Z6.0301 E3713.95818
G1 X179.587 Y189.136 Z6.0321 E3715.21500
G1 X176.230 Y191.348 Z6.0340 E3716.41837
G1 X172.909 Y193.067 Z6.0358 E3717.53771
G1 X169.740 Y194.266 Z6.0374 E3718.55203
G1 X166.815 Y194.956 Z6.0389 E3719.45169
G1 X164.195 Y195.175 Z6.0401 E3720.23862
G1 X162.100 Y194.992 Z6.0411 E3720.86806
G1 X161.912 Y194.966 Z6.0412 E3720.92476
G1 X161.728 Y194.923 Z6.0413 E3720.98147
G1 X160.234 Y194.499 Z6.0421 E3721.44635
G1 X160.050 Y194.437 Z6.0422 E3721.50446
G1 X159.873 Y194.357 Z6.0422 E3721.56256
G1 X158.793 Y193.807 Z6.0428 E3721.92547
G1 X158.628 Y193.713 Z6.0429 E3721.98204
G1 X158.474 Y193.605 Z6.0430 E3722.03860
G1 X157.496 Y192.846 Z6.0436 E3722.40916
G1 X157.322 Y192.678 Z6.0437 E3722.48150
G1 X156.642 Y191.970 Z6.0442 E3722.77536
G1 X155.990 Y191.236 Z6.0447 E3723.06921
G1 X155.367 Y190.477 Z6.0451 E3723.36307
G1 X154.775 Y189.695 Z6.0456 E3723.65693
G1 X154.213 Y188.889 Z6.0461 E3723.95079
G1 X153.684 Y188.062 Z6.0465 E3724.24465
G1 X153.188 Y187.216 Z6.0470 E3724.53851
G1 X152.725 Y186.350 Z6.0475 E3724.83237
G1 X152.296 Y185.466 Z6.0479 E3725.12622
G1 X151.547 Y183.423 Z6.0490 E3725.77766
G1 X151.501 Y183.250 Z6.0491 E3725.83133
G1 X151.471 Y183.073 Z6.0491 E3725.88499
G1 X151.338 Y181.996 Z6.0497 E3726.20999
G1 X151.325 Y181.821 Z6.0498 E3726.26249
G1 X151.326 Y181.646 Z6.0498 E3726.31499
G1 X151.402 Y180.214 Z6.0505 E3726.74402
G1 X151.827 Y178.354 Z6.0514 E3727.31535
G1 X152.721 Y176.187 Z6.0526 E3728.01687
G1 X154.106 Y173.902 Z6.0538 E3728.81680
G1 X156.011 Y171.539 Z6.0553 E3729.72538
G1 X158.449 Y169.164 Z6.0569 E3730.74407
G1 X161.395 Y166.858 Z6.0587 E3731.86417
G1 X164.789 Y164.711 Z6.0606 E3733.06643
G1 X168.532 Y162.817 Z6.0626 E3734.32217
G1 X172.492 Y161.259 Z6.0647 E3735.59593
G1 X176.517 Y160.102 Z6.0667 E3736.84953
G1 X180.451 Y159.381 Z6.0686 E3738.04675
G1 X184.152 Y159.102 Z6.0703 E3739.15773
G1 X187.505 Y159.241 Z6.0719 E3740.16238
G1 X190.433 Y159.752 Z6.0734 E3741.05211
G1 X192.897 Y160.578 Z6.0746 E3741.82977
G1 X194.723 Y161.565 Z6.0756 E3742.45112
G1 X194.886 Y161.663 Z6.0757 E3742.50810
G1 X195.038 Y161.777 Z6.0758 E3742.56508
G1 X196.210 Y162.737 Z6.0765 E3743.01849
G1 X196.354 Y162.866 Z6.0766 E3743.07646
G1 X196.484 Y163.009 Z6.0767 E3743.13443
G1 X197.245 Y163.929 Z6.0773 E3743.49162
G1 X197.358 Y164.080 Z6.0774 E3743.54806
G1 X197.456 Y164.241 Z6.0774 E3743.60449
G1 X197.960 Y165.157 Z6.0779 E3743.91743
G1 X198.041 Y165.322 Z6.0780 E3743.97248
G1 X198.106 Y165.494 Z6.0781 E3744.02752
G1 X198.423 Y166.455 Z6.0786 E3744.33044
G1 X198.472 Y166.628 Z6.0787 E3744.38422
G1 X198.504 Y166.805 Z6.0788 E3744.43799
G1 X198.653 Y167.870 Z6.0793 E3744.75987
G1 X198.670 Y168.044 Z6.0794 E3744.81247
G1 X198.671 Y168.220 Z6.0795 E3744.86507
G1 X198.618 Y169.632 Z6.0801 E3745.28803
G1 X198.229 Y171.466 Z6.0810 E3745.84934
G1 X197.374 Y173.621 Z6.0821 E3746.54311
G1 X196.034 Y175.898 Z6.0834 E3747.33406
G1 X194.174 Y178.256 Z6.0848 E3748.23309
G1 X191.782 Y180.633 Z6.0864 E3749.24250
G1 X188.877 Y182.949 Z6.0882 E3750.35448
G1 X185.518 Y185.113 Z6.0901 E3751.55067
G1 X181.800 Y187.033 Z6.0921 E3752.80313
G1 X177.853 Y188.622 Z6.0942 E3754.07683
G1 X173.828 Y189.815 Z6.0962 E3755.33366
G1 X169.880 Y190.574 Z6.0981 E3756.53702
G1 X166.154 Y190.891 Z6.0999 E3757.65637
G1 X162.767 Y190.786 Z6.1015 E3758.67068
G1 X159.801 Y190.305 Z6.1029 E3759.57034
G1 X157.297 Y189.504 Z6.1042 E3760.35727
G1 X155.431 Y188.533 Z6.1052 E3760.98671
G1 X155.268 Y188.438 Z6.1053 E3761.04342
G1 X155.114 Y188.328 Z6.1054 E3761.10012
G1 X153.896 Y187.364 Z6.1061 E3761.56501
G1 X153.750 Y187.236 Z6.1062 E3761.62311
G1 X153.617 Y187.095 Z6.1063 E3761.68122
G1 X152.829 Y186.173 Z6.1069 E3762.04413
G1 X152.713 Y186.024 Z6.1070 E3762.10069
G1 X152.612 Y185.864 Z6.1071 E3762.15725
G1 X151.999 Y184.789 Z6.1077 E3762.52782
G1 X151.903 Y184.567 Z6.1078 E3762.60015
G1 X151.541 Y183.643 Z6.1082 E3762.89731
G1 X151.217 Y182.704 Z6.1087 E3763.19447
G1 X150.930 Y181.754 Z6.1092 E3763.49163
G1 X150.680 Y180.793 Z6.1097 E3763.78879
G1 X150.470 Y179.823 Z6.1101 E3764.08595
G1 X150.298 Y178.845 Z6.1106 E3764.38311
G1 X150.164 Y177.862 Z6.1111 E3764.68027
G1 X150.070 Y176.873 Z6.1116 E3764.97743
G1 X150.016 Y175.882 Z6.1120 E3765.27459
G1 X150.000 Y174.890 Z6.1125 E3765.57175
G1 X150.024 Y173.897 Z6.1130 E3765.86891
G1 X150.088 Y172.907 Z6.1135 E3766.16607
G1 X150.191 Y171.919 Z6.1139 E3766.46323
G1 X150.332 Y170.937 Z6.1144 E3766.76039
G1 X150.513 Y169.961 Z6.1149 E3767.05755
G1 X150.733 Y168.992 Z6.1154 E3767.35471
G1 X150.990 Y168.034 Z6.1158 E3767.65187
G1 X151.286 Y167.086 Z6.1163 E3767.94903
G1 X151.619 Y166.151 Z6.1168 E3768.24619
G1 X151.988 Y165.229 Z6.1173 E3768.54335
G1 X152.394 Y164.324 Z6.1177 E3768.84051
G1 X152.836 Y163.435 Z6.1182 E3769.13767
G1 X153.313 Y162.564 Z6.1187 E3769.43483
G1 X153.824 Y161.713 Z6.1192 E3769.73199
G1 X154.368 Y160.882 Z6.1196 E3770.02915
G1 X154.944 Y160.074 Z6.1201 E3770.32631
G1 X155.553 Y159.290 Z6.1206 E3770.62347
G1 X156.192 Y158.530 Z6.1211 E3770.92063
G1 X156.861 Y157.796 Z6.1215 E3771.21779
G1 X157.558 Y157.090 Z6.1220 E3771.51495
G1 X158.283 Y156.412 Z6.1225 E3771.81211
G1 X159.034 Y155.763 Z6.1230 E3772.10927
G1 X159.810 Y155.144 Z6.1234 E3772.40643
G1 X160.610 Y154.556 Z6.1239 E3772.70359
G1 X161.433 Y154.001 Z6.1244 E3773.00075
G1 X162.278 Y153.479 Z6.1249 E3773.29791
G1 X163.142 Y152.991 Z6.1253 E3773.59507
G1 X164.025 Y152.538 Z6.1258 E3773.89223
G1 X164.926 Y152.120 Z6.1263 E3774.18939
G1 X165.842 Y151.738 Z6.1268 E3774.48655
G1 X166.773 Y151.393 Z6.1272 E3774.78371
G1 X167.716 Y151.085 Z6.1277 E3775.08087
G1 X168.672 Y150.814 Z6.1282 E3775.37803
G1 X169.637 Y150.582 Z6.1286 E3775.67519
G1 X170.611 Y150.388 Z6.1291 E3775.97235
G1 X171.591 Y150.234 Z6.1296 E3776.26951
G1 X172.577 Y150.118 Z6.1301 E3776.56667
G1 X173.567 Y150.041 Z6.1305 E3776.86383
G1 X174.559 Y150.004 Z6.1310 E3777.16099
G1 X175.551 Y150.006 Z6.1315 E3777.45815
G1 X176.543 Y150.048 Z6.1320 E3777.75531
G1 X177.533 Y150.129 Z6.1324 E3778.05247
G1 X178.518 Y150.249 Z6.1329 E3778.34963
G1 X179.498 Y150.408 Z6.1334 E3778.64679
G1 X180.471 Y150.606 Z6.1339 E3778.94395
G1 X181.435 Y150.842 Z6.1343 E3779.24111
G1 X182.389 Y151.117 Z6.1348 E3779.53827
G1 X183.331 Y151.429 Z6.1353 E3779.83543
G1 X184.261 Y151.778 Z6.1358 E3780.13259
G1 X185.175 Y152.164 Z6.1362 E3780.42975
G1 X186.074 Y152.586 Z6.1367 E3780.72691
G1 X186.955 Y153.044 Z6.1372 E3781.02407
G1 X187.817 Y153.536 Z6.1377 E3781.32123
G1 X188.659 Y154.061 Z6.1381 E3781.61839
G1 X189.480 Y154.620 Z6.1386 E3781.91555
G1 X190.277 Y155.211 Z6.1391 E3782.21271
G1 X191.051 Y155.833 Z6.1396 E3782.50987
G1 X191.799 Y156.485 Z6.1400 E3782.80703
G1 X192.521 Y157.167 Z6.1405 E3783.10419
G1 X193.215 Y157.877 Z6.1410 E3783.40135
G1 X193.881 Y158.613 Z6.1415 E3783.69851
G1 X194.516 Y159.376 Z6.1419 E3783.99567
G1 X195.121 Y160.163 Z6.1424 E3784.29283
G1 X195.694 Y160.973 Z6.1429 E3784.58999
G1 X196.235 Y161.806 Z6.1434 E3784.88715
G1 X196.742 Y162.660 Z6.1438 E3785.18431
G1 X197.215 Y163.532 Z6.1443 E3785.48147
G1 X197.653 Y164.423 Z6.1448 E3785.77863
G1 X198.055 Y165.331 Z6.1453 E3786.07579
G1 X198.420 Y166.254 Z6.1457 E3786.37295
G1 X198.749 Y167.191 Z6.1462 E3786.67011
G1 X199.040 Y168.140 Z6.1467 E3786.96727
G1 X199.294 Y169.100 Z6.1472 E3787.26443
G1 X199.509 Y170.069 Z6.1476 E3787.56159
G1 X199.685 Y171.046 Z6.1481 E3787.85875
G1 X199.823 Y172.029 Z6.1486 E3788.15591
G1 X199.921 Y173.017 Z6.1491 E3788.45307
G1 X199.980 Y174.007 Z6.1495 E3788.75023
G1 X200.000 Y175.000 Z6.1500 E3789.04739
G1 X199.892 Y176.193 Z6.1506 E3789.40595
G1 X199.867 Y176.371 Z6.1507 E3789.45962
G1 X199.827 Y176.545 Z6.1507 E3789.51328
G1 X199.538 Y177.592 Z6.1513 E3789.83828
G1 X199.484 Y177.758 Z6.1513 E3789.89078
G1 X199.415 Y177.920 Z6.1514 E3789.94328
G1 X198.797 Y179.213 Z6.1521 E3790.37231
G1 X197.693 Y180.770 Z6.1530 E3790.94364
G1 X196.037 Y182.429 Z6.1541 E3791.64516
G1 X193.884 Y184.011 Z6.1554 E3792.44509
G1 X191.219 Y185.464 Z6.1569 E3793.35367
G1 X188.058 Y186.725 Z6.1585 E3794.37236
G1 X184.453 Y187.729 Z6.1603 E3795.49246
G1 X180.496 Y188.414 Z6.1622 E3796.69472
G1 X176.313 Y188.731 Z6.1642 E3797.95046
G1 X172.058 Y188.654 Z6.1662 E3799.22422
G1 X167.897 Y188.183 Z6.1683 E3800.47782
G1 X163.987 Y187.344 Z6.1702 E3801.67504
G1 X160.461 Y186.186 Z6.1719 E3802.78602
G1 X157.416 Y184.774 Z6.1735 E3803.79067
G1 X154.906 Y183.181 Z6.1750 E3804.68040
G1 X152.946 Y181.476 Z6.1762 E3805.45806
G1 X151.637 Y179.865 Z6.1772 E3806.07941
G1 X151.524 Y179.712 Z6.1773 E3806.13639
G1 X151.427 Y179.548 Z6.1774 E3806.19337
G1 X150.711 Y178.213 Z6.1781 E3806.64678
G1 X150.628 Y178.038 Z6.1782 E3806.70475
G1 X150.562 Y177.856 Z6.1783 E3806.76272
G1 X150.212 Y176.715 Z6.1789 E3807.11991
G1 X150.165 Y176.533 Z6.1789 E3807.17635
G1 X150.136 Y176.347 Z6.1790 E3807.23278
G1 X150.021 Y175.307 Z6.1795 E3807.54572
G1 X150.010 Y175.124 Z6.1796 E3807.60077
G1 X150.015 Y174.940 Z6.1797 E3807.65581
G1 X150.090 Y173.931 Z6.1802 E3807.95873
G1 X150.111 Y173.753 Z6.1803 E3808.01250
G1 X150.149 Y173.577 Z6.1804 E3808.06628
G1 X150.419 Y172.536 Z6.1809 E3808.38816
G1 X150.470 Y172.368 Z6.1810 E3808.44076
G1 X150.537 Y172.205 Z6.1810 E3808.49336
G1 X151.125 Y170.921 Z6.1817 E3808.91632
G1 X152.187 Y169.375 Z6.1826 E3809.47763
G1 X153.801 Y167.712 Z6.1837 E3810.17140
G1 X155.911 Y166.121 Z6.1850 E3810.96235
G1 X158.532 Y164.655 Z6.1864 E3811.86138
G1 X161.651 Y163.374 Z6.1880 E3812.87079
G1 X165.221 Y162.346 Z6.1898 E3813.98277
G1 X169.153 Y161.631 Z6.1917 E3815.17896
G1 X173.322 Y161.281 Z6.1937 E3816.43142
G1 X177.577 Y161.323 Z6.1958 E3817.70512
G1 X181.753 Y161.761 Z6.1978 E3818.96195
G1 X185.690 Y162.570 Z6.1997 E3820.16531
G1 X189.254 Y163.704 Z6.2015 E3821.28466
G1 X192.343 Y165.097 Z6.2031 E3822.29897
G1 X194.899 Y166.677 Z6.2045 E3823.19863
G1 X196.906 Y168.375 Z6.2058 E3823.98556
G1 X198.258 Y169.985 Z6.2068 E3824.61500
G1 X198.373 Y170.136 Z6.2069 E3824.67170
G1 X198.473 Y170.297 Z6.2070 E3824.72841
G1 X199.229 Y171.653 Z6.2077 E3825.19330
G1 X199.315 Y171.827 Z6.2078 E3825.25140
G1 X199.384 Y172.009 Z6.2079 E3825.30951
G1 X199.759 Y173.162 Z6.2085 E3825.67242
G1 X199.809 Y173.344 Z6.2086 E3825.72898
G1 X199.841 Y173.530 Z6.2087 E3825.78554
G1 X199.996 Y174.758 Z6.2093 E3826.15611
G1 X200.000 Y175.000 Z6.2094 E3826.22844
G1 X199.981 Y175.981 Z6.2098 E3826.52230
G1 X199.923 Y176.961 Z6.2103 E3826.81616
G1 X199.827 Y177.938 Z6.2108 E3827.11001
G1 X199.692 Y178.911 Z6.2112 E3827.40387
G1 X199.520 Y179.877 Z6.2117 E3827.69773
G1 X199.309 Y180.836 Z6.2122 E3827.99159
G1 X199.061 Y181.786 Z6.2127 E3828.28545
G1 X198.776 Y182.725 Z6.2131 E3828.57931
G1 X198.455 Y183.653 Z6.2136 E3828.87317
G1 X197.540 Y185.628 Z6.2146 E3829.52460
G1 X197.450 Y185.783 Z6.2147 E3829.57827
G1 X197.346 Y185.929 Z6.2148 E3829.63193
G1 X196.678 Y186.785 Z6.2153 E3829.95694
G1 X196.564 Y186.918 Z6.2154 E3830.00944
G1 X196.439 Y187.041 Z6.2155 E3830.06194
G1 X195.374 Y187.999 Z6.2162 E3830.49096
G1 X193.757 Y189.015 Z6.2171 E3831.06229
G1 X191.593 Y189.914 Z6.2182 E3831.76381
G1 X188.998 Y190.551 Z6.2195 E3832.56374
G1 X185.980 Y190.874 Z6.2209 E3833.47232
G1 X182.577 Y190.830 Z6.2226 E3834.49102
G1 X178.863 Y190.378 Z6.2243 E3835.61111
G1 X174.944 Y189.496 Z6.2263 E3836.81337
G1 X170.958 Y188.188 Z6.2283 E3838.06911
G1 X167.057 Y186.489 Z6.2303 E3839.34287
G1 X163.393 Y184.462 Z6.2323 E3840.59648
G1 X160.101 Y182.190 Z6.2342 E3841.79369
G1 X157.287 Y179.770 Z6.2360 E3842.90467
G1 X155.014 Y177.301 Z6.2376 E3843.90933
G1 X153.305 Y174.869 Z6.2390 E3844.79905
G1 X152.147 Y172.543 Z6.2403 E3845.57671
G1 X151.554 Y170.554 Z6.2413 E3846.19806
G1 X151.508 Y170.369 Z6.2413 E3846.25504
G1 X151.481 Y170.181 Z6.2414 E3846.31202
G1 X151.330 Y168.674 Z6.2422 E3846.76543
G1 X151.321 Y168.480 Z6.2423 E3846.82340
G1 X151.330 Y168.287 Z6.2423 E3846.88137
G1 X151.442 Y167.099 Z6.2429 E3847.23856
G1 X151.469 Y166.912 Z6.2430 E3847.29500
G1 X151.513 Y166.729 Z6.2431 E3847.35144
G1 X151.805 Y165.725 Z6.2436 E3847.66437
G1 X151.864 Y165.551 Z6.2437 E3847.71942
G1 X151.940 Y165.383 Z6.2438 E3847.77446
G1 X152.395 Y164.480 Z6.2443 E3848.07738
G1 X152.483 Y164.323 Z6.2443 E3848.13116
G1 X152.585 Y164.175 Z6.2444 E3848.18493
G1 X153.233 Y163.317 Z6.2449 E3848.50681
G1 X153.345 Y163.181 Z6.2450 E3848.55941
G1 X153.468 Y163.056 Z6.2451 E3848.61201
G1 X154.504 Y162.095 Z6.2458 E3849.03498
G1 X156.076 Y161.074 Z6.2467 E3849.59628
G1 X158.204 Y160.154 Z6.2478 E3850.29006
G1 X160.762 Y159.492 Z6.2490 E3851.08100
G1 X163.744 Y159.140 Z6.2505 E3851.98003
G1 X167.116 Y159.151 Z6.2521 E3852.98944
G1 X170.808 Y159.567 Z6.2539 E3854.10142
G1 X174.714 Y160.411 Z6.2558 E3855.29761
G1 X178.700 Y161.683 Z6.2578 E3856.55007
G1 X182.614 Y163.350 Z6.2598 E3857.82377
G1 X186.305 Y165.353 Z6.2618 E3859.08060
G1 X189.633 Y167.608 Z6.2637 E3860.28396
G1 X192.492 Y170.018 Z6.2655 E3861.40331
G1 X194.813 Y172.487 Z6.2672 E3862.41762
G1 X196.570 Y174.925 Z6.2686 E3863.31728
G1 X197.774 Y177.262 Z6.2698 E3864.10421
G1 X198.407 Y179.268 Z6.2708 E3864.73365
G1 X198.455 Y179.451 Z6.2709 E3864.79036
G1 X198.486 Y179.638 Z6.2710 E3864.84706
G1 X198.665 Y181.180 Z6.2718 E3865.31195
G1 X198.678 Y181.374 Z6.2719 E3865.37005
G1 X198.673 Y181.568 Z6.2720 E3865.42816
G1 X198.578 Y182.777 Z6.2725 E3865.79107
G1 X198.554 Y182.964 Z6.2726 E3865.84763
G1 X198.513 Y183.148 Z6.2727 E3865.90419
G1 X198.186 Y184.342 Z6.2733 E3866.27476
G1 X198.097 Y184.567 Z6.2734 E3866.34709
G1 X197.704 Y185.466 Z6.2739 E3866.64095
G1 X197.275 Y186.350 Z6.2744 E3866.93481
G1 X196.812 Y187.216 Z6.2748 E3867.22867
G1 X196.316 Y188.062 Z6.2753 E3867.52252
G1 X195.787 Y188.889 Z6.2758 E3867.81638
G1 X195.225 Y189.695 Z6.2762 E3868.11024
G1 X194.633 Y190.477 Z6.2767 E3868.40410
G1 X194.010 Y191.236 Z6.2772 E3868.69796
G1 X193.358 Y191.970 Z6.2776 E3868.99182
G1 X191.757 Y193.444 Z6.2787 E3869.64326
G1 X191.615 Y193.553 Z6.2788 E3869.69692
G1 X191.463 Y193.648 Z6.2789 E3869.75058
G1 X190.518 Y194.183 Z6.2794 E3870.07559
G1 X190.362 Y194.263 Z6.2795 E3870.12809
G1 X190.199 Y194.329 Z6.2795 E3870.18059
G1 X188.848 Y194.807 Z6.2802 E3870.60961
G1 X186.966 Y195.126 Z6.2811 E3871.18094
G1 X184.623 Y195.129 Z6.2823 E3871.88246
G1 X181.981 Y194.724 Z6.2835 E3872.68239
G1 X179.069 Y193.867 Z6.2850 E3873.59097
G1 X175.942 Y192.525 Z6.2866 E3874.60967
G1 X172.684 Y190.685 Z6.2884 E3875.72977
G1 X169.401 Y188.371 Z6.2903 E3876.93203
G1 X166.219 Y185.638 Z6.2923 E3878.18776
G1 X163.265 Y182.575 Z6.2944 E3879.46152
G1 X160.655 Y179.299 Z6.2964 E3880.71513
G1 X158.484 Y175.941 Z6.2983 E3881.91234
G1 X156.810 Y172.628 Z6.3001 E3883.02332
G1 X155.655 Y169.477 Z6.3017 E3884.02798
G1 X155.007 Y166.576 Z6.3031 E3884.91770
G1 X154.827 Y163.985 Z6.3043 E3885.69537
G1 X155.040 Y161.920 Z6.3053 E3886.31671
G1 X155.069 Y161.732 Z6.3054 E3886.37369
G1 X155.115 Y161.547 Z6.3055 E3886.43067
G1 X155.553 Y160.097 Z6.3062 E3886.88408
G1 X155.618 Y159.915 Z6.3063 E3886.94205
G1 X155.700 Y159.740 Z6.3064 E3887.00002
G1 X156.259 Y158.685 Z6.3070 E3887.35721
G1 X156.355 Y158.523 Z6.3071 E3887.41365
G1 X156.466 Y158.370 Z6.3072 E3887.47009
G1 X157.120 Y157.555 Z6.3077 E3887.78303
G1 X157.241 Y157.417 Z6.3077 E3887.83807
G1 X157.375 Y157.290 Z6.3078 E3887.89311
G1 X158.142 Y156.630 Z6.3083 E3888.19604
G1 X158.283 Y156.519 Z6.3084 E3888.24981
G1 X158.434 Y156.421 Z6.3085 E3888.30358
G1 X159.361 Y155.876 Z6.3090 E3888.62546
G1 X159.516 Y155.794 Z6.3091 E3888.67806
G1 X159.678 Y155.726 Z6.3092 E3888.73066
G1 X161.002 Y155.234 Z6.3098 E3889.15363
G1 X162.846 Y154.892 Z6.3107 E3889.71493
G1 X165.164 Y154.856 Z6.3118 E3890.40871
G1 X167.780 Y155.224 Z6.3131 E3891.19965
G1 X170.670 Y156.040 Z6.3145 E3892.09868
G1 X173.782 Y157.340 Z6.3162 E3893.10809
G1 X177.033 Y159.137 Z6.3179 E3894.22007
G1 X180.318 Y161.412 Z6.3198 E3895.41627
G1 X183.514 Y164.113 Z6.3218 E3896.66872
G1 X186.493 Y167.151 Z6.3239 E3897.94242
G1 X189.136 Y170.413 Z6.3259 E3899.19925
G1 X191.348 Y173.770 Z6.3278 E3900.40261
G1 X193.067 Y177.091 Z6.3296 E3901.52196
G1 X194.266 Y180.260 Z6.3312 E3902.53627
G1 X194.956 Y183.185 Z6.3326 E3903.43593
G1 X195.175 Y185.805 Z6.3339 E3904.22287
G1 X194.992 Y187.900 Z6.3349 E3904.85230
G1 X194.966 Y188.088 Z6.3350 E3904.90901
G1 X194.923 Y188.272 Z6.3351 E3904.96571
G1 X194.499 Y189.766 Z6.3358 E3905.43060
G1 X194.437 Y189.950 Z6.3359 E3905.48870
G1 X194.357 Y190.127 Z6.3360 E3905.54681
G1 X193.807 Y191.207 Z6.3366 E3905.90972
G1 X193.713 Y191.372 Z6.3367 E3905.96628
G1 X193.605 Y191.526 Z6.3368 E3906.02284
G1 X192.846 Y192.504 Z6.3374 E3906.39341
G1 X192.678 Y192.678 Z6.3375 E3906.46574
G1 X191.970 Y193.358 Z6.3380 E3906.75960
G1 X191.236 Y194.010 Z6.3384 E3907.05346
G1 X190.477 Y194.633 Z6.3389 E3907.34732
G1 X189.695 Y195.225 Z6.3394 E3907.64118
G1 X188.889 Y195.787 Z6.3398 E3907.93504
G1 X188.062 Y196.316 Z6.3403 E3908.22889
G1 X187.216 Y196.812 Z6.3408 E3908.52275
G1 X186.350 Y197.275 Z6.3412 E3908.81661
G1 X185.466 Y197.704 Z6.3417 E3909.11047
G1 X183.423 Y198.453 Z6.3427 E3909.76191
G1 X183.250 Y198.499 Z6.3428 E3909.81557
G1 X183.073 Y198.529 Z6.3429 E3909.86924
G1 X181.996 Y198.662 Z6.3434 E3910.19424
G1 X181.821 Y198.675 Z6.3435 E3910.24674
G1 X181.646 Y198.674 Z6.3436 E3910.29924
G1 X180.214 Y198.598 Z6.3443 E3910.72826
G1 X178.354 Y198.173 Z6.3452 E3911.29959
G1 X176.187 Y197.279 Z6.3463 E3912.00112
G1 X173.902 Y195.894 Z6.3476 E3912.80105
G1 X171.539 Y193.989 Z6.3490 E3913.70963
G1 X169.164 Y191.551 Z6.3507 E3914.72832
G1 X166.858 Y188.605 Z6.3525 E3915.84842
G1 X164.711 Y185.211 Z6.3544 E3917.05068
G1 X162.817 Y181.468 Z6.3564 E3918.30641
G1 X161.259 Y177.508 Z6.3584 E3919.58017
G1 X160.102 Y173.483 Z6.3604 E3920.83378
G1 X159.381 Y169.549 Z6.3623 E3922.03100
G1 X159.102 Y165.848 Z6.3641 E3923.14198
G1 X159.241 Y162.495 Z6.3657 E3924.14663
G1 X159.752 Y159.567 Z6.3671 E3925.03635
G1 X160.578 Y157.103 Z6.3684 E3925.81402
G1 X161.565 Y155.277 Z6.3694 E3926.43537
G1 X161.663 Y155.114 Z6.3695 E3926.49234
G1 X161.777 Y154.962 Z6.3696 E3926.54932
G1 X162.737 Y153.790 Z6.3703 E3927.00273
G1 X162.866 Y153.646 Z6.3704 E3927.06070
G1 X163.009 Y153.516 Z6.3705 E3927.11867
G1 X163.929 Y152.755 Z6.3710 E3927.47587
G1 X164.080 Y152.642 Z6.3711 E3927.53230
G1 X164.241 Y152.544 Z6.3712 E3927.58874
G1 X165.157 Y152.040 Z6.3717 E3927.90168
G1 X165.322 Y151.959 Z6.3718 E3927.95672
G1 X165.494 Y151.894 Z6.3719 E3928.01176
G1 X166.455 Y151.577 Z6.3724 E3928.31469
G1 X166.628 Y151.528 Z6.3725 E3928.36846
G1 X166.805 Y151.496 Z6.3725 E3928.42223
G1 X167.870 Y151.347 Z6.3731 E3928.74411
G1 X168.044 Y151.330 Z6.3731 E3928.79671
G1 X168.220 Y151.329 Z6.3732 E3928.84931
G1 X169.632 Y151.382 Z6.3739 E3929.27228
G1 X171.466 Y151.771 Z6.3748 E3929.83359
G1 X173.621 Y152.626 Z6.3759 E3930.52736
G1 X175.898 Y153.966 Z6.3772 E3931.31830
G1 X178.256 Y155.826 Z6.3786 E3932.21734
G1 X180.633 Y158.218 Z6.3802 E3933.22674
G1 X182.949 Y161.123 Z6.3820 E3934.33872
G1 X185.113 Y164.482 Z6.3839 E3935.53492
G1 X187.033 Y168.200 Z6.3859 E3936.78737
G1 X188.622 Y172.147 Z6.3879 E3938.06107
G1 X189.815 Y176.172 Z6.3899 E3939.31790
G1 X190.574 Y180.120 Z6.3919 E3940.52126
G1 X190.891 Y183.846 Z6.3936 E3941.64061
G1 X190.786 Y187.233 Z6.3953 E3942.65493
G1 X190.305 Y190.199 Z6.3967 E3943.55459
G1 X189.504 Y192.703 Z6.3980 E3944.34152
G1 X188.533 Y194.569 Z6.3990 E3944.97096
G1 X188.438 Y194.732 Z6.3991 E3945.02766
G1 X188.328 Y194.886 Z6.3991 E3945.08437
G1 X187.364 Y196.104 Z6.3999 E3945.54925
G1 X187.236 Y196.250 Z6.4000 E3945.60736
G1 X187.095 Y196.383 Z6.4001 E3945.66546
G1 X186.173 Y197.171 Z6.4007 E3946.02837
G1 X186.024 Y197.287 Z6.4007 E3946.08493
G1 X185.864 Y197.388 Z6.4008 E3946.14150
G1 X184.789 Y198.001 Z6.4014 E3946.51206
G1 X184.567 Y198.097 Z6.4015 E3946.58439
G1 X183.653 Y198.455 Z6.4020 E3946.87825
G1 X182.725 Y198.776 Z6.4025 E3947.17211
G1 X181.786 Y199.061 Z6.4029 E3947.46597
G1 X180.836 Y199.309 Z6.4034 E3947.75983
G1 X179.877 Y199.520 Z6.4039 E3948.05369
G1 X178.911 Y199.692 Z6.4044 E3948.34755
G1 X177.938 Y199.827 Z6.4048 E3948.64140
G1 X176.961 Y199.923 Z6.4053 E3948.93526
G1 X175.981 Y199.981 Z6.4058 E3949.22912
G1 X173.807 Y199.892 Z6.4068 E3949.88056
G1 X173.629 Y199.867 Z6.4069 E3949.93422
G1 X173.455 Y199.827 Z6.4070 E3949.98789
G1 X172.408 Y199.538 Z6.4075 E3950.31289
G1 X172.242 Y199.484 Z6.4076 E3950.36539
G1 X172.080 Y199.415 Z6.4077 E3950.41789
G1 X170.787 Y198.797 Z6.4083 E3950.84691
G1 X169.230 Y197.693 Z6.4093 E3951.41824
G1 X167.571 Y196.037 Z6.4104 E3952.11977
G1 X165.989 Y193.884 Z6.4117 E3952.91970
G1 X164.536 Y191.219 Z6.4131 E3953.82828
G1 X163.275 Y188.058 Z6.4147 E3954.84697
G1 X162.271 Y184.453 Z6.4165 E3955.96707
G1 X161.586 Y180.496 Z6.4184 E3957.16933
G1 X161.269 Y176.313 Z6.4204 E3958.42506
G1 X161.346 Y172.058 Z6.4225 E3959.69883
G1 X161.817 Y167.897 Z6.4245 E3960.95243
G1 X162.656 Y163.987 Z6.4264 E3962.14965
G1 X163.814 Y160.461 Z6.4282 E3963.26063
G1 X165.226 Y157.416 Z6.4298 E3964.26528
G1 X166.819 Y154.906 Z6.4312 E3965.15501
G1 X168.524 Y152.946 Z6.4324 E3965.93267
G1 X170.135 Y151.637 Z6.4334 E3966.55402
G1 X170.288 Y151.524 Z6.4335 E3966.61100
G1 X170.452 Y151.427 Z6.4336 E3966.66797
G1 X171.787 Y150.711 Z6.4343 E3967.12139
G1 X171.962 Y150.628 Z6.4344 E3967.17935
G1 X172.144 Y150.562 Z6.4345 E3967.23732
G1 X173.285 Y150.212 Z6.4351 E3967.59452
G1 X173.467 Y150.165 Z6.4352 E3967.65095
G1 X173.653 Y150.136 Z6.4353 E3967.70739
G1 X174.693 Y150.021 Z6.4358 E3968.02033
G1 X174.876 Y150.010 Z6.4359 E3968.07537
G1 X175.060 Y150.015 Z6.4359 E3968.13042
G1 X176.069 Y150.090 Z6.4364 E3968.43334
G1 X176.247 Y150.111 Z6.4365 E3968.48711
G1 X176.423 Y150.149 Z6.4366 E3968.54089
G1 X177.464 Y150.419 Z6.4371 E3968.86276
G1 X177.632 Y150.470 Z6.4372 E3968.91536
G1 X177.795 Y150.537 Z6.4373 E3968.96797
G1 X179.079 Y151.125 Z6.4380 E3969.39093
G1 X180.625 Y152.187 Z6.4389 E3969.95224
G1 X182.288 Y153.801 Z6.4400 E3970.64601
G1 X183.879 Y155.911 Z6.4412 E3971.43695
G1 X185.345 Y158.532 Z6.4427 E3972.33599
G1 X186.626 Y161.651 Z6.4443 E3973.34539
G1 X187.654 Y165.221 Z6.4460 E3974.45737
G1 X188.369 Y169.153 Z6.4480 E3975.65357
G1 X188.719 Y173.322 Z6.4500 E3976.90602
G1 X188.677 Y177.577 Z6.4520 E3978.17973
G1 X188.239 Y181.753 Z6.4540 E3979.43655
G1 X187.430 Y185.690 Z6.4559 E3980.63992
G1 X186.296 Y189.254 Z6.4577 E3981.75926
G1 X184.903 Y192.343 Z6.4593 E3982.77358
G1 X183.323 Y194.899 Z6.4608 E3983.67324
G1 X181.625 Y196.906 Z6.4620 E3984.46017
G1 X180.015 Y198.258 Z6.4630 E3985.08961
G1 X179.864 Y198.373 Z6.4631 E3985.14631
G1 X179.703 Y198.473 Z6.4632 E3985.20302
G1 X178.347 Y199.229 Z6.4639 E3985.66790
G1 X178.173 Y199.315 Z6.4640 E3985.72601
G1 X177.991 Y199.384 Z6.4641 E3985.78411
G1 X176.838 Y199.759 Z6.4647 E3986.14702
G1 X176.656 Y199.809 Z6.4648 E3986.20359
G1 X176.470 Y199.841 Z6.4649 E3986.26015
G1 X175.242 Y199.996 Z6.4655 E3986.63071
G1 X175.000 Y200.000 Z6.4656 E3986.70305
G1 X174.019 Y199.981 Z6.4661 E3986.99690
G1 X173.039 Y199.923 Z6.4665 E3987.29076
G1 X172.062 Y199.827 Z6.4670 E3987.58462
G1 X171.089 Y199.692 Z6.4675 E3987.87848
G1 X170.123 Y199.520 Z6.4679 E3988.17234
G1 X169.164 Y199.309 Z6.4684 E3988.46620
G1 X168.214 Y199.061 Z6.4689 E3988.76006
G1 X167.275 Y198.776 Z6.4694 E3989.05392
G1 X166.347 Y198.455 Z6.4698 E3989.34777
G1 X164.372 Y197.540 Z6.4709 E3989.99921
G1 X164.217 Y197.450 Z6.4709 E3990.05288
G1 X164.071 Y197.346 Z6.4710 E3990.10654
G1 X163.215 Y196.678 Z6.4716 E3990.43154
G1 X163.082 Y196.564 Z6.4716 E3990.48404
G1 X162.959 Y196.439 Z6.4717 E3990.53654
G1 X162.001 Y195.374 Z6.4724 E3990.96557
G1 X160.985 Y193.757 Z6.4733 E3991.53690
G1 X160.086 Y191.593 Z6.4744 E3992.23842
G1 X159.449 Y188.998 Z6.4757 E3993.03835
G1 X159.126 Y185.980 Z6.4772 E3993.94693
G1 X159.170 Y182.577 Z6.4788 E3994.96562
G1 X159.622 Y178.863 Z6.4806 E3996.08572
G1 X160.504 Y174.944 Z6.4825 E3997.28798
G1 X161.812 Y170.958 Z6.4845 E3998.54372
G1 X163.511 Y167.057 Z6.4865 E3999.81748
G1 X165.538 Y163.393 Z6.4885 E4001.07108
G1 X167.810 Y160.101 Z6.4905 E4002.26830
G1 X170.230 Y157.287 Z6.4922 E4003.37928
G1 X172.699 Y155.014 Z6.4938 E4004.38393
G1 X175.131 Y153.305 Z6.4953 E4005.27366
G1 X177.457 Y152.147 Z6.4965 E4006.05132
G1 X179.446 Y151.554 Z6.4975 E4006.67267
G1 X179.631 Y151.508 Z6.4976 E4006.72965
G1 X179.819 Y151.481 Z6.4977 E4006.78663
G1 X181.326 Y151.330 Z6.4984 E4007.24004
G1 X181.520 Y151.321 Z6.4985 E4007.29801
G1 X181.713 Y151.330 Z6.4986 E4007.35598
G1 X182.901 Y151.442 Z6.4991 E4007.71317
G1 X183.088 Y151.469 Z6.4992 E4007.76961
G1 X183.271 Y151.513 Z6.4993 E4007.82604
G1 X184.275 Y151.805 Z6.4998 E4008.13898
G1 X184.449 Y151.864 Z6.4999 E4008.19403
G1 X184.617 Y151.940 Z6.5000 E4008.24907
G1 X185.520 Y152.395 Z6.5005 E4008.55199
G1 X185.677 Y152.483 Z6.5006 E4008.60576
G1 X185.825 Y152.585 Z6.5007 E4008.65954
G1 X186.683 Y153.233 Z6.5012 E4008.98142
G1 X186.819 Y153.345 Z6.5013 E4009.03402
G1 X186.944 Y153.468 Z6.5013 E4009.08662
G1 X187.905 Y154.504 Z6.5020 E4009.50958
G1 X188.926 Y156.076 Z6.5029 E4010.07089
G1 X189.846 Y158.204 Z6.5040 E4010.76466
G1 X190.508 Y160.762 Z6.5053 E4011.55561
G1 X190.860 Y163.744 Z6.5067 E4012.45464
G1 X190.849 Y167.116 Z6.5083 E4013.46405
G1 X190.433 Y170.808 Z6.5101 E4014.57603
G1 X189.589 Y174.714 Z6.5120 E4015.77222
G1 X188.317 Y178.700 Z6.5140 E4017.02468
G1 X186.650 Y182.614 Z6.5160 E4018.29838
G1 X184.647 Y186.305 Z6.5181 E4019.55521
G1 X182.392 Y189.633 Z6.5200 E4020.75857
G1 X179.982 Y192.492 Z6.5218 E4021.87792
G1 X177.513 Y194.813 Z6.5234 E4022.89223
G1 X175.075 Y196.570 Z6.5248 E4023.79189
G1 X172.738 Y197.774 Z6.5261 E4024.57882
G1 X170.732 Y198.407 Z6.5271 E4025.20826
G1 X170.549 Y198.455 Z6.5272 E4025.26496
G1 X170.362 Y198.486 Z6.5273 E4025.32167
G1 X168.820 Y198.665 Z6.5280 E4025.78656
G1 X168.626 Y198.678 Z6.5281 E4025.84466
G1 X168.432 Y198.673 Z6.5282 E4025.90277
G1 X167.223 Y198.578 Z6.5288 E4026.26568
G1 X167.036 Y198.554 Z6.5289 E4026.32224
G1 X166.852 Y198.513 Z6.5289 E4026.37880
G1 X165.658 Y198.186 Z6.5295 E4026.74937
G1 X165.433 Y198.097 Z6.5297 E4026.82170
G1 X164.534 Y197.704 Z6.5301 E4027.11556
G1 X163.650 Y197.275 Z6.5306 E4027.40942
G1 X162.784 Y196.812 Z6.5311 E4027.70327
G1 X161.938 Y196.316 Z6.5315 E4027.99713
G1 X161.111 Y195.787 Z6.5320 E4028.29099
G1 X160.305 Y195.225 Z6.5325 E4028.58485
G1 X159.523 Y194.633 Z6.5329 E4028.87871
G1 X158.764 Y194.010 Z6.5334 E4029.17257
G1 X158.030 Y193.358 Z6.5339 E4029.46643
G1 X156.556 Y191.757 Z6.5349 E4030.11786
G1 X156.447 Y191.615 Z6.5350 E4030.17153
G1 X156.352 Y191.463 Z6.5351 E4030.22519
G1 X155.817 Y190.518 Z6.5356 E4030.55020
G1 X155.737 Y190.362 Z6.5357 E4030.60270
G1 X155.671 Y190.199 Z6.5358 E4030.65520
G1 X155.193 Y188.848 Z6.5365 E4031.08422
G1 X154.874 Y186.966 Z6.5374 E4031.65555
G1 X154.871 Y184.623 Z6.5385 E4032.35707
G1 X155.276 Y181.981 Z6.5398 E4033.15700
G1 X156.133 Y179.069 Z6.5412 E4034.06558
G1 X157.475 Y175.942 Z6.5428 E4035.08428
G1 X159.315 Y172.684 Z6.5446 E4036.20437
G1 X161.629 Y169.401 Z6.5466 E4037.40663
G1 X164.362 Y166.219 Z6.5486 E4038.66237
G1 X167.425 Y163.265 Z6.5506 E4039.93613
G1 X170.701 Y160.655 Z6.5526 E4041.18974
G1 X174.059 Y158.484 Z6.5545 E4042.38695
G1 X177.372 Y156.810 Z6.5563 E4043.49793
G1 X180.523 Y155.655 Z6.5579 E4044.50259
G1 X183.424 Y155.007 Z6.5593 E4045.39231
G1 X186.015 Y154.827 Z6.5605 E4046.16997
G1 X188.080 Y155.040 Z6.5615 E4046.79132
G1 X188.268 Y155.069 Z6.5616 E4046.84830
G1 X188.453 Y155.115 Z6.5617 E4046.90528
G1 X189.903 Y155.553 Z6.5624 E4047.35869
G1 X190.085 Y155.618 Z6.5625 E4047.41666
G1 X190.260 Y155.700 Z6.5626 E4047.47463
G1 X191.315 Y156.259 Z6.5632 E4047.83182
G1 X191.477 Y156.355 Z6.5633 E4047.88826
G1 X191.630 Y156.466 Z6.5634 E4047.94470
G1 X192.445 Y157.120 Z6.5639 E4048.25763
G1 X192.583 Y157.241 Z6.5640 E4048.31268
G1 X192.710 Y157.375 Z6.5641 E4048.36772
G1 X193.370 Y158.142 Z6.5645 E4048.67064
G1 X193.481 Y158.283 Z6.5646 E4048.72442
G1 X193.579 Y158.434 Z6.5647 E4048.77819
G1 X194.124 Y159.361 Z6.5652 E4049.10007
G1 X194.206 Y159.516 Z6.5653 E4049.15267
G1 X194.274 Y159.678 Z6.5654 E4049.20527
G1 X194.766 Y161.002 Z6.5661 E4049.62824
G1 X195.108 Y162.846 Z6.5670 E4050.18954
G1 X195.144 Y165.164 Z6.5681 E4050.88332
G1 X194.776 Y167.780 Z6.5693 E4051.67426
G1 X193.960 Y170.670 Z6.5708 E4052.57329
G1 X192.660 Y173.782 Z6.5724 E4053.58270
G1 X190.863 Y177.033 Z6.5742 E4054.69468
G1 X188.588 Y180.318 Z6.5761 E4055.89087
G1 X185.887 Y183.514 Z6.5781 E4057.14333
G1 X182.849 Y186.493 Z6.5801 E4058.41703
G1 X179.587 Y189.136 Z6.5821 E4059.67386
G1 X176.230 Y191.348 Z6.5840 E4060.87722
G1 X172.909 Y193.067 Z6.5858 E4061.99657
G1 X169.740 Y194.266 Z6.5874 E4063.01088
G1 X166.815 Y194.956 Z6.5889 E4063.91054
G1 X164.195 Y195.175 Z6.5901 E4064.69747
G1 X162.100 Y194.992 Z6.5911 E4065.32691
G1 X161.912 Y194.966 Z6.5912 E4065.38362
G1 X161.728 Y194.923 Z6.5913 E4065.44032
G1 X160.234 Y194.499 Z6.5921 E4065.90521
G1 X160.050 Y194.437 Z6.5922 E4065.96331
G1 X159.873 Y194.357 Z6.5922 E4066.02142
G1 X158.793 Y193.807 Z6.5928 E4066.38433
G1 X158.628 Y193.713 Z6.5929 E4066.44089
G1 X158.474 Y193.605 Z6.5930 E4066.49745
G1 X157.496 Y192.846 Z6.5936 E4066.86802
G1 X157.322 Y192.678 Z6.5937 E4066.94035
G1 X156.642 Y191.970 Z6.5942 E4067.23421
G1 X155.990 Y191.236 Z6.5947 E4067.52807
G1 X155.367 Y190.477 Z6.5951 E4067.82193
G1 X154.775 Y189.695 Z6.5956 E4068.11578
G1 X154.213 Y188.889 Z6.5961 E4068.40964
G1 X153.684 Y188.062 Z6.5965 E4068.70350
G1 X153.188 Y187.216 Z6.5970 E4068.99736
G1 X152.725 Y186.350 Z6.5975 E4069.29122
G1 X152.296 Y185.466 Z6.5979 E4069.58508
G1 X151.547 Y183.423 Z6.5990 E4070.23652
G1 X151.501 Y183.250 Z6.5991 E4070.29018
G1 X151.471 Y183.073 Z6.5991 E4070.34384
G1 X151.338 Y181.996 Z6.5997 E4070.66885
G1 X151.325 Y181.821 Z6.5998 E4070.72135
G1 X151.326 Y181.646 Z6.5998 E4070.77385
G1 X151.402 Y180.214 Z6.6005 E4071.20287
G1 X151.827 Y178.354 Z6.6014 E4071.77420
G1 X152.721 Y176.187 Z6.6026 E4072.47572
G1 X154.106 Y173.902 Z6.6038 E4073.27565
G1 X156.011 Y171.539 Z6.6053 E4074.18423
G1 X158.449 Y169.164 Z6.6069 E4075.20293
G1 X161.395 Y166.858 Z6.6087 E4076.32303
G1 X164.789 Y164.711 Z6.6106 E4077.52529
G1 X168.532 Y162.817 Z6.6126 E4078.78102
G1 X172.492 Y161.259 Z6.6147 E4080.05478
G1 X176.517 Y160.102 Z6.6167 E4081.30839
G1 X180.451 Y159.381 Z6.6186 E4082.50560
G1 X184.152 Y159.102 Z6.6203 E4083.61658
G1 X187.505 Y159.241 Z6.6219 E4084.62124
G1 X190.433 Y159.752 Z6.6234 E4085.51096
G1 X192.897 Y160.578 Z6.6246 E4086.28863
G1 X194.723 Y161.565 Z6.6256 E4086.90997
G1 X194.886 Y161.663 Z6.6257 E4086.96695
G1 X195.038 Y161.777 Z6.6258 E4087.02393
G1 X196.210 Y162.737 Z6.6265 E4087.47734
G1 X196.354 Y162.866 Z6.6266 E4087.53531
G1 X196.484 Y163.009 Z6.6267 E4087.59328
G1 X197.245 Y163.929 Z6.6273 E4087.95047
G1 X197.358 Y164.080 Z6.6274 E4088.00691
G1 X197.456 Y164.241 Z6.6274 E4088.06335
G1 X197.960 Y165.157 Z6.6279 E4088.37629
G1 X198.041 Y165.322 Z6.6280 E4088.43133
G1 X198.106 Y165.494 Z6.6281 E4088.48637
G1 X198.423 Y166.455 Z6.6286 E4088.78930
G1 X198.472 Y166.628 Z6.6287 E4088.84307
G1 X198.504 Y166.805 Z6.6288 E4088.89684
G1 X198.653 Y167.870 Z6.6293 E4089.21872
G1 X198.670 Y168.044 Z6.6294 E4089.27132
G1 X198.671 Y168.220 Z6.6295 E4089.32392
G1 X198.618 Y169.632 Z6.6301 E4089.74689
G1 X198.229 Y171.466 Z6.6310 E4090.30819
G1 X197.374 Y173.621 Z6.6321 E4091.00197
G1 X196.034 Y175.898 Z6.6334 E4091.79291
G1 X194.174 Y178.256 Z6.6348 E4092.69194
G1 X191.782 Y180.633 Z6.6364 E4093.70135
G1 X188.877 Y182.949 Z6.6382 E4094.81333
G1 X185.518 Y185.113 Z6.6401 E4096.00953
G1 X181.800 Y187.033 Z6.6421 E4097.26198
G1 X177.853 Y188.622 Z6.6442 E4098.53568
G1 X173.828 Y189.815 Z6.6462 E4099.79251
G1 X169.880 Y190.574 Z6.6481 E4100.99587
G1 X166.154 Y190.891 Z6.6499 E4102.11522
G1 X162.767 Y190.786 Z6.6515 E4103.12953
G1 X159.801 Y190.305 Z6.6529 E4104.02919
G1 X157.297 Y189.504 Z6.6542 E4104.81613
G1 X155.431 Y188.533 Z6.6552 E4105.44556
G1 X155.268 Y188.438 Z6.6553 E4105.50227
G1 X155.114 Y188.328 Z6.6554 E4105.55897
G1 X153.896 Y187.364 Z6.6561 E4106.02386
G1 X153.750 Y187.236 Z6.6562 E4106.08196
G1 X153.617 Y187.095 Z6.6563 E4106.14007
G1 X152.829 Y186.173 Z6.6569 E4106.50298
G1 X152.713 Y186.024 Z6.6570 E4106.55954
G1 X152.612 Y185.864 Z6.6571 E4106.61610
G1 X151.999 Y184.789 Z6.6577 E4106.98667
G1 X151.903 Y184.567 Z6.6578 E4107.05900
G1 X151.541 Y183.643 Z6.6582 E4107.35616
G1 X151.217 Y182.704 Z6.6587 E4107.65332
G1 X150.930 Y181.754 Z6.6592 E4107.95048
G1 X150.680 Y180.793 Z6.6597 E4108.24764
G1 X150.470 Y179.823 Z6.6601 E4108.54480
G1 X150.298 Y178.845 Z6.6606 E4108.84196
G1 X150.164 Y177.862 Z6.6611 E4109.13912
G1 X150.070 Y176.873 Z6.6616 E4109.43628
G1 X150.016 Y175.882 Z6.6620 E4109.73344
G1 X150.000 Y174.890 Z6.6625 E4110.03060
G1 X150.024 Y173.897 Z6.6630 E4110.32776
G1 X150.088 Y172.907 Z6.6635 E4110.62492
G1 X150.191 Y171.919 Z6.6639 E4110.92208
G1 X150.332 Y170.937 Z6.6644 E4111.21924
G1 X150.513 Y169.961 Z6.6649 E4111.51640
G1 X150.733 Y168.992 Z6.6654 E4111.81356
G1 X150.990 Y168.034 Z6.6658 E4112.11072
G1 X151.286 Y167.086 Z6.6663 E4112.40788
G1 X151.619 Y166.151 Z6.6668 E4112.70504
G1 X151.988 Y165.229 Z6.6673 E4113.00220
G1 X152.394 Y164.324 Z6.6677 E4113.29936
G1 X152.836 Y163.435 Z6.6682 E4113.59652
G1 X153.313 Y162.564 Z6.6687 E4113.89368
G1 X153.824 Y161.713 Z6.6692 E4114.19084
G1 X154.368 Y160.882 Z6.6696 E4114.48800
G1 X154.944 Y160.074 Z6.6701 E4114.78516
G1 X155.553 Y159.290 Z6.6706 E4115.08232
G1 X156.192 Y158.530 Z6.6711 E4115.37948
G1 X156.861 Y157.796 Z6.6715 E4115.67664
G1 X157.558 Y157.090 Z6.6720 E4115.97380
G1 X158.283 Y156.412 Z6.6725 E4116.27096
G1 X159.034 Y155.763 Z6.6730 E4116.56812
G1 X159.810 Y155.144 Z6.6734 E4116.86528
G1 X160.610 Y154.556 Z6.6739 E4117.16244
G1 X161.433 Y154.001 Z6.6744 E4117.45960
G1 X162.278 Y153.479 Z6.6749 E4117.75676
G1 X163.142 Y152.991 Z6.6753 E4118.05392
G1 X164.025 Y152.538 Z6.6758 E4118.35108
G1 X164.926 Y152.120 Z6.6763 E4118.64824
G1 X165.842 Y151.738 Z6.6768 E4118.94540
G1 X166.773 Y151.393 Z6.6772 E4119.24256
G1 X167.716 Y151.085 Z6.6777 E4119.53972
G1 X168.672 Y150.814 Z6.6782 E4119.83688
G1 X169.637 Y150.582 Z6.6786 E4120.13404
G1 X170.611 Y150.388 Z6.6791 E4120.43120
G1 X171.591 Y150.234 Z6.6796 E4120.72836
G1 X172.577 Y150.118 Z6.6801 E4121.02552
G1 X173.567 Y150.041 Z6.6805 E4121.32268
G1 X174.559 Y150.004 Z6.6810 E4121.61984
G1 X175.551 Y150.006 Z6.6815 E4121.91700
G1 X176.543 Y150.048 Z6.6820 E4122.21416
G1 X177.533 Y150.129 Z6.6824 E4122.51132
G1 X178.518 Y150.249 Z6.6829 E4122.80848
G1 X179.498 Y150.408 Z6.6834 E4123.10564
G1 X180.471 Y150.606 Z6.6839 E4123.40280
G1 X181.435 Y150.842 Z6.6843 E4123.69996
G1 X182.389 Y151.117 Z6.6848 E4123.99712
G1 X183.331 Y151.429 Z6.6853 E4124.29428
G1 X184.261 Y151.778 Z6.6858 E4124.59144
G1 X185.175 Y152.164 Z6.6862 E4124.88860
G1 X186.074 Y152.586 Z6.6867 E4125.18576
G1 X186.955 Y153.044 Z6.6872 E4125.48292
G1 X187.817 Y153.536 Z6.6877 E4125.78008
G1 X188.659 Y154.061 Z6.6881 E4126.07724
G1 X189.480 Y154.620 Z6.6886 E4126.37440
G1 X190.277 Y155.211 Z6.6891 E4126.67156
G1 X191.051 Y155.833 Z6.6896 E4126.96872
G1 X191.799 Y156.485 Z6.6900 E4127.26588
G1 X192.521 Y157.167 Z6.6905 E4127.56304
G1 X193.215 Y157.877 Z6.6910 E4127.86020
G1 X193.881 Y158.613 Z6.6915 E4128.15736
G1 X194.516 Y159.376 Z6.6919 E4128.45452
G1 X195.121 Y160.163 Z6.6924 E4128.75168
G1 X195.694 Y160.973 Z6.6929 E4129.04884
G1 X196.235 Y161.806 Z6.6934 E4129.34600
G1 X196.742 Y162.660 Z6.6938 E4129.64316
G1 X197.215 Y163.532 Z6.6943 E4129.94032
G1 X197.653 Y164.423 Z6.6948 E4130.23748
G1 X198.055 Y165.331 Z6.6953 E4130.53464
G1 X198.420 Y166.254 Z6.6957 E4130.83180
G1 X198.749 Y167.191 Z6.6962 E4131.12896
G1 X199.040 Y168.140 Z6.6967 E4131.42612
G1 X199.294 Y169.100 Z6.6972 E4131.72328
G1 X199.509 Y170.069 Z6.6976 E4132.02044
G1 X199.685 Y171.046 Z6.6981 E4132.31760
G1 X199.823 Y172.029 Z6.6986 E4132.61476
G1 X199.921 Y173.017 Z6.6991 E4132.91192
G1 X199.980 Y174.007 Z6.6995 E4133.20908
G1 X200.000 Y175.000 Z6.7000 E4133.50624
M107
SET_PIN PIN=fan1 VALUE=0
SET_PIN PIN=fan2 VALUE=0
M104 S0
M140 S0
G0 Z46.7 F900
G0 X10 Y340 F9000
