; NUCLEON — 12 ellipses a=32.0 b=14.7, weld=1.0, 12 layers
; PRINTER=k2plus
; MATERIAL=pla
; LAYER_H=0.6
; PRESSED_LAYER1=0.1
; FLOW=36.0
; FLOW_DERATE=bead pinned at the 1.2x0.6 stacking doctrine -> 36 of 55 mm3/s at the 50 north star. Widening the bead is the fix if this part's walls allow it.
; ARGV: nucleon-preview/build.py --variant statement-64
; flow=36.0 mm3/s delivered at 50.0 mm/s (north star), bead 1.2x0.6 = 0.72mm2, requested 55
; predicted junctions/layer = 2*N*(N-1) = 264
; HEADER_BLOCK_START
; total layer number: 12
; HEADER_BLOCK_END
M140 S80
M104 S210
G90
G28
TEMPERATURE_WAIT SENSOR=heater_bed MINIMUM=75 MAXIMUM=85
M109 S210
M204 S8000
M107
; fans OFF through layer 1 (pla); switched on below once it has bonded
M82
G92 E0
G1 Z0.100 F600
G0 F9000 X152.000 Y163.000
G1 E25 F300                      ; ~5s stationary purge — build pressure before moving
G1 F1200 X207.000 Y175.000 E37   ; prime line, ending exactly where the object begins
G92 E0
; BODY_START
; VASE — one continuous extrusion, 12445 points, Z 0.10 -> 7.20, 275 junctions
; continuous from the prime — no reposition
G1 F3000 X206.905 Y176.050 Z0.1003 E0.31569
G1 X206.880 Y176.228 Z0.1003 E0.36926
G1 X206.840 Y176.402 Z0.1004 E0.42283
G1 X206.589 Y177.312 Z0.1006 E0.70552
G1 X206.535 Y177.478 Z0.1007 E0.75777
G1 X206.467 Y177.639 Z0.1007 E0.81002
G1 X205.910 Y178.810 Z0.1011 E1.19814
G1 X204.878 Y180.272 Z0.1016 E1.73376
G1 X203.242 Y181.921 Z0.1022 E2.42924
G1 X201.054 Y183.546 Z0.1029 E3.24492
G1 X198.272 Y185.103 Z0.1038 E4.19922
G1 X194.879 Y186.535 Z0.1048 E5.30186
G1 X190.893 Y187.776 Z0.1060 E6.55153
G1 X186.379 Y188.758 Z0.1072 E7.93414
G1 X181.451 Y189.418 Z0.1086 E9.42254
G1 X176.263 Y189.709 Z0.1100 E10.97798
G1 X171.000 Y189.605 Z0.1114 E12.55361
G1 X165.860 Y189.107 Z0.1128 E14.09946
G1 X161.030 Y188.243 Z0.1141 E15.56832
G1 X156.667 Y187.065 Z0.1154 E16.92111
G1 X152.885 Y185.639 Z0.1165 E18.13099
G1 X149.746 Y184.040 Z0.1174 E19.18545
G1 X147.263 Y182.341 Z0.1183 E20.08622
G1 X145.539 Y180.725 Z0.1189 E20.79332
G1 X145.413 Y180.596 Z0.1189 E20.84738
G1 X145.299 Y180.456 Z0.1190 E20.90145
G1 X144.242 Y179.026 Z0.1195 E21.43387
G1 X144.132 Y178.862 Z0.1195 E21.49282
G1 X144.040 Y178.688 Z0.1196 E21.55178
G1 X143.495 Y177.532 Z0.1199 E21.93429
G1 X143.421 Y177.353 Z0.1200 E21.99237
G1 X143.365 Y177.167 Z0.1200 E22.05045
G1 X143.122 Y176.200 Z0.1203 E22.34880
G1 X143.085 Y176.016 Z0.1204 E22.40509
G1 X143.066 Y175.829 Z0.1204 E22.46137
G1 X143.015 Y174.949 Z0.1207 E22.72528
G1 X143.012 Y174.766 Z0.1207 E22.78000
G1 X143.027 Y174.584 Z0.1208 E22.83471
G1 X143.136 Y173.714 Z0.1210 E23.09721
G1 X143.166 Y173.538 Z0.1210 E23.15052
G1 X143.212 Y173.366 Z0.1211 E23.20383
G1 X143.553 Y172.274 Z0.1214 E23.54631
G1 X144.251 Y170.925 Z0.1218 E24.00105
G1 X145.379 Y169.431 Z0.1223 E24.56128
G1 X147.110 Y167.783 Z0.1230 E25.27674
G1 X149.402 Y166.167 Z0.1237 E26.11625
G1 X152.294 Y164.628 Z0.1246 E27.09683
G1 X155.797 Y163.225 Z0.1257 E28.22640
G1 X159.884 Y162.026 Z0.1268 E29.50144
G1 X164.482 Y161.098 Z0.1281 E30.90548
G1 X169.469 Y160.502 Z0.1295 E32.40911
G1 X174.685 Y160.281 Z0.1309 E33.97181
G1 X179.940 Y160.456 Z0.1323 E35.54576
G1 X185.038 Y161.023 Z0.1337 E37.08106
G1 X189.794 Y161.948 Z0.1350 E38.53159
G1 X194.060 Y163.176 Z0.1362 E39.86022
G1 X197.729 Y164.638 Z0.1373 E41.04261
G1 X200.749 Y166.260 Z0.1382 E42.06886
G1 X203.116 Y167.971 Z0.1390 E42.94314
G1 X204.732 Y169.581 Z0.1396 E43.62586
G1 X204.858 Y169.718 Z0.1397 E43.68149
G1 X204.970 Y169.866 Z0.1397 E43.73713
G1 X205.938 Y171.278 Z0.1402 E44.24957
G1 X206.043 Y171.447 Z0.1403 E44.30920
G1 X206.130 Y171.627 Z0.1403 E44.36883
G1 X206.601 Y172.734 Z0.1406 E44.72915
G1 X206.668 Y172.915 Z0.1407 E44.78686
G1 X206.717 Y173.102 Z0.1408 E44.84457
G1 X206.956 Y174.228 Z0.1411 E45.18937
G1 X207.000 Y175.000 Z0.1413 E45.42073
G1 X206.986 Y175.931 Z0.1415 E45.69936
G1 X206.946 Y176.861 Z0.1418 E45.97799
G1 X206.878 Y177.789 Z0.1420 E46.25662
G1 X206.784 Y178.715 Z0.1423 E46.53525
G1 X206.662 Y179.638 Z0.1425 E46.81388
G1 X206.514 Y180.557 Z0.1428 E47.09251
G1 X206.339 Y181.471 Z0.1430 E47.37114
G1 X206.137 Y182.380 Z0.1433 E47.64977
G1 X205.546 Y184.272 Z0.1438 E48.24327
G1 X205.476 Y184.437 Z0.1439 E48.29684
G1 X205.393 Y184.595 Z0.1439 E48.35041
G1 X204.914 Y185.409 Z0.1442 E48.63310
G1 X204.819 Y185.556 Z0.1442 E48.68535
G1 X204.712 Y185.693 Z0.1443 E48.73760
G1 X203.870 Y186.680 Z0.1446 E49.12572
G1 X202.495 Y187.825 Z0.1451 E49.66134
G1 X200.488 Y188.995 Z0.1458 E50.35682
G1 X197.955 Y189.998 Z0.1465 E51.17250
G1 X194.865 Y190.782 Z0.1474 E52.12679
G1 X191.216 Y191.287 Z0.1484 E53.22944
G1 X187.044 Y191.454 Z0.1495 E54.47910
G1 X182.431 Y191.234 Z0.1508 E55.86172
G1 X177.500 Y190.596 Z0.1521 E57.35012
G1 X172.413 Y189.534 Z0.1535 E58.90556
G1 X167.357 Y188.072 Z0.1550 E60.48118
G1 X162.520 Y186.261 Z0.1564 E62.02704
G1 X158.078 Y184.176 Z0.1577 E63.49590
G1 X154.169 Y181.909 Z0.1589 E64.84869
G1 X150.885 Y179.553 Z0.1600 E66.05857
G1 X148.267 Y177.196 Z0.1610 E67.11303
G1 X146.308 Y174.912 Z0.1618 E68.01380
G1 X145.061 Y172.905 Z0.1625 E68.72090
G1 X144.973 Y172.748 Z0.1625 E68.77496
G1 X144.899 Y172.583 Z0.1625 E68.82902
G1 X144.248 Y170.928 Z0.1630 E69.36144
G1 X144.185 Y170.741 Z0.1631 E69.42040
G1 X144.140 Y170.549 Z0.1631 E69.47936
G1 X143.914 Y169.292 Z0.1635 E69.86187
G1 X143.888 Y169.099 Z0.1635 E69.91995
G1 X143.882 Y168.905 Z0.1636 E69.97803
G1 X143.898 Y167.909 Z0.1639 E70.27638
G1 X143.910 Y167.721 Z0.1639 E70.33266
G1 X143.939 Y167.535 Z0.1640 E70.38895
G1 X144.118 Y166.672 Z0.1642 E70.65286
G1 X144.163 Y166.495 Z0.1643 E70.70757
G1 X144.224 Y166.323 Z0.1643 E70.76229
G1 X144.555 Y165.511 Z0.1645 E71.02478
G1 X144.629 Y165.349 Z0.1646 E71.07810
G1 X144.718 Y165.194 Z0.1646 E71.13141
G1 X145.331 Y164.228 Z0.1650 E71.47388
G1 X146.354 Y163.105 Z0.1654 E71.92863
G1 X147.829 Y161.954 Z0.1659 E72.48886
G1 X149.928 Y160.810 Z0.1665 E73.20432
G1 X152.560 Y159.843 Z0.1673 E74.04382
G1 X155.752 Y159.104 Z0.1682 E75.02441
G1 X159.499 Y158.656 Z0.1692 E76.15398
G1 X163.757 Y158.556 Z0.1704 E77.42902
G1 X168.438 Y158.849 Z0.1716 E78.83305
G1 X173.410 Y159.564 Z0.1730 E80.33668
G1 X178.505 Y160.701 Z0.1744 E81.89938
G1 X183.536 Y162.231 Z0.1759 E83.47333
G1 X188.313 Y164.097 Z0.1773 E85.00864
G1 X192.669 Y166.221 Z0.1786 E86.45916
G1 X196.471 Y168.512 Z0.1798 E87.78780
G1 X199.636 Y170.874 Z0.1809 E88.97019
G1 X202.134 Y173.223 Z0.1818 E89.99644
G1 X203.977 Y175.488 Z0.1826 E90.87072
G1 X205.122 Y177.461 Z0.1832 E91.55343
G1 X205.207 Y177.626 Z0.1833 E91.60907
G1 X205.277 Y177.798 Z0.1833 E91.66471
G1 X205.848 Y179.412 Z0.1838 E92.17715
G1 X205.904 Y179.603 Z0.1838 E92.23678
G1 X205.942 Y179.799 Z0.1839 E92.29640
G1 X206.110 Y180.990 Z0.1842 E92.65672
G1 X206.128 Y181.182 Z0.1843 E92.71444
G1 X206.127 Y181.375 Z0.1843 E92.77215
G1 X206.067 Y182.525 Z0.1846 E93.11695
G1 X205.910 Y183.282 Z0.1848 E93.34831
G1 X205.656 Y184.178 Z0.1851 E93.62694
G1 X205.376 Y185.065 Z0.1853 E93.90557
G1 X205.070 Y185.945 Z0.1856 E94.18420
G1 X204.739 Y186.815 Z0.1858 E94.46282
G1 X204.383 Y187.675 Z0.1861 E94.74145
G1 X204.002 Y188.524 Z0.1863 E95.02008
G1 X203.596 Y189.362 Z0.1866 E95.29871
G1 X203.166 Y190.187 Z0.1869 E95.57734
G1 X202.105 Y191.862 Z0.1874 E96.17084
G1 X201.995 Y192.003 Z0.1874 E96.22441
G1 X201.874 Y192.134 Z0.1875 E96.27798
G1 X201.201 Y192.797 Z0.1878 E96.56067
G1 X201.071 Y192.914 Z0.1878 E96.61292
G1 X200.932 Y193.019 Z0.1878 E96.66518
G1 X199.864 Y193.754 Z0.1882 E97.05329
G1 X198.239 Y194.504 Z0.1887 E97.58892
G1 X195.997 Y195.115 Z0.1893 E98.28440
G1 X193.291 Y195.428 Z0.1901 E99.10008
G1 X190.103 Y195.386 Z0.1909 E100.05437
G1 X186.448 Y194.929 Z0.1919 E101.15701
G1 X182.375 Y194.011 Z0.1931 E102.40668
G1 X177.976 Y192.604 Z0.1943 E103.78929
G1 X173.378 Y190.712 Z0.1957 E105.27769
G1 X168.739 Y188.369 Z0.1971 E106.83314
G1 X164.234 Y185.648 Z0.1985 E108.40876
G1 X160.031 Y182.647 Z0.1999 E109.95462
G1 X156.280 Y179.484 Z0.2013 E111.42347
G1 X153.091 Y176.282 Z0.2025 E112.77626
G1 X150.528 Y173.156 Z0.2036 E113.98615
G1 X148.609 Y170.202 Z0.2045 E115.04060
G1 X147.309 Y167.489 Z0.2054 E115.94137
G1 X146.624 Y165.228 Z0.2060 E116.64848
G1 X146.579 Y165.053 Z0.2061 E116.70254
G1 X146.551 Y164.874 Z0.2061 E116.75660
G1 X146.349 Y163.107 Z0.2066 E117.28902
G1 X146.337 Y162.911 Z0.2066 E117.34798
G1 X146.344 Y162.714 Z0.2067 E117.40693
G1 X146.450 Y161.440 Z0.2070 E117.78944
G1 X146.476 Y161.248 Z0.2071 E117.84752
G1 X146.520 Y161.059 Z0.2071 E117.90560
G1 X146.793 Y160.101 Z0.2074 E118.20396
G1 X146.853 Y159.922 Z0.2075 E118.26024
G1 X146.930 Y159.751 Z0.2075 E118.31652
G1 X147.325 Y158.963 Z0.2078 E118.58043
G1 X147.415 Y158.804 Z0.2078 E118.63515
G1 X147.519 Y158.653 Z0.2079 E118.68987
G1 X148.048 Y157.954 Z0.2081 E118.95236
G1 X148.162 Y157.817 Z0.2081 E119.00567
G1 X148.288 Y157.691 Z0.2082 E119.05899
G1 X149.129 Y156.916 Z0.2085 E119.40146
G1 X150.408 Y156.096 Z0.2089 E119.85620
G1 X152.132 Y155.366 Z0.2094 E120.41643
G1 X154.455 Y154.805 Z0.2101 E121.13190
G1 X157.248 Y154.551 Z0.2108 E121.97140
G1 X160.522 Y154.664 Z0.2117 E122.95198
G1 X164.257 Y155.201 Z0.2128 E124.08156
G1 X168.396 Y156.206 Z0.2139 E125.35659
G1 X172.842 Y157.701 Z0.2152 E126.76063
G1 X177.459 Y159.679 Z0.2166 E128.26426
G1 X182.087 Y162.095 Z0.2180 E129.82696
G1 X186.550 Y164.875 Z0.2194 E131.40091
G1 X190.681 Y167.914 Z0.2208 E132.93621
G1 X194.339 Y171.094 Z0.2221 E134.38674
G1 X197.418 Y174.290 Z0.2233 E135.71537
G1 X199.865 Y177.391 Z0.2244 E136.89776
G1 X201.669 Y180.306 Z0.2253 E137.92402
G1 X202.864 Y182.971 Z0.2261 E138.79830
G1 X203.458 Y185.173 Z0.2268 E139.48101
G1 X203.498 Y185.354 Z0.2268 E139.53665
G1 X203.521 Y185.539 Z0.2269 E139.59228
G1 X203.655 Y187.246 Z0.2273 E140.10472
G1 X203.660 Y187.445 Z0.2274 E140.16435
G1 X203.646 Y187.643 Z0.2274 E140.22398
G1 X203.500 Y188.838 Z0.2278 E140.58430
G1 X203.467 Y189.028 Z0.2278 E140.64201
G1 X203.417 Y189.214 Z0.2279 E140.69973
G1 X203.061 Y190.310 Z0.2282 E141.04452
G1 X202.713 Y191.000 Z0.2284 E141.27588
G1 X202.236 Y191.799 Z0.2286 E141.55451
G1 X201.736 Y192.584 Z0.2289 E141.83314
G1 X201.213 Y193.354 Z0.2291 E142.11177
G1 X200.668 Y194.109 Z0.2294 E142.39040
G1 X200.101 Y194.848 Z0.2297 E142.66903
G1 X199.513 Y195.569 Z0.2299 E142.94766
G1 X198.905 Y196.273 Z0.2302 E143.22629
G1 X198.276 Y196.960 Z0.2304 E143.50492
G1 X196.817 Y198.303 Z0.2310 E144.09842
G1 X196.675 Y198.411 Z0.2310 E144.15199
G1 X196.523 Y198.506 Z0.2310 E144.20556
G1 X195.702 Y198.972 Z0.2313 E144.48825
G1 X195.546 Y199.051 Z0.2314 E144.54050
G1 X195.384 Y199.117 Z0.2314 E144.59275
G1 X194.163 Y199.550 Z0.2318 E144.98087
G1 X192.399 Y199.854 Z0.2322 E145.51649
G1 X190.076 Y199.864 Z0.2329 E146.21198
G1 X187.380 Y199.466 Z0.2336 E147.02766
G1 X184.312 Y198.600 Z0.2345 E147.98195
G1 X180.900 Y197.213 Z0.2355 E149.08459
G1 X177.204 Y195.272 Z0.2366 E150.33426
G1 X173.318 Y192.775 Z0.2379 E151.71687
G1 X169.367 Y189.756 Z0.2392 E153.20527
G1 X165.493 Y186.294 Z0.2406 E154.76071
G1 X161.845 Y182.499 Z0.2421 E156.33634
G1 X158.562 Y178.512 Z0.2435 E157.88219
G1 X155.757 Y174.486 Z0.2448 E159.35105
G1 X153.505 Y170.568 Z0.2460 E160.70384
G1 X151.839 Y166.885 Z0.2471 E161.91372
G1 X150.750 Y163.535 Z0.2481 E162.96818
G1 X150.196 Y160.577 Z0.2489 E163.86895
G1 X150.120 Y158.216 Z0.2496 E164.57605
G1 X150.122 Y158.036 Z0.2496 E164.63012
G1 X150.141 Y157.856 Z0.2497 E164.68418
G1 X150.404 Y156.097 Z0.2501 E165.21660
G1 X150.442 Y155.904 Z0.2502 E165.27555
G1 X150.500 Y155.716 Z0.2502 E165.33451
G1 X150.933 Y154.513 Z0.2506 E165.71702
G1 X151.007 Y154.334 Z0.2506 E165.77510
G1 X151.098 Y154.163 Z0.2507 E165.83318
G1 X151.610 Y153.308 Z0.2510 E166.13154
G1 X151.715 Y153.151 Z0.2510 E166.18782
G1 X151.833 Y153.005 Z0.2511 E166.24410
G1 X152.419 Y152.347 Z0.2513 E166.50801
G1 X152.547 Y152.216 Z0.2514 E166.56273
G1 X152.686 Y152.097 Z0.2514 E166.61745
G1 X153.378 Y151.559 Z0.2517 E166.87994
G1 X153.524 Y151.457 Z0.2517 E166.93325
G1 X153.678 Y151.367 Z0.2517 E166.98656
G1 X154.691 Y150.836 Z0.2521 E167.32904
G1 X156.139 Y150.375 Z0.2525 E167.78378
G1 X157.993 Y150.117 Z0.2530 E168.34401
G1 X160.382 Y150.176 Z0.2536 E169.05947
G1 X163.145 Y150.653 Z0.2544 E169.89898
G1 X166.278 Y151.610 Z0.2553 E170.87956
G1 X169.747 Y153.095 Z0.2563 E172.00914
G1 X173.485 Y155.137 Z0.2575 E173.28417
G1 X177.393 Y157.732 Z0.2587 E174.68821
G1 X181.341 Y160.837 Z0.2601 E176.19184
G1 X185.185 Y164.369 Z0.2615 E177.75454
G1 X188.777 Y168.209 Z0.2630 E179.32849
G1 X191.981 Y172.214 Z0.2644 E180.86379
G1 X194.691 Y176.232 Z0.2657 E182.31432
G1 X196.838 Y180.116 Z0.2669 E183.64295
G1 X198.399 Y183.745 Z0.2680 E184.82534
G1 X199.387 Y187.028 Z0.2689 E185.85159
G1 X199.851 Y189.911 Z0.2697 E186.72588
G1 X199.856 Y192.192 Z0.2703 E187.40859
G1 X199.847 Y192.378 Z0.2704 E187.46422
G1 X199.822 Y192.562 Z0.2704 E187.51986
G1 X199.509 Y194.245 Z0.2709 E188.03230
G1 X199.463 Y194.438 Z0.2709 E188.09193
G1 X199.397 Y194.627 Z0.2710 E188.15156
G1 X198.947 Y195.743 Z0.2713 E188.51188
G1 X198.867 Y195.918 Z0.2714 E188.56959
G1 X198.769 Y196.085 Z0.2714 E188.62730
G1 X198.142 Y197.051 Z0.2717 E188.97210
G1 X197.627 Y197.627 Z0.2719 E189.20346
G1 X196.960 Y198.276 Z0.2722 E189.48209
G1 X196.273 Y198.905 Z0.2724 E189.76072
G1 X195.569 Y199.513 Z0.2727 E190.03935
G1 X194.848 Y200.101 Z0.2730 E190.31798
G1 X194.109 Y200.668 Z0.2732 E190.59661
G1 X193.354 Y201.213 Z0.2735 E190.87524
G1 X192.584 Y201.736 Z0.2737 E191.15387
G1 X191.799 Y202.236 Z0.2740 E191.43250
G1 X190.043 Y203.155 Z0.2745 E192.02600
G1 X189.877 Y203.223 Z0.2746 E192.07957
G1 X189.706 Y203.276 Z0.2746 E192.13314
G1 X188.792 Y203.513 Z0.2749 E192.41583
G1 X188.621 Y203.549 Z0.2749 E192.46808
G1 X188.448 Y203.571 Z0.2750 E192.52033
G1 X187.155 Y203.673 Z0.2753 E192.90845
G1 X185.374 Y203.511 Z0.2758 E193.44407
G1 X183.127 Y202.919 Z0.2764 E194.13955
G1 X180.626 Y201.837 Z0.2772 E194.95523
G1 X177.887 Y200.206 Z0.2780 E195.90953
G1 X174.949 Y197.983 Z0.2790 E197.01217
G1 X171.882 Y195.152 Z0.2802 E198.26183
G1 X168.775 Y191.734 Z0.2814 E199.64445
G1 X165.739 Y187.796 Z0.2828 E201.13285
G1 X162.894 Y183.448 Z0.2842 E202.68829
G1 X160.352 Y178.838 Z0.2856 E204.26391
G1 X158.213 Y174.138 Z0.2870 E205.80977
G1 X156.546 Y169.523 Z0.2884 E207.27863
G1 X155.385 Y165.155 Z0.2896 E208.63142
G1 X154.729 Y161.167 Z0.2907 E209.84130
G1 X154.544 Y157.650 Z0.2917 E210.89576
G1 X154.774 Y154.649 Z0.2925 E211.79653
G1 X155.312 Y152.349 Z0.2931 E212.50363
G1 X155.361 Y152.175 Z0.2932 E212.55769
G1 X155.425 Y152.006 Z0.2932 E212.61176
G1 X156.134 Y150.375 Z0.2937 E213.14417
G1 X156.222 Y150.199 Z0.2937 E213.20313
G1 X156.326 Y150.032 Z0.2938 E213.26209
G1 X157.055 Y148.982 Z0.2942 E213.64460
G1 X157.173 Y148.828 Z0.2942 E213.70268
G1 X157.306 Y148.687 Z0.2943 E213.76076
G1 X158.022 Y147.993 Z0.2945 E214.05911
G1 X158.163 Y147.869 Z0.2946 E214.11539
G1 X158.315 Y147.758 Z0.2946 E214.17168
G1 X159.052 Y147.274 Z0.2949 E214.43559
G1 X159.209 Y147.181 Z0.2949 E214.49030
G1 X159.374 Y147.102 Z0.2950 E214.54502
G1 X160.182 Y146.762 Z0.2952 E214.80751
G1 X160.349 Y146.700 Z0.2953 E214.86083
G1 X160.521 Y146.654 Z0.2953 E214.91414
G1 X161.637 Y146.404 Z0.2956 E215.25661
G1 X163.155 Y146.333 Z0.2960 E215.71136
G1 X165.012 Y146.563 Z0.2965 E216.27159
G1 X167.305 Y147.238 Z0.2972 E216.98705
G1 X169.851 Y148.415 Z0.2980 E217.82655
G1 X172.629 Y150.150 Z0.2988 E218.80714
G1 X175.596 Y152.482 Z0.2999 E219.93671
G1 X178.678 Y155.422 Z0.3010 E221.21175
G1 X181.780 Y158.940 Z0.3023 E222.61579
G1 X184.791 Y162.961 Z0.3037 E224.11941
G1 X187.590 Y167.368 Z0.3051 E225.68212
G1 X190.065 Y172.007 Z0.3065 E227.25606
G1 X192.123 Y176.704 Z0.3079 E228.79137
G1 X193.701 Y181.286 Z0.3092 E230.24189
G1 X194.770 Y185.594 Z0.3104 E231.57053
G1 X195.338 Y189.503 Z0.3115 E232.75292
G1 X195.443 Y192.930 Z0.3124 E233.77917
G1 X195.145 Y195.835 Z0.3132 E234.65345
G1 X194.559 Y198.039 Z0.3139 E235.33616
G1 X194.503 Y198.216 Z0.3139 E235.39180
G1 X194.431 Y198.388 Z0.3140 E235.44744
G1 X193.693 Y199.932 Z0.3144 E235.95988
G1 X193.598 Y200.108 Z0.3145 E236.01951
G1 X193.486 Y200.272 Z0.3145 E236.07914
G1 X192.763 Y201.234 Z0.3149 E236.43946
G1 X192.639 Y201.383 Z0.3149 E236.49717
G1 X192.502 Y201.518 Z0.3150 E236.55488
G1 X191.646 Y202.289 Z0.3153 E236.89968
G1 X191.000 Y202.713 Z0.3155 E237.13104
G1 X190.187 Y203.166 Z0.3157 E237.40967
G1 X189.362 Y203.596 Z0.3160 E237.68830
G1 X188.524 Y204.002 Z0.3163 E237.96693
G1 X187.675 Y204.383 Z0.3165 E238.24556
G1 X186.815 Y204.739 Z0.3168 E238.52419
G1 X185.945 Y205.070 Z0.3170 E238.80281
G1 X185.065 Y205.376 Z0.3173 E239.08144
G1 X184.178 Y205.656 Z0.3175 E239.36007
G1 X182.243 Y206.089 Z0.3181 E239.95358
G1 X182.065 Y206.112 Z0.3181 E240.00715
G1 X181.887 Y206.118 Z0.3182 E240.06072
G1 X180.942 Y206.111 Z0.3184 E240.34340
G1 X180.768 Y206.102 Z0.3185 E240.39566
G1 X180.595 Y206.078 Z0.3185 E240.44791
G1 X179.320 Y205.842 Z0.3189 E240.83603
G1 X177.641 Y205.224 Z0.3193 E241.37165
G1 X175.624 Y204.071 Z0.3200 E242.06713
G1 X173.488 Y202.378 Z0.3207 E242.88281
G1 X171.264 Y200.094 Z0.3216 E243.83710
G1 X169.003 Y197.187 Z0.3226 E244.93975
G1 X166.772 Y193.658 Z0.3237 E246.18941
G1 X164.656 Y189.552 Z0.3250 E247.57202
G1 X162.743 Y184.963 Z0.3263 E249.06042
G1 X161.120 Y180.027 Z0.3277 E250.61587
G1 X159.858 Y174.917 Z0.3292 E252.19149
G1 X159.008 Y169.823 Z0.3306 E253.73735
G1 X158.592 Y164.933 Z0.3319 E255.20620
G1 X158.601 Y160.414 Z0.3331 E256.55899
G1 X159.000 Y156.392 Z0.3342 E257.76888
G1 X159.732 Y152.946 Z0.3352 E258.82334
G1 X160.731 Y150.108 Z0.3360 E259.72410
G1 X161.845 Y148.025 Z0.3367 E260.43121
G1 X161.937 Y147.870 Z0.3367 E260.48527
G1 X162.043 Y147.724 Z0.3368 E260.53933
G1 X163.150 Y146.332 Z0.3373 E261.07175
G1 X163.280 Y146.184 Z0.3373 E261.13071
G1 X163.424 Y146.049 Z0.3374 E261.18967
G1 X164.400 Y145.224 Z0.3377 E261.57217
G1 X164.554 Y145.106 Z0.3378 E261.63025
G1 X164.719 Y145.004 Z0.3378 E261.68834
G1 X165.590 Y144.519 Z0.3381 E261.98669
G1 X165.759 Y144.436 Z0.3381 E262.04297
G1 X165.934 Y144.368 Z0.3382 E262.09925
G1 X166.771 Y144.091 Z0.3384 E262.36316
G1 X166.947 Y144.042 Z0.3385 E262.41788
G1 X167.127 Y144.009 Z0.3385 E262.47260
G1 X167.996 Y143.889 Z0.3388 E262.73509
G1 X168.173 Y143.873 Z0.3388 E262.78840
G1 X168.351 Y143.872 Z0.3389 E262.84172
G1 X169.494 Y143.919 Z0.3392 E263.18419
G1 X170.978 Y144.244 Z0.3396 E263.63894
G1 X172.713 Y144.947 Z0.3401 E264.19917
G1 X174.753 Y146.192 Z0.3407 E264.91463
G1 X176.907 Y147.988 Z0.3415 E265.75413
G1 X179.142 Y150.383 Z0.3424 E266.73472
G1 X181.404 Y153.404 Z0.3434 E267.86429
G1 X183.620 Y157.041 Z0.3446 E269.13932
G1 X185.706 Y161.242 Z0.3459 E270.54336
G1 X187.573 Y165.905 Z0.3472 E272.04699
G1 X189.136 Y170.886 Z0.3486 E273.60969
G1 X190.327 Y176.008 Z0.3501 E275.18364
G1 X191.099 Y181.078 Z0.3515 E276.71895
G1 X191.437 Y185.912 Z0.3528 E278.16947
G1 X191.354 Y190.350 Z0.3540 E279.49810
G1 X190.891 Y194.273 Z0.3551 E280.68049
G1 X190.106 Y197.610 Z0.3560 E281.70675
G1 X189.066 Y200.339 Z0.3568 E282.58103
G1 X187.930 Y202.316 Z0.3574 E283.26374
G1 X187.830 Y202.473 Z0.3575 E283.31938
G1 X187.716 Y202.620 Z0.3575 E283.37501
G1 X186.603 Y203.921 Z0.3580 E283.88745
G1 X186.466 Y204.066 Z0.3580 E283.94708
G1 X186.315 Y204.196 Z0.3581 E284.00671
G1 X185.367 Y204.938 Z0.3584 E284.36703
G1 X185.210 Y205.049 Z0.3585 E284.42474
G1 X185.043 Y205.145 Z0.3585 E284.48246
G1 X184.016 Y205.667 Z0.3588 E284.82726
G1 X183.282 Y205.910 Z0.3590 E285.05861
G1 X182.380 Y206.137 Z0.3593 E285.33724
G1 X181.471 Y206.339 Z0.3596 E285.61587
G1 X180.557 Y206.514 Z0.3598 E285.89450
G1 X179.638 Y206.662 Z0.3601 E286.17313
G1 X178.715 Y206.784 Z0.3603 E286.45176
G1 X177.789 Y206.878 Z0.3606 E286.73039
G1 X176.861 Y206.946 Z0.3608 E287.00902
G1 X175.931 Y206.986 Z0.3611 E287.28765
G1 X173.950 Y206.905 Z0.3616 E287.88115
G1 X173.772 Y206.880 Z0.3617 E287.93472
G1 X173.598 Y206.840 Z0.3617 E287.98829
G1 X172.688 Y206.589 Z0.3620 E288.27098
G1 X172.522 Y206.535 Z0.3620 E288.32323
G1 X172.361 Y206.467 Z0.3621 E288.37548
G1 X171.190 Y205.910 Z0.3624 E288.76360
G1 X169.728 Y204.878 Z0.3629 E289.29922
G1 X168.079 Y203.242 Z0.3635 E289.99471
G1 X166.454 Y201.054 Z0.3643 E290.81039
G1 X164.897 Y198.272 Z0.3651 E291.76468
G1 X163.465 Y194.879 Z0.3661 E292.86732
G1 X162.224 Y190.893 Z0.3673 E294.11699
G1 X161.242 Y186.379 Z0.3685 E295.49960
G1 X160.582 Y181.451 Z0.3699 E296.98800
G1 X160.291 Y176.263 Z0.3713 E298.54344
G1 X160.395 Y171.000 Z0.3727 E300.11907
G1 X160.893 Y165.860 Z0.3741 E301.66492
G1 X161.757 Y161.030 Z0.3755 E303.13378
G1 X162.935 Y156.667 Z0.3767 E304.48657
G1 X164.361 Y152.885 Z0.3778 E305.69646
G1 X165.960 Y149.746 Z0.3788 E306.75091
G1 X167.659 Y147.263 Z0.3796 E307.65168
G1 X169.275 Y145.539 Z0.3802 E308.35878
G1 X169.404 Y145.413 Z0.3803 E308.41285
G1 X169.544 Y145.299 Z0.3803 E308.46691
G1 X170.974 Y144.242 Z0.3808 E308.99933
G1 X171.138 Y144.132 Z0.3809 E309.05829
G1 X171.312 Y144.040 Z0.3809 E309.11724
G1 X172.468 Y143.495 Z0.3813 E309.49975
G1 X172.647 Y143.421 Z0.3813 E309.55783
G1 X172.833 Y143.365 Z0.3814 E309.61591
G1 X173.800 Y143.122 Z0.3816 E309.91427
G1 X173.984 Y143.085 Z0.3817 E309.97055
G1 X174.171 Y143.066 Z0.3817 E310.02683
G1 X175.051 Y143.015 Z0.3820 E310.29074
G1 X175.234 Y143.012 Z0.3820 E310.34546
G1 X175.416 Y143.027 Z0.3821 E310.40018
G1 X176.286 Y143.136 Z0.3823 E310.66267
G1 X176.462 Y143.166 Z0.3824 E310.71598
G1 X176.634 Y143.212 Z0.3824 E310.76929
G1 X177.726 Y143.553 Z0.3827 E311.11177
G1 X179.075 Y144.251 Z0.3831 E311.56651
G1 X180.569 Y145.379 Z0.3836 E312.12674
G1 X182.217 Y147.110 Z0.3843 E312.84220
G1 X183.833 Y149.402 Z0.3851 E313.68171
G1 X185.372 Y152.294 Z0.3860 E314.66229
G1 X186.775 Y155.797 Z0.3870 E315.79187
G1 X187.974 Y159.884 Z0.3881 E317.06690
G1 X188.902 Y164.482 Z0.3894 E318.47094
G1 X189.498 Y169.469 Z0.3908 E319.97457
G1 X189.719 Y174.685 Z0.3922 E321.53727
G1 X189.544 Y179.940 Z0.3936 E323.11122
G1 X188.977 Y185.038 Z0.3950 E324.64652
G1 X188.052 Y189.794 Z0.3963 E326.09705
G1 X186.824 Y194.060 Z0.3975 E327.42568
G1 X185.362 Y197.729 Z0.3986 E328.60807
G1 X183.740 Y200.749 Z0.3996 E329.63432
G1 X182.029 Y203.116 Z0.4004 E330.50861
G1 X180.419 Y204.732 Z0.4010 E331.19132
G1 X180.282 Y204.858 Z0.4010 E331.24695
G1 X180.134 Y204.970 Z0.4011 E331.30259
G1 X178.722 Y205.938 Z0.4015 E331.81503
G1 X178.553 Y206.043 Z0.4016 E331.87466
G1 X178.373 Y206.130 Z0.4016 E331.93429
G1 X177.266 Y206.601 Z0.4020 E332.29461
G1 X177.085 Y206.668 Z0.4020 E332.35232
G1 X176.898 Y206.717 Z0.4021 E332.41003
G1 X175.772 Y206.956 Z0.4024 E332.75483
G1 X175.000 Y207.000 Z0.4026 E332.98619
G1 X174.069 Y206.986 Z0.4029 E333.26482
G1 X173.139 Y206.946 Z0.4031 E333.54345
G1 X172.211 Y206.878 Z0.4034 E333.82208
G1 X171.285 Y206.784 Z0.4036 E334.10071
G1 X170.362 Y206.662 Z0.4039 E334.37934
G1 X169.443 Y206.514 Z0.4041 E334.65797
G1 X168.529 Y206.339 Z0.4044 E334.93660
G1 X167.620 Y206.137 Z0.4046 E335.21523
G1 X165.728 Y205.546 Z0.4052 E335.80873
G1 X165.563 Y205.476 Z0.4052 E335.86230
G1 X165.405 Y205.393 Z0.4053 E335.91587
G1 X164.591 Y204.914 Z0.4055 E336.19856
G1 X164.444 Y204.819 Z0.4056 E336.25081
G1 X164.307 Y204.712 Z0.4056 E336.30306
G1 X163.320 Y203.870 Z0.4060 E336.69118
G1 X162.175 Y202.495 Z0.4065 E337.22680
G1 X161.005 Y200.488 Z0.4071 E337.92228
G1 X160.002 Y197.955 Z0.4078 E338.73796
G1 X159.218 Y194.865 Z0.4087 E339.69226
G1 X158.713 Y191.216 Z0.4097 E340.79490
G1 X158.546 Y187.044 Z0.4108 E342.04456
G1 X158.766 Y182.431 Z0.4121 E343.42718
G1 X159.404 Y177.500 Z0.4134 E344.91558
G1 X160.466 Y172.413 Z0.4149 E346.47102
G1 X161.928 Y167.357 Z0.4163 E348.04664
G1 X163.739 Y162.520 Z0.4177 E349.59250
G1 X165.824 Y158.078 Z0.4190 E351.06136
G1 X168.091 Y154.169 Z0.4203 E352.41415
G1 X170.447 Y150.885 Z0.4214 E353.62403
G1 X172.804 Y148.267 Z0.4223 E354.67849
G1 X175.088 Y146.308 Z0.4231 E355.57926
G1 X177.095 Y145.061 Z0.4238 E356.28636
G1 X177.252 Y144.973 Z0.4238 E356.34042
G1 X177.417 Y144.899 Z0.4239 E356.39449
G1 X179.072 Y144.248 Z0.4244 E356.92690
G1 X179.259 Y144.185 Z0.4244 E356.98586
G1 X179.451 Y144.140 Z0.4245 E357.04482
G1 X180.708 Y143.914 Z0.4248 E357.42733
G1 X180.901 Y143.888 Z0.4249 E357.48541
G1 X181.095 Y143.882 Z0.4249 E357.54349
G1 X182.091 Y143.898 Z0.4252 E357.84184
G1 X182.279 Y143.910 Z0.4252 E357.89813
G1 X182.465 Y143.939 Z0.4253 E357.95441
G1 X183.328 Y144.118 Z0.4255 E358.21832
G1 X183.505 Y144.163 Z0.4256 E358.27304
G1 X183.677 Y144.224 Z0.4256 E358.32775
G1 X184.489 Y144.555 Z0.4259 E358.59025
G1 X184.651 Y144.629 Z0.4259 E358.64356
G1 X184.806 Y144.718 Z0.4260 E358.69687
G1 X185.772 Y145.331 Z0.4263 E359.03935
G1 X186.895 Y146.354 Z0.4267 E359.49409
G1 X188.046 Y147.829 Z0.4272 E360.05432
G1 X189.190 Y149.928 Z0.4279 E360.76978
G1 X190.157 Y152.560 Z0.4286 E361.60928
G1 X190.896 Y155.752 Z0.4295 E362.58987
G1 X191.344 Y159.499 Z0.4305 E363.71944
G1 X191.444 Y163.757 Z0.4317 E364.99448
G1 X191.151 Y168.438 Z0.4330 E366.39852
G1 X190.436 Y173.410 Z0.4343 E367.90214
G1 X189.299 Y178.505 Z0.4358 E369.46485
G1 X187.769 Y183.536 Z0.4372 E371.03879
G1 X185.903 Y188.313 Z0.4386 E372.57410
G1 X183.779 Y192.669 Z0.4399 E374.02463
G1 X181.488 Y196.471 Z0.4411 E375.35326
G1 X179.126 Y199.636 Z0.4422 E376.53565
G1 X176.777 Y202.134 Z0.4431 E377.56190
G1 X174.512 Y203.977 Z0.4439 E378.43618
G1 X172.539 Y205.122 Z0.4445 E379.11889
G1 X172.374 Y205.207 Z0.4446 E379.17453
G1 X172.202 Y205.277 Z0.4446 E379.23017
G1 X170.588 Y205.848 Z0.4451 E379.74261
G1 X170.397 Y205.904 Z0.4451 E379.80224
G1 X170.201 Y205.942 Z0.4452 E379.86187
G1 X169.010 Y206.110 Z0.4455 E380.22219
G1 X168.818 Y206.128 Z0.4456 E380.27990
G1 X168.625 Y206.127 Z0.4456 E380.33761
G1 X167.475 Y206.067 Z0.4459 E380.68241
G1 X166.718 Y205.910 Z0.4462 E380.91377
G1 X165.822 Y205.656 Z0.4464 E381.19240
G1 X164.935 Y205.376 Z0.4467 E381.47103
G1 X164.055 Y205.070 Z0.4469 E381.74966
G1 X163.185 Y204.739 Z0.4472 E382.02829
G1 X162.325 Y204.383 Z0.4474 E382.30692
G1 X161.476 Y204.002 Z0.4477 E382.58555
G1 X160.638 Y203.596 Z0.4479 E382.86418
G1 X159.813 Y203.166 Z0.4482 E383.14281
G1 X158.138 Y202.105 Z0.4487 E383.73631
G1 X157.997 Y201.995 Z0.4488 E383.78988
G1 X157.866 Y201.874 Z0.4488 E383.84345
G1 X157.203 Y201.201 Z0.4491 E384.12613
G1 X157.086 Y201.071 Z0.4491 E384.17839
G1 X156.981 Y200.932 Z0.4492 E384.23064
G1 X156.246 Y199.864 Z0.4495 E384.61876
G1 X155.496 Y198.239 Z0.4500 E385.15438
G1 X154.885 Y195.997 Z0.4506 E385.84986
G1 X154.572 Y193.291 Z0.4514 E386.66554
G1 X154.614 Y190.103 Z0.4523 E387.61983
G1 X155.071 Y186.448 Z0.4533 E388.72248
G1 X155.989 Y182.375 Z0.4544 E389.97214
G1 X157.396 Y177.976 Z0.4556 E391.35475
G1 X159.288 Y173.378 Z0.4570 E392.84315
G1 X161.631 Y168.739 Z0.4584 E394.39860
G1 X164.352 Y164.234 Z0.4598 E395.97422
G1 X167.353 Y160.031 Z0.4612 E397.52008
G1 X170.516 Y156.280 Z0.4626 E398.98893
G1 X173.718 Y153.091 Z0.4638 E400.34172
G1 X176.844 Y150.528 Z0.4649 E401.55161
G1 X179.798 Y148.609 Z0.4659 E402.60607
G1 X182.511 Y147.309 Z0.4667 E403.50684
G1 X184.772 Y146.624 Z0.4673 E404.21394
G1 X184.947 Y146.579 Z0.4674 E404.26800
G1 X185.126 Y146.551 Z0.4674 E404.32206
G1 X186.893 Y146.349 Z0.4679 E404.85448
G1 X187.089 Y146.337 Z0.4680 E404.91344
G1 X187.286 Y146.344 Z0.4680 E404.97240
G1 X188.560 Y146.450 Z0.4684 E405.35490
G1 X188.752 Y146.476 Z0.4684 E405.41299
G1 X188.941 Y146.520 Z0.4685 E405.47107
G1 X189.899 Y146.793 Z0.4687 E405.76942
G1 X190.078 Y146.853 Z0.4688 E405.82570
G1 X190.249 Y146.930 Z0.4688 E405.88198
G1 X191.037 Y147.325 Z0.4691 E406.14589
G1 X191.196 Y147.415 Z0.4691 E406.20061
G1 X191.347 Y147.519 Z0.4692 E406.25533
G1 X192.046 Y148.048 Z0.4694 E406.51782
G1 X192.183 Y148.162 Z0.4695 E406.57114
G1 X192.309 Y148.288 Z0.4695 E406.62445
G1 X193.084 Y149.129 Z0.4698 E406.96692
G1 X193.904 Y150.408 Z0.4702 E407.42167
G1 X194.634 Y152.132 Z0.4708 E407.98190
G1 X195.195 Y154.455 Z0.4714 E408.69736
G1 X195.449 Y157.248 Z0.4722 E409.53686
G1 X195.336 Y160.522 Z0.4731 E410.51745
G1 X194.799 Y164.257 Z0.4741 E411.64702
G1 X193.794 Y168.396 Z0.4752 E412.92205
G1 X192.299 Y172.842 Z0.4765 E414.32609
G1 X190.321 Y177.459 Z0.4779 E415.82972
G1 X187.905 Y182.087 Z0.4793 E417.39242
G1 X185.125 Y186.550 Z0.4807 E418.96637
G1 X182.086 Y190.681 Z0.4821 E420.50168
G1 X178.906 Y194.339 Z0.4835 E421.95220
G1 X175.710 Y197.418 Z0.4847 E423.28083
G1 X172.609 Y199.865 Z0.4857 E424.46322
G1 X169.694 Y201.669 Z0.4867 E425.48948
G1 X167.029 Y202.864 Z0.4875 E426.36376
G1 X164.827 Y203.458 Z0.4881 E427.04647
G1 X164.646 Y203.498 Z0.4881 E427.10211
G1 X164.461 Y203.521 Z0.4882 E427.15774
G1 X162.754 Y203.655 Z0.4886 E427.67019
G1 X162.555 Y203.660 Z0.4887 E427.72981
G1 X162.357 Y203.646 Z0.4888 E427.78944
G1 X161.162 Y203.500 Z0.4891 E428.14976
G1 X160.972 Y203.467 Z0.4891 E428.20748
G1 X160.786 Y203.417 Z0.4892 E428.26519
G1 X159.690 Y203.061 Z0.4895 E428.60999
G1 X159.000 Y202.713 Z0.4897 E428.84135
G1 X158.201 Y202.236 Z0.4900 E429.11997
G1 X157.416 Y201.736 Z0.4902 E429.39860
G1 X156.646 Y201.213 Z0.4905 E429.67723
G1 X155.891 Y200.668 Z0.4907 E429.95586
G1 X155.152 Y200.101 Z0.4910 E430.23449
G1 X154.431 Y199.513 Z0.4912 E430.51312
G1 X153.727 Y198.905 Z0.4915 E430.79175
G1 X153.040 Y198.276 Z0.4917 E431.07038
G1 X151.697 Y196.817 Z0.4923 E431.66388
G1 X151.589 Y196.675 Z0.4923 E431.71745
G1 X151.494 Y196.523 Z0.4924 E431.77102
G1 X151.028 Y195.702 Z0.4926 E432.05371
G1 X150.949 Y195.546 Z0.4927 E432.10596
G1 X150.883 Y195.384 Z0.4927 E432.15822
G1 X150.450 Y194.163 Z0.4931 E432.54633
G1 X150.146 Y192.399 Z0.4936 E433.08195
G1 X150.136 Y190.076 Z0.4942 E433.77744
G1 X150.534 Y187.380 Z0.4949 E434.59312
G1 X151.400 Y184.312 Z0.4958 E435.54741
G1 X152.787 Y180.900 Z0.4968 E436.65005
G1 X154.728 Y177.204 Z0.4979 E437.89972
G1 X157.225 Y173.318 Z0.4992 E439.28233
G1 X160.244 Y169.367 Z0.5006 E440.77073
G1 X163.706 Y165.493 Z0.5020 E442.32618
G1 X167.501 Y161.845 Z0.5034 E443.90180
G1 X171.488 Y158.562 Z0.5048 E445.44765
G1 X175.514 Y155.757 Z0.5061 E446.91651
G1 X179.432 Y153.505 Z0.5074 E448.26930
G1 X183.115 Y151.839 Z0.5085 E449.47919
G1 X186.465 Y150.750 Z0.5094 E450.53364
G1 X189.423 Y150.196 Z0.5102 E451.43441
G1 X191.784 Y150.120 Z0.5109 E452.14151
G1 X191.964 Y150.122 Z0.5109 E452.19558
G1 X192.144 Y150.141 Z0.5110 E452.24964
G1 X193.903 Y150.404 Z0.5115 E452.78206
G1 X194.096 Y150.442 Z0.5115 E452.84102
G1 X194.284 Y150.500 Z0.5116 E452.89997
G1 X195.487 Y150.933 Z0.5119 E453.28248
G1 X195.666 Y151.007 Z0.5120 E453.34056
G1 X195.837 Y151.098 Z0.5120 E453.39864
G1 X196.692 Y151.610 Z0.5123 E453.69700
G1 X196.849 Y151.715 Z0.5124 E453.75328
G1 X196.995 Y151.833 Z0.5124 E453.80956
G1 X197.653 Y152.419 Z0.5126 E454.07347
G1 X197.784 Y152.547 Z0.5127 E454.12819
G1 X197.903 Y152.686 Z0.5127 E454.18291
G1 X198.441 Y153.378 Z0.5130 E454.44540
G1 X198.543 Y153.524 Z0.5130 E454.49871
G1 X198.633 Y153.678 Z0.5131 E454.55202
G1 X199.164 Y154.691 Z0.5134 E454.89450
G1 X199.625 Y156.139 Z0.5138 E455.34924
G1 X199.883 Y157.993 Z0.5143 E455.90947
G1 X199.824 Y160.382 Z0.5150 E456.62493
G1 X199.347 Y163.145 Z0.5157 E457.46444
G1 X198.390 Y166.278 Z0.5166 E458.44502
G1 X196.905 Y169.747 Z0.5176 E459.57460
G1 X194.863 Y173.485 Z0.5188 E460.84963
G1 X192.268 Y177.393 Z0.5201 E462.25367
G1 X189.163 Y181.341 Z0.5214 E463.75730
G1 X185.631 Y185.185 Z0.5229 E465.32000
G1 X181.791 Y188.777 Z0.5243 E466.89395
G1 X177.786 Y191.981 Z0.5257 E468.42925
G1 X173.768 Y194.691 Z0.5270 E469.87978
G1 X169.884 Y196.838 Z0.5282 E471.20841
G1 X166.255 Y198.399 Z0.5293 E472.39080
G1 X162.972 Y199.387 Z0.5302 E473.41706
G1 X160.089 Y199.851 Z0.5310 E474.29134
G1 X157.808 Y199.856 Z0.5316 E474.97405
G1 X157.622 Y199.847 Z0.5317 E475.02968
G1 X157.438 Y199.822 Z0.5317 E475.08532
G1 X155.755 Y199.509 Z0.5322 E475.59776
G1 X155.562 Y199.463 Z0.5323 E475.65739
G1 X155.373 Y199.397 Z0.5323 E475.71702
G1 X154.257 Y198.947 Z0.5326 E476.07734
G1 X154.082 Y198.867 Z0.5327 E476.13505
G1 X153.915 Y198.769 Z0.5327 E476.19276
G1 X152.949 Y198.142 Z0.5331 E476.53756
G1 X152.373 Y197.627 Z0.5333 E476.76892
G1 X151.724 Y196.960 Z0.5335 E477.04755
G1 X151.095 Y196.273 Z0.5338 E477.32618
G1 X150.487 Y195.569 Z0.5340 E477.60481
G1 X149.899 Y194.848 Z0.5343 E477.88344
G1 X149.332 Y194.109 Z0.5345 E478.16207
G1 X148.787 Y193.354 Z0.5348 E478.44070
G1 X148.264 Y192.584 Z0.5350 E478.71933
G1 X147.764 Y191.799 Z0.5353 E478.99796
G1 X146.845 Y190.043 Z0.5358 E479.59146
G1 X146.777 Y189.877 Z0.5359 E479.64503
G1 X146.724 Y189.706 Z0.5359 E479.69860
G1 X146.487 Y188.792 Z0.5362 E479.98129
G1 X146.451 Y188.621 Z0.5362 E480.03354
G1 X146.429 Y188.448 Z0.5363 E480.08579
G1 X146.327 Y187.155 Z0.5366 E480.47391
G1 X146.489 Y185.374 Z0.5371 E481.00953
G1 X147.081 Y183.127 Z0.5378 E481.70501
G1 X148.163 Y180.626 Z0.5385 E482.52069
G1 X149.794 Y177.887 Z0.5394 E483.47499
G1 X152.017 Y174.949 Z0.5404 E484.57763
G1 X154.848 Y171.882 Z0.5415 E485.82730
G1 X158.266 Y168.775 Z0.5428 E487.20991
G1 X162.204 Y165.739 Z0.5441 E488.69831
G1 X166.552 Y162.894 Z0.5455 E490.25375
G1 X171.162 Y160.352 Z0.5470 E491.82938
G1 X175.862 Y158.213 Z0.5484 E493.37523
G1 X180.477 Y156.546 Z0.5497 E494.84409
G1 X184.845 Y155.385 Z0.5509 E496.19688
G1 X188.833 Y154.729 Z0.5520 E497.40676
G1 X192.350 Y154.544 Z0.5530 E498.46122
G1 X195.351 Y154.774 Z0.5538 E499.36199
G1 X197.651 Y155.312 Z0.5544 E500.06909
G1 X197.825 Y155.361 Z0.5545 E500.12315
G1 X197.994 Y155.425 Z0.5545 E500.17722
G1 X199.625 Y156.134 Z0.5550 E500.70964
G1 X199.801 Y156.222 Z0.5551 E500.76859
G1 X199.968 Y156.326 Z0.5551 E500.82755
G1 X201.018 Y157.055 Z0.5555 E501.21006
G1 X201.172 Y157.173 Z0.5555 E501.26814
G1 X201.313 Y157.306 Z0.5556 E501.32622
G1 X202.007 Y158.022 Z0.5559 E501.62457
G1 X202.131 Y158.163 Z0.5559 E501.68086
G1 X202.242 Y158.315 Z0.5560 E501.73714
G1 X202.726 Y159.052 Z0.5562 E502.00105
G1 X202.819 Y159.209 Z0.5562 E502.05577
G1 X202.898 Y159.374 Z0.5563 E502.11048
G1 X203.238 Y160.182 Z0.5565 E502.37298
G1 X203.300 Y160.349 Z0.5566 E502.42629
G1 X203.346 Y160.521 Z0.5566 E502.47960
G1 X203.596 Y161.637 Z0.5569 E502.82208
G1 X203.667 Y163.155 Z0.5574 E503.27682
G1 X203.437 Y165.012 Z0.5579 E503.83705
G1 X202.762 Y167.305 Z0.5585 E504.55251
G1 X201.585 Y169.851 Z0.5593 E505.39202
G1 X199.850 Y172.629 Z0.5602 E506.37260
G1 X197.518 Y175.596 Z0.5612 E507.50217
G1 X194.578 Y178.678 Z0.5624 E508.77721
G1 X191.060 Y181.780 Z0.5636 E510.18125
G1 X187.039 Y184.791 Z0.5650 E511.68488
G1 X182.632 Y187.590 Z0.5664 E513.24758
G1 X177.993 Y190.065 Z0.5678 E514.82153
G1 X173.296 Y192.123 Z0.5692 E516.35683
G1 X168.714 Y193.701 Z0.5706 E517.80736
G1 X164.406 Y194.770 Z0.5718 E519.13599
G1 X160.497 Y195.338 Z0.5728 E520.31838
G1 X157.070 Y195.443 Z0.5738 E521.34463
G1 X154.165 Y195.145 Z0.5746 E522.21891
G1 X151.961 Y194.559 Z0.5752 E522.90162
G1 X151.784 Y194.503 Z0.5752 E522.95726
G1 X151.612 Y194.431 Z0.5753 E523.01290
G1 X150.068 Y193.693 Z0.5758 E523.52534
G1 X149.892 Y193.598 Z0.5758 E523.58497
G1 X149.728 Y193.486 Z0.5759 E523.64460
G1 X148.766 Y192.763 Z0.5762 E524.00492
G1 X148.617 Y192.639 Z0.5762 E524.06263
G1 X148.482 Y192.502 Z0.5763 E524.12034
G1 X147.711 Y191.646 Z0.5766 E524.46514
G1 X147.287 Y191.000 Z0.5768 E524.69650
G1 X146.834 Y190.187 Z0.5771 E524.97513
G1 X146.404 Y189.362 Z0.5773 E525.25376
G1 X145.998 Y188.524 Z0.5776 E525.53239
G1 X145.617 Y187.675 Z0.5778 E525.81102
G1 X145.261 Y186.815 Z0.5781 E526.08965
G1 X144.930 Y185.945 Z0.5783 E526.36828
G1 X144.624 Y185.065 Z0.5786 E526.64691
G1 X144.344 Y184.178 Z0.5788 E526.92554
G1 X143.911 Y182.243 Z0.5794 E527.51904
G1 X143.888 Y182.065 Z0.5794 E527.57261
G1 X143.882 Y181.887 Z0.5795 E527.62618
G1 X143.889 Y180.942 Z0.5797 E527.90887
G1 X143.898 Y180.768 Z0.5798 E527.96112
G1 X143.922 Y180.595 Z0.5798 E528.01337
G1 X144.158 Y179.320 Z0.5802 E528.40149
G1 X144.776 Y177.641 Z0.5807 E528.93711
G1 X145.929 Y175.624 Z0.5813 E529.63259
G1 X147.622 Y173.488 Z0.5820 E530.44827
G1 X149.906 Y171.264 Z0.5829 E531.40256
G1 X152.813 Y169.003 Z0.5839 E532.50521
G1 X156.342 Y166.772 Z0.5851 E533.75487
G1 X160.448 Y164.656 Z0.5863 E535.13748
G1 X165.037 Y162.743 Z0.5877 E536.62588
G1 X169.973 Y161.120 Z0.5891 E538.18133
G1 X175.083 Y159.858 Z0.5905 E539.75695
G1 X180.177 Y159.008 Z0.5919 E541.30281
G1 X185.067 Y158.592 Z0.5932 E542.77167
G1 X189.586 Y158.601 Z0.5945 E544.12445
G1 X193.608 Y159.000 Z0.5956 E545.33434
G1 X197.054 Y159.732 Z0.5965 E546.38880
G1 X199.892 Y160.731 Z0.5974 E547.28957
G1 X201.975 Y161.845 Z0.5980 E547.99667
G1 X202.130 Y161.937 Z0.5980 E548.05073
G1 X202.276 Y162.043 Z0.5981 E548.10479
G1 X203.668 Y163.150 Z0.5986 E548.63721
G1 X203.816 Y163.280 Z0.5986 E548.69617
G1 X203.951 Y163.424 Z0.5987 E548.75513
G1 X204.776 Y164.400 Z0.5990 E549.13764
G1 X204.894 Y164.554 Z0.5991 E549.19572
G1 X204.996 Y164.719 Z0.5991 E549.25380
G1 X205.481 Y165.590 Z0.5994 E549.55215
G1 X205.564 Y165.759 Z0.5995 E549.60843
G1 X205.632 Y165.934 Z0.5995 E549.66472
G1 X205.909 Y166.771 Z0.5998 E549.92863
G1 X205.958 Y166.947 Z0.5998 E549.98334
G1 X205.991 Y167.127 Z0.5998 E550.03806
G1 X206.111 Y167.996 Z0.6001 E550.30055
G1 X206.127 Y168.173 Z0.6001 E550.35387
G1 X206.128 Y168.351 Z0.6002 E550.40718
G1 X206.081 Y169.494 Z0.6005 E550.74965
G1 X205.756 Y170.978 Z0.6009 E551.20440
G1 X205.053 Y172.713 Z0.6014 E551.76463
G1 X203.808 Y174.753 Z0.6021 E552.48009
G1 X202.012 Y176.907 Z0.6028 E553.31959
G1 X199.617 Y179.142 Z0.6037 E554.30018
G1 X196.596 Y181.404 Z0.6047 E555.42975
G1 X192.959 Y183.620 Z0.6059 E556.70479
G1 X188.758 Y185.706 Z0.6072 E558.10882
G1 X184.095 Y187.573 Z0.6086 E559.61245
G1 X179.114 Y189.136 Z0.6100 E561.17515
G1 X173.992 Y190.327 Z0.6114 E562.74910
G1 X168.922 Y191.099 Z0.6128 E564.28441
G1 X164.088 Y191.437 Z0.6141 E565.73493
G1 X159.650 Y191.354 Z0.6153 E567.06357
G1 X155.727 Y190.891 Z0.6164 E568.24596
G1 X152.390 Y190.106 Z0.6173 E569.27221
G1 X149.661 Y189.066 Z0.6181 E570.14649
G1 X147.684 Y187.930 Z0.6187 E570.82920
G1 X147.527 Y187.830 Z0.6188 E570.88484
G1 X147.380 Y187.716 Z0.6188 E570.94048
G1 X146.079 Y186.603 Z0.6193 E571.45292
G1 X145.934 Y186.466 Z0.6194 E571.51255
G1 X145.804 Y186.315 Z0.6194 E571.57217
G1 X145.062 Y185.367 Z0.6197 E571.93249
G1 X144.951 Y185.210 Z0.6198 E571.99021
G1 X144.855 Y185.043 Z0.6199 E572.04792
G1 X144.333 Y184.016 Z0.6202 E572.39272
G1 X144.090 Y183.282 Z0.6204 E572.62408
G1 X143.847 Y182.313 Z0.6206 E572.92315
G1 X143.634 Y181.337 Z0.6209 E573.22223
G1 X143.451 Y180.355 Z0.6212 E573.52131
G1 X143.299 Y179.367 Z0.6215 E573.82039
G1 X143.179 Y178.375 Z0.6217 E574.11947
G1 X143.089 Y177.380 Z0.6220 E574.41854
G1 X143.030 Y176.383 Z0.6223 E574.71762
G1 X143.002 Y175.384 Z0.6225 E575.01670
G1 X143.006 Y174.385 Z0.6228 E575.31578
G1 X143.041 Y173.387 Z0.6231 E575.61486
G1 X143.107 Y172.390 Z0.6234 E575.91393
G1 X143.204 Y171.395 Z0.6236 E576.21301
G1 X143.332 Y170.404 Z0.6239 E576.51209
G1 X143.491 Y169.418 Z0.6242 E576.81117
G1 X143.680 Y168.437 Z0.6245 E577.11024
G1 X143.900 Y167.463 Z0.6247 E577.40932
G1 X144.151 Y166.495 Z0.6250 E577.70840
G1 X144.431 Y165.536 Z0.6253 E578.00748
G1 X144.742 Y164.587 Z0.6255 E578.30656
G1 X145.082 Y163.647 Z0.6258 E578.60563
G1 X145.451 Y162.719 Z0.6261 E578.90471
G1 X145.848 Y161.802 Z0.6264 E579.20379
G1 X146.275 Y160.898 Z0.6266 E579.50287
G1 X146.729 Y160.009 Z0.6269 E579.80195
G1 X147.211 Y159.133 Z0.6272 E580.10102
G1 X147.720 Y158.273 Z0.6274 E580.40010
G1 X148.255 Y157.430 Z0.6277 E580.69918
G1 X148.817 Y156.604 Z0.6280 E580.99826
G1 X149.404 Y155.795 Z0.6283 E581.29734
G1 X150.016 Y155.005 Z0.6285 E581.59641
G1 X150.652 Y154.235 Z0.6288 E581.89549
G1 X151.312 Y153.485 Z0.6291 E582.19457
G1 X151.995 Y152.756 Z0.6293 E582.49365
G1 X152.701 Y152.049 Z0.6296 E582.79272
G1 X153.428 Y151.364 Z0.6299 E583.09180
G1 X154.177 Y150.702 Z0.6302 E583.39088
G1 X154.945 Y150.064 Z0.6304 E583.68996
G1 X155.734 Y149.450 Z0.6307 E583.98904
G1 X156.541 Y148.861 Z0.6310 E584.28811
G1 X157.366 Y148.297 Z0.6312 E584.58719
G1 X158.208 Y147.760 Z0.6315 E584.88627
G1 X159.067 Y147.249 Z0.6318 E585.18535
G1 X159.941 Y146.765 Z0.6321 E585.48443
G1 X160.830 Y146.309 Z0.6323 E585.78350
G1 X161.732 Y145.880 Z0.6326 E586.08258
G1 X162.648 Y145.480 Z0.6329 E586.38166
G1 X163.575 Y145.109 Z0.6331 E586.68074
G1 X164.514 Y144.767 Z0.6334 E586.97982
G1 X165.463 Y144.454 Z0.6337 E587.27889
G1 X166.421 Y144.171 Z0.6340 E587.57797
G1 X167.388 Y143.919 Z0.6342 E587.87705
G1 X168.362 Y143.696 Z0.6345 E588.17613
G1 X169.342 Y143.504 Z0.6348 E588.47521
G1 X170.328 Y143.343 Z0.6351 E588.77428
G1 X171.319 Y143.212 Z0.6353 E589.07336
G1 X172.313 Y143.113 Z0.6356 E589.37244
G1 X173.310 Y143.045 Z0.6359 E589.67152
G1 X174.308 Y143.007 Z0.6361 E589.97059
G1 X175.307 Y143.001 Z0.6364 E590.26967
G1 X176.306 Y143.027 Z0.6367 E590.56875
G1 X177.304 Y143.083 Z0.6370 E590.86783
G1 X178.299 Y143.171 Z0.6372 E591.16691
G1 X179.291 Y143.289 Z0.6375 E591.46598
G1 X180.279 Y143.438 Z0.6378 E591.76506
G1 X181.262 Y143.619 Z0.6380 E592.06414
G1 X182.238 Y143.829 Z0.6383 E592.36322
G1 X183.208 Y144.071 Z0.6386 E592.66230
G1 X184.170 Y144.342 Z0.6389 E592.96137
G1 X185.122 Y144.643 Z0.6391 E593.26045
G1 X186.065 Y144.974 Z0.6394 E593.55953
G1 X186.997 Y145.334 Z0.6397 E593.85861
G1 X187.917 Y145.723 Z0.6399 E594.15769
G1 X188.825 Y146.140 Z0.6402 E594.45676
G1 X189.719 Y146.586 Z0.6405 E594.75584
G1 X190.599 Y147.059 Z0.6408 E595.05492
G1 X191.464 Y147.560 Z0.6410 E595.35400
G1 X192.312 Y148.087 Z0.6413 E595.65307
G1 X193.144 Y148.641 Z0.6416 E595.95215
G1 X193.958 Y149.220 Z0.6418 E596.25123
G1 X194.754 Y149.825 Z0.6421 E596.55031
G1 X195.530 Y150.454 Z0.6424 E596.84939
G1 X196.286 Y151.107 Z0.6427 E597.14846
G1 X197.022 Y151.783 Z0.6429 E597.44754
G1 X197.736 Y152.482 Z0.6432 E597.74662
G1 X198.428 Y153.202 Z0.6435 E598.04570
G1 X199.097 Y153.944 Z0.6437 E598.34478
G1 X199.742 Y154.707 Z0.6440 E598.64385
G1 X200.364 Y155.489 Z0.6443 E598.94293
G1 X200.961 Y156.290 Z0.6446 E599.24201
G1 X201.532 Y157.110 Z0.6448 E599.54109
G1 X202.078 Y157.947 Z0.6451 E599.84017
G1 X202.597 Y158.801 Z0.6454 E600.13924
G1 X203.089 Y159.670 Z0.6457 E600.43832
G1 X203.554 Y160.555 Z0.6459 E600.73740
G1 X203.991 Y161.453 Z0.6462 E601.03648
G1 X204.400 Y162.365 Z0.6465 E601.33556
G1 X204.780 Y163.289 Z0.6467 E601.63463
G1 X205.131 Y164.224 Z0.6470 E601.93371
G1 X205.453 Y165.170 Z0.6473 E602.23279
G1 X205.745 Y166.125 Z0.6476 E602.53187
G1 X206.007 Y167.090 Z0.6478 E602.83094
G1 X206.239 Y168.061 Z0.6481 E603.13002
G1 X206.440 Y169.040 Z0.6484 E603.42910
G1 X206.611 Y170.024 Z0.6486 E603.72818
G1 X206.751 Y171.014 Z0.6489 E604.02726
G1 X206.860 Y172.007 Z0.6492 E604.32633
G1 X206.938 Y173.003 Z0.6495 E604.62541
G1 X206.984 Y174.001 Z0.6497 E604.92449
G1 F3000 X207.000 Y175.000 Z0.6500 E605.22357
G1 X206.905 Y176.050 Z0.6503 E605.53926
G1 X206.880 Y176.228 Z0.6503 E605.59283
G1 X206.840 Y176.402 Z0.6504 E605.64640
G1 X206.589 Y177.312 Z0.6506 E605.92909
G1 X206.535 Y177.478 Z0.6507 E605.98134
G1 X206.467 Y177.639 Z0.6507 E606.03359
G1 X205.910 Y178.810 Z0.6511 E606.42171
G1 X204.878 Y180.272 Z0.6516 E606.95733
G1 X203.242 Y181.921 Z0.6522 E607.65281
G1 X201.054 Y183.546 Z0.6529 E608.46849
G1 X198.272 Y185.103 Z0.6538 E609.42279
G1 X194.879 Y186.535 Z0.6548 E610.52543
G1 X190.893 Y187.776 Z0.6560 E611.77509
G1 X186.379 Y188.758 Z0.6572 E613.15771
G1 X181.451 Y189.418 Z0.6586 E614.64611
G1 X176.263 Y189.709 Z0.6600 E616.20155
G1 X171.000 Y189.605 Z0.6614 E617.77717
G1 X165.860 Y189.107 Z0.6628 E619.32303
G1 X161.030 Y188.243 Z0.6641 E620.79189
G1 X156.667 Y187.065 Z0.6654 E622.14468
G1 X152.885 Y185.639 Z0.6665 E623.35456
G1 X149.746 Y184.040 Z0.6674 E624.40902
G1 X147.263 Y182.341 Z0.6683 E625.30979
G1 X145.539 Y180.725 Z0.6689 E626.01689
G1 X145.413 Y180.596 Z0.6689 E626.07095
G1 X145.299 Y180.456 Z0.6690 E626.12502
G1 X144.242 Y179.026 Z0.6695 E626.65743
G1 X144.132 Y178.862 Z0.6695 E626.71639
G1 X144.040 Y178.688 Z0.6696 E626.77535
G1 X143.495 Y177.532 Z0.6699 E627.15786
G1 X143.421 Y177.353 Z0.6700 E627.21594
G1 X143.365 Y177.167 Z0.6700 E627.27402
G1 X143.122 Y176.200 Z0.6703 E627.57237
G1 X143.085 Y176.016 Z0.6704 E627.62865
G1 X143.066 Y175.829 Z0.6704 E627.68494
G1 X143.015 Y174.949 Z0.6707 E627.94885
G1 X143.012 Y174.766 Z0.6707 E628.00356
G1 X143.027 Y174.584 Z0.6708 E628.05828
G1 X143.136 Y173.714 Z0.6710 E628.32077
G1 X143.166 Y173.538 Z0.6710 E628.37409
G1 X143.212 Y173.366 Z0.6711 E628.42740
G1 X143.553 Y172.274 Z0.6714 E628.76988
G1 X144.251 Y170.925 Z0.6718 E629.22462
G1 X145.379 Y169.431 Z0.6723 E629.78485
G1 X147.110 Y167.783 Z0.6730 E630.50031
G1 X149.402 Y166.167 Z0.6737 E631.33981
G1 X152.294 Y164.628 Z0.6746 E632.32040
G1 X155.797 Y163.225 Z0.6757 E633.44997
G1 X159.884 Y162.026 Z0.6768 E634.72501
G1 X164.482 Y161.098 Z0.6781 E636.12905
G1 X169.469 Y160.502 Z0.6795 E637.63267
G1 X174.685 Y160.281 Z0.6809 E639.19538
G1 X179.940 Y160.456 Z0.6823 E640.76932
G1 X185.038 Y161.023 Z0.6837 E642.30463
G1 X189.794 Y161.948 Z0.6850 E643.75515
G1 X194.060 Y163.176 Z0.6862 E645.08379
G1 X197.729 Y164.638 Z0.6873 E646.26618
G1 X200.749 Y166.260 Z0.6882 E647.29243
G1 X203.116 Y167.971 Z0.6890 E648.16671
G1 X204.732 Y169.581 Z0.6896 E648.84942
G1 X204.858 Y169.718 Z0.6897 E648.90506
G1 X204.970 Y169.866 Z0.6897 E648.96070
G1 X205.938 Y171.278 Z0.6902 E649.47314
G1 X206.043 Y171.447 Z0.6903 E649.53277
G1 X206.130 Y171.627 Z0.6903 E649.59240
G1 X206.601 Y172.734 Z0.6906 E649.95272
G1 X206.668 Y172.915 Z0.6907 E650.01043
G1 X206.717 Y173.102 Z0.6908 E650.06814
G1 X206.956 Y174.228 Z0.6911 E650.41294
G1 X207.000 Y175.000 Z0.6913 E650.64430
G1 X206.986 Y175.931 Z0.6915 E650.92293
G1 X206.946 Y176.861 Z0.6918 E651.20156
G1 X206.878 Y177.789 Z0.6920 E651.48019
G1 X206.784 Y178.715 Z0.6923 E651.75882
G1 X206.662 Y179.638 Z0.6925 E652.03745
G1 X206.514 Y180.557 Z0.6928 E652.31608
G1 X206.339 Y181.471 Z0.6930 E652.59470
G1 X206.137 Y182.380 Z0.6933 E652.87333
G1 X205.546 Y184.272 Z0.6938 E653.46684
G1 X205.476 Y184.437 Z0.6939 E653.52041
G1 X205.393 Y184.595 Z0.6939 E653.57398
G1 X204.914 Y185.409 Z0.6942 E653.85666
G1 X204.819 Y185.556 Z0.6942 E653.90892
G1 X204.712 Y185.693 Z0.6943 E653.96117
G1 X203.870 Y186.680 Z0.6946 E654.34929
G1 X202.495 Y187.825 Z0.6951 E654.88491
G1 X200.488 Y188.995 Z0.6958 E655.58039
G1 X197.955 Y189.998 Z0.6965 E656.39607
G1 X194.865 Y190.782 Z0.6974 E657.35036
G1 X191.216 Y191.287 Z0.6984 E658.45301
G1 X187.044 Y191.454 Z0.6995 E659.70267
G1 X182.431 Y191.234 Z0.7008 E661.08528
G1 X177.500 Y190.596 Z0.7021 E662.57368
G1 X172.413 Y189.534 Z0.7035 E664.12913
G1 X167.357 Y188.072 Z0.7050 E665.70475
G1 X162.520 Y186.261 Z0.7064 E667.25061
G1 X158.078 Y184.176 Z0.7077 E668.71946
G1 X154.169 Y181.909 Z0.7089 E670.07225
G1 X150.885 Y179.553 Z0.7100 E671.28214
G1 X148.267 Y177.196 Z0.7110 E672.33660
G1 X146.308 Y174.912 Z0.7118 E673.23737
G1 X145.061 Y172.905 Z0.7125 E673.94447
G1 X144.973 Y172.748 Z0.7125 E673.99853
G1 X144.899 Y172.583 Z0.7125 E674.05259
G1 X144.248 Y170.928 Z0.7130 E674.58501
G1 X144.185 Y170.741 Z0.7131 E674.64397
G1 X144.140 Y170.549 Z0.7131 E674.70293
G1 X143.914 Y169.292 Z0.7135 E675.08543
G1 X143.888 Y169.099 Z0.7135 E675.14352
G1 X143.882 Y168.905 Z0.7136 E675.20160
G1 X143.898 Y167.909 Z0.7139 E675.49995
G1 X143.910 Y167.721 Z0.7139 E675.55623
G1 X143.939 Y167.535 Z0.7140 E675.61251
G1 X144.118 Y166.672 Z0.7142 E675.87642
G1 X144.163 Y166.495 Z0.7143 E675.93114
G1 X144.224 Y166.323 Z0.7143 E675.98586
G1 X144.555 Y165.511 Z0.7145 E676.24835
G1 X144.629 Y165.349 Z0.7146 E676.30166
G1 X144.718 Y165.194 Z0.7146 E676.35498
G1 X145.331 Y164.228 Z0.7150 E676.69745
G1 X146.354 Y163.105 Z0.7154 E677.15220
G1 X147.829 Y161.954 Z0.7159 E677.71243
G1 X149.928 Y160.810 Z0.7165 E678.42789
G1 X152.560 Y159.843 Z0.7173 E679.26739
G1 X155.752 Y159.104 Z0.7182 E680.24798
G1 X159.499 Y158.656 Z0.7192 E681.37755
G1 X163.757 Y158.556 Z0.7204 E682.65258
G1 X168.438 Y158.849 Z0.7216 E684.05662
G1 X173.410 Y159.564 Z0.7230 E685.56025
G1 X178.505 Y160.701 Z0.7244 E687.12295
G1 X183.536 Y162.231 Z0.7259 E688.69690
G1 X188.313 Y164.097 Z0.7273 E690.23221
G1 X192.669 Y166.221 Z0.7286 E691.68273
G1 X196.471 Y168.512 Z0.7298 E693.01136
G1 X199.636 Y170.874 Z0.7309 E694.19375
G1 X202.134 Y173.223 Z0.7318 E695.22001
G1 X203.977 Y175.488 Z0.7326 E696.09429
G1 X205.122 Y177.461 Z0.7332 E696.77700
G1 X205.207 Y177.626 Z0.7333 E696.83264
G1 X205.277 Y177.798 Z0.7333 E696.88827
G1 X205.848 Y179.412 Z0.7338 E697.40071
G1 X205.904 Y179.603 Z0.7338 E697.46034
G1 X205.942 Y179.799 Z0.7339 E697.51997
G1 X206.110 Y180.990 Z0.7342 E697.88029
G1 X206.128 Y181.182 Z0.7343 E697.93800
G1 X206.127 Y181.375 Z0.7343 E697.99572
G1 X206.067 Y182.525 Z0.7346 E698.34052
G1 X205.910 Y183.282 Z0.7348 E698.57187
G1 X205.656 Y184.178 Z0.7351 E698.85050
G1 X205.376 Y185.065 Z0.7353 E699.12913
G1 X205.070 Y185.945 Z0.7356 E699.40776
G1 X204.739 Y186.815 Z0.7358 E699.68639
G1 X204.383 Y187.675 Z0.7361 E699.96502
G1 X204.002 Y188.524 Z0.7363 E700.24365
G1 X203.596 Y189.362 Z0.7366 E700.52228
G1 X203.166 Y190.187 Z0.7369 E700.80091
G1 X202.105 Y191.862 Z0.7374 E701.39441
G1 X201.995 Y192.003 Z0.7374 E701.44798
G1 X201.874 Y192.134 Z0.7375 E701.50155
G1 X201.201 Y192.797 Z0.7378 E701.78424
G1 X201.071 Y192.914 Z0.7378 E701.83649
G1 X200.932 Y193.019 Z0.7378 E701.88874
G1 X199.864 Y193.754 Z0.7382 E702.27686
G1 X198.239 Y194.504 Z0.7387 E702.81248
G1 X195.997 Y195.115 Z0.7393 E703.50797
G1 X193.291 Y195.428 Z0.7401 E704.32365
G1 X190.103 Y195.386 Z0.7409 E705.27794
G1 X186.448 Y194.929 Z0.7419 E706.38058
G1 X182.375 Y194.011 Z0.7431 E707.63025
G1 X177.976 Y192.604 Z0.7443 E709.01286
G1 X173.378 Y190.712 Z0.7457 E710.50126
G1 X168.739 Y188.369 Z0.7471 E712.05671
G1 X164.234 Y185.648 Z0.7485 E713.63233
G1 X160.031 Y182.647 Z0.7499 E715.17818
G1 X156.280 Y179.484 Z0.7513 E716.64704
G1 X153.091 Y176.282 Z0.7525 E717.99983
G1 X150.528 Y173.156 Z0.7536 E719.20972
G1 X148.609 Y170.202 Z0.7545 E720.26417
G1 X147.309 Y167.489 Z0.7554 E721.16494
G1 X146.624 Y165.228 Z0.7560 E721.87204
G1 X146.579 Y165.053 Z0.7561 E721.92611
G1 X146.551 Y164.874 Z0.7561 E721.98017
G1 X146.349 Y163.107 Z0.7566 E722.51259
G1 X146.337 Y162.911 Z0.7566 E722.57155
G1 X146.344 Y162.714 Z0.7567 E722.63050
G1 X146.450 Y161.440 Z0.7570 E723.01301
G1 X146.476 Y161.248 Z0.7571 E723.07109
G1 X146.520 Y161.059 Z0.7571 E723.12917
G1 X146.793 Y160.101 Z0.7574 E723.42753
G1 X146.853 Y159.922 Z0.7575 E723.48381
G1 X146.930 Y159.751 Z0.7575 E723.54009
G1 X147.325 Y158.963 Z0.7578 E723.80400
G1 X147.415 Y158.804 Z0.7578 E723.85872
G1 X147.519 Y158.653 Z0.7579 E723.91344
G1 X148.048 Y157.954 Z0.7581 E724.17593
G1 X148.162 Y157.817 Z0.7581 E724.22924
G1 X148.288 Y157.691 Z0.7582 E724.28255
G1 X149.129 Y156.916 Z0.7585 E724.62503
G1 X150.408 Y156.096 Z0.7589 E725.07977
G1 X152.132 Y155.366 Z0.7594 E725.64000
G1 X154.455 Y154.805 Z0.7601 E726.35546
G1 X157.248 Y154.551 Z0.7608 E727.19497
G1 X160.522 Y154.664 Z0.7617 E728.17555
G1 X164.257 Y155.201 Z0.7628 E729.30513
G1 X168.396 Y156.206 Z0.7639 E730.58016
G1 X172.842 Y157.701 Z0.7652 E731.98420
G1 X177.459 Y159.679 Z0.7666 E733.48783
G1 X182.087 Y162.095 Z0.7680 E735.05053
G1 X186.550 Y164.875 Z0.7694 E736.62448
G1 X190.681 Y167.914 Z0.7708 E738.15978
G1 X194.339 Y171.094 Z0.7721 E739.61031
G1 X197.418 Y174.290 Z0.7733 E740.93894
G1 X199.865 Y177.391 Z0.7744 E742.12133
G1 X201.669 Y180.306 Z0.7753 E743.14758
G1 X202.864 Y182.971 Z0.7761 E744.02187
G1 X203.458 Y185.173 Z0.7768 E744.70458
G1 X203.498 Y185.354 Z0.7768 E744.76021
G1 X203.521 Y185.539 Z0.7769 E744.81585
G1 X203.655 Y187.246 Z0.7773 E745.32829
G1 X203.660 Y187.445 Z0.7774 E745.38792
G1 X203.646 Y187.643 Z0.7774 E745.44755
G1 X203.500 Y188.838 Z0.7778 E745.80787
G1 X203.467 Y189.028 Z0.7778 E745.86558
G1 X203.417 Y189.214 Z0.7779 E745.92329
G1 X203.061 Y190.310 Z0.7782 E746.26809
G1 X202.713 Y191.000 Z0.7784 E746.49945
G1 X202.236 Y191.799 Z0.7786 E746.77808
G1 X201.736 Y192.584 Z0.7789 E747.05671
G1 X201.213 Y193.354 Z0.7791 E747.33534
G1 X200.668 Y194.109 Z0.7794 E747.61397
G1 X200.101 Y194.848 Z0.7797 E747.89260
G1 X199.513 Y195.569 Z0.7799 E748.17123
G1 X198.905 Y196.273 Z0.7802 E748.44986
G1 X198.276 Y196.960 Z0.7804 E748.72849
G1 X196.817 Y198.303 Z0.7810 E749.32199
G1 X196.675 Y198.411 Z0.7810 E749.37556
G1 X196.523 Y198.506 Z0.7810 E749.42913
G1 X195.702 Y198.972 Z0.7813 E749.71182
G1 X195.546 Y199.051 Z0.7814 E749.76407
G1 X195.384 Y199.117 Z0.7814 E749.81632
G1 X194.163 Y199.550 Z0.7818 E750.20444
G1 X192.399 Y199.854 Z0.7822 E750.74006
G1 X190.076 Y199.864 Z0.7829 E751.43554
G1 X187.380 Y199.466 Z0.7836 E752.25122
G1 X184.312 Y198.600 Z0.7845 E753.20552
G1 X180.900 Y197.213 Z0.7855 E754.30816
G1 X177.204 Y195.272 Z0.7866 E755.55782
G1 X173.318 Y192.775 Z0.7879 E756.94044
G1 X169.367 Y189.756 Z0.7892 E758.42884
G1 X165.493 Y186.294 Z0.7906 E759.98428
G1 X161.845 Y182.499 Z0.7921 E761.55990
G1 X158.562 Y178.512 Z0.7935 E763.10576
G1 X155.757 Y174.486 Z0.7948 E764.57462
G1 X153.505 Y170.568 Z0.7960 E765.92741
G1 X151.839 Y166.885 Z0.7971 E767.13729
G1 X150.750 Y163.535 Z0.7981 E768.19175
G1 X150.196 Y160.577 Z0.7989 E769.09252
G1 X150.120 Y158.216 Z0.7996 E769.79962
G1 X150.122 Y158.036 Z0.7996 E769.85368
G1 X150.141 Y157.856 Z0.7997 E769.90775
G1 X150.404 Y156.097 Z0.8001 E770.44016
G1 X150.442 Y155.904 Z0.8002 E770.49912
G1 X150.500 Y155.716 Z0.8002 E770.55808
G1 X150.933 Y154.513 Z0.8006 E770.94059
G1 X151.007 Y154.334 Z0.8006 E770.99867
G1 X151.098 Y154.163 Z0.8007 E771.05675
G1 X151.610 Y153.308 Z0.8010 E771.35510
G1 X151.715 Y153.151 Z0.8010 E771.41139
G1 X151.833 Y153.005 Z0.8011 E771.46767
G1 X152.419 Y152.347 Z0.8013 E771.73158
G1 X152.547 Y152.216 Z0.8014 E771.78630
G1 X152.686 Y152.097 Z0.8014 E771.84101
G1 X153.378 Y151.559 Z0.8017 E772.10351
G1 X153.524 Y151.457 Z0.8017 E772.15682
G1 X153.678 Y151.367 Z0.8017 E772.21013
G1 X154.691 Y150.836 Z0.8021 E772.55261
G1 X156.139 Y150.375 Z0.8025 E773.00735
G1 X157.993 Y150.117 Z0.8030 E773.56758
G1 X160.382 Y150.176 Z0.8036 E774.28304
G1 X163.145 Y150.653 Z0.8044 E775.12254
G1 X166.278 Y151.610 Z0.8053 E776.10313
G1 X169.747 Y153.095 Z0.8063 E777.23270
G1 X173.485 Y155.137 Z0.8075 E778.50774
G1 X177.393 Y157.732 Z0.8087 E779.91178
G1 X181.341 Y160.837 Z0.8101 E781.41540
G1 X185.185 Y164.369 Z0.8115 E782.97811
G1 X188.777 Y168.209 Z0.8130 E784.55205
G1 X191.981 Y172.214 Z0.8144 E786.08736
G1 X194.691 Y176.232 Z0.8157 E787.53789
G1 X196.838 Y180.116 Z0.8169 E788.86652
G1 X198.399 Y183.745 Z0.8180 E790.04891
G1 X199.387 Y187.028 Z0.8189 E791.07516
G1 X199.851 Y189.911 Z0.8197 E791.94944
G1 X199.856 Y192.192 Z0.8203 E792.63215
G1 X199.847 Y192.378 Z0.8204 E792.68779
G1 X199.822 Y192.562 Z0.8204 E792.74343
G1 X199.509 Y194.245 Z0.8209 E793.25587
G1 X199.463 Y194.438 Z0.8209 E793.31550
G1 X199.397 Y194.627 Z0.8210 E793.37513
G1 X198.947 Y195.743 Z0.8213 E793.73545
G1 X198.867 Y195.918 Z0.8214 E793.79316
G1 X198.769 Y196.085 Z0.8214 E793.85087
G1 X198.142 Y197.051 Z0.8217 E794.19567
G1 X197.627 Y197.627 Z0.8219 E794.42703
G1 X196.960 Y198.276 Z0.8222 E794.70566
G1 X196.273 Y198.905 Z0.8224 E794.98429
G1 X195.569 Y199.513 Z0.8227 E795.26292
G1 X194.848 Y200.101 Z0.8230 E795.54155
G1 X194.109 Y200.668 Z0.8232 E795.82018
G1 X193.354 Y201.213 Z0.8235 E796.09881
G1 X192.584 Y201.736 Z0.8237 E796.37744
G1 X191.799 Y202.236 Z0.8240 E796.65607
G1 X190.043 Y203.155 Z0.8245 E797.24957
G1 X189.877 Y203.223 Z0.8246 E797.30314
G1 X189.706 Y203.276 Z0.8246 E797.35671
G1 X188.792 Y203.513 Z0.8249 E797.63939
G1 X188.621 Y203.549 Z0.8249 E797.69165
G1 X188.448 Y203.571 Z0.8250 E797.74390
G1 X187.155 Y203.673 Z0.8253 E798.13202
G1 X185.374 Y203.511 Z0.8258 E798.66764
G1 X183.127 Y202.919 Z0.8264 E799.36312
G1 X180.626 Y201.837 Z0.8272 E800.17880
G1 X177.887 Y200.206 Z0.8280 E801.13309
G1 X174.949 Y197.983 Z0.8290 E802.23574
G1 X171.882 Y195.152 Z0.8302 E803.48540
G1 X168.775 Y191.734 Z0.8314 E804.86801
G1 X165.739 Y187.796 Z0.8328 E806.35641
G1 X162.894 Y183.448 Z0.8342 E807.91186
G1 X160.352 Y178.838 Z0.8356 E809.48748
G1 X158.213 Y174.138 Z0.8370 E811.03334
G1 X156.546 Y169.523 Z0.8384 E812.50220
G1 X155.385 Y165.155 Z0.8396 E813.85498
G1 X154.729 Y161.167 Z0.8407 E815.06487
G1 X154.544 Y157.650 Z0.8417 E816.11933
G1 X154.774 Y154.649 Z0.8425 E817.02010
G1 X155.312 Y152.349 Z0.8431 E817.72720
G1 X155.361 Y152.175 Z0.8432 E817.78126
G1 X155.425 Y152.006 Z0.8432 E817.83532
G1 X156.134 Y150.375 Z0.8437 E818.36774
G1 X156.222 Y150.199 Z0.8437 E818.42670
G1 X156.326 Y150.032 Z0.8438 E818.48566
G1 X157.055 Y148.982 Z0.8442 E818.86816
G1 X157.173 Y148.828 Z0.8442 E818.92625
G1 X157.306 Y148.687 Z0.8443 E818.98433
G1 X158.022 Y147.993 Z0.8445 E819.28268
G1 X158.163 Y147.869 Z0.8446 E819.33896
G1 X158.315 Y147.758 Z0.8446 E819.39524
G1 X159.052 Y147.274 Z0.8449 E819.65915
G1 X159.209 Y147.181 Z0.8449 E819.71387
G1 X159.374 Y147.102 Z0.8450 E819.76859
G1 X160.182 Y146.762 Z0.8452 E820.03108
G1 X160.349 Y146.700 Z0.8453 E820.08440
G1 X160.521 Y146.654 Z0.8453 E820.13771
G1 X161.637 Y146.404 Z0.8456 E820.48018
G1 X163.155 Y146.333 Z0.8460 E820.93493
G1 X165.012 Y146.563 Z0.8465 E821.49516
G1 X167.305 Y147.238 Z0.8472 E822.21062
G1 X169.851 Y148.415 Z0.8480 E823.05012
G1 X172.629 Y150.150 Z0.8488 E824.03071
G1 X175.596 Y152.482 Z0.8499 E825.16028
G1 X178.678 Y155.422 Z0.8510 E826.43531
G1 X181.780 Y158.940 Z0.8523 E827.83935
G1 X184.791 Y162.961 Z0.8537 E829.34298
G1 X187.590 Y167.368 Z0.8551 E830.90568
G1 X190.065 Y172.007 Z0.8565 E832.47963
G1 X192.123 Y176.704 Z0.8579 E834.01494
G1 X193.701 Y181.286 Z0.8592 E835.46546
G1 X194.770 Y185.594 Z0.8604 E836.79409
G1 X195.338 Y189.503 Z0.8615 E837.97649
G1 X195.443 Y192.930 Z0.8624 E839.00274
G1 X195.145 Y195.835 Z0.8632 E839.87702
G1 X194.559 Y198.039 Z0.8639 E840.55973
G1 X194.503 Y198.216 Z0.8639 E840.61537
G1 X194.431 Y198.388 Z0.8640 E840.67100
G1 X193.693 Y199.932 Z0.8644 E841.18345
G1 X193.598 Y200.108 Z0.8645 E841.24307
G1 X193.486 Y200.272 Z0.8645 E841.30270
G1 X192.763 Y201.234 Z0.8649 E841.66302
G1 X192.639 Y201.383 Z0.8649 E841.72074
G1 X192.502 Y201.518 Z0.8650 E841.77845
G1 X191.646 Y202.289 Z0.8653 E842.12325
G1 X191.000 Y202.713 Z0.8655 E842.35461
G1 X190.187 Y203.166 Z0.8657 E842.63323
G1 X189.362 Y203.596 Z0.8660 E842.91186
G1 X188.524 Y204.002 Z0.8663 E843.19049
G1 X187.675 Y204.383 Z0.8665 E843.46912
G1 X186.815 Y204.739 Z0.8668 E843.74775
G1 X185.945 Y205.070 Z0.8670 E844.02638
G1 X185.065 Y205.376 Z0.8673 E844.30501
G1 X184.178 Y205.656 Z0.8675 E844.58364
G1 X182.243 Y206.089 Z0.8681 E845.17714
G1 X182.065 Y206.112 Z0.8681 E845.23071
G1 X181.887 Y206.118 Z0.8682 E845.28428
G1 X180.942 Y206.111 Z0.8684 E845.56697
G1 X180.768 Y206.102 Z0.8685 E845.61922
G1 X180.595 Y206.078 Z0.8685 E845.67148
G1 X179.320 Y205.842 Z0.8689 E846.05959
G1 X177.641 Y205.224 Z0.8693 E846.59521
G1 X175.624 Y204.071 Z0.8700 E847.29070
G1 X173.488 Y202.378 Z0.8707 E848.10638
G1 X171.264 Y200.094 Z0.8716 E849.06067
G1 X169.003 Y197.187 Z0.8726 E850.16331
G1 X166.772 Y193.658 Z0.8737 E851.41298
G1 X164.656 Y189.552 Z0.8750 E852.79559
G1 X162.743 Y184.963 Z0.8763 E854.28399
G1 X161.120 Y180.027 Z0.8777 E855.83944
G1 X159.858 Y174.917 Z0.8792 E857.41506
G1 X159.008 Y169.823 Z0.8806 E858.96091
G1 X158.592 Y164.933 Z0.8819 E860.42977
G1 X158.601 Y160.414 Z0.8831 E861.78256
G1 X159.000 Y156.392 Z0.8842 E862.99245
G1 X159.732 Y152.946 Z0.8852 E864.04690
G1 X160.731 Y150.108 Z0.8860 E864.94767
G1 X161.845 Y148.025 Z0.8867 E865.65477
G1 X161.937 Y147.870 Z0.8867 E865.70884
G1 X162.043 Y147.724 Z0.8868 E865.76290
G1 X163.150 Y146.332 Z0.8873 E866.29532
G1 X163.280 Y146.184 Z0.8873 E866.35428
G1 X163.424 Y146.049 Z0.8874 E866.41323
G1 X164.400 Y145.224 Z0.8877 E866.79574
G1 X164.554 Y145.106 Z0.8878 E866.85382
G1 X164.719 Y145.004 Z0.8878 E866.91190
G1 X165.590 Y144.519 Z0.8881 E867.21026
G1 X165.759 Y144.436 Z0.8881 E867.26654
G1 X165.934 Y144.368 Z0.8882 E867.32282
G1 X166.771 Y144.091 Z0.8884 E867.58673
G1 X166.947 Y144.042 Z0.8885 E867.64145
G1 X167.127 Y144.009 Z0.8885 E867.69617
G1 X167.996 Y143.889 Z0.8888 E867.95866
G1 X168.173 Y143.873 Z0.8888 E868.01197
G1 X168.351 Y143.872 Z0.8889 E868.06528
G1 X169.494 Y143.919 Z0.8892 E868.40776
G1 X170.978 Y144.244 Z0.8896 E868.86250
G1 X172.713 Y144.947 Z0.8901 E869.42273
G1 X174.753 Y146.192 Z0.8907 E870.13819
G1 X176.907 Y147.988 Z0.8915 E870.97770
G1 X179.142 Y150.383 Z0.8924 E871.95828
G1 X181.404 Y153.404 Z0.8934 E873.08786
G1 X183.620 Y157.041 Z0.8946 E874.36289
G1 X185.706 Y161.242 Z0.8959 E875.76693
G1 X187.573 Y165.905 Z0.8972 E877.27056
G1 X189.136 Y170.886 Z0.8986 E878.83326
G1 X190.327 Y176.008 Z0.9001 E880.40721
G1 X191.099 Y181.078 Z0.9015 E881.94251
G1 X191.437 Y185.912 Z0.9028 E883.39304
G1 X191.354 Y190.350 Z0.9040 E884.72167
G1 X190.891 Y194.273 Z0.9051 E885.90406
G1 X190.106 Y197.610 Z0.9060 E886.93032
G1 X189.066 Y200.339 Z0.9068 E887.80460
G1 X187.930 Y202.316 Z0.9074 E888.48731
G1 X187.830 Y202.473 Z0.9075 E888.54295
G1 X187.716 Y202.620 Z0.9075 E888.59858
G1 X186.603 Y203.921 Z0.9080 E889.11102
G1 X186.466 Y204.066 Z0.9080 E889.17065
G1 X186.315 Y204.196 Z0.9081 E889.23028
G1 X185.367 Y204.938 Z0.9084 E889.59060
G1 X185.210 Y205.049 Z0.9085 E889.64831
G1 X185.043 Y205.145 Z0.9085 E889.70602
G1 X184.016 Y205.667 Z0.9088 E890.05082
G1 X183.282 Y205.910 Z0.9090 E890.28218
G1 X182.380 Y206.137 Z0.9093 E890.56081
G1 X181.471 Y206.339 Z0.9096 E890.83944
G1 X180.557 Y206.514 Z0.9098 E891.11807
G1 X179.638 Y206.662 Z0.9101 E891.39670
G1 X178.715 Y206.784 Z0.9103 E891.67533
G1 X177.789 Y206.878 Z0.9106 E891.95396
G1 X176.861 Y206.946 Z0.9108 E892.23259
G1 X175.931 Y206.986 Z0.9111 E892.51122
G1 X173.950 Y206.905 Z0.9116 E893.10472
G1 X173.772 Y206.880 Z0.9117 E893.15829
G1 X173.598 Y206.840 Z0.9117 E893.21186
G1 X172.688 Y206.589 Z0.9120 E893.49455
G1 X172.522 Y206.535 Z0.9120 E893.54680
G1 X172.361 Y206.467 Z0.9121 E893.59905
G1 X171.190 Y205.910 Z0.9124 E893.98717
G1 X169.728 Y204.878 Z0.9129 E894.52279
G1 X168.079 Y203.242 Z0.9135 E895.21827
G1 X166.454 Y201.054 Z0.9143 E896.03395
G1 X164.897 Y198.272 Z0.9151 E896.98825
G1 X163.465 Y194.879 Z0.9161 E898.09089
G1 X162.224 Y190.893 Z0.9173 E899.34056
G1 X161.242 Y186.379 Z0.9185 E900.72317
G1 X160.582 Y181.451 Z0.9199 E902.21157
G1 X160.291 Y176.263 Z0.9213 E903.76701
G1 X160.395 Y171.000 Z0.9227 E905.34264
G1 X160.893 Y165.860 Z0.9241 E906.88849
G1 X161.757 Y161.030 Z0.9255 E908.35735
G1 X162.935 Y156.667 Z0.9267 E909.71014
G1 X164.361 Y152.885 Z0.9278 E910.92002
G1 X165.960 Y149.746 Z0.9288 E911.97448
G1 X167.659 Y147.263 Z0.9296 E912.87525
G1 X169.275 Y145.539 Z0.9302 E913.58235
G1 X169.404 Y145.413 Z0.9303 E913.63641
G1 X169.544 Y145.299 Z0.9303 E913.69048
G1 X170.974 Y144.242 Z0.9308 E914.22290
G1 X171.138 Y144.132 Z0.9309 E914.28185
G1 X171.312 Y144.040 Z0.9309 E914.34081
G1 X172.468 Y143.495 Z0.9313 E914.72332
G1 X172.647 Y143.421 Z0.9313 E914.78140
G1 X172.833 Y143.365 Z0.9314 E914.83948
G1 X173.800 Y143.122 Z0.9316 E915.13783
G1 X173.984 Y143.085 Z0.9317 E915.19412
G1 X174.171 Y143.066 Z0.9317 E915.25040
G1 X175.051 Y143.015 Z0.9320 E915.51431
G1 X175.234 Y143.012 Z0.9320 E915.56903
G1 X175.416 Y143.027 Z0.9321 E915.62374
G1 X176.286 Y143.136 Z0.9323 E915.88624
G1 X176.462 Y143.166 Z0.9324 E915.93955
G1 X176.634 Y143.212 Z0.9324 E915.99286
G1 X177.726 Y143.553 Z0.9327 E916.33534
G1 X179.075 Y144.251 Z0.9331 E916.79008
G1 X180.569 Y145.379 Z0.9336 E917.35031
G1 X182.217 Y147.110 Z0.9343 E918.06577
G1 X183.833 Y149.402 Z0.9351 E918.90528
G1 X185.372 Y152.294 Z0.9360 E919.88586
G1 X186.775 Y155.797 Z0.9370 E921.01543
G1 X187.974 Y159.884 Z0.9381 E922.29047
G1 X188.902 Y164.482 Z0.9394 E923.69451
G1 X189.498 Y169.469 Z0.9408 E925.19814
G1 X189.719 Y174.685 Z0.9422 E926.76084
G1 X189.544 Y179.940 Z0.9436 E928.33479
G1 X188.977 Y185.038 Z0.9450 E929.87009
G1 X188.052 Y189.794 Z0.9463 E931.32062
G1 X186.824 Y194.060 Z0.9475 E932.64925
G1 X185.362 Y197.729 Z0.9486 E933.83164
G1 X183.740 Y200.749 Z0.9496 E934.85789
G1 X182.029 Y203.116 Z0.9504 E935.73217
G1 X180.419 Y204.732 Z0.9510 E936.41489
G1 X180.282 Y204.858 Z0.9510 E936.47052
G1 X180.134 Y204.970 Z0.9511 E936.52616
G1 X178.722 Y205.938 Z0.9515 E937.03860
G1 X178.553 Y206.043 Z0.9516 E937.09823
G1 X178.373 Y206.130 Z0.9516 E937.15786
G1 X177.266 Y206.601 Z0.9520 E937.51818
G1 X177.085 Y206.668 Z0.9520 E937.57589
G1 X176.898 Y206.717 Z0.9521 E937.63360
G1 X175.772 Y206.956 Z0.9524 E937.97840
G1 X175.000 Y207.000 Z0.9526 E938.20976
G1 X174.069 Y206.986 Z0.9529 E938.48839
G1 X173.139 Y206.946 Z0.9531 E938.76702
G1 X172.211 Y206.878 Z0.9534 E939.04565
G1 X171.285 Y206.784 Z0.9536 E939.32428
G1 X170.362 Y206.662 Z0.9539 E939.60291
G1 X169.443 Y206.514 Z0.9541 E939.88154
G1 X168.529 Y206.339 Z0.9544 E940.16017
G1 X167.620 Y206.137 Z0.9546 E940.43880
G1 X165.728 Y205.546 Z0.9552 E941.03230
G1 X165.563 Y205.476 Z0.9552 E941.08587
G1 X165.405 Y205.393 Z0.9553 E941.13944
G1 X164.591 Y204.914 Z0.9555 E941.42213
G1 X164.444 Y204.819 Z0.9556 E941.47438
G1 X164.307 Y204.712 Z0.9556 E941.52663
G1 X163.320 Y203.870 Z0.9560 E941.91475
G1 X162.175 Y202.495 Z0.9565 E942.45037
G1 X161.005 Y200.488 Z0.9571 E943.14585
G1 X160.002 Y197.955 Z0.9578 E943.96153
G1 X159.218 Y194.865 Z0.9587 E944.91582
G1 X158.713 Y191.216 Z0.9597 E946.01847
G1 X158.546 Y187.044 Z0.9608 E947.26813
G1 X158.766 Y182.431 Z0.9621 E948.65075
G1 X159.404 Y177.500 Z0.9634 E950.13915
G1 X160.466 Y172.413 Z0.9649 E951.69459
G1 X161.928 Y167.357 Z0.9663 E953.27021
G1 X163.739 Y162.520 Z0.9677 E954.81607
G1 X165.824 Y158.078 Z0.9690 E956.28493
G1 X168.091 Y154.169 Z0.9703 E957.63771
G1 X170.447 Y150.885 Z0.9714 E958.84760
G1 X172.804 Y148.267 Z0.9723 E959.90206
G1 X175.088 Y146.308 Z0.9731 E960.80283
G1 X177.095 Y145.061 Z0.9738 E961.50993
G1 X177.252 Y144.973 Z0.9738 E961.56399
G1 X177.417 Y144.899 Z0.9739 E961.61805
G1 X179.072 Y144.248 Z0.9744 E962.15047
G1 X179.259 Y144.185 Z0.9744 E962.20943
G1 X179.451 Y144.140 Z0.9745 E962.26839
G1 X180.708 Y143.914 Z0.9748 E962.65090
G1 X180.901 Y143.888 Z0.9749 E962.70898
G1 X181.095 Y143.882 Z0.9749 E962.76706
G1 X182.091 Y143.898 Z0.9752 E963.06541
G1 X182.279 Y143.910 Z0.9752 E963.12169
G1 X182.465 Y143.939 Z0.9753 E963.17798
G1 X183.328 Y144.118 Z0.9755 E963.44189
G1 X183.505 Y144.163 Z0.9756 E963.49660
G1 X183.677 Y144.224 Z0.9756 E963.55132
G1 X184.489 Y144.555 Z0.9759 E963.81381
G1 X184.651 Y144.629 Z0.9759 E963.86713
G1 X184.806 Y144.718 Z0.9760 E963.92044
G1 X185.772 Y145.331 Z0.9763 E964.26291
G1 X186.895 Y146.354 Z0.9767 E964.71766
G1 X188.046 Y147.829 Z0.9772 E965.27789
G1 X189.190 Y149.928 Z0.9779 E965.99335
G1 X190.157 Y152.560 Z0.9786 E966.83285
G1 X190.896 Y155.752 Z0.9795 E967.81344
G1 X191.344 Y159.499 Z0.9805 E968.94301
G1 X191.444 Y163.757 Z0.9817 E970.21805
G1 X191.151 Y168.438 Z0.9830 E971.62208
G1 X190.436 Y173.410 Z0.9843 E973.12571
G1 X189.299 Y178.505 Z0.9858 E974.68841
G1 X187.769 Y183.536 Z0.9872 E976.26236
G1 X185.903 Y188.313 Z0.9886 E977.79767
G1 X183.779 Y192.669 Z0.9899 E979.24819
G1 X181.488 Y196.471 Z0.9911 E980.57683
G1 X179.126 Y199.636 Z0.9922 E981.75922
G1 X176.777 Y202.134 Z0.9931 E982.78547
G1 X174.512 Y203.977 Z0.9939 E983.65975
G1 X172.539 Y205.122 Z0.9945 E984.34246
G1 X172.374 Y205.207 Z0.9946 E984.39810
G1 X172.202 Y205.277 Z0.9946 E984.45374
G1 X170.588 Y205.848 Z0.9951 E984.96618
G1 X170.397 Y205.904 Z0.9951 E985.02581
G1 X170.201 Y205.942 Z0.9952 E985.08543
G1 X169.010 Y206.110 Z0.9955 E985.44575
G1 X168.818 Y206.128 Z0.9956 E985.50347
G1 X168.625 Y206.127 Z0.9956 E985.56118
G1 X167.475 Y206.067 Z0.9959 E985.90598
G1 X166.718 Y205.910 Z0.9962 E986.13734
G1 X165.822 Y205.656 Z0.9964 E986.41597
G1 X164.935 Y205.376 Z0.9967 E986.69460
G1 X164.055 Y205.070 Z0.9969 E986.97323
G1 X163.185 Y204.739 Z0.9972 E987.25185
G1 X162.325 Y204.383 Z0.9974 E987.53048
G1 X161.476 Y204.002 Z0.9977 E987.80911
G1 X160.638 Y203.596 Z0.9979 E988.08774
G1 X159.813 Y203.166 Z0.9982 E988.36637
G1 X158.138 Y202.105 Z0.9987 E988.95987
G1 X157.997 Y201.995 Z0.9988 E989.01344
G1 X157.866 Y201.874 Z0.9988 E989.06701
G1 X157.203 Y201.201 Z0.9991 E989.34970
G1 X157.086 Y201.071 Z0.9991 E989.40195
G1 X156.981 Y200.932 Z0.9992 E989.45421
G1 X156.246 Y199.864 Z0.9995 E989.84232
G1 X155.496 Y198.239 Z1.0000 E990.37795
G1 X154.885 Y195.997 Z1.0006 E991.07343
G1 X154.572 Y193.291 Z1.0014 E991.88911
G1 X154.614 Y190.103 Z1.0023 E992.84340
G1 X155.071 Y186.448 Z1.0033 E993.94604
G1 X155.989 Y182.375 Z1.0044 E995.19571
G1 X157.396 Y177.976 Z1.0056 E996.57832
G1 X159.288 Y173.378 Z1.0070 E998.06672
G1 X161.631 Y168.739 Z1.0084 E999.62217
G1 X164.352 Y164.234 Z1.0098 E1001.19779
G1 X167.353 Y160.031 Z1.0112 E1002.74365
G1 X170.516 Y156.280 Z1.0126 E1004.21250
G1 X173.718 Y153.091 Z1.0138 E1005.56529
G1 X176.844 Y150.528 Z1.0149 E1006.77518
G1 X179.798 Y148.609 Z1.0159 E1007.82963
G1 X182.511 Y147.309 Z1.0167 E1008.73040
G1 X184.772 Y146.624 Z1.0173 E1009.43751
G1 X184.947 Y146.579 Z1.0174 E1009.49157
G1 X185.126 Y146.551 Z1.0174 E1009.54563
G1 X186.893 Y146.349 Z1.0179 E1010.07805
G1 X187.089 Y146.337 Z1.0180 E1010.13701
G1 X187.286 Y146.344 Z1.0180 E1010.19596
G1 X188.560 Y146.450 Z1.0184 E1010.57847
G1 X188.752 Y146.476 Z1.0184 E1010.63655
G1 X188.941 Y146.520 Z1.0185 E1010.69463
G1 X189.899 Y146.793 Z1.0187 E1010.99299
G1 X190.078 Y146.853 Z1.0188 E1011.04927
G1 X190.249 Y146.930 Z1.0188 E1011.10555
G1 X191.037 Y147.325 Z1.0191 E1011.36946
G1 X191.196 Y147.415 Z1.0191 E1011.42418
G1 X191.347 Y147.519 Z1.0192 E1011.47890
G1 X192.046 Y148.048 Z1.0194 E1011.74139
G1 X192.183 Y148.162 Z1.0195 E1011.79470
G1 X192.309 Y148.288 Z1.0195 E1011.84802
G1 X193.084 Y149.129 Z1.0198 E1012.19049
G1 X193.904 Y150.408 Z1.0202 E1012.64523
G1 X194.634 Y152.132 Z1.0208 E1013.20546
G1 X195.195 Y154.455 Z1.0214 E1013.92093
G1 X195.449 Y157.248 Z1.0222 E1014.76043
G1 X195.336 Y160.522 Z1.0231 E1015.74101
G1 X194.799 Y164.257 Z1.0241 E1016.87059
G1 X193.794 Y168.396 Z1.0252 E1018.14562
G1 X192.299 Y172.842 Z1.0265 E1019.54966
G1 X190.321 Y177.459 Z1.0279 E1021.05329
G1 X187.905 Y182.087 Z1.0293 E1022.61599
G1 X185.125 Y186.550 Z1.0307 E1024.18994
G1 X182.086 Y190.681 Z1.0321 E1025.72524
G1 X178.906 Y194.339 Z1.0335 E1027.17577
G1 X175.710 Y197.418 Z1.0347 E1028.50440
G1 X172.609 Y199.865 Z1.0357 E1029.68679
G1 X169.694 Y201.669 Z1.0367 E1030.71305
G1 X167.029 Y202.864 Z1.0375 E1031.58733
G1 X164.827 Y203.458 Z1.0381 E1032.27004
G1 X164.646 Y203.498 Z1.0381 E1032.32568
G1 X164.461 Y203.521 Z1.0382 E1032.38131
G1 X162.754 Y203.655 Z1.0386 E1032.89375
G1 X162.555 Y203.660 Z1.0387 E1032.95338
G1 X162.357 Y203.646 Z1.0388 E1033.01301
G1 X161.162 Y203.500 Z1.0391 E1033.37333
G1 X160.972 Y203.467 Z1.0391 E1033.43104
G1 X160.786 Y203.417 Z1.0392 E1033.48876
G1 X159.690 Y203.061 Z1.0395 E1033.83355
G1 X159.000 Y202.713 Z1.0397 E1034.06491
G1 X158.201 Y202.236 Z1.0400 E1034.34354
G1 X157.416 Y201.736 Z1.0402 E1034.62217
G1 X156.646 Y201.213 Z1.0405 E1034.90080
G1 X155.891 Y200.668 Z1.0407 E1035.17943
G1 X155.152 Y200.101 Z1.0410 E1035.45806
G1 X154.431 Y199.513 Z1.0412 E1035.73669
G1 X153.727 Y198.905 Z1.0415 E1036.01532
G1 X153.040 Y198.276 Z1.0417 E1036.29395
G1 X151.697 Y196.817 Z1.0423 E1036.88745
G1 X151.589 Y196.675 Z1.0423 E1036.94102
G1 X151.494 Y196.523 Z1.0424 E1036.99459
G1 X151.028 Y195.702 Z1.0426 E1037.27728
G1 X150.949 Y195.546 Z1.0427 E1037.32953
G1 X150.883 Y195.384 Z1.0427 E1037.38178
G1 X150.450 Y194.163 Z1.0431 E1037.76990
G1 X150.146 Y192.399 Z1.0436 E1038.30552
G1 X150.136 Y190.076 Z1.0442 E1039.00101
G1 X150.534 Y187.380 Z1.0449 E1039.81668
G1 X151.400 Y184.312 Z1.0458 E1040.77098
G1 X152.787 Y180.900 Z1.0468 E1041.87362
G1 X154.728 Y177.204 Z1.0479 E1043.12329
G1 X157.225 Y173.318 Z1.0492 E1044.50590
G1 X160.244 Y169.367 Z1.0506 E1045.99430
G1 X163.706 Y165.493 Z1.0520 E1047.54974
G1 X167.501 Y161.845 Z1.0534 E1049.12537
G1 X171.488 Y158.562 Z1.0548 E1050.67122
G1 X175.514 Y155.757 Z1.0561 E1052.14008
G1 X179.432 Y153.505 Z1.0574 E1053.49287
G1 X183.115 Y151.839 Z1.0585 E1054.70275
G1 X186.465 Y150.750 Z1.0594 E1055.75721
G1 X189.423 Y150.196 Z1.0602 E1056.65798
G1 X191.784 Y150.120 Z1.0609 E1057.36508
G1 X191.964 Y150.122 Z1.0609 E1057.41915
G1 X192.144 Y150.141 Z1.0610 E1057.47321
G1 X193.903 Y150.404 Z1.0615 E1058.00563
G1 X194.096 Y150.442 Z1.0615 E1058.06458
G1 X194.284 Y150.500 Z1.0616 E1058.12354
G1 X195.487 Y150.933 Z1.0619 E1058.50605
G1 X195.666 Y151.007 Z1.0620 E1058.56413
G1 X195.837 Y151.098 Z1.0620 E1058.62221
G1 X196.692 Y151.610 Z1.0623 E1058.92057
G1 X196.849 Y151.715 Z1.0624 E1058.97685
G1 X196.995 Y151.833 Z1.0624 E1059.03313
G1 X197.653 Y152.419 Z1.0626 E1059.29704
G1 X197.784 Y152.547 Z1.0627 E1059.35176
G1 X197.903 Y152.686 Z1.0627 E1059.40648
G1 X198.441 Y153.378 Z1.0630 E1059.66897
G1 X198.543 Y153.524 Z1.0630 E1059.72228
G1 X198.633 Y153.678 Z1.0631 E1059.77559
G1 X199.164 Y154.691 Z1.0634 E1060.11807
G1 X199.625 Y156.139 Z1.0638 E1060.57281
G1 X199.883 Y157.993 Z1.0643 E1061.13304
G1 X199.824 Y160.382 Z1.0650 E1061.84850
G1 X199.347 Y163.145 Z1.0657 E1062.68801
G1 X198.390 Y166.278 Z1.0666 E1063.66859
G1 X196.905 Y169.747 Z1.0676 E1064.79817
G1 X194.863 Y173.485 Z1.0688 E1066.07320
G1 X192.268 Y177.393 Z1.0701 E1067.47724
G1 X189.163 Y181.341 Z1.0714 E1068.98087
G1 X185.631 Y185.185 Z1.0729 E1070.54357
G1 X181.791 Y188.777 Z1.0743 E1072.11752
G1 X177.786 Y191.981 Z1.0757 E1073.65282
G1 X173.768 Y194.691 Z1.0770 E1075.10335
G1 X169.884 Y196.838 Z1.0782 E1076.43198
G1 X166.255 Y198.399 Z1.0793 E1077.61437
G1 X162.972 Y199.387 Z1.0802 E1078.64062
G1 X160.089 Y199.851 Z1.0810 E1079.51491
G1 X157.808 Y199.856 Z1.0816 E1080.19762
G1 X157.622 Y199.847 Z1.0817 E1080.25325
G1 X157.438 Y199.822 Z1.0817 E1080.30889
G1 X155.755 Y199.509 Z1.0822 E1080.82133
G1 X155.562 Y199.463 Z1.0823 E1080.88096
G1 X155.373 Y199.397 Z1.0823 E1080.94059
G1 X154.257 Y198.947 Z1.0826 E1081.30091
G1 X154.082 Y198.867 Z1.0827 E1081.35862
G1 X153.915 Y198.769 Z1.0827 E1081.41633
G1 X152.949 Y198.142 Z1.0831 E1081.76113
G1 X152.373 Y197.627 Z1.0833 E1081.99249
G1 X151.724 Y196.960 Z1.0835 E1082.27112
G1 X151.095 Y196.273 Z1.0838 E1082.54975
G1 X150.487 Y195.569 Z1.0840 E1082.82838
G1 X149.899 Y194.848 Z1.0843 E1083.10701
G1 X149.332 Y194.109 Z1.0845 E1083.38564
G1 X148.787 Y193.354 Z1.0848 E1083.66427
G1 X148.264 Y192.584 Z1.0850 E1083.94290
G1 X147.764 Y191.799 Z1.0853 E1084.22153
G1 X146.845 Y190.043 Z1.0858 E1084.81503
G1 X146.777 Y189.877 Z1.0859 E1084.86860
G1 X146.724 Y189.706 Z1.0859 E1084.92217
G1 X146.487 Y188.792 Z1.0862 E1085.20486
G1 X146.451 Y188.621 Z1.0862 E1085.25711
G1 X146.429 Y188.448 Z1.0863 E1085.30936
G1 X146.327 Y187.155 Z1.0866 E1085.69748
G1 X146.489 Y185.374 Z1.0871 E1086.23310
G1 X147.081 Y183.127 Z1.0878 E1086.92858
G1 X148.163 Y180.626 Z1.0885 E1087.74426
G1 X149.794 Y177.887 Z1.0894 E1088.69856
G1 X152.017 Y174.949 Z1.0904 E1089.80120
G1 X154.848 Y171.882 Z1.0915 E1091.05086
G1 X158.266 Y168.775 Z1.0928 E1092.43348
G1 X162.204 Y165.739 Z1.0941 E1093.92188
G1 X166.552 Y162.894 Z1.0955 E1095.47732
G1 X171.162 Y160.352 Z1.0970 E1097.05294
G1 X175.862 Y158.213 Z1.0984 E1098.59880
G1 X180.477 Y156.546 Z1.0997 E1100.06766
G1 X184.845 Y155.385 Z1.1009 E1101.42045
G1 X188.833 Y154.729 Z1.1020 E1102.63033
G1 X192.350 Y154.544 Z1.1030 E1103.68479
G1 X195.351 Y154.774 Z1.1038 E1104.58556
G1 X197.651 Y155.312 Z1.1044 E1105.29266
G1 X197.825 Y155.361 Z1.1045 E1105.34672
G1 X197.994 Y155.425 Z1.1045 E1105.40079
G1 X199.625 Y156.134 Z1.1050 E1105.93320
G1 X199.801 Y156.222 Z1.1051 E1105.99216
G1 X199.968 Y156.326 Z1.1051 E1106.05112
G1 X201.018 Y157.055 Z1.1055 E1106.43363
G1 X201.172 Y157.173 Z1.1055 E1106.49171
G1 X201.313 Y157.306 Z1.1056 E1106.54979
G1 X202.007 Y158.022 Z1.1059 E1106.84814
G1 X202.131 Y158.163 Z1.1059 E1106.90442
G1 X202.242 Y158.315 Z1.1060 E1106.96071
G1 X202.726 Y159.052 Z1.1062 E1107.22462
G1 X202.819 Y159.209 Z1.1062 E1107.27933
G1 X202.898 Y159.374 Z1.1063 E1107.33405
G1 X203.238 Y160.182 Z1.1065 E1107.59654
G1 X203.300 Y160.349 Z1.1066 E1107.64986
G1 X203.346 Y160.521 Z1.1066 E1107.70317
G1 X203.596 Y161.637 Z1.1069 E1108.04564
G1 X203.667 Y163.155 Z1.1074 E1108.50039
G1 X203.437 Y165.012 Z1.1079 E1109.06062
G1 X202.762 Y167.305 Z1.1085 E1109.77608
G1 X201.585 Y169.851 Z1.1093 E1110.61558
G1 X199.850 Y172.629 Z1.1102 E1111.59617
G1 X197.518 Y175.596 Z1.1112 E1112.72574
G1 X194.578 Y178.678 Z1.1124 E1114.00078
G1 X191.060 Y181.780 Z1.1136 E1115.40481
G1 X187.039 Y184.791 Z1.1150 E1116.90844
G1 X182.632 Y187.590 Z1.1164 E1118.47115
G1 X177.993 Y190.065 Z1.1178 E1120.04509
G1 X173.296 Y192.123 Z1.1192 E1121.58040
G1 X168.714 Y193.701 Z1.1206 E1123.03092
G1 X164.406 Y194.770 Z1.1218 E1124.35956
G1 X160.497 Y195.338 Z1.1228 E1125.54195
G1 X157.070 Y195.443 Z1.1238 E1126.56820
G1 X154.165 Y195.145 Z1.1246 E1127.44248
G1 X151.961 Y194.559 Z1.1252 E1128.12519
G1 X151.784 Y194.503 Z1.1252 E1128.18083
G1 X151.612 Y194.431 Z1.1253 E1128.23647
G1 X150.068 Y193.693 Z1.1258 E1128.74891
G1 X149.892 Y193.598 Z1.1258 E1128.80854
G1 X149.728 Y193.486 Z1.1259 E1128.86817
G1 X148.766 Y192.763 Z1.1262 E1129.22849
G1 X148.617 Y192.639 Z1.1262 E1129.28620
G1 X148.482 Y192.502 Z1.1263 E1129.34391
G1 X147.711 Y191.646 Z1.1266 E1129.68871
G1 X147.287 Y191.000 Z1.1268 E1129.92007
G1 X146.834 Y190.187 Z1.1271 E1130.19870
G1 X146.404 Y189.362 Z1.1273 E1130.47733
G1 X145.998 Y188.524 Z1.1276 E1130.75596
G1 X145.617 Y187.675 Z1.1278 E1131.03459
G1 X145.261 Y186.815 Z1.1281 E1131.31322
G1 X144.930 Y185.945 Z1.1283 E1131.59184
G1 X144.624 Y185.065 Z1.1286 E1131.87047
G1 X144.344 Y184.178 Z1.1288 E1132.14910
G1 X143.911 Y182.243 Z1.1294 E1132.74261
G1 X143.888 Y182.065 Z1.1294 E1132.79618
G1 X143.882 Y181.887 Z1.1295 E1132.84975
G1 X143.889 Y180.942 Z1.1297 E1133.13243
G1 X143.898 Y180.768 Z1.1298 E1133.18469
G1 X143.922 Y180.595 Z1.1298 E1133.23694
G1 X144.158 Y179.320 Z1.1302 E1133.62506
G1 X144.776 Y177.641 Z1.1307 E1134.16068
G1 X145.929 Y175.624 Z1.1313 E1134.85616
G1 X147.622 Y173.488 Z1.1320 E1135.67184
G1 X149.906 Y171.264 Z1.1329 E1136.62613
G1 X152.813 Y169.003 Z1.1339 E1137.72878
G1 X156.342 Y166.772 Z1.1351 E1138.97844
G1 X160.448 Y164.656 Z1.1363 E1140.36105
G1 X165.037 Y162.743 Z1.1377 E1141.84945
G1 X169.973 Y161.120 Z1.1391 E1143.40490
G1 X175.083 Y159.858 Z1.1405 E1144.98052
G1 X180.177 Y159.008 Z1.1419 E1146.52638
G1 X185.067 Y158.592 Z1.1432 E1147.99523
G1 X189.586 Y158.601 Z1.1445 E1149.34802
G1 X193.608 Y159.000 Z1.1456 E1150.55791
G1 X197.054 Y159.732 Z1.1465 E1151.61237
G1 X199.892 Y160.731 Z1.1474 E1152.51313
G1 X201.975 Y161.845 Z1.1480 E1153.22024
G1 X202.130 Y161.937 Z1.1480 E1153.27430
G1 X202.276 Y162.043 Z1.1481 E1153.32836
G1 X203.668 Y163.150 Z1.1486 E1153.86078
G1 X203.816 Y163.280 Z1.1486 E1153.91974
G1 X203.951 Y163.424 Z1.1487 E1153.97870
G1 X204.776 Y164.400 Z1.1490 E1154.36120
G1 X204.894 Y164.554 Z1.1491 E1154.41928
G1 X204.996 Y164.719 Z1.1491 E1154.47737
G1 X205.481 Y165.590 Z1.1494 E1154.77572
G1 X205.564 Y165.759 Z1.1495 E1154.83200
G1 X205.632 Y165.934 Z1.1495 E1154.88828
G1 X205.909 Y166.771 Z1.1498 E1155.15219
G1 X205.958 Y166.947 Z1.1498 E1155.20691
G1 X205.991 Y167.127 Z1.1498 E1155.26163
G1 X206.111 Y167.996 Z1.1501 E1155.52412
G1 X206.127 Y168.173 Z1.1501 E1155.57743
G1 X206.128 Y168.351 Z1.1502 E1155.63075
G1 X206.081 Y169.494 Z1.1505 E1155.97322
G1 X205.756 Y170.978 Z1.1509 E1156.42797
G1 X205.053 Y172.713 Z1.1514 E1156.98820
G1 X203.808 Y174.753 Z1.1521 E1157.70366
G1 X202.012 Y176.907 Z1.1528 E1158.54316
G1 X199.617 Y179.142 Z1.1537 E1159.52375
G1 X196.596 Y181.404 Z1.1547 E1160.65332
G1 X192.959 Y183.620 Z1.1559 E1161.92835
G1 X188.758 Y185.706 Z1.1572 E1163.33239
G1 X184.095 Y187.573 Z1.1586 E1164.83602
G1 X179.114 Y189.136 Z1.1600 E1166.39872
G1 X173.992 Y190.327 Z1.1614 E1167.97267
G1 X168.922 Y191.099 Z1.1628 E1169.50798
G1 X164.088 Y191.437 Z1.1641 E1170.95850
G1 X159.650 Y191.354 Z1.1653 E1172.28713
G1 X155.727 Y190.891 Z1.1664 E1173.46952
G1 X152.390 Y190.106 Z1.1673 E1174.49578
G1 X149.661 Y189.066 Z1.1681 E1175.37006
G1 X147.684 Y187.930 Z1.1687 E1176.05277
G1 X147.527 Y187.830 Z1.1688 E1176.10841
G1 X147.380 Y187.716 Z1.1688 E1176.16404
G1 X146.079 Y186.603 Z1.1693 E1176.67648
G1 X145.934 Y186.466 Z1.1694 E1176.73611
G1 X145.804 Y186.315 Z1.1694 E1176.79574
G1 X145.062 Y185.367 Z1.1697 E1177.15606
G1 X144.951 Y185.210 Z1.1698 E1177.21377
G1 X144.855 Y185.043 Z1.1699 E1177.27149
G1 X144.333 Y184.016 Z1.1702 E1177.61629
G1 X144.090 Y183.282 Z1.1704 E1177.84764
G1 X143.847 Y182.313 Z1.1706 E1178.14672
G1 X143.634 Y181.337 Z1.1709 E1178.44580
G1 X143.451 Y180.355 Z1.1712 E1178.74488
G1 X143.299 Y179.367 Z1.1715 E1179.04396
G1 X143.179 Y178.375 Z1.1717 E1179.34303
G1 X143.089 Y177.380 Z1.1720 E1179.64211
G1 X143.030 Y176.383 Z1.1723 E1179.94119
G1 X143.002 Y175.384 Z1.1725 E1180.24027
G1 X143.006 Y174.385 Z1.1728 E1180.53935
G1 X143.041 Y173.387 Z1.1731 E1180.83842
G1 X143.107 Y172.390 Z1.1734 E1181.13750
G1 X143.204 Y171.395 Z1.1736 E1181.43658
G1 X143.332 Y170.404 Z1.1739 E1181.73566
G1 X143.491 Y169.418 Z1.1742 E1182.03473
G1 X143.680 Y168.437 Z1.1745 E1182.33381
G1 X143.900 Y167.463 Z1.1747 E1182.63289
G1 X144.151 Y166.495 Z1.1750 E1182.93197
G1 X144.431 Y165.536 Z1.1753 E1183.23105
G1 X144.742 Y164.587 Z1.1755 E1183.53012
G1 X145.082 Y163.647 Z1.1758 E1183.82920
G1 X145.451 Y162.719 Z1.1761 E1184.12828
G1 X145.848 Y161.802 Z1.1764 E1184.42736
G1 X146.275 Y160.898 Z1.1766 E1184.72644
G1 X146.729 Y160.009 Z1.1769 E1185.02551
G1 X147.211 Y159.133 Z1.1772 E1185.32459
G1 X147.720 Y158.273 Z1.1774 E1185.62367
G1 X148.255 Y157.430 Z1.1777 E1185.92275
G1 X148.817 Y156.604 Z1.1780 E1186.22183
G1 X149.404 Y155.795 Z1.1783 E1186.52090
G1 X150.016 Y155.005 Z1.1785 E1186.81998
G1 X150.652 Y154.235 Z1.1788 E1187.11906
G1 X151.312 Y153.485 Z1.1791 E1187.41814
G1 X151.995 Y152.756 Z1.1793 E1187.71722
G1 X152.701 Y152.049 Z1.1796 E1188.01629
G1 X153.428 Y151.364 Z1.1799 E1188.31537
G1 X154.177 Y150.702 Z1.1802 E1188.61445
G1 X154.945 Y150.064 Z1.1804 E1188.91353
G1 X155.734 Y149.450 Z1.1807 E1189.21260
G1 X156.541 Y148.861 Z1.1810 E1189.51168
G1 X157.366 Y148.297 Z1.1812 E1189.81076
G1 X158.208 Y147.760 Z1.1815 E1190.10984
G1 X159.067 Y147.249 Z1.1818 E1190.40892
G1 X159.941 Y146.765 Z1.1821 E1190.70799
G1 X160.830 Y146.309 Z1.1823 E1191.00707
G1 X161.732 Y145.880 Z1.1826 E1191.30615
G1 X162.648 Y145.480 Z1.1829 E1191.60523
G1 X163.575 Y145.109 Z1.1831 E1191.90431
G1 X164.514 Y144.767 Z1.1834 E1192.20338
G1 X165.463 Y144.454 Z1.1837 E1192.50246
G1 X166.421 Y144.171 Z1.1840 E1192.80154
G1 X167.388 Y143.919 Z1.1842 E1193.10062
G1 X168.362 Y143.696 Z1.1845 E1193.39970
G1 X169.342 Y143.504 Z1.1848 E1193.69877
G1 X170.328 Y143.343 Z1.1851 E1193.99785
G1 X171.319 Y143.212 Z1.1853 E1194.29693
G1 X172.313 Y143.113 Z1.1856 E1194.59601
G1 X173.310 Y143.045 Z1.1859 E1194.89508
G1 X174.308 Y143.007 Z1.1861 E1195.19416
G1 X175.307 Y143.001 Z1.1864 E1195.49324
G1 X176.306 Y143.027 Z1.1867 E1195.79232
G1 X177.304 Y143.083 Z1.1870 E1196.09140
G1 X178.299 Y143.171 Z1.1872 E1196.39047
G1 X179.291 Y143.289 Z1.1875 E1196.68955
G1 X180.279 Y143.438 Z1.1878 E1196.98863
G1 X181.262 Y143.619 Z1.1880 E1197.28771
G1 X182.238 Y143.829 Z1.1883 E1197.58679
G1 X183.208 Y144.071 Z1.1886 E1197.88586
G1 X184.170 Y144.342 Z1.1889 E1198.18494
G1 X185.122 Y144.643 Z1.1891 E1198.48402
G1 X186.065 Y144.974 Z1.1894 E1198.78310
G1 X186.997 Y145.334 Z1.1897 E1199.08218
G1 X187.917 Y145.723 Z1.1899 E1199.38125
G1 X188.825 Y146.140 Z1.1902 E1199.68033
G1 X189.719 Y146.586 Z1.1905 E1199.97941
G1 X190.599 Y147.059 Z1.1908 E1200.27849
G1 X191.464 Y147.560 Z1.1910 E1200.57757
G1 X192.312 Y148.087 Z1.1913 E1200.87664
G1 X193.144 Y148.641 Z1.1916 E1201.17572
G1 X193.958 Y149.220 Z1.1918 E1201.47480
G1 X194.754 Y149.825 Z1.1921 E1201.77388
G1 X195.530 Y150.454 Z1.1924 E1202.07295
G1 X196.286 Y151.107 Z1.1927 E1202.37203
G1 X197.022 Y151.783 Z1.1929 E1202.67111
G1 X197.736 Y152.482 Z1.1932 E1202.97019
G1 X198.428 Y153.202 Z1.1935 E1203.26927
G1 X199.097 Y153.944 Z1.1937 E1203.56834
G1 X199.742 Y154.707 Z1.1940 E1203.86742
G1 X200.364 Y155.489 Z1.1943 E1204.16650
G1 X200.961 Y156.290 Z1.1946 E1204.46558
G1 X201.532 Y157.110 Z1.1948 E1204.76466
G1 X202.078 Y157.947 Z1.1951 E1205.06373
G1 X202.597 Y158.801 Z1.1954 E1205.36281
G1 X203.089 Y159.670 Z1.1957 E1205.66189
G1 X203.554 Y160.555 Z1.1959 E1205.96097
G1 X203.991 Y161.453 Z1.1962 E1206.26005
G1 X204.400 Y162.365 Z1.1965 E1206.55912
G1 X204.780 Y163.289 Z1.1967 E1206.85820
G1 X205.131 Y164.224 Z1.1970 E1207.15728
G1 X205.453 Y165.170 Z1.1973 E1207.45636
G1 X205.745 Y166.125 Z1.1976 E1207.75543
G1 X206.007 Y167.090 Z1.1978 E1208.05451
G1 X206.239 Y168.061 Z1.1981 E1208.35359
G1 X206.440 Y169.040 Z1.1984 E1208.65267
G1 X206.611 Y170.024 Z1.1986 E1208.95175
G1 X206.751 Y171.014 Z1.1989 E1209.25082
G1 X206.860 Y172.007 Z1.1992 E1209.54990
G1 X206.938 Y173.003 Z1.1995 E1209.84898
G1 X206.984 Y174.001 Z1.1997 E1210.14806
G1 X207.000 Y175.000 Z1.2000 E1210.44714
G1 X206.905 Y176.050 Z1.2003 E1210.76283
G1 X206.880 Y176.228 Z1.2003 E1210.81640
G1 X206.840 Y176.402 Z1.2004 E1210.86997
G1 X206.589 Y177.312 Z1.2006 E1211.15265
G1 X206.535 Y177.478 Z1.2007 E1211.20491
G1 X206.467 Y177.639 Z1.2007 E1211.25716
G1 X205.910 Y178.810 Z1.2011 E1211.64528
G1 X204.878 Y180.272 Z1.2016 E1212.18090
G1 X203.242 Y181.921 Z1.2022 E1212.87638
G1 X201.054 Y183.546 Z1.2029 E1213.69206
G1 X198.272 Y185.103 Z1.2038 E1214.64635
G1 X194.879 Y186.535 Z1.2048 E1215.74900
G1 X190.893 Y187.776 Z1.2060 E1216.99866
G1 X186.379 Y188.758 Z1.2072 E1218.38127
G1 X181.451 Y189.418 Z1.2086 E1219.86967
G1 X176.263 Y189.709 Z1.2100 E1221.42512
G1 X171.000 Y189.605 Z1.2114 E1223.00074
G1 X165.860 Y189.107 Z1.2128 E1224.54660
G1 X161.030 Y188.243 Z1.2141 E1226.01546
G1 X156.667 Y187.065 Z1.2154 E1227.36824
G1 X152.885 Y185.639 Z1.2165 E1228.57813
G1 X149.746 Y184.040 Z1.2174 E1229.63259
G1 X147.263 Y182.341 Z1.2183 E1230.53336
G1 X145.539 Y180.725 Z1.2189 E1231.24046
G1 X145.413 Y180.596 Z1.2189 E1231.29452
G1 X145.299 Y180.456 Z1.2190 E1231.34858
G1 X144.242 Y179.026 Z1.2195 E1231.88100
G1 X144.132 Y178.862 Z1.2195 E1231.93996
G1 X144.040 Y178.688 Z1.2196 E1231.99892
G1 X143.495 Y177.532 Z1.2199 E1232.38143
G1 X143.421 Y177.353 Z1.2200 E1232.43951
G1 X143.365 Y177.167 Z1.2200 E1232.49759
G1 X143.122 Y176.200 Z1.2203 E1232.79594
G1 X143.085 Y176.016 Z1.2204 E1232.85222
G1 X143.066 Y175.829 Z1.2204 E1232.90850
G1 X143.015 Y174.949 Z1.2207 E1233.17241
G1 X143.012 Y174.766 Z1.2207 E1233.22713
G1 X143.027 Y174.584 Z1.2208 E1233.28185
G1 X143.136 Y173.714 Z1.2210 E1233.54434
G1 X143.166 Y173.538 Z1.2210 E1233.59766
G1 X143.212 Y173.366 Z1.2211 E1233.65097
G1 X143.553 Y172.274 Z1.2214 E1233.99344
G1 X144.251 Y170.925 Z1.2218 E1234.44819
G1 X145.379 Y169.431 Z1.2223 E1235.00842
G1 X147.110 Y167.783 Z1.2230 E1235.72388
G1 X149.402 Y166.167 Z1.2237 E1236.56338
G1 X152.294 Y164.628 Z1.2246 E1237.54397
G1 X155.797 Y163.225 Z1.2257 E1238.67354
G1 X159.884 Y162.026 Z1.2268 E1239.94857
G1 X164.482 Y161.098 Z1.2281 E1241.35261
G1 X169.469 Y160.502 Z1.2295 E1242.85624
G1 X174.685 Y160.281 Z1.2309 E1244.41894
G1 X179.940 Y160.456 Z1.2323 E1245.99289
G1 X185.038 Y161.023 Z1.2337 E1247.52820
G1 X189.794 Y161.948 Z1.2350 E1248.97872
G1 X194.060 Y163.176 Z1.2362 E1250.30735
G1 X197.729 Y164.638 Z1.2373 E1251.48975
G1 X200.749 Y166.260 Z1.2382 E1252.51600
G1 X203.116 Y167.971 Z1.2390 E1253.39028
G1 X204.732 Y169.581 Z1.2396 E1254.07299
G1 X204.858 Y169.718 Z1.2397 E1254.12863
G1 X204.970 Y169.866 Z1.2397 E1254.18427
G1 X205.938 Y171.278 Z1.2402 E1254.69671
G1 X206.043 Y171.447 Z1.2403 E1254.75633
G1 X206.130 Y171.627 Z1.2403 E1254.81596
G1 X206.601 Y172.734 Z1.2406 E1255.17628
G1 X206.668 Y172.915 Z1.2407 E1255.23400
G1 X206.717 Y173.102 Z1.2408 E1255.29171
G1 X206.956 Y174.228 Z1.2411 E1255.63651
G1 X207.000 Y175.000 Z1.2413 E1255.86787
G1 X206.986 Y175.931 Z1.2415 E1256.14649
G1 X206.946 Y176.861 Z1.2418 E1256.42512
G1 X206.878 Y177.789 Z1.2420 E1256.70375
G1 X206.784 Y178.715 Z1.2423 E1256.98238
G1 X206.662 Y179.638 Z1.2425 E1257.26101
G1 X206.514 Y180.557 Z1.2428 E1257.53964
G1 X206.339 Y181.471 Z1.2430 E1257.81827
G1 X206.137 Y182.380 Z1.2433 E1258.09690
G1 X205.546 Y184.272 Z1.2438 E1258.69040
G1 X205.476 Y184.437 Z1.2439 E1258.74397
G1 X205.393 Y184.595 Z1.2439 E1258.79754
G1 X204.914 Y185.409 Z1.2442 E1259.08023
G1 X204.819 Y185.556 Z1.2442 E1259.13248
G1 X204.712 Y185.693 Z1.2443 E1259.18474
G1 X203.870 Y186.680 Z1.2446 E1259.57285
G1 X202.495 Y187.825 Z1.2451 E1260.10847
G1 X200.488 Y188.995 Z1.2458 E1260.80396
G1 X197.955 Y189.998 Z1.2465 E1261.61964
G1 X194.865 Y190.782 Z1.2474 E1262.57393
G1 X191.216 Y191.287 Z1.2484 E1263.67657
G1 X187.044 Y191.454 Z1.2495 E1264.92624
G1 X182.431 Y191.234 Z1.2508 E1266.30885
G1 X177.500 Y190.596 Z1.2521 E1267.79725
G1 X172.413 Y189.534 Z1.2535 E1269.35270
G1 X167.357 Y188.072 Z1.2550 E1270.92832
G1 X162.520 Y186.261 Z1.2564 E1272.47417
G1 X158.078 Y184.176 Z1.2577 E1273.94303
G1 X154.169 Y181.909 Z1.2589 E1275.29582
G1 X150.885 Y179.553 Z1.2600 E1276.50571
G1 X148.267 Y177.196 Z1.2610 E1277.56016
G1 X146.308 Y174.912 Z1.2618 E1278.46093
G1 X145.061 Y172.905 Z1.2625 E1279.16803
G1 X144.973 Y172.748 Z1.2625 E1279.22210
G1 X144.899 Y172.583 Z1.2625 E1279.27616
G1 X144.248 Y170.928 Z1.2630 E1279.80858
G1 X144.185 Y170.741 Z1.2631 E1279.86754
G1 X144.140 Y170.549 Z1.2631 E1279.92649
G1 X143.914 Y169.292 Z1.2635 E1280.30900
G1 X143.888 Y169.099 Z1.2635 E1280.36708
G1 X143.882 Y168.905 Z1.2636 E1280.42516
G1 X143.898 Y167.909 Z1.2639 E1280.72352
G1 X143.910 Y167.721 Z1.2639 E1280.77980
G1 X143.939 Y167.535 Z1.2640 E1280.83608
G1 X144.118 Y166.672 Z1.2642 E1281.09999
G1 X144.163 Y166.495 Z1.2643 E1281.15471
G1 X144.224 Y166.323 Z1.2643 E1281.20943
G1 X144.555 Y165.511 Z1.2645 E1281.47192
G1 X144.629 Y165.349 Z1.2646 E1281.52523
G1 X144.718 Y165.194 Z1.2646 E1281.57854
G1 X145.331 Y164.228 Z1.2650 E1281.92102
G1 X146.354 Y163.105 Z1.2654 E1282.37576
G1 X147.829 Y161.954 Z1.2659 E1282.93599
G1 X149.928 Y160.810 Z1.2665 E1283.65146
G1 X152.560 Y159.843 Z1.2673 E1284.49096
G1 X155.752 Y159.104 Z1.2682 E1285.47154
G1 X159.499 Y158.656 Z1.2692 E1286.60112
G1 X163.757 Y158.556 Z1.2704 E1287.87615
G1 X168.438 Y158.849 Z1.2716 E1289.28019
G1 X173.410 Y159.564 Z1.2730 E1290.78382
G1 X178.505 Y160.701 Z1.2744 E1292.34652
G1 X183.536 Y162.231 Z1.2759 E1293.92047
G1 X188.313 Y164.097 Z1.2773 E1295.45577
G1 X192.669 Y166.221 Z1.2786 E1296.90630
G1 X196.471 Y168.512 Z1.2798 E1298.23493
G1 X199.636 Y170.874 Z1.2809 E1299.41732
G1 X202.134 Y173.223 Z1.2818 E1300.44358
G1 X203.977 Y175.488 Z1.2826 E1301.31786
G1 X205.122 Y177.461 Z1.2832 E1302.00057
G1 X205.207 Y177.626 Z1.2833 E1302.05621
G1 X205.277 Y177.798 Z1.2833 E1302.11184
G1 X205.848 Y179.412 Z1.2838 E1302.62428
G1 X205.904 Y179.603 Z1.2838 E1302.68391
G1 X205.942 Y179.799 Z1.2839 E1302.74354
G1 X206.110 Y180.990 Z1.2842 E1303.10386
G1 X206.128 Y181.182 Z1.2843 E1303.16157
G1 X206.127 Y181.375 Z1.2843 E1303.21928
G1 X206.067 Y182.525 Z1.2846 E1303.56408
G1 X205.910 Y183.282 Z1.2848 E1303.79544
G1 X205.656 Y184.178 Z1.2851 E1304.07407
G1 X205.376 Y185.065 Z1.2853 E1304.35270
G1 X205.070 Y185.945 Z1.2856 E1304.63133
G1 X204.739 Y186.815 Z1.2858 E1304.90996
G1 X204.383 Y187.675 Z1.2861 E1305.18859
G1 X204.002 Y188.524 Z1.2863 E1305.46722
G1 X203.596 Y189.362 Z1.2866 E1305.74585
G1 X203.166 Y190.187 Z1.2869 E1306.02448
G1 X202.105 Y191.862 Z1.2874 E1306.61798
G1 X201.995 Y192.003 Z1.2874 E1306.67155
G1 X201.874 Y192.134 Z1.2875 E1306.72512
G1 X201.201 Y192.797 Z1.2878 E1307.00781
G1 X201.071 Y192.914 Z1.2878 E1307.06006
G1 X200.932 Y193.019 Z1.2878 E1307.11231
G1 X199.864 Y193.754 Z1.2882 E1307.50043
G1 X198.239 Y194.504 Z1.2887 E1308.03605
G1 X195.997 Y195.115 Z1.2893 E1308.73153
G1 X193.291 Y195.428 Z1.2901 E1309.54721
G1 X190.103 Y195.386 Z1.2909 E1310.50151
G1 X186.448 Y194.929 Z1.2919 E1311.60415
G1 X182.375 Y194.011 Z1.2931 E1312.85382
G1 X177.976 Y192.604 Z1.2943 E1314.23643
G1 X173.378 Y190.712 Z1.2957 E1315.72483
G1 X168.739 Y188.369 Z1.2971 E1317.28027
G1 X164.234 Y185.648 Z1.2985 E1318.85590
G1 X160.031 Y182.647 Z1.2999 E1320.40175
G1 X156.280 Y179.484 Z1.3013 E1321.87061
G1 X153.091 Y176.282 Z1.3025 E1323.22340
G1 X150.528 Y173.156 Z1.3036 E1324.43328
G1 X148.609 Y170.202 Z1.3045 E1325.48774
G1 X147.309 Y167.489 Z1.3054 E1326.38851
G1 X146.624 Y165.228 Z1.3060 E1327.09561
G1 X146.579 Y165.053 Z1.3061 E1327.14967
G1 X146.551 Y164.874 Z1.3061 E1327.20374
G1 X146.349 Y163.107 Z1.3066 E1327.73616
G1 X146.337 Y162.911 Z1.3066 E1327.79511
G1 X146.344 Y162.714 Z1.3067 E1327.85407
G1 X146.450 Y161.440 Z1.3070 E1328.23658
G1 X146.476 Y161.248 Z1.3071 E1328.29466
G1 X146.520 Y161.059 Z1.3071 E1328.35274
G1 X146.793 Y160.101 Z1.3074 E1328.65110
G1 X146.853 Y159.922 Z1.3075 E1328.70738
G1 X146.930 Y159.751 Z1.3075 E1328.76366
G1 X147.325 Y158.963 Z1.3078 E1329.02757
G1 X147.415 Y158.804 Z1.3078 E1329.08229
G1 X147.519 Y158.653 Z1.3079 E1329.13700
G1 X148.048 Y157.954 Z1.3081 E1329.39950
G1 X148.162 Y157.817 Z1.3081 E1329.45281
G1 X148.288 Y157.691 Z1.3082 E1329.50612
G1 X149.129 Y156.916 Z1.3085 E1329.84860
G1 X150.408 Y156.096 Z1.3089 E1330.30334
G1 X152.132 Y155.366 Z1.3094 E1330.86357
G1 X154.455 Y154.805 Z1.3101 E1331.57903
G1 X157.248 Y154.551 Z1.3108 E1332.41854
G1 X160.522 Y154.664 Z1.3117 E1333.39912
G1 X164.257 Y155.201 Z1.3128 E1334.52869
G1 X168.396 Y156.206 Z1.3139 E1335.80373
G1 X172.842 Y157.701 Z1.3152 E1337.20777
G1 X177.459 Y159.679 Z1.3166 E1338.71140
G1 X182.087 Y162.095 Z1.3180 E1340.27410
G1 X186.550 Y164.875 Z1.3194 E1341.84805
G1 X190.681 Y167.914 Z1.3208 E1343.38335
G1 X194.339 Y171.094 Z1.3221 E1344.83388
G1 X197.418 Y174.290 Z1.3233 E1346.16251
G1 X199.865 Y177.391 Z1.3244 E1347.34490
G1 X201.669 Y180.306 Z1.3253 E1348.37115
G1 X202.864 Y182.971 Z1.3261 E1349.24543
G1 X203.458 Y185.173 Z1.3268 E1349.92815
G1 X203.498 Y185.354 Z1.3268 E1349.98378
G1 X203.521 Y185.539 Z1.3269 E1350.03942
G1 X203.655 Y187.246 Z1.3273 E1350.55186
G1 X203.660 Y187.445 Z1.3274 E1350.61149
G1 X203.646 Y187.643 Z1.3274 E1350.67112
G1 X203.500 Y188.838 Z1.3278 E1351.03144
G1 X203.467 Y189.028 Z1.3278 E1351.08915
G1 X203.417 Y189.214 Z1.3279 E1351.14686
G1 X203.061 Y190.310 Z1.3282 E1351.49166
G1 X202.713 Y191.000 Z1.3284 E1351.72302
G1 X202.236 Y191.799 Z1.3286 E1352.00165
G1 X201.736 Y192.584 Z1.3289 E1352.28028
G1 X201.213 Y193.354 Z1.3291 E1352.55891
G1 X200.668 Y194.109 Z1.3294 E1352.83754
G1 X200.101 Y194.848 Z1.3297 E1353.11617
G1 X199.513 Y195.569 Z1.3299 E1353.39480
G1 X198.905 Y196.273 Z1.3302 E1353.67343
G1 X198.276 Y196.960 Z1.3304 E1353.95206
G1 X196.817 Y198.303 Z1.3310 E1354.54556
G1 X196.675 Y198.411 Z1.3310 E1354.59913
G1 X196.523 Y198.506 Z1.3310 E1354.65270
G1 X195.702 Y198.972 Z1.3313 E1354.93539
G1 X195.546 Y199.051 Z1.3314 E1354.98764
G1 X195.384 Y199.117 Z1.3314 E1355.03989
G1 X194.163 Y199.550 Z1.3318 E1355.42801
G1 X192.399 Y199.854 Z1.3322 E1355.96363
G1 X190.076 Y199.864 Z1.3329 E1356.65911
G1 X187.380 Y199.466 Z1.3336 E1357.47479
G1 X184.312 Y198.600 Z1.3345 E1358.42908
G1 X180.900 Y197.213 Z1.3355 E1359.53173
G1 X177.204 Y195.272 Z1.3366 E1360.78139
G1 X173.318 Y192.775 Z1.3379 E1362.16401
G1 X169.367 Y189.756 Z1.3392 E1363.65241
G1 X165.493 Y186.294 Z1.3406 E1365.20785
G1 X161.845 Y182.499 Z1.3421 E1366.78347
G1 X158.562 Y178.512 Z1.3435 E1368.32933
G1 X155.757 Y174.486 Z1.3448 E1369.79819
G1 X153.505 Y170.568 Z1.3460 E1371.15098
G1 X151.839 Y166.885 Z1.3471 E1372.36086
G1 X150.750 Y163.535 Z1.3481 E1373.41532
G1 X150.196 Y160.577 Z1.3489 E1374.31609
G1 X150.120 Y158.216 Z1.3496 E1375.02319
G1 X150.122 Y158.036 Z1.3496 E1375.07725
G1 X150.141 Y157.856 Z1.3497 E1375.13131
G1 X150.404 Y156.097 Z1.3501 E1375.66373
G1 X150.442 Y155.904 Z1.3502 E1375.72269
G1 X150.500 Y155.716 Z1.3502 E1375.78165
G1 X150.933 Y154.513 Z1.3506 E1376.16416
G1 X151.007 Y154.334 Z1.3506 E1376.22224
G1 X151.098 Y154.163 Z1.3507 E1376.28032
G1 X151.610 Y153.308 Z1.3510 E1376.57867
G1 X151.715 Y153.151 Z1.3510 E1376.63495
G1 X151.833 Y153.005 Z1.3511 E1376.69124
G1 X152.419 Y152.347 Z1.3513 E1376.95515
G1 X152.547 Y152.216 Z1.3514 E1377.00986
G1 X152.686 Y152.097 Z1.3514 E1377.06458
G1 X153.378 Y151.559 Z1.3517 E1377.32707
G1 X153.524 Y151.457 Z1.3517 E1377.38039
G1 X153.678 Y151.367 Z1.3517 E1377.43370
G1 X154.691 Y150.836 Z1.3521 E1377.77617
G1 X156.139 Y150.375 Z1.3525 E1378.23092
G1 X157.993 Y150.117 Z1.3530 E1378.79115
G1 X160.382 Y150.176 Z1.3536 E1379.50661
G1 X163.145 Y150.653 Z1.3544 E1380.34611
G1 X166.278 Y151.610 Z1.3553 E1381.32670
G1 X169.747 Y153.095 Z1.3563 E1382.45627
G1 X173.485 Y155.137 Z1.3575 E1383.73131
G1 X177.393 Y157.732 Z1.3587 E1385.13534
G1 X181.341 Y160.837 Z1.3601 E1386.63897
G1 X185.185 Y164.369 Z1.3615 E1388.20167
G1 X188.777 Y168.209 Z1.3630 E1389.77562
G1 X191.981 Y172.214 Z1.3644 E1391.31093
G1 X194.691 Y176.232 Z1.3657 E1392.76145
G1 X196.838 Y180.116 Z1.3669 E1394.09009
G1 X198.399 Y183.745 Z1.3680 E1395.27248
G1 X199.387 Y187.028 Z1.3689 E1396.29873
G1 X199.851 Y189.911 Z1.3697 E1397.17301
G1 X199.856 Y192.192 Z1.3703 E1397.85572
G1 X199.847 Y192.378 Z1.3704 E1397.91136
G1 X199.822 Y192.562 Z1.3704 E1397.96700
G1 X199.509 Y194.245 Z1.3709 E1398.47944
G1 X199.463 Y194.438 Z1.3709 E1398.53907
G1 X199.397 Y194.627 Z1.3710 E1398.59869
G1 X198.947 Y195.743 Z1.3713 E1398.95901
G1 X198.867 Y195.918 Z1.3714 E1399.01673
G1 X198.769 Y196.085 Z1.3714 E1399.07444
G1 X198.142 Y197.051 Z1.3717 E1399.41924
G1 X197.627 Y197.627 Z1.3719 E1399.65060
G1 X196.960 Y198.276 Z1.3722 E1399.92923
G1 X196.273 Y198.905 Z1.3724 E1400.20786
G1 X195.569 Y199.513 Z1.3727 E1400.48649
G1 X194.848 Y200.101 Z1.3730 E1400.76511
G1 X194.109 Y200.668 Z1.3732 E1401.04374
G1 X193.354 Y201.213 Z1.3735 E1401.32237
G1 X192.584 Y201.736 Z1.3737 E1401.60100
G1 X191.799 Y202.236 Z1.3740 E1401.87963
G1 X190.043 Y203.155 Z1.3745 E1402.47313
G1 X189.877 Y203.223 Z1.3746 E1402.52670
G1 X189.706 Y203.276 Z1.3746 E1402.58027
G1 X188.792 Y203.513 Z1.3749 E1402.86296
G1 X188.621 Y203.549 Z1.3749 E1402.91521
G1 X188.448 Y203.571 Z1.3750 E1402.96747
G1 X187.155 Y203.673 Z1.3753 E1403.35558
G1 X185.374 Y203.511 Z1.3758 E1403.89121
G1 X183.127 Y202.919 Z1.3764 E1404.58669
G1 X180.626 Y201.837 Z1.3772 E1405.40237
G1 X177.887 Y200.206 Z1.3780 E1406.35666
G1 X174.949 Y197.983 Z1.3790 E1407.45930
G1 X171.882 Y195.152 Z1.3802 E1408.70897
G1 X168.775 Y191.734 Z1.3814 E1410.09158
G1 X165.739 Y187.796 Z1.3828 E1411.57998
G1 X162.894 Y183.448 Z1.3842 E1413.13543
G1 X160.352 Y178.838 Z1.3856 E1414.71105
G1 X158.213 Y174.138 Z1.3870 E1416.25691
G1 X156.546 Y169.523 Z1.3884 E1417.72576
G1 X155.385 Y165.155 Z1.3896 E1419.07855
G1 X154.729 Y161.167 Z1.3907 E1420.28844
G1 X154.544 Y157.650 Z1.3917 E1421.34289
G1 X154.774 Y154.649 Z1.3925 E1422.24366
G1 X155.312 Y152.349 Z1.3931 E1422.95077
G1 X155.361 Y152.175 Z1.3932 E1423.00483
G1 X155.425 Y152.006 Z1.3932 E1423.05889
G1 X156.134 Y150.375 Z1.3937 E1423.59131
G1 X156.222 Y150.199 Z1.3937 E1423.65027
G1 X156.326 Y150.032 Z1.3938 E1423.70922
G1 X157.055 Y148.982 Z1.3942 E1424.09173
G1 X157.173 Y148.828 Z1.3942 E1424.14981
G1 X157.306 Y148.687 Z1.3943 E1424.20790
G1 X158.022 Y147.993 Z1.3945 E1424.50625
G1 X158.163 Y147.869 Z1.3946 E1424.56253
G1 X158.315 Y147.758 Z1.3946 E1424.61881
G1 X159.052 Y147.274 Z1.3949 E1424.88272
G1 X159.209 Y147.181 Z1.3949 E1424.93744
G1 X159.374 Y147.102 Z1.3950 E1424.99216
G1 X160.182 Y146.762 Z1.3952 E1425.25465
G1 X160.349 Y146.700 Z1.3953 E1425.30796
G1 X160.521 Y146.654 Z1.3953 E1425.36128
G1 X161.637 Y146.404 Z1.3956 E1425.70375
G1 X163.155 Y146.333 Z1.3960 E1426.15849
G1 X165.012 Y146.563 Z1.3965 E1426.71872
G1 X167.305 Y147.238 Z1.3972 E1427.43419
G1 X169.851 Y148.415 Z1.3980 E1428.27369
G1 X172.629 Y150.150 Z1.3988 E1429.25427
G1 X175.596 Y152.482 Z1.3999 E1430.38385
G1 X178.678 Y155.422 Z1.4010 E1431.65888
G1 X181.780 Y158.940 Z1.4023 E1433.06292
G1 X184.791 Y162.961 Z1.4037 E1434.56655
G1 X187.590 Y167.368 Z1.4051 E1436.12925
G1 X190.065 Y172.007 Z1.4065 E1437.70320
G1 X192.123 Y176.704 Z1.4079 E1439.23850
G1 X193.701 Y181.286 Z1.4092 E1440.68903
G1 X194.770 Y185.594 Z1.4104 E1442.01766
G1 X195.338 Y189.503 Z1.4115 E1443.20005
G1 X195.443 Y192.930 Z1.4124 E1444.22631
G1 X195.145 Y195.835 Z1.4132 E1445.10059
G1 X194.559 Y198.039 Z1.4139 E1445.78330
G1 X194.503 Y198.216 Z1.4139 E1445.83894
G1 X194.431 Y198.388 Z1.4140 E1445.89457
G1 X193.693 Y199.932 Z1.4144 E1446.40701
G1 X193.598 Y200.108 Z1.4145 E1446.46664
G1 X193.486 Y200.272 Z1.4145 E1446.52627
G1 X192.763 Y201.234 Z1.4149 E1446.88659
G1 X192.639 Y201.383 Z1.4149 E1446.94430
G1 X192.502 Y201.518 Z1.4150 E1447.00202
G1 X191.646 Y202.289 Z1.4153 E1447.34681
G1 X191.000 Y202.713 Z1.4155 E1447.57817
G1 X190.187 Y203.166 Z1.4157 E1447.85680
G1 X189.362 Y203.596 Z1.4160 E1448.13543
G1 X188.524 Y204.002 Z1.4163 E1448.41406
G1 X187.675 Y204.383 Z1.4165 E1448.69269
G1 X186.815 Y204.739 Z1.4168 E1448.97132
G1 X185.945 Y205.070 Z1.4170 E1449.24995
G1 X185.065 Y205.376 Z1.4173 E1449.52858
G1 X184.178 Y205.656 Z1.4175 E1449.80721
G1 X182.243 Y206.089 Z1.4181 E1450.40071
G1 X182.065 Y206.112 Z1.4181 E1450.45428
G1 X181.887 Y206.118 Z1.4182 E1450.50785
G1 X180.942 Y206.111 Z1.4184 E1450.79054
G1 X180.768 Y206.102 Z1.4185 E1450.84279
G1 X180.595 Y206.078 Z1.4185 E1450.89504
G1 X179.320 Y205.842 Z1.4189 E1451.28316
G1 X177.641 Y205.224 Z1.4193 E1451.81878
G1 X175.624 Y204.071 Z1.4200 E1452.51427
G1 X173.488 Y202.378 Z1.4207 E1453.32995
G1 X171.264 Y200.094 Z1.4216 E1454.28424
G1 X169.003 Y197.187 Z1.4226 E1455.38688
G1 X166.772 Y193.658 Z1.4237 E1456.63655
G1 X164.656 Y189.552 Z1.4250 E1458.01916
G1 X162.743 Y184.963 Z1.4263 E1459.50756
G1 X161.120 Y180.027 Z1.4277 E1461.06300
G1 X159.858 Y174.917 Z1.4292 E1462.63863
G1 X159.008 Y169.823 Z1.4306 E1464.18448
G1 X158.592 Y164.933 Z1.4319 E1465.65334
G1 X158.601 Y160.414 Z1.4331 E1467.00613
G1 X159.000 Y156.392 Z1.4342 E1468.21601
G1 X159.732 Y152.946 Z1.4352 E1469.27047
G1 X160.731 Y150.108 Z1.4360 E1470.17124
G1 X161.845 Y148.025 Z1.4367 E1470.87834
G1 X161.937 Y147.870 Z1.4367 E1470.93241
G1 X162.043 Y147.724 Z1.4368 E1470.98647
G1 X163.150 Y146.332 Z1.4373 E1471.51889
G1 X163.280 Y146.184 Z1.4373 E1471.57784
G1 X163.424 Y146.049 Z1.4374 E1471.63680
G1 X164.400 Y145.224 Z1.4377 E1472.01931
G1 X164.554 Y145.106 Z1.4378 E1472.07739
G1 X164.719 Y145.004 Z1.4378 E1472.13547
G1 X165.590 Y144.519 Z1.4381 E1472.43383
G1 X165.759 Y144.436 Z1.4381 E1472.49011
G1 X165.934 Y144.368 Z1.4382 E1472.54639
G1 X166.771 Y144.091 Z1.4384 E1472.81030
G1 X166.947 Y144.042 Z1.4385 E1472.86502
G1 X167.127 Y144.009 Z1.4385 E1472.91974
G1 X167.996 Y143.889 Z1.4388 E1473.18223
G1 X168.173 Y143.873 Z1.4388 E1473.23554
G1 X168.351 Y143.872 Z1.4389 E1473.28885
G1 X169.494 Y143.919 Z1.4392 E1473.63133
G1 X170.978 Y144.244 Z1.4396 E1474.08607
G1 X172.713 Y144.947 Z1.4401 E1474.64630
G1 X174.753 Y146.192 Z1.4407 E1475.36176
G1 X176.907 Y147.988 Z1.4415 E1476.20127
G1 X179.142 Y150.383 Z1.4424 E1477.18185
G1 X181.404 Y153.404 Z1.4434 E1478.31143
G1 X183.620 Y157.041 Z1.4446 E1479.58646
G1 X185.706 Y161.242 Z1.4459 E1480.99050
G1 X187.573 Y165.905 Z1.4472 E1482.49413
G1 X189.136 Y170.886 Z1.4486 E1484.05683
G1 X190.327 Y176.008 Z1.4501 E1485.63078
G1 X191.099 Y181.078 Z1.4515 E1487.16608
G1 X191.437 Y185.912 Z1.4528 E1488.61661
G1 X191.354 Y190.350 Z1.4540 E1489.94524
G1 X190.891 Y194.273 Z1.4551 E1491.12763
G1 X190.106 Y197.610 Z1.4560 E1492.15388
G1 X189.066 Y200.339 Z1.4568 E1493.02817
G1 X187.930 Y202.316 Z1.4574 E1493.71088
G1 X187.830 Y202.473 Z1.4575 E1493.76651
G1 X187.716 Y202.620 Z1.4575 E1493.82215
G1 X186.603 Y203.921 Z1.4580 E1494.33459
G1 X186.466 Y204.066 Z1.4580 E1494.39422
G1 X186.315 Y204.196 Z1.4581 E1494.45385
G1 X185.367 Y204.938 Z1.4584 E1494.81417
G1 X185.210 Y205.049 Z1.4585 E1494.87188
G1 X185.043 Y205.145 Z1.4585 E1494.92959
G1 X184.016 Y205.667 Z1.4588 E1495.27439
G1 X183.282 Y205.910 Z1.4590 E1495.50575
G1 X182.380 Y206.137 Z1.4593 E1495.78438
G1 X181.471 Y206.339 Z1.4596 E1496.06301
G1 X180.557 Y206.514 Z1.4598 E1496.34164
G1 X179.638 Y206.662 Z1.4601 E1496.62027
G1 X178.715 Y206.784 Z1.4603 E1496.89890
G1 X177.789 Y206.878 Z1.4606 E1497.17753
G1 X176.861 Y206.946 Z1.4608 E1497.45616
G1 X175.931 Y206.986 Z1.4611 E1497.73479
G1 X173.950 Y206.905 Z1.4616 E1498.32829
G1 X173.772 Y206.880 Z1.4617 E1498.38186
G1 X173.598 Y206.840 Z1.4617 E1498.43543
G1 X172.688 Y206.589 Z1.4620 E1498.71812
G1 X172.522 Y206.535 Z1.4620 E1498.77037
G1 X172.361 Y206.467 Z1.4621 E1498.82262
G1 X171.190 Y205.910 Z1.4624 E1499.21074
G1 X169.728 Y204.878 Z1.4629 E1499.74636
G1 X168.079 Y203.242 Z1.4635 E1500.44184
G1 X166.454 Y201.054 Z1.4643 E1501.25752
G1 X164.897 Y198.272 Z1.4651 E1502.21182
G1 X163.465 Y194.879 Z1.4661 E1503.31446
G1 X162.224 Y190.893 Z1.4673 E1504.56412
G1 X161.242 Y186.379 Z1.4685 E1505.94674
G1 X160.582 Y181.451 Z1.4699 E1507.43514
G1 X160.291 Y176.263 Z1.4713 E1508.99058
G1 X160.395 Y171.000 Z1.4727 E1510.56620
G1 X160.893 Y165.860 Z1.4741 E1512.11206
G1 X161.757 Y161.030 Z1.4755 E1513.58092
G1 X162.935 Y156.667 Z1.4767 E1514.93371
G1 X164.361 Y152.885 Z1.4778 E1516.14359
G1 X165.960 Y149.746 Z1.4788 E1517.19805
G1 X167.659 Y147.263 Z1.4796 E1518.09882
G1 X169.275 Y145.539 Z1.4802 E1518.80592
G1 X169.404 Y145.413 Z1.4803 E1518.85998
G1 X169.544 Y145.299 Z1.4803 E1518.91405
G1 X170.974 Y144.242 Z1.4808 E1519.44646
G1 X171.138 Y144.132 Z1.4809 E1519.50542
G1 X171.312 Y144.040 Z1.4809 E1519.56438
G1 X172.468 Y143.495 Z1.4813 E1519.94689
G1 X172.647 Y143.421 Z1.4813 E1520.00497
G1 X172.833 Y143.365 Z1.4814 E1520.06305
G1 X173.800 Y143.122 Z1.4816 E1520.36140
G1 X173.984 Y143.085 Z1.4817 E1520.41768
G1 X174.171 Y143.066 Z1.4817 E1520.47397
G1 X175.051 Y143.015 Z1.4820 E1520.73788
G1 X175.234 Y143.012 Z1.4820 E1520.79259
G1 X175.416 Y143.027 Z1.4821 E1520.84731
G1 X176.286 Y143.136 Z1.4823 E1521.10980
G1 X176.462 Y143.166 Z1.4824 E1521.16312
G1 X176.634 Y143.212 Z1.4824 E1521.21643
G1 X177.726 Y143.553 Z1.4827 E1521.55891
G1 X179.075 Y144.251 Z1.4831 E1522.01365
G1 X180.569 Y145.379 Z1.4836 E1522.57388
G1 X182.217 Y147.110 Z1.4843 E1523.28934
G1 X183.833 Y149.402 Z1.4851 E1524.12884
G1 X185.372 Y152.294 Z1.4860 E1525.10943
G1 X186.775 Y155.797 Z1.4870 E1526.23900
G1 X187.974 Y159.884 Z1.4881 E1527.51404
G1 X188.902 Y164.482 Z1.4894 E1528.91808
G1 X189.498 Y169.469 Z1.4908 E1530.42170
G1 X189.719 Y174.685 Z1.4922 E1531.98441
G1 X189.544 Y179.940 Z1.4936 E1533.55835
G1 X188.977 Y185.038 Z1.4950 E1535.09366
G1 X188.052 Y189.794 Z1.4963 E1536.54418
G1 X186.824 Y194.060 Z1.4975 E1537.87282
G1 X185.362 Y197.729 Z1.4986 E1539.05521
G1 X183.740 Y200.749 Z1.4996 E1540.08146
G1 X182.029 Y203.116 Z1.5004 E1540.95574
G1 X180.419 Y204.732 Z1.5010 E1541.63845
G1 X180.282 Y204.858 Z1.5010 E1541.69409
G1 X180.134 Y204.970 Z1.5011 E1541.74973
G1 X178.722 Y205.938 Z1.5015 E1542.26217
G1 X178.553 Y206.043 Z1.5016 E1542.32180
G1 X178.373 Y206.130 Z1.5016 E1542.38143
G1 X177.266 Y206.601 Z1.5020 E1542.74175
G1 X177.085 Y206.668 Z1.5020 E1542.79946
G1 X176.898 Y206.717 Z1.5021 E1542.85717
G1 X175.772 Y206.956 Z1.5024 E1543.20197
G1 X175.000 Y207.000 Z1.5026 E1543.43333
G1 X174.069 Y206.986 Z1.5029 E1543.71196
G1 X173.139 Y206.946 Z1.5031 E1543.99059
G1 X172.211 Y206.878 Z1.5034 E1544.26922
G1 X171.285 Y206.784 Z1.5036 E1544.54785
G1 X170.362 Y206.662 Z1.5039 E1544.82648
G1 X169.443 Y206.514 Z1.5041 E1545.10511
G1 X168.529 Y206.339 Z1.5044 E1545.38373
G1 X167.620 Y206.137 Z1.5046 E1545.66236
G1 X165.728 Y205.546 Z1.5052 E1546.25587
G1 X165.563 Y205.476 Z1.5052 E1546.30944
G1 X165.405 Y205.393 Z1.5053 E1546.36301
G1 X164.591 Y204.914 Z1.5055 E1546.64569
G1 X164.444 Y204.819 Z1.5056 E1546.69795
G1 X164.307 Y204.712 Z1.5056 E1546.75020
G1 X163.320 Y203.870 Z1.5060 E1547.13832
G1 X162.175 Y202.495 Z1.5065 E1547.67394
G1 X161.005 Y200.488 Z1.5071 E1548.36942
G1 X160.002 Y197.955 Z1.5078 E1549.18510
G1 X159.218 Y194.865 Z1.5087 E1550.13939
G1 X158.713 Y191.216 Z1.5097 E1551.24204
G1 X158.546 Y187.044 Z1.5108 E1552.49170
G1 X158.766 Y182.431 Z1.5121 E1553.87431
G1 X159.404 Y177.500 Z1.5134 E1555.36271
G1 X160.466 Y172.413 Z1.5149 E1556.91816
G1 X161.928 Y167.357 Z1.5163 E1558.49378
G1 X163.739 Y162.520 Z1.5177 E1560.03964
G1 X165.824 Y158.078 Z1.5190 E1561.50849
G1 X168.091 Y154.169 Z1.5203 E1562.86128
G1 X170.447 Y150.885 Z1.5214 E1564.07117
G1 X172.804 Y148.267 Z1.5223 E1565.12563
G1 X175.088 Y146.308 Z1.5231 E1566.02639
G1 X177.095 Y145.061 Z1.5238 E1566.73350
G1 X177.252 Y144.973 Z1.5238 E1566.78756
G1 X177.417 Y144.899 Z1.5239 E1566.84162
G1 X179.072 Y144.248 Z1.5244 E1567.37404
G1 X179.259 Y144.185 Z1.5244 E1567.43300
G1 X179.451 Y144.140 Z1.5245 E1567.49196
G1 X180.708 Y143.914 Z1.5248 E1567.87446
G1 X180.901 Y143.888 Z1.5249 E1567.93254
G1 X181.095 Y143.882 Z1.5249 E1567.99063
G1 X182.091 Y143.898 Z1.5252 E1568.28898
G1 X182.279 Y143.910 Z1.5252 E1568.34526
G1 X182.465 Y143.939 Z1.5253 E1568.40154
G1 X183.328 Y144.118 Z1.5255 E1568.66545
G1 X183.505 Y144.163 Z1.5256 E1568.72017
G1 X183.677 Y144.224 Z1.5256 E1568.77489
G1 X184.489 Y144.555 Z1.5259 E1569.03738
G1 X184.651 Y144.629 Z1.5259 E1569.09069
G1 X184.806 Y144.718 Z1.5260 E1569.14401
G1 X185.772 Y145.331 Z1.5263 E1569.48648
G1 X186.895 Y146.354 Z1.5267 E1569.94123
G1 X188.046 Y147.829 Z1.5272 E1570.50146
G1 X189.190 Y149.928 Z1.5279 E1571.21692
G1 X190.157 Y152.560 Z1.5286 E1572.05642
G1 X190.896 Y155.752 Z1.5295 E1573.03701
G1 X191.344 Y159.499 Z1.5305 E1574.16658
G1 X191.444 Y163.757 Z1.5317 E1575.44161
G1 X191.151 Y168.438 Z1.5330 E1576.84565
G1 X190.436 Y173.410 Z1.5343 E1578.34928
G1 X189.299 Y178.505 Z1.5358 E1579.91198
G1 X187.769 Y183.536 Z1.5372 E1581.48593
G1 X185.903 Y188.313 Z1.5386 E1583.02124
G1 X183.779 Y192.669 Z1.5399 E1584.47176
G1 X181.488 Y196.471 Z1.5411 E1585.80039
G1 X179.126 Y199.636 Z1.5422 E1586.98278
G1 X176.777 Y202.134 Z1.5431 E1588.00904
G1 X174.512 Y203.977 Z1.5439 E1588.88332
G1 X172.539 Y205.122 Z1.5445 E1589.56603
G1 X172.374 Y205.207 Z1.5446 E1589.62167
G1 X172.202 Y205.277 Z1.5446 E1589.67730
G1 X170.588 Y205.848 Z1.5451 E1590.18974
G1 X170.397 Y205.904 Z1.5451 E1590.24937
G1 X170.201 Y205.942 Z1.5452 E1590.30900
G1 X169.010 Y206.110 Z1.5455 E1590.66932
G1 X168.818 Y206.128 Z1.5456 E1590.72703
G1 X168.625 Y206.127 Z1.5456 E1590.78475
G1 X167.475 Y206.067 Z1.5459 E1591.12955
G1 X166.718 Y205.910 Z1.5462 E1591.36090
G1 X165.822 Y205.656 Z1.5464 E1591.63953
G1 X164.935 Y205.376 Z1.5467 E1591.91816
G1 X164.055 Y205.070 Z1.5469 E1592.19679
G1 X163.185 Y204.739 Z1.5472 E1592.47542
G1 X162.325 Y204.383 Z1.5474 E1592.75405
G1 X161.476 Y204.002 Z1.5477 E1593.03268
G1 X160.638 Y203.596 Z1.5479 E1593.31131
G1 X159.813 Y203.166 Z1.5482 E1593.58994
G1 X158.138 Y202.105 Z1.5487 E1594.18344
G1 X157.997 Y201.995 Z1.5488 E1594.23701
G1 X157.866 Y201.874 Z1.5488 E1594.29058
G1 X157.203 Y201.201 Z1.5491 E1594.57327
G1 X157.086 Y201.071 Z1.5491 E1594.62552
G1 X156.981 Y200.932 Z1.5492 E1594.67777
G1 X156.246 Y199.864 Z1.5495 E1595.06589
G1 X155.496 Y198.239 Z1.5500 E1595.60151
G1 X154.885 Y195.997 Z1.5506 E1596.29700
G1 X154.572 Y193.291 Z1.5514 E1597.11268
G1 X154.614 Y190.103 Z1.5523 E1598.06697
G1 X155.071 Y186.448 Z1.5533 E1599.16961
G1 X155.989 Y182.375 Z1.5544 E1600.41928
G1 X157.396 Y177.976 Z1.5556 E1601.80189
G1 X159.288 Y173.378 Z1.5570 E1603.29029
G1 X161.631 Y168.739 Z1.5584 E1604.84573
G1 X164.352 Y164.234 Z1.5598 E1606.42136
G1 X167.353 Y160.031 Z1.5612 E1607.96721
G1 X170.516 Y156.280 Z1.5626 E1609.43607
G1 X173.718 Y153.091 Z1.5638 E1610.78886
G1 X176.844 Y150.528 Z1.5649 E1611.99875
G1 X179.798 Y148.609 Z1.5659 E1613.05320
G1 X182.511 Y147.309 Z1.5667 E1613.95397
G1 X184.772 Y146.624 Z1.5673 E1614.66107
G1 X184.947 Y146.579 Z1.5674 E1614.71514
G1 X185.126 Y146.551 Z1.5674 E1614.76920
G1 X186.893 Y146.349 Z1.5679 E1615.30162
G1 X187.089 Y146.337 Z1.5680 E1615.36058
G1 X187.286 Y146.344 Z1.5680 E1615.41953
G1 X188.560 Y146.450 Z1.5684 E1615.80204
G1 X188.752 Y146.476 Z1.5684 E1615.86012
G1 X188.941 Y146.520 Z1.5685 E1615.91820
G1 X189.899 Y146.793 Z1.5687 E1616.21656
G1 X190.078 Y146.853 Z1.5688 E1616.27284
G1 X190.249 Y146.930 Z1.5688 E1616.32912
G1 X191.037 Y147.325 Z1.5691 E1616.59303
G1 X191.196 Y147.415 Z1.5691 E1616.64775
G1 X191.347 Y147.519 Z1.5692 E1616.70247
G1 X192.046 Y148.048 Z1.5694 E1616.96496
G1 X192.183 Y148.162 Z1.5695 E1617.01827
G1 X192.309 Y148.288 Z1.5695 E1617.07158
G1 X193.084 Y149.129 Z1.5698 E1617.41406
G1 X193.904 Y150.408 Z1.5702 E1617.86880
G1 X194.634 Y152.132 Z1.5708 E1618.42903
G1 X195.195 Y154.455 Z1.5714 E1619.14449
G1 X195.449 Y157.248 Z1.5722 E1619.98400
G1 X195.336 Y160.522 Z1.5731 E1620.96458
G1 X194.799 Y164.257 Z1.5741 E1622.09416
G1 X193.794 Y168.396 Z1.5752 E1623.36919
G1 X192.299 Y172.842 Z1.5765 E1624.77323
G1 X190.321 Y177.459 Z1.5779 E1626.27686
G1 X187.905 Y182.087 Z1.5793 E1627.83956
G1 X185.125 Y186.550 Z1.5807 E1629.41351
G1 X182.086 Y190.681 Z1.5821 E1630.94881
G1 X178.906 Y194.339 Z1.5835 E1632.39934
G1 X175.710 Y197.418 Z1.5847 E1633.72797
G1 X172.609 Y199.865 Z1.5857 E1634.91036
G1 X169.694 Y201.669 Z1.5867 E1635.93661
G1 X167.029 Y202.864 Z1.5875 E1636.81090
G1 X164.827 Y203.458 Z1.5881 E1637.49361
G1 X164.646 Y203.498 Z1.5881 E1637.54924
G1 X164.461 Y203.521 Z1.5882 E1637.60488
G1 X162.754 Y203.655 Z1.5886 E1638.11732
G1 X162.555 Y203.660 Z1.5887 E1638.17695
G1 X162.357 Y203.646 Z1.5888 E1638.23658
G1 X161.162 Y203.500 Z1.5891 E1638.59690
G1 X160.972 Y203.467 Z1.5891 E1638.65461
G1 X160.786 Y203.417 Z1.5892 E1638.71232
G1 X159.690 Y203.061 Z1.5895 E1639.05712
G1 X159.000 Y202.713 Z1.5897 E1639.28848
G1 X158.201 Y202.236 Z1.5900 E1639.56711
G1 X157.416 Y201.736 Z1.5902 E1639.84574
G1 X156.646 Y201.213 Z1.5905 E1640.12437
G1 X155.891 Y200.668 Z1.5907 E1640.40300
G1 X155.152 Y200.101 Z1.5910 E1640.68163
G1 X154.431 Y199.513 Z1.5912 E1640.96026
G1 X153.727 Y198.905 Z1.5915 E1641.23889
G1 X153.040 Y198.276 Z1.5917 E1641.51752
G1 X151.697 Y196.817 Z1.5923 E1642.11102
G1 X151.589 Y196.675 Z1.5923 E1642.16459
G1 X151.494 Y196.523 Z1.5924 E1642.21816
G1 X151.028 Y195.702 Z1.5926 E1642.50085
G1 X150.949 Y195.546 Z1.5927 E1642.55310
G1 X150.883 Y195.384 Z1.5927 E1642.60535
G1 X150.450 Y194.163 Z1.5931 E1642.99347
G1 X150.146 Y192.399 Z1.5936 E1643.52909
G1 X150.136 Y190.076 Z1.5942 E1644.22457
G1 X150.534 Y187.380 Z1.5949 E1645.04025
G1 X151.400 Y184.312 Z1.5958 E1645.99455
G1 X152.787 Y180.900 Z1.5968 E1647.09719
G1 X154.728 Y177.204 Z1.5979 E1648.34685
G1 X157.225 Y173.318 Z1.5992 E1649.72947
G1 X160.244 Y169.367 Z1.6006 E1651.21787
G1 X163.706 Y165.493 Z1.6020 E1652.77331
G1 X167.501 Y161.845 Z1.6034 E1654.34893
G1 X171.488 Y158.562 Z1.6048 E1655.89479
G1 X175.514 Y155.757 Z1.6061 E1657.36365
G1 X179.432 Y153.505 Z1.6074 E1658.71644
G1 X183.115 Y151.839 Z1.6085 E1659.92632
G1 X186.465 Y150.750 Z1.6094 E1660.98078
G1 X189.423 Y150.196 Z1.6102 E1661.88155
G1 X191.784 Y150.120 Z1.6109 E1662.58865
G1 X191.964 Y150.122 Z1.6109 E1662.64271
G1 X192.144 Y150.141 Z1.6110 E1662.69678
G1 X193.903 Y150.404 Z1.6115 E1663.22919
G1 X194.096 Y150.442 Z1.6115 E1663.28815
G1 X194.284 Y150.500 Z1.6116 E1663.34711
G1 X195.487 Y150.933 Z1.6119 E1663.72962
G1 X195.666 Y151.007 Z1.6120 E1663.78770
G1 X195.837 Y151.098 Z1.6120 E1663.84578
G1 X196.692 Y151.610 Z1.6123 E1664.14413
G1 X196.849 Y151.715 Z1.6124 E1664.20042
G1 X196.995 Y151.833 Z1.6124 E1664.25670
G1 X197.653 Y152.419 Z1.6126 E1664.52061
G1 X197.784 Y152.547 Z1.6127 E1664.57533
G1 X197.903 Y152.686 Z1.6127 E1664.63004
G1 X198.441 Y153.378 Z1.6130 E1664.89254
G1 X198.543 Y153.524 Z1.6130 E1664.94585
G1 X198.633 Y153.678 Z1.6131 E1664.99916
G1 X199.164 Y154.691 Z1.6134 E1665.34164
G1 X199.625 Y156.139 Z1.6138 E1665.79638
G1 X199.883 Y157.993 Z1.6143 E1666.35661
G1 X199.824 Y160.382 Z1.6150 E1667.07207
G1 X199.347 Y163.145 Z1.6157 E1667.91157
G1 X198.390 Y166.278 Z1.6166 E1668.89216
G1 X196.905 Y169.747 Z1.6176 E1670.02173
G1 X194.863 Y173.485 Z1.6188 E1671.29677
G1 X192.268 Y177.393 Z1.6201 E1672.70081
G1 X189.163 Y181.341 Z1.6214 E1674.20443
G1 X185.631 Y185.185 Z1.6229 E1675.76714
G1 X181.791 Y188.777 Z1.6243 E1677.34108
G1 X177.786 Y191.981 Z1.6257 E1678.87639
G1 X173.768 Y194.691 Z1.6270 E1680.32692
G1 X169.884 Y196.838 Z1.6282 E1681.65555
G1 X166.255 Y198.399 Z1.6293 E1682.83794
G1 X162.972 Y199.387 Z1.6302 E1683.86419
G1 X160.089 Y199.851 Z1.6310 E1684.73847
G1 X157.808 Y199.856 Z1.6316 E1685.42118
G1 X157.622 Y199.847 Z1.6317 E1685.47682
G1 X157.438 Y199.822 Z1.6317 E1685.53246
G1 X155.755 Y199.509 Z1.6322 E1686.04490
G1 X155.562 Y199.463 Z1.6323 E1686.10453
G1 X155.373 Y199.397 Z1.6323 E1686.16416
G1 X154.257 Y198.947 Z1.6326 E1686.52448
G1 X154.082 Y198.867 Z1.6327 E1686.58219
G1 X153.915 Y198.769 Z1.6327 E1686.63990
G1 X152.949 Y198.142 Z1.6331 E1686.98470
G1 X152.373 Y197.627 Z1.6333 E1687.21606
G1 X151.724 Y196.960 Z1.6335 E1687.49469
G1 X151.095 Y196.273 Z1.6338 E1687.77332
G1 X150.487 Y195.569 Z1.6340 E1688.05195
G1 X149.899 Y194.848 Z1.6343 E1688.33058
G1 X149.332 Y194.109 Z1.6345 E1688.60921
G1 X148.787 Y193.354 Z1.6348 E1688.88784
G1 X148.264 Y192.584 Z1.6350 E1689.16647
G1 X147.764 Y191.799 Z1.6353 E1689.44510
G1 X146.845 Y190.043 Z1.6358 E1690.03860
G1 X146.777 Y189.877 Z1.6359 E1690.09217
G1 X146.724 Y189.706 Z1.6359 E1690.14574
G1 X146.487 Y188.792 Z1.6362 E1690.42842
G1 X146.451 Y188.621 Z1.6362 E1690.48068
G1 X146.429 Y188.448 Z1.6363 E1690.53293
G1 X146.327 Y187.155 Z1.6366 E1690.92105
G1 X146.489 Y185.374 Z1.6371 E1691.45667
G1 X147.081 Y183.127 Z1.6378 E1692.15215
G1 X148.163 Y180.626 Z1.6385 E1692.96783
G1 X149.794 Y177.887 Z1.6394 E1693.92212
G1 X152.017 Y174.949 Z1.6404 E1695.02477
G1 X154.848 Y171.882 Z1.6415 E1696.27443
G1 X158.266 Y168.775 Z1.6428 E1697.65704
G1 X162.204 Y165.739 Z1.6441 E1699.14544
G1 X166.552 Y162.894 Z1.6455 E1700.70089
G1 X171.162 Y160.352 Z1.6470 E1702.27651
G1 X175.862 Y158.213 Z1.6484 E1703.82237
G1 X180.477 Y156.546 Z1.6497 E1705.29123
G1 X184.845 Y155.385 Z1.6509 E1706.64401
G1 X188.833 Y154.729 Z1.6520 E1707.85390
G1 X192.350 Y154.544 Z1.6530 E1708.90836
G1 X195.351 Y154.774 Z1.6538 E1709.80913
G1 X197.651 Y155.312 Z1.6544 E1710.51623
G1 X197.825 Y155.361 Z1.6545 E1710.57029
G1 X197.994 Y155.425 Z1.6545 E1710.62435
G1 X199.625 Y156.134 Z1.6550 E1711.15677
G1 X199.801 Y156.222 Z1.6551 E1711.21573
G1 X199.968 Y156.326 Z1.6551 E1711.27469
G1 X201.018 Y157.055 Z1.6555 E1711.65719
G1 X201.172 Y157.173 Z1.6555 E1711.71528
G1 X201.313 Y157.306 Z1.6556 E1711.77336
G1 X202.007 Y158.022 Z1.6559 E1712.07171
G1 X202.131 Y158.163 Z1.6559 E1712.12799
G1 X202.242 Y158.315 Z1.6560 E1712.18427
G1 X202.726 Y159.052 Z1.6562 E1712.44818
G1 X202.819 Y159.209 Z1.6562 E1712.50290
G1 X202.898 Y159.374 Z1.6563 E1712.55762
G1 X203.238 Y160.182 Z1.6565 E1712.82011
G1 X203.300 Y160.349 Z1.6566 E1712.87343
G1 X203.346 Y160.521 Z1.6566 E1712.92674
G1 X203.596 Y161.637 Z1.6569 E1713.26921
G1 X203.667 Y163.155 Z1.6574 E1713.72396
G1 X203.437 Y165.012 Z1.6579 E1714.28419
G1 X202.762 Y167.305 Z1.6585 E1714.99965
G1 X201.585 Y169.851 Z1.6593 E1715.83915
G1 X199.850 Y172.629 Z1.6602 E1716.81974
G1 X197.518 Y175.596 Z1.6612 E1717.94931
G1 X194.578 Y178.678 Z1.6624 E1719.22434
G1 X191.060 Y181.780 Z1.6636 E1720.62838
G1 X187.039 Y184.791 Z1.6650 E1722.13201
G1 X182.632 Y187.590 Z1.6664 E1723.69471
G1 X177.993 Y190.065 Z1.6678 E1725.26866
G1 X173.296 Y192.123 Z1.6692 E1726.80397
G1 X168.714 Y193.701 Z1.6706 E1728.25449
G1 X164.406 Y194.770 Z1.6718 E1729.58312
G1 X160.497 Y195.338 Z1.6728 E1730.76551
G1 X157.070 Y195.443 Z1.6738 E1731.79177
G1 X154.165 Y195.145 Z1.6746 E1732.66605
G1 X151.961 Y194.559 Z1.6752 E1733.34876
G1 X151.784 Y194.503 Z1.6752 E1733.40440
G1 X151.612 Y194.431 Z1.6753 E1733.46003
G1 X150.068 Y193.693 Z1.6758 E1733.97248
G1 X149.892 Y193.598 Z1.6758 E1734.03210
G1 X149.728 Y193.486 Z1.6759 E1734.09173
G1 X148.766 Y192.763 Z1.6762 E1734.45205
G1 X148.617 Y192.639 Z1.6762 E1734.50977
G1 X148.482 Y192.502 Z1.6763 E1734.56748
G1 X147.711 Y191.646 Z1.6766 E1734.91228
G1 X147.287 Y191.000 Z1.6768 E1735.14364
G1 X146.834 Y190.187 Z1.6771 E1735.42226
G1 X146.404 Y189.362 Z1.6773 E1735.70089
G1 X145.998 Y188.524 Z1.6776 E1735.97952
G1 X145.617 Y187.675 Z1.6778 E1736.25815
G1 X145.261 Y186.815 Z1.6781 E1736.53678
G1 X144.930 Y185.945 Z1.6783 E1736.81541
G1 X144.624 Y185.065 Z1.6786 E1737.09404
G1 X144.344 Y184.178 Z1.6788 E1737.37267
G1 X143.911 Y182.243 Z1.6794 E1737.96617
G1 X143.888 Y182.065 Z1.6794 E1738.01974
G1 X143.882 Y181.887 Z1.6795 E1738.07331
G1 X143.889 Y180.942 Z1.6797 E1738.35600
G1 X143.898 Y180.768 Z1.6798 E1738.40825
G1 X143.922 Y180.595 Z1.6798 E1738.46051
G1 X144.158 Y179.320 Z1.6802 E1738.84862
G1 X144.776 Y177.641 Z1.6807 E1739.38424
G1 X145.929 Y175.624 Z1.6813 E1740.07973
G1 X147.622 Y173.488 Z1.6820 E1740.89541
G1 X149.906 Y171.264 Z1.6829 E1741.84970
G1 X152.813 Y169.003 Z1.6839 E1742.95234
G1 X156.342 Y166.772 Z1.6851 E1744.20201
G1 X160.448 Y164.656 Z1.6863 E1745.58462
G1 X165.037 Y162.743 Z1.6877 E1747.07302
G1 X169.973 Y161.120 Z1.6891 E1748.62847
G1 X175.083 Y159.858 Z1.6905 E1750.20409
G1 X180.177 Y159.008 Z1.6919 E1751.74994
G1 X185.067 Y158.592 Z1.6932 E1753.21880
G1 X189.586 Y158.601 Z1.6945 E1754.57159
G1 X193.608 Y159.000 Z1.6956 E1755.78148
G1 X197.054 Y159.732 Z1.6965 E1756.83593
G1 X199.892 Y160.731 Z1.6974 E1757.73670
G1 X201.975 Y161.845 Z1.6980 E1758.44380
G1 X202.130 Y161.937 Z1.6980 E1758.49787
G1 X202.276 Y162.043 Z1.6981 E1758.55193
G1 X203.668 Y163.150 Z1.6986 E1759.08435
G1 X203.816 Y163.280 Z1.6986 E1759.14331
G1 X203.951 Y163.424 Z1.6987 E1759.20226
G1 X204.776 Y164.400 Z1.6990 E1759.58477
G1 X204.894 Y164.554 Z1.6991 E1759.64285
G1 X204.996 Y164.719 Z1.6991 E1759.70093
G1 X205.481 Y165.590 Z1.6994 E1759.99929
G1 X205.564 Y165.759 Z1.6995 E1760.05557
G1 X205.632 Y165.934 Z1.6995 E1760.11185
G1 X205.909 Y166.771 Z1.6998 E1760.37576
G1 X205.958 Y166.947 Z1.6998 E1760.43048
G1 X205.991 Y167.127 Z1.6998 E1760.48520
G1 X206.111 Y167.996 Z1.7001 E1760.74769
G1 X206.127 Y168.173 Z1.7001 E1760.80100
G1 X206.128 Y168.351 Z1.7002 E1760.85431
G1 X206.081 Y169.494 Z1.7005 E1761.19679
G1 X205.756 Y170.978 Z1.7009 E1761.65153
G1 X205.053 Y172.713 Z1.7014 E1762.21176
G1 X203.808 Y174.753 Z1.7021 E1762.92722
G1 X202.012 Y176.907 Z1.7028 E1763.76673
G1 X199.617 Y179.142 Z1.7037 E1764.74731
G1 X196.596 Y181.404 Z1.7047 E1765.87689
G1 X192.959 Y183.620 Z1.7059 E1767.15192
G1 X188.758 Y185.706 Z1.7072 E1768.55596
G1 X184.095 Y187.573 Z1.7086 E1770.05959
G1 X179.114 Y189.136 Z1.7100 E1771.62229
G1 X173.992 Y190.327 Z1.7114 E1773.19624
G1 X168.922 Y191.099 Z1.7128 E1774.73154
G1 X164.088 Y191.437 Z1.7141 E1776.18207
G1 X159.650 Y191.354 Z1.7153 E1777.51070
G1 X155.727 Y190.891 Z1.7164 E1778.69309
G1 X152.390 Y190.106 Z1.7173 E1779.71935
G1 X149.661 Y189.066 Z1.7181 E1780.59363
G1 X147.684 Y187.930 Z1.7187 E1781.27634
G1 X147.527 Y187.830 Z1.7188 E1781.33197
G1 X147.380 Y187.716 Z1.7188 E1781.38761
G1 X146.079 Y186.603 Z1.7193 E1781.90005
G1 X145.934 Y186.466 Z1.7194 E1781.95968
G1 X145.804 Y186.315 Z1.7194 E1782.01931
G1 X145.062 Y185.367 Z1.7197 E1782.37963
G1 X144.951 Y185.210 Z1.7198 E1782.43734
G1 X144.855 Y185.043 Z1.7199 E1782.49505
G1 X144.333 Y184.016 Z1.7202 E1782.83985
G1 X144.090 Y183.282 Z1.7204 E1783.07121
G1 X143.847 Y182.313 Z1.7206 E1783.37029
G1 X143.634 Y181.337 Z1.7209 E1783.66937
G1 X143.451 Y180.355 Z1.7212 E1783.96845
G1 X143.299 Y179.367 Z1.7215 E1784.26752
G1 X143.179 Y178.375 Z1.7217 E1784.56660
G1 X143.089 Y177.380 Z1.7220 E1784.86568
G1 X143.030 Y176.383 Z1.7223 E1785.16476
G1 X143.002 Y175.384 Z1.7225 E1785.46384
G1 X143.006 Y174.385 Z1.7228 E1785.76291
G1 X143.041 Y173.387 Z1.7231 E1786.06199
G1 X143.107 Y172.390 Z1.7234 E1786.36107
G1 X143.204 Y171.395 Z1.7236 E1786.66015
G1 X143.332 Y170.404 Z1.7239 E1786.95922
G1 X143.491 Y169.418 Z1.7242 E1787.25830
G1 X143.680 Y168.437 Z1.7245 E1787.55738
G1 X143.900 Y167.463 Z1.7247 E1787.85646
G1 X144.151 Y166.495 Z1.7250 E1788.15554
G1 X144.431 Y165.536 Z1.7253 E1788.45461
G1 X144.742 Y164.587 Z1.7255 E1788.75369
G1 X145.082 Y163.647 Z1.7258 E1789.05277
G1 X145.451 Y162.719 Z1.7261 E1789.35185
G1 X145.848 Y161.802 Z1.7264 E1789.65093
G1 X146.275 Y160.898 Z1.7266 E1789.95000
G1 X146.729 Y160.009 Z1.7269 E1790.24908
G1 X147.211 Y159.133 Z1.7272 E1790.54816
G1 X147.720 Y158.273 Z1.7274 E1790.84724
G1 X148.255 Y157.430 Z1.7277 E1791.14632
G1 X148.817 Y156.604 Z1.7280 E1791.44539
G1 X149.404 Y155.795 Z1.7283 E1791.74447
G1 X150.016 Y155.005 Z1.7285 E1792.04355
G1 X150.652 Y154.235 Z1.7288 E1792.34263
G1 X151.312 Y153.485 Z1.7291 E1792.64171
G1 X151.995 Y152.756 Z1.7293 E1792.94078
G1 X152.701 Y152.049 Z1.7296 E1793.23986
G1 X153.428 Y151.364 Z1.7299 E1793.53894
G1 X154.177 Y150.702 Z1.7302 E1793.83802
G1 X154.945 Y150.064 Z1.7304 E1794.13709
G1 X155.734 Y149.450 Z1.7307 E1794.43617
G1 X156.541 Y148.861 Z1.7310 E1794.73525
G1 X157.366 Y148.297 Z1.7312 E1795.03433
G1 X158.208 Y147.760 Z1.7315 E1795.33341
G1 X159.067 Y147.249 Z1.7318 E1795.63248
G1 X159.941 Y146.765 Z1.7321 E1795.93156
G1 X160.830 Y146.309 Z1.7323 E1796.23064
G1 X161.732 Y145.880 Z1.7326 E1796.52972
G1 X162.648 Y145.480 Z1.7329 E1796.82880
G1 X163.575 Y145.109 Z1.7331 E1797.12787
G1 X164.514 Y144.767 Z1.7334 E1797.42695
G1 X165.463 Y144.454 Z1.7337 E1797.72603
G1 X166.421 Y144.171 Z1.7340 E1798.02511
G1 X167.388 Y143.919 Z1.7342 E1798.32419
G1 X168.362 Y143.696 Z1.7345 E1798.62326
G1 X169.342 Y143.504 Z1.7348 E1798.92234
G1 X170.328 Y143.343 Z1.7351 E1799.22142
G1 X171.319 Y143.212 Z1.7353 E1799.52050
G1 X172.313 Y143.113 Z1.7356 E1799.81958
G1 X173.310 Y143.045 Z1.7359 E1800.11865
G1 X174.308 Y143.007 Z1.7361 E1800.41773
G1 X175.307 Y143.001 Z1.7364 E1800.71681
G1 X176.306 Y143.027 Z1.7367 E1801.01589
G1 X177.304 Y143.083 Z1.7370 E1801.31496
G1 X178.299 Y143.171 Z1.7372 E1801.61404
G1 X179.291 Y143.289 Z1.7375 E1801.91312
G1 X180.279 Y143.438 Z1.7378 E1802.21220
G1 X181.262 Y143.619 Z1.7380 E1802.51128
G1 X182.238 Y143.829 Z1.7383 E1802.81035
G1 X183.208 Y144.071 Z1.7386 E1803.10943
G1 X184.170 Y144.342 Z1.7389 E1803.40851
G1 X185.122 Y144.643 Z1.7391 E1803.70759
G1 X186.065 Y144.974 Z1.7394 E1804.00667
G1 X186.997 Y145.334 Z1.7397 E1804.30574
G1 X187.917 Y145.723 Z1.7399 E1804.60482
G1 X188.825 Y146.140 Z1.7402 E1804.90390
G1 X189.719 Y146.586 Z1.7405 E1805.20298
G1 X190.599 Y147.059 Z1.7408 E1805.50206
G1 X191.464 Y147.560 Z1.7410 E1805.80113
G1 X192.312 Y148.087 Z1.7413 E1806.10021
G1 X193.144 Y148.641 Z1.7416 E1806.39929
G1 X193.958 Y149.220 Z1.7418 E1806.69837
G1 X194.754 Y149.825 Z1.7421 E1806.99744
G1 X195.530 Y150.454 Z1.7424 E1807.29652
G1 X196.286 Y151.107 Z1.7427 E1807.59560
G1 X197.022 Y151.783 Z1.7429 E1807.89468
G1 X197.736 Y152.482 Z1.7432 E1808.19376
G1 X198.428 Y153.202 Z1.7435 E1808.49283
G1 X199.097 Y153.944 Z1.7437 E1808.79191
G1 X199.742 Y154.707 Z1.7440 E1809.09099
G1 X200.364 Y155.489 Z1.7443 E1809.39007
G1 X200.961 Y156.290 Z1.7446 E1809.68915
G1 X201.532 Y157.110 Z1.7448 E1809.98822
G1 X202.078 Y157.947 Z1.7451 E1810.28730
G1 X202.597 Y158.801 Z1.7454 E1810.58638
G1 X203.089 Y159.670 Z1.7457 E1810.88546
G1 X203.554 Y160.555 Z1.7459 E1811.18454
G1 X203.991 Y161.453 Z1.7462 E1811.48361
G1 X204.400 Y162.365 Z1.7465 E1811.78269
G1 X204.780 Y163.289 Z1.7467 E1812.08177
G1 X205.131 Y164.224 Z1.7470 E1812.38085
G1 X205.453 Y165.170 Z1.7473 E1812.67993
G1 X205.745 Y166.125 Z1.7476 E1812.97900
G1 X206.007 Y167.090 Z1.7478 E1813.27808
G1 X206.239 Y168.061 Z1.7481 E1813.57716
G1 X206.440 Y169.040 Z1.7484 E1813.87624
G1 X206.611 Y170.024 Z1.7486 E1814.17531
G1 X206.751 Y171.014 Z1.7489 E1814.47439
G1 X206.860 Y172.007 Z1.7492 E1814.77347
G1 X206.938 Y173.003 Z1.7495 E1815.07255
G1 X206.984 Y174.001 Z1.7497 E1815.37163
G1 X207.000 Y175.000 Z1.7500 E1815.67070
G1 X206.905 Y176.050 Z1.7503 E1815.98639
G1 X206.880 Y176.228 Z1.7503 E1816.03996
G1 X206.840 Y176.402 Z1.7504 E1816.09353
G1 X206.589 Y177.312 Z1.7506 E1816.37622
G1 X206.535 Y177.478 Z1.7507 E1816.42847
G1 X206.467 Y177.639 Z1.7507 E1816.48073
G1 X205.910 Y178.810 Z1.7511 E1816.86884
G1 X204.878 Y180.272 Z1.7516 E1817.40447
G1 X203.242 Y181.921 Z1.7522 E1818.09995
G1 X201.054 Y183.546 Z1.7529 E1818.91563
G1 X198.272 Y185.103 Z1.7538 E1819.86992
G1 X194.879 Y186.535 Z1.7548 E1820.97256
G1 X190.893 Y187.776 Z1.7560 E1822.22223
G1 X186.379 Y188.758 Z1.7572 E1823.60484
G1 X181.451 Y189.418 Z1.7586 E1825.09324
G1 X176.263 Y189.709 Z1.7600 E1826.64869
G1 X171.000 Y189.605 Z1.7614 E1828.22431
G1 X165.860 Y189.107 Z1.7628 E1829.77017
G1 X161.030 Y188.243 Z1.7641 E1831.23902
G1 X156.667 Y187.065 Z1.7654 E1832.59181
G1 X152.885 Y185.639 Z1.7665 E1833.80170
G1 X149.746 Y184.040 Z1.7674 E1834.85615
G1 X147.263 Y182.341 Z1.7683 E1835.75692
G1 X145.539 Y180.725 Z1.7689 E1836.46403
G1 X145.413 Y180.596 Z1.7689 E1836.51809
G1 X145.299 Y180.456 Z1.7690 E1836.57215
G1 X144.242 Y179.026 Z1.7695 E1837.10457
G1 X144.132 Y178.862 Z1.7695 E1837.16353
G1 X144.040 Y178.688 Z1.7696 E1837.22248
G1 X143.495 Y177.532 Z1.7699 E1837.60499
G1 X143.421 Y177.353 Z1.7700 E1837.66307
G1 X143.365 Y177.167 Z1.7700 E1837.72116
G1 X143.122 Y176.200 Z1.7703 E1838.01951
G1 X143.085 Y176.016 Z1.7704 E1838.07579
G1 X143.066 Y175.829 Z1.7704 E1838.13207
G1 X143.015 Y174.949 Z1.7707 E1838.39598
G1 X143.012 Y174.766 Z1.7707 E1838.45070
G1 X143.027 Y174.584 Z1.7708 E1838.50542
G1 X143.136 Y173.714 Z1.7710 E1838.76791
G1 X143.166 Y173.538 Z1.7710 E1838.82122
G1 X143.212 Y173.366 Z1.7711 E1838.87454
G1 X143.553 Y172.274 Z1.7714 E1839.21701
G1 X144.251 Y170.925 Z1.7718 E1839.67175
G1 X145.379 Y169.431 Z1.7723 E1840.23198
G1 X147.110 Y167.783 Z1.7730 E1840.94745
G1 X149.402 Y166.167 Z1.7737 E1841.78695
G1 X152.294 Y164.628 Z1.7746 E1842.76753
G1 X155.797 Y163.225 Z1.7757 E1843.89711
G1 X159.884 Y162.026 Z1.7768 E1845.17214
G1 X164.482 Y161.098 Z1.7781 E1846.57618
G1 X169.469 Y160.502 Z1.7795 E1848.07981
G1 X174.685 Y160.281 Z1.7809 E1849.64251
G1 X179.940 Y160.456 Z1.7823 E1851.21646
G1 X185.038 Y161.023 Z1.7837 E1852.75176
G1 X189.794 Y161.948 Z1.7850 E1854.20229
G1 X194.060 Y163.176 Z1.7862 E1855.53092
G1 X197.729 Y164.638 Z1.7873 E1856.71331
G1 X200.749 Y166.260 Z1.7882 E1857.73957
G1 X203.116 Y167.971 Z1.7890 E1858.61385
G1 X204.732 Y169.581 Z1.7896 E1859.29656
G1 X204.858 Y169.718 Z1.7897 E1859.35220
G1 X204.970 Y169.866 Z1.7897 E1859.40783
G1 X205.938 Y171.278 Z1.7902 E1859.92027
G1 X206.043 Y171.447 Z1.7903 E1859.97990
G1 X206.130 Y171.627 Z1.7903 E1860.03953
G1 X206.601 Y172.734 Z1.7906 E1860.39985
G1 X206.668 Y172.915 Z1.7907 E1860.45756
G1 X206.717 Y173.102 Z1.7908 E1860.51528
G1 X206.956 Y174.228 Z1.7911 E1860.86007
G1 X207.000 Y175.000 Z1.7913 E1861.09143
G1 X206.986 Y175.931 Z1.7915 E1861.37006
G1 X206.946 Y176.861 Z1.7918 E1861.64869
G1 X206.878 Y177.789 Z1.7920 E1861.92732
G1 X206.784 Y178.715 Z1.7923 E1862.20595
G1 X206.662 Y179.638 Z1.7925 E1862.48458
G1 X206.514 Y180.557 Z1.7928 E1862.76321
G1 X206.339 Y181.471 Z1.7930 E1863.04184
G1 X206.137 Y182.380 Z1.7933 E1863.32047
G1 X205.546 Y184.272 Z1.7938 E1863.91397
G1 X205.476 Y184.437 Z1.7939 E1863.96754
G1 X205.393 Y184.595 Z1.7939 E1864.02111
G1 X204.914 Y185.409 Z1.7942 E1864.30380
G1 X204.819 Y185.556 Z1.7942 E1864.35605
G1 X204.712 Y185.693 Z1.7943 E1864.40830
G1 X203.870 Y186.680 Z1.7946 E1864.79642
G1 X202.495 Y187.825 Z1.7951 E1865.33204
G1 X200.488 Y188.995 Z1.7958 E1866.02753
G1 X197.955 Y189.998 Z1.7965 E1866.84321
G1 X194.865 Y190.782 Z1.7974 E1867.79750
G1 X191.216 Y191.287 Z1.7984 E1868.90014
G1 X187.044 Y191.454 Z1.7995 E1870.14981
G1 X182.431 Y191.234 Z1.8008 E1871.53242
G1 X177.500 Y190.596 Z1.8021 E1873.02082
G1 X172.413 Y189.534 Z1.8035 E1874.57626
G1 X167.357 Y188.072 Z1.8050 E1876.15189
G1 X162.520 Y186.261 Z1.8064 E1877.69774
G1 X158.078 Y184.176 Z1.8077 E1879.16660
G1 X154.169 Y181.909 Z1.8089 E1880.51939
G1 X150.885 Y179.553 Z1.8100 E1881.72928
G1 X148.267 Y177.196 Z1.8110 E1882.78373
G1 X146.308 Y174.912 Z1.8118 E1883.68450
G1 X145.061 Y172.905 Z1.8125 E1884.39160
G1 X144.973 Y172.748 Z1.8125 E1884.44567
G1 X144.899 Y172.583 Z1.8125 E1884.49973
G1 X144.248 Y170.928 Z1.8130 E1885.03215
G1 X144.185 Y170.741 Z1.8131 E1885.09110
G1 X144.140 Y170.549 Z1.8131 E1885.15006
G1 X143.914 Y169.292 Z1.8135 E1885.53257
G1 X143.888 Y169.099 Z1.8135 E1885.59065
G1 X143.882 Y168.905 Z1.8136 E1885.64873
G1 X143.898 Y167.909 Z1.8139 E1885.94709
G1 X143.910 Y167.721 Z1.8139 E1886.00337
G1 X143.939 Y167.535 Z1.8140 E1886.05965
G1 X144.118 Y166.672 Z1.8142 E1886.32356
G1 X144.163 Y166.495 Z1.8143 E1886.37828
G1 X144.224 Y166.323 Z1.8143 E1886.43300
G1 X144.555 Y165.511 Z1.8145 E1886.69549
G1 X144.629 Y165.349 Z1.8146 E1886.74880
G1 X144.718 Y165.194 Z1.8146 E1886.80211
G1 X145.331 Y164.228 Z1.8150 E1887.14459
G1 X146.354 Y163.105 Z1.8154 E1887.59933
G1 X147.829 Y161.954 Z1.8159 E1888.15956
G1 X149.928 Y160.810 Z1.8165 E1888.87502
G1 X152.560 Y159.843 Z1.8173 E1889.71453
G1 X155.752 Y159.104 Z1.8182 E1890.69511
G1 X159.499 Y158.656 Z1.8192 E1891.82469
G1 X163.757 Y158.556 Z1.8204 E1893.09972
G1 X168.438 Y158.849 Z1.8216 E1894.50376
G1 X173.410 Y159.564 Z1.8230 E1896.00739
G1 X178.505 Y160.701 Z1.8244 E1897.57009
G1 X183.536 Y162.231 Z1.8259 E1899.14404
G1 X188.313 Y164.097 Z1.8273 E1900.67934
G1 X192.669 Y166.221 Z1.8286 E1902.12987
G1 X196.471 Y168.512 Z1.8298 E1903.45850
G1 X199.636 Y170.874 Z1.8309 E1904.64089
G1 X202.134 Y173.223 Z1.8318 E1905.66714
G1 X203.977 Y175.488 Z1.8326 E1906.54143
G1 X205.122 Y177.461 Z1.8332 E1907.22414
G1 X205.207 Y177.626 Z1.8333 E1907.27977
G1 X205.277 Y177.798 Z1.8333 E1907.33541
G1 X205.848 Y179.412 Z1.8338 E1907.84785
G1 X205.904 Y179.603 Z1.8338 E1907.90748
G1 X205.942 Y179.799 Z1.8339 E1907.96711
G1 X206.110 Y180.990 Z1.8342 E1908.32743
G1 X206.128 Y181.182 Z1.8343 E1908.38514
G1 X206.127 Y181.375 Z1.8343 E1908.44285
G1 X206.067 Y182.525 Z1.8346 E1908.78765
G1 X205.910 Y183.282 Z1.8348 E1909.01901
G1 X205.656 Y184.178 Z1.8351 E1909.29764
G1 X205.376 Y185.065 Z1.8353 E1909.57627
G1 X205.070 Y185.945 Z1.8356 E1909.85490
G1 X204.739 Y186.815 Z1.8358 E1910.13353
G1 X204.383 Y187.675 Z1.8361 E1910.41216
G1 X204.002 Y188.524 Z1.8363 E1910.69079
G1 X203.596 Y189.362 Z1.8366 E1910.96942
G1 X203.166 Y190.187 Z1.8369 E1911.24805
G1 X202.105 Y191.862 Z1.8374 E1911.84155
G1 X201.995 Y192.003 Z1.8374 E1911.89512
G1 X201.874 Y192.134 Z1.8375 E1911.94869
G1 X201.201 Y192.797 Z1.8378 E1912.23138
G1 X201.071 Y192.914 Z1.8378 E1912.28363
G1 X200.932 Y193.019 Z1.8378 E1912.33588
G1 X199.864 Y193.754 Z1.8382 E1912.72400
G1 X198.239 Y194.504 Z1.8387 E1913.25962
G1 X195.997 Y195.115 Z1.8393 E1913.95510
G1 X193.291 Y195.428 Z1.8401 E1914.77078
G1 X190.103 Y195.386 Z1.8409 E1915.72508
G1 X186.448 Y194.929 Z1.8419 E1916.82772
G1 X182.375 Y194.011 Z1.8431 E1918.07738
G1 X177.976 Y192.604 Z1.8443 E1919.46000
G1 X173.378 Y190.712 Z1.8457 E1920.94840
G1 X168.739 Y188.369 Z1.8471 E1922.50384
G1 X164.234 Y185.648 Z1.8485 E1924.07946
G1 X160.031 Y182.647 Z1.8499 E1925.62532
G1 X156.280 Y179.484 Z1.8513 E1927.09418
G1 X153.091 Y176.282 Z1.8525 E1928.44697
G1 X150.528 Y173.156 Z1.8536 E1929.65685
G1 X148.609 Y170.202 Z1.8545 E1930.71131
G1 X147.309 Y167.489 Z1.8554 E1931.61208
G1 X146.624 Y165.228 Z1.8560 E1932.31918
G1 X146.579 Y165.053 Z1.8561 E1932.37324
G1 X146.551 Y164.874 Z1.8561 E1932.42731
G1 X146.349 Y163.107 Z1.8566 E1932.95972
G1 X146.337 Y162.911 Z1.8566 E1933.01868
G1 X146.344 Y162.714 Z1.8567 E1933.07764
G1 X146.450 Y161.440 Z1.8570 E1933.46015
G1 X146.476 Y161.248 Z1.8571 E1933.51823
G1 X146.520 Y161.059 Z1.8571 E1933.57631
G1 X146.793 Y160.101 Z1.8574 E1933.87466
G1 X146.853 Y159.922 Z1.8575 E1933.93094
G1 X146.930 Y159.751 Z1.8575 E1933.98723
G1 X147.325 Y158.963 Z1.8578 E1934.25114
G1 X147.415 Y158.804 Z1.8578 E1934.30585
G1 X147.519 Y158.653 Z1.8579 E1934.36057
G1 X148.048 Y157.954 Z1.8581 E1934.62306
G1 X148.162 Y157.817 Z1.8581 E1934.67638
G1 X148.288 Y157.691 Z1.8582 E1934.72969
G1 X149.129 Y156.916 Z1.8585 E1935.07217
G1 X150.408 Y156.096 Z1.8589 E1935.52691
G1 X152.132 Y155.366 Z1.8594 E1936.08714
G1 X154.455 Y154.805 Z1.8601 E1936.80260
G1 X157.248 Y154.551 Z1.8608 E1937.64210
G1 X160.522 Y154.664 Z1.8617 E1938.62269
G1 X164.257 Y155.201 Z1.8628 E1939.75226
G1 X168.396 Y156.206 Z1.8639 E1941.02730
G1 X172.842 Y157.701 Z1.8652 E1942.43134
G1 X177.459 Y159.679 Z1.8666 E1943.93496
G1 X182.087 Y162.095 Z1.8680 E1945.49767
G1 X186.550 Y164.875 Z1.8694 E1947.07161
G1 X190.681 Y167.914 Z1.8708 E1948.60692
G1 X194.339 Y171.094 Z1.8721 E1950.05744
G1 X197.418 Y174.290 Z1.8733 E1951.38608
G1 X199.865 Y177.391 Z1.8744 E1952.56847
G1 X201.669 Y180.306 Z1.8753 E1953.59472
G1 X202.864 Y182.971 Z1.8761 E1954.46900
G1 X203.458 Y185.173 Z1.8768 E1955.15171
G1 X203.498 Y185.354 Z1.8768 E1955.20735
G1 X203.521 Y185.539 Z1.8769 E1955.26299
G1 X203.655 Y187.246 Z1.8773 E1955.77543
G1 X203.660 Y187.445 Z1.8774 E1955.83506
G1 X203.646 Y187.643 Z1.8774 E1955.89469
G1 X203.500 Y188.838 Z1.8778 E1956.25501
G1 X203.467 Y189.028 Z1.8778 E1956.31272
G1 X203.417 Y189.214 Z1.8779 E1956.37043
G1 X203.061 Y190.310 Z1.8782 E1956.71523
G1 X202.713 Y191.000 Z1.8784 E1956.94659
G1 X202.236 Y191.799 Z1.8786 E1957.22522
G1 X201.736 Y192.584 Z1.8789 E1957.50385
G1 X201.213 Y193.354 Z1.8791 E1957.78248
G1 X200.668 Y194.109 Z1.8794 E1958.06111
G1 X200.101 Y194.848 Z1.8797 E1958.33974
G1 X199.513 Y195.569 Z1.8799 E1958.61837
G1 X198.905 Y196.273 Z1.8802 E1958.89699
G1 X198.276 Y196.960 Z1.8804 E1959.17562
G1 X196.817 Y198.303 Z1.8810 E1959.76913
G1 X196.675 Y198.411 Z1.8810 E1959.82270
G1 X196.523 Y198.506 Z1.8810 E1959.87627
G1 X195.702 Y198.972 Z1.8813 E1960.15895
G1 X195.546 Y199.051 Z1.8814 E1960.21121
G1 X195.384 Y199.117 Z1.8814 E1960.26346
G1 X194.163 Y199.550 Z1.8818 E1960.65158
G1 X192.399 Y199.854 Z1.8822 E1961.18720
G1 X190.076 Y199.864 Z1.8829 E1961.88268
G1 X187.380 Y199.466 Z1.8836 E1962.69836
G1 X184.312 Y198.600 Z1.8845 E1963.65265
G1 X180.900 Y197.213 Z1.8855 E1964.75530
G1 X177.204 Y195.272 Z1.8866 E1966.00496
G1 X173.318 Y192.775 Z1.8879 E1967.38757
G1 X169.367 Y189.756 Z1.8892 E1968.87597
G1 X165.493 Y186.294 Z1.8906 E1970.43142
G1 X161.845 Y182.499 Z1.8921 E1972.00704
G1 X158.562 Y178.512 Z1.8935 E1973.55290
G1 X155.757 Y174.486 Z1.8948 E1975.02175
G1 X153.505 Y170.568 Z1.8960 E1976.37454
G1 X151.839 Y166.885 Z1.8971 E1977.58443
G1 X150.750 Y163.535 Z1.8981 E1978.63889
G1 X150.196 Y160.577 Z1.8989 E1979.53966
G1 X150.120 Y158.216 Z1.8996 E1980.24676
G1 X150.122 Y158.036 Z1.8996 E1980.30082
G1 X150.141 Y157.856 Z1.8997 E1980.35488
G1 X150.404 Y156.097 Z1.9001 E1980.88730
G1 X150.442 Y155.904 Z1.9002 E1980.94626
G1 X150.500 Y155.716 Z1.9002 E1981.00522
G1 X150.933 Y154.513 Z1.9006 E1981.38772
G1 X151.007 Y154.334 Z1.9006 E1981.44581
G1 X151.098 Y154.163 Z1.9007 E1981.50389
G1 X151.610 Y153.308 Z1.9010 E1981.80224
G1 X151.715 Y153.151 Z1.9010 E1981.85852
G1 X151.833 Y153.005 Z1.9011 E1981.91480
G1 X152.419 Y152.347 Z1.9013 E1982.17871
G1 X152.547 Y152.216 Z1.9014 E1982.23343
G1 X152.686 Y152.097 Z1.9014 E1982.28815
G1 X153.378 Y151.559 Z1.9017 E1982.55064
G1 X153.524 Y151.457 Z1.9017 E1982.60395
G1 X153.678 Y151.367 Z1.9017 E1982.65727
G1 X154.691 Y150.836 Z1.9021 E1982.99974
G1 X156.139 Y150.375 Z1.9025 E1983.45449
G1 X157.993 Y150.117 Z1.9030 E1984.01472
G1 X160.382 Y150.176 Z1.9036 E1984.73018
G1 X163.145 Y150.653 Z1.9044 E1985.56968
G1 X166.278 Y151.610 Z1.9053 E1986.55027
G1 X169.747 Y153.095 Z1.9063 E1987.67984
G1 X173.485 Y155.137 Z1.9075 E1988.95487
G1 X177.393 Y157.732 Z1.9087 E1990.35891
G1 X181.341 Y160.837 Z1.9101 E1991.86254
G1 X185.185 Y164.369 Z1.9115 E1993.42524
G1 X188.777 Y168.209 Z1.9130 E1994.99919
G1 X191.981 Y172.214 Z1.9144 E1996.53450
G1 X194.691 Y176.232 Z1.9157 E1997.98502
G1 X196.838 Y180.116 Z1.9169 E1999.31365
G1 X198.399 Y183.745 Z1.9180 E2000.49604
G1 X199.387 Y187.028 Z1.9189 E2001.52230
G1 X199.851 Y189.911 Z1.9197 E2002.39658
G1 X199.856 Y192.192 Z1.9203 E2003.07929
G1 X199.847 Y192.378 Z1.9204 E2003.13493
G1 X199.822 Y192.562 Z1.9204 E2003.19056
G1 X199.509 Y194.245 Z1.9209 E2003.70300
G1 X199.463 Y194.438 Z1.9209 E2003.76263
G1 X199.397 Y194.627 Z1.9210 E2003.82226
G1 X198.947 Y195.743 Z1.9213 E2004.18258
G1 X198.867 Y195.918 Z1.9214 E2004.24029
G1 X198.769 Y196.085 Z1.9214 E2004.29801
G1 X198.142 Y197.051 Z1.9217 E2004.64281
G1 X197.627 Y197.627 Z1.9219 E2004.87416
G1 X196.960 Y198.276 Z1.9222 E2005.15279
G1 X196.273 Y198.905 Z1.9224 E2005.43142
G1 X195.569 Y199.513 Z1.9227 E2005.71005
G1 X194.848 Y200.101 Z1.9230 E2005.98868
G1 X194.109 Y200.668 Z1.9232 E2006.26731
G1 X193.354 Y201.213 Z1.9235 E2006.54594
G1 X192.584 Y201.736 Z1.9237 E2006.82457
G1 X191.799 Y202.236 Z1.9240 E2007.10320
G1 X190.043 Y203.155 Z1.9245 E2007.69670
G1 X189.877 Y203.223 Z1.9246 E2007.75027
G1 X189.706 Y203.276 Z1.9246 E2007.80384
G1 X188.792 Y203.513 Z1.9249 E2008.08653
G1 X188.621 Y203.549 Z1.9249 E2008.13878
G1 X188.448 Y203.571 Z1.9250 E2008.19103
G1 X187.155 Y203.673 Z1.9253 E2008.57915
G1 X185.374 Y203.511 Z1.9258 E2009.11477
G1 X183.127 Y202.919 Z1.9264 E2009.81026
G1 X180.626 Y201.837 Z1.9272 E2010.62594
G1 X177.887 Y200.206 Z1.9280 E2011.58023
G1 X174.949 Y197.983 Z1.9290 E2012.68287
G1 X171.882 Y195.152 Z1.9302 E2013.93254
G1 X168.775 Y191.734 Z1.9314 E2015.31515
G1 X165.739 Y187.796 Z1.9328 E2016.80355
G1 X162.894 Y183.448 Z1.9342 E2018.35900
G1 X160.352 Y178.838 Z1.9356 E2019.93462
G1 X158.213 Y174.138 Z1.9370 E2021.48047
G1 X156.546 Y169.523 Z1.9384 E2022.94933
G1 X155.385 Y165.155 Z1.9396 E2024.30212
G1 X154.729 Y161.167 Z1.9407 E2025.51201
G1 X154.544 Y157.650 Z1.9417 E2026.56646
G1 X154.774 Y154.649 Z1.9425 E2027.46723
G1 X155.312 Y152.349 Z1.9431 E2028.17433
G1 X155.361 Y152.175 Z1.9432 E2028.22840
G1 X155.425 Y152.006 Z1.9432 E2028.28246
G1 X156.134 Y150.375 Z1.9437 E2028.81488
G1 X156.222 Y150.199 Z1.9437 E2028.87384
G1 X156.326 Y150.032 Z1.9438 E2028.93279
G1 X157.055 Y148.982 Z1.9442 E2029.31530
G1 X157.173 Y148.828 Z1.9442 E2029.37338
G1 X157.306 Y148.687 Z1.9443 E2029.43146
G1 X158.022 Y147.993 Z1.9445 E2029.72982
G1 X158.163 Y147.869 Z1.9446 E2029.78610
G1 X158.315 Y147.758 Z1.9446 E2029.84238
G1 X159.052 Y147.274 Z1.9449 E2030.10629
G1 X159.209 Y147.181 Z1.9449 E2030.16101
G1 X159.374 Y147.102 Z1.9450 E2030.21573
G1 X160.182 Y146.762 Z1.9452 E2030.47822
G1 X160.349 Y146.700 Z1.9453 E2030.53153
G1 X160.521 Y146.654 Z1.9453 E2030.58484
G1 X161.637 Y146.404 Z1.9456 E2030.92732
G1 X163.155 Y146.333 Z1.9460 E2031.38206
G1 X165.012 Y146.563 Z1.9465 E2031.94229
G1 X167.305 Y147.238 Z1.9472 E2032.65775
G1 X169.851 Y148.415 Z1.9480 E2033.49726
G1 X172.629 Y150.150 Z1.9488 E2034.47784
G1 X175.596 Y152.482 Z1.9499 E2035.60742
G1 X178.678 Y155.422 Z1.9510 E2036.88245
G1 X181.780 Y158.940 Z1.9523 E2038.28649
G1 X184.791 Y162.961 Z1.9537 E2039.79012
G1 X187.590 Y167.368 Z1.9551 E2041.35282
G1 X190.065 Y172.007 Z1.9565 E2042.92677
G1 X192.123 Y176.704 Z1.9579 E2044.46207
G1 X193.701 Y181.286 Z1.9592 E2045.91260
G1 X194.770 Y185.594 Z1.9604 E2047.24123
G1 X195.338 Y189.503 Z1.9615 E2048.42362
G1 X195.443 Y192.930 Z1.9624 E2049.44987
G1 X195.145 Y195.835 Z1.9632 E2050.32416
G1 X194.559 Y198.039 Z1.9639 E2051.00687
G1 X194.503 Y198.216 Z1.9639 E2051.06250
G1 X194.431 Y198.388 Z1.9640 E2051.11814
G1 X193.693 Y199.932 Z1.9644 E2051.63058
G1 X193.598 Y200.108 Z1.9645 E2051.69021
G1 X193.486 Y200.272 Z1.9645 E2051.74984
G1 X192.763 Y201.234 Z1.9649 E2052.11016
G1 X192.639 Y201.383 Z1.9649 E2052.16787
G1 X192.502 Y201.518 Z1.9650 E2052.22558
G1 X191.646 Y202.289 Z1.9653 E2052.57038
G1 X191.000 Y202.713 Z1.9655 E2052.80174
G1 X190.187 Y203.166 Z1.9657 E2053.08037
G1 X189.362 Y203.596 Z1.9660 E2053.35900
G1 X188.524 Y204.002 Z1.9663 E2053.63763
G1 X187.675 Y204.383 Z1.9665 E2053.91626
G1 X186.815 Y204.739 Z1.9668 E2054.19489
G1 X185.945 Y205.070 Z1.9670 E2054.47352
G1 X185.065 Y205.376 Z1.9673 E2054.75215
G1 X184.178 Y205.656 Z1.9675 E2055.03078
G1 X182.243 Y206.089 Z1.9681 E2055.62428
G1 X182.065 Y206.112 Z1.9681 E2055.67785
G1 X181.887 Y206.118 Z1.9682 E2055.73142
G1 X180.942 Y206.111 Z1.9684 E2056.01411
G1 X180.768 Y206.102 Z1.9685 E2056.06636
G1 X180.595 Y206.078 Z1.9685 E2056.11861
G1 X179.320 Y205.842 Z1.9689 E2056.50673
G1 X177.641 Y205.224 Z1.9693 E2057.04235
G1 X175.624 Y204.071 Z1.9700 E2057.73783
G1 X173.488 Y202.378 Z1.9707 E2058.55351
G1 X171.264 Y200.094 Z1.9716 E2059.50781
G1 X169.003 Y197.187 Z1.9726 E2060.61045
G1 X166.772 Y193.658 Z1.9737 E2061.86011
G1 X164.656 Y189.552 Z1.9750 E2063.24273
G1 X162.743 Y184.963 Z1.9763 E2064.73113
G1 X161.120 Y180.027 Z1.9777 E2066.28657
G1 X159.858 Y174.917 Z1.9792 E2067.86219
G1 X159.008 Y169.823 Z1.9806 E2069.40805
G1 X158.592 Y164.933 Z1.9819 E2070.87691
G1 X158.601 Y160.414 Z1.9831 E2072.22970
G1 X159.000 Y156.392 Z1.9842 E2073.43958
G1 X159.732 Y152.946 Z1.9852 E2074.49404
G1 X160.731 Y150.108 Z1.9860 E2075.39481
G1 X161.845 Y148.025 Z1.9867 E2076.10191
G1 X161.937 Y147.870 Z1.9867 E2076.15597
G1 X162.043 Y147.724 Z1.9868 E2076.21004
G1 X163.150 Y146.332 Z1.9873 E2076.74245
G1 X163.280 Y146.184 Z1.9873 E2076.80141
G1 X163.424 Y146.049 Z1.9874 E2076.86037
G1 X164.400 Y145.224 Z1.9877 E2077.24288
G1 X164.554 Y145.106 Z1.9878 E2077.30096
G1 X164.719 Y145.004 Z1.9878 E2077.35904
G1 X165.590 Y144.519 Z1.9881 E2077.65739
G1 X165.759 Y144.436 Z1.9881 E2077.71368
G1 X165.934 Y144.368 Z1.9882 E2077.76996
G1 X166.771 Y144.091 Z1.9884 E2078.03387
G1 X166.947 Y144.042 Z1.9885 E2078.08859
G1 X167.127 Y144.009 Z1.9885 E2078.14330
G1 X167.996 Y143.889 Z1.9888 E2078.40580
G1 X168.173 Y143.873 Z1.9888 E2078.45911
G1 X168.351 Y143.872 Z1.9889 E2078.51242
G1 X169.494 Y143.919 Z1.9892 E2078.85490
G1 X170.978 Y144.244 Z1.9896 E2079.30964
G1 X172.713 Y144.947 Z1.9901 E2079.86987
G1 X174.753 Y146.192 Z1.9907 E2080.58533
G1 X176.907 Y147.988 Z1.9915 E2081.42483
G1 X179.142 Y150.383 Z1.9924 E2082.40542
G1 X181.404 Y153.404 Z1.9934 E2083.53499
G1 X183.620 Y157.041 Z1.9946 E2084.81003
G1 X185.706 Y161.242 Z1.9959 E2086.21407
G1 X187.573 Y165.905 Z1.9972 E2087.71769
G1 X189.136 Y170.886 Z1.9986 E2089.28040
G1 X190.327 Y176.008 Z2.0001 E2090.85434
G1 X191.099 Y181.078 Z2.0015 E2092.38965
G1 X191.437 Y185.912 Z2.0028 E2093.84018
G1 X191.354 Y190.350 Z2.0040 E2095.16881
G1 X190.891 Y194.273 Z2.0051 E2096.35120
G1 X190.106 Y197.610 Z2.0060 E2097.37745
G1 X189.066 Y200.339 Z2.0068 E2098.25173
G1 X187.930 Y202.316 Z2.0074 E2098.93444
G1 X187.830 Y202.473 Z2.0075 E2098.99008
G1 X187.716 Y202.620 Z2.0075 E2099.04572
G1 X186.603 Y203.921 Z2.0080 E2099.55816
G1 X186.466 Y204.066 Z2.0080 E2099.61779
G1 X186.315 Y204.196 Z2.0081 E2099.67742
G1 X185.367 Y204.938 Z2.0084 E2100.03774
G1 X185.210 Y205.049 Z2.0085 E2100.09545
G1 X185.043 Y205.145 Z2.0085 E2100.15316
G1 X184.016 Y205.667 Z2.0088 E2100.49796
G1 X183.282 Y205.910 Z2.0090 E2100.72932
G1 X182.380 Y206.137 Z2.0093 E2101.00795
G1 X181.471 Y206.339 Z2.0096 E2101.28658
G1 X180.557 Y206.514 Z2.0098 E2101.56521
G1 X179.638 Y206.662 Z2.0101 E2101.84384
G1 X178.715 Y206.784 Z2.0103 E2102.12247
G1 X177.789 Y206.878 Z2.0106 E2102.40110
G1 X176.861 Y206.946 Z2.0108 E2102.67973
G1 X175.931 Y206.986 Z2.0111 E2102.95836
G1 X173.950 Y206.905 Z2.0116 E2103.55186
G1 X173.772 Y206.880 Z2.0117 E2103.60543
G1 X173.598 Y206.840 Z2.0117 E2103.65900
G1 X172.688 Y206.589 Z2.0120 E2103.94168
G1 X172.522 Y206.535 Z2.0120 E2103.99394
G1 X172.361 Y206.467 Z2.0121 E2104.04619
G1 X171.190 Y205.910 Z2.0124 E2104.43431
G1 X169.728 Y204.878 Z2.0129 E2104.96993
G1 X168.079 Y203.242 Z2.0135 E2105.66541
G1 X166.454 Y201.054 Z2.0143 E2106.48109
G1 X164.897 Y198.272 Z2.0151 E2107.43538
G1 X163.465 Y194.879 Z2.0161 E2108.53803
G1 X162.224 Y190.893 Z2.0173 E2109.78769
G1 X161.242 Y186.379 Z2.0185 E2111.17030
G1 X160.582 Y181.451 Z2.0199 E2112.65870
G1 X160.291 Y176.263 Z2.0213 E2114.21415
G1 X160.395 Y171.000 Z2.0227 E2115.78977
G1 X160.893 Y165.860 Z2.0241 E2117.33563
G1 X161.757 Y161.030 Z2.0255 E2118.80449
G1 X162.935 Y156.667 Z2.0267 E2120.15727
G1 X164.361 Y152.885 Z2.0278 E2121.36716
G1 X165.960 Y149.746 Z2.0288 E2122.42162
G1 X167.659 Y147.263 Z2.0296 E2123.32239
G1 X169.275 Y145.539 Z2.0302 E2124.02949
G1 X169.404 Y145.413 Z2.0303 E2124.08355
G1 X169.544 Y145.299 Z2.0303 E2124.13761
G1 X170.974 Y144.242 Z2.0308 E2124.67003
G1 X171.138 Y144.132 Z2.0309 E2124.72899
G1 X171.312 Y144.040 Z2.0309 E2124.78795
G1 X172.468 Y143.495 Z2.0313 E2125.17045
G1 X172.647 Y143.421 Z2.0313 E2125.22854
G1 X172.833 Y143.365 Z2.0314 E2125.28662
G1 X173.800 Y143.122 Z2.0316 E2125.58497
G1 X173.984 Y143.085 Z2.0317 E2125.64125
G1 X174.171 Y143.066 Z2.0317 E2125.69753
G1 X175.051 Y143.015 Z2.0320 E2125.96144
G1 X175.234 Y143.012 Z2.0320 E2126.01616
G1 X175.416 Y143.027 Z2.0321 E2126.07088
G1 X176.286 Y143.136 Z2.0323 E2126.33337
G1 X176.462 Y143.166 Z2.0324 E2126.38669
G1 X176.634 Y143.212 Z2.0324 E2126.44000
G1 X177.726 Y143.553 Z2.0327 E2126.78247
G1 X179.075 Y144.251 Z2.0331 E2127.23722
G1 X180.569 Y145.379 Z2.0336 E2127.79745
G1 X182.217 Y147.110 Z2.0343 E2128.51291
G1 X183.833 Y149.402 Z2.0351 E2129.35241
G1 X185.372 Y152.294 Z2.0360 E2130.33300
G1 X186.775 Y155.797 Z2.0370 E2131.46257
G1 X187.974 Y159.884 Z2.0381 E2132.73760
G1 X188.902 Y164.482 Z2.0394 E2134.14164
G1 X189.498 Y169.469 Z2.0408 E2135.64527
G1 X189.719 Y174.685 Z2.0422 E2137.20797
G1 X189.544 Y179.940 Z2.0436 E2138.78192
G1 X188.977 Y185.038 Z2.0450 E2140.31723
G1 X188.052 Y189.794 Z2.0463 E2141.76775
G1 X186.824 Y194.060 Z2.0475 E2143.09638
G1 X185.362 Y197.729 Z2.0486 E2144.27878
G1 X183.740 Y200.749 Z2.0496 E2145.30503
G1 X182.029 Y203.116 Z2.0504 E2146.17931
G1 X180.419 Y204.732 Z2.0510 E2146.86202
G1 X180.282 Y204.858 Z2.0510 E2146.91766
G1 X180.134 Y204.970 Z2.0511 E2146.97330
G1 X178.722 Y205.938 Z2.0515 E2147.48574
G1 X178.553 Y206.043 Z2.0516 E2147.54536
G1 X178.373 Y206.130 Z2.0516 E2147.60499
G1 X177.266 Y206.601 Z2.0520 E2147.96531
G1 X177.085 Y206.668 Z2.0520 E2148.02303
G1 X176.898 Y206.717 Z2.0521 E2148.08074
G1 X175.772 Y206.956 Z2.0524 E2148.42554
G1 X175.000 Y207.000 Z2.0526 E2148.65690
G1 X174.069 Y206.986 Z2.0529 E2148.93552
G1 X173.139 Y206.946 Z2.0531 E2149.21415
G1 X172.211 Y206.878 Z2.0534 E2149.49278
G1 X171.285 Y206.784 Z2.0536 E2149.77141
G1 X170.362 Y206.662 Z2.0539 E2150.05004
G1 X169.443 Y206.514 Z2.0541 E2150.32867
G1 X168.529 Y206.339 Z2.0544 E2150.60730
G1 X167.620 Y206.137 Z2.0546 E2150.88593
G1 X165.728 Y205.546 Z2.0552 E2151.47943
G1 X165.563 Y205.476 Z2.0552 E2151.53300
G1 X165.405 Y205.393 Z2.0553 E2151.58657
G1 X164.591 Y204.914 Z2.0555 E2151.86926
G1 X164.444 Y204.819 Z2.0556 E2151.92151
G1 X164.307 Y204.712 Z2.0556 E2151.97377
G1 X163.320 Y203.870 Z2.0560 E2152.36188
G1 X162.175 Y202.495 Z2.0565 E2152.89750
G1 X161.005 Y200.488 Z2.0571 E2153.59299
G1 X160.002 Y197.955 Z2.0578 E2154.40867
G1 X159.218 Y194.865 Z2.0587 E2155.36296
G1 X158.713 Y191.216 Z2.0597 E2156.46560
G1 X158.546 Y187.044 Z2.0608 E2157.71527
G1 X158.766 Y182.431 Z2.0621 E2159.09788
G1 X159.404 Y177.500 Z2.0634 E2160.58628
G1 X160.466 Y172.413 Z2.0649 E2162.14173
G1 X161.928 Y167.357 Z2.0663 E2163.71735
G1 X163.739 Y162.520 Z2.0677 E2165.26320
G1 X165.824 Y158.078 Z2.0690 E2166.73206
G1 X168.091 Y154.169 Z2.0703 E2168.08485
G1 X170.447 Y150.885 Z2.0714 E2169.29474
G1 X172.804 Y148.267 Z2.0723 E2170.34919
G1 X175.088 Y146.308 Z2.0731 E2171.24996
G1 X177.095 Y145.061 Z2.0738 E2171.95706
G1 X177.252 Y144.973 Z2.0738 E2172.01113
G1 X177.417 Y144.899 Z2.0739 E2172.06519
G1 X179.072 Y144.248 Z2.0744 E2172.59761
G1 X179.259 Y144.185 Z2.0744 E2172.65657
G1 X179.451 Y144.140 Z2.0745 E2172.71552
G1 X180.708 Y143.914 Z2.0748 E2173.09803
G1 X180.901 Y143.888 Z2.0749 E2173.15611
G1 X181.095 Y143.882 Z2.0749 E2173.21419
G1 X182.091 Y143.898 Z2.0752 E2173.51255
G1 X182.279 Y143.910 Z2.0752 E2173.56883
G1 X182.465 Y143.939 Z2.0753 E2173.62511
G1 X183.328 Y144.118 Z2.0755 E2173.88902
G1 X183.505 Y144.163 Z2.0756 E2173.94374
G1 X183.677 Y144.224 Z2.0756 E2173.99846
G1 X184.489 Y144.555 Z2.0759 E2174.26095
G1 X184.651 Y144.629 Z2.0759 E2174.31426
G1 X184.806 Y144.718 Z2.0760 E2174.36757
G1 X185.772 Y145.331 Z2.0763 E2174.71005
G1 X186.895 Y146.354 Z2.0767 E2175.16479
G1 X188.046 Y147.829 Z2.0772 E2175.72502
G1 X189.190 Y149.928 Z2.0779 E2176.44049
G1 X190.157 Y152.560 Z2.0786 E2177.27999
G1 X190.896 Y155.752 Z2.0795 E2178.26057
G1 X191.344 Y159.499 Z2.0805 E2179.39015
G1 X191.444 Y163.757 Z2.0817 E2180.66518
G1 X191.151 Y168.438 Z2.0830 E2182.06922
G1 X190.436 Y173.410 Z2.0843 E2183.57285
G1 X189.299 Y178.505 Z2.0858 E2185.13555
G1 X187.769 Y183.536 Z2.0872 E2186.70950
G1 X185.903 Y188.313 Z2.0886 E2188.24480
G1 X183.779 Y192.669 Z2.0899 E2189.69533
G1 X181.488 Y196.471 Z2.0911 E2191.02396
G1 X179.126 Y199.636 Z2.0922 E2192.20635
G1 X176.777 Y202.134 Z2.0931 E2193.23261
G1 X174.512 Y203.977 Z2.0939 E2194.10689
G1 X172.539 Y205.122 Z2.0945 E2194.78960
G1 X172.374 Y205.207 Z2.0946 E2194.84524
G1 X172.202 Y205.277 Z2.0946 E2194.90087
G1 X170.588 Y205.848 Z2.0951 E2195.41331
G1 X170.397 Y205.904 Z2.0951 E2195.47294
G1 X170.201 Y205.942 Z2.0952 E2195.53257
G1 X169.010 Y206.110 Z2.0955 E2195.89289
G1 X168.818 Y206.128 Z2.0956 E2195.95060
G1 X168.625 Y206.127 Z2.0956 E2196.00831
G1 X167.475 Y206.067 Z2.0959 E2196.35311
G1 X166.718 Y205.910 Z2.0962 E2196.58447
G1 X165.822 Y205.656 Z2.0964 E2196.86310
G1 X164.935 Y205.376 Z2.0967 E2197.14173
G1 X164.055 Y205.070 Z2.0969 E2197.42036
G1 X163.185 Y204.739 Z2.0972 E2197.69899
G1 X162.325 Y204.383 Z2.0974 E2197.97762
G1 X161.476 Y204.002 Z2.0977 E2198.25625
G1 X160.638 Y203.596 Z2.0979 E2198.53488
G1 X159.813 Y203.166 Z2.0982 E2198.81351
G1 X158.138 Y202.105 Z2.0987 E2199.40701
G1 X157.997 Y201.995 Z2.0988 E2199.46058
G1 X157.866 Y201.874 Z2.0988 E2199.51415
G1 X157.203 Y201.201 Z2.0991 E2199.79684
G1 X157.086 Y201.071 Z2.0991 E2199.84909
G1 X156.981 Y200.932 Z2.0992 E2199.90134
G1 X156.246 Y199.864 Z2.0995 E2200.28946
G1 X155.496 Y198.239 Z2.1000 E2200.82508
G1 X154.885 Y195.997 Z2.1006 E2201.52056
G1 X154.572 Y193.291 Z2.1014 E2202.33624
G1 X154.614 Y190.103 Z2.1023 E2203.29054
G1 X155.071 Y186.448 Z2.1033 E2204.39318
G1 X155.989 Y182.375 Z2.1044 E2205.64285
G1 X157.396 Y177.976 Z2.1056 E2207.02546
G1 X159.288 Y173.378 Z2.1070 E2208.51386
G1 X161.631 Y168.739 Z2.1084 E2210.06930
G1 X164.352 Y164.234 Z2.1098 E2211.64493
G1 X167.353 Y160.031 Z2.1112 E2213.19078
G1 X170.516 Y156.280 Z2.1126 E2214.65964
G1 X173.718 Y153.091 Z2.1138 E2216.01243
G1 X176.844 Y150.528 Z2.1149 E2217.22231
G1 X179.798 Y148.609 Z2.1159 E2218.27677
G1 X182.511 Y147.309 Z2.1167 E2219.17754
G1 X184.772 Y146.624 Z2.1173 E2219.88464
G1 X184.947 Y146.579 Z2.1174 E2219.93870
G1 X185.126 Y146.551 Z2.1174 E2219.99277
G1 X186.893 Y146.349 Z2.1179 E2220.52519
G1 X187.089 Y146.337 Z2.1180 E2220.58414
G1 X187.286 Y146.344 Z2.1180 E2220.64310
G1 X188.560 Y146.450 Z2.1184 E2221.02561
G1 X188.752 Y146.476 Z2.1184 E2221.08369
G1 X188.941 Y146.520 Z2.1185 E2221.14177
G1 X189.899 Y146.793 Z2.1187 E2221.44012
G1 X190.078 Y146.853 Z2.1188 E2221.49641
G1 X190.249 Y146.930 Z2.1188 E2221.55269
G1 X191.037 Y147.325 Z2.1191 E2221.81660
G1 X191.196 Y147.415 Z2.1191 E2221.87132
G1 X191.347 Y147.519 Z2.1192 E2221.92603
G1 X192.046 Y148.048 Z2.1194 E2222.18853
G1 X192.183 Y148.162 Z2.1195 E2222.24184
G1 X192.309 Y148.288 Z2.1195 E2222.29515
G1 X193.084 Y149.129 Z2.1198 E2222.63763
G1 X193.904 Y150.408 Z2.1202 E2223.09237
G1 X194.634 Y152.132 Z2.1208 E2223.65260
G1 X195.195 Y154.455 Z2.1214 E2224.36806
G1 X195.449 Y157.248 Z2.1222 E2225.20757
G1 X195.336 Y160.522 Z2.1231 E2226.18815
G1 X194.799 Y164.257 Z2.1241 E2227.31772
G1 X193.794 Y168.396 Z2.1252 E2228.59276
G1 X192.299 Y172.842 Z2.1265 E2229.99680
G1 X190.321 Y177.459 Z2.1279 E2231.50043
G1 X187.905 Y182.087 Z2.1293 E2233.06313
G1 X185.125 Y186.550 Z2.1307 E2234.63708
G1 X182.086 Y190.681 Z2.1321 E2236.17238
G1 X178.906 Y194.339 Z2.1335 E2237.62291
G1 X175.710 Y197.418 Z2.1347 E2238.95154
G1 X172.609 Y199.865 Z2.1357 E2240.13393
G1 X169.694 Y201.669 Z2.1367 E2241.16018
G1 X167.029 Y202.864 Z2.1375 E2242.03446
G1 X164.827 Y203.458 Z2.1381 E2242.71718
G1 X164.646 Y203.498 Z2.1381 E2242.77281
G1 X164.461 Y203.521 Z2.1382 E2242.82845
G1 X162.754 Y203.655 Z2.1386 E2243.34089
G1 X162.555 Y203.660 Z2.1387 E2243.40052
G1 X162.357 Y203.646 Z2.1388 E2243.46015
G1 X161.162 Y203.500 Z2.1391 E2243.82047
G1 X160.972 Y203.467 Z2.1391 E2243.87818
G1 X160.786 Y203.417 Z2.1392 E2243.93589
G1 X159.690 Y203.061 Z2.1395 E2244.28069
G1 X159.000 Y202.713 Z2.1397 E2244.51205
G1 X158.201 Y202.236 Z2.1400 E2244.79068
G1 X157.416 Y201.736 Z2.1402 E2245.06931
G1 X156.646 Y201.213 Z2.1405 E2245.34794
G1 X155.891 Y200.668 Z2.1407 E2245.62657
G1 X155.152 Y200.101 Z2.1410 E2245.90520
G1 X154.431 Y199.513 Z2.1412 E2246.18383
G1 X153.727 Y198.905 Z2.1415 E2246.46246
G1 X153.040 Y198.276 Z2.1417 E2246.74109
G1 X151.697 Y196.817 Z2.1423 E2247.33459
G1 X151.589 Y196.675 Z2.1423 E2247.38816
G1 X151.494 Y196.523 Z2.1424 E2247.44173
G1 X151.028 Y195.702 Z2.1426 E2247.72442
G1 X150.949 Y195.546 Z2.1427 E2247.77667
G1 X150.883 Y195.384 Z2.1427 E2247.82892
G1 X150.450 Y194.163 Z2.1431 E2248.21704
G1 X150.146 Y192.399 Z2.1436 E2248.75266
G1 X150.136 Y190.076 Z2.1442 E2249.44814
G1 X150.534 Y187.380 Z2.1449 E2250.26382
G1 X151.400 Y184.312 Z2.1458 E2251.21811
G1 X152.787 Y180.900 Z2.1468 E2252.32076
G1 X154.728 Y177.204 Z2.1479 E2253.57042
G1 X157.225 Y173.318 Z2.1492 E2254.95304
G1 X160.244 Y169.367 Z2.1506 E2256.44144
G1 X163.706 Y165.493 Z2.1520 E2257.99688
G1 X167.501 Y161.845 Z2.1534 E2259.57250
G1 X171.488 Y158.562 Z2.1548 E2261.11836
G1 X175.514 Y155.757 Z2.1561 E2262.58722
G1 X179.432 Y153.505 Z2.1574 E2263.94001
G1 X183.115 Y151.839 Z2.1585 E2265.14989
G1 X186.465 Y150.750 Z2.1594 E2266.20435
G1 X189.423 Y150.196 Z2.1602 E2267.10512
G1 X191.784 Y150.120 Z2.1609 E2267.81222
G1 X191.964 Y150.122 Z2.1609 E2267.86628
G1 X192.144 Y150.141 Z2.1610 E2267.92034
G1 X193.903 Y150.404 Z2.1615 E2268.45276
G1 X194.096 Y150.442 Z2.1615 E2268.51172
G1 X194.284 Y150.500 Z2.1616 E2268.57068
G1 X195.487 Y150.933 Z2.1619 E2268.95319
G1 X195.666 Y151.007 Z2.1620 E2269.01127
G1 X195.837 Y151.098 Z2.1620 E2269.06935
G1 X196.692 Y151.610 Z2.1623 E2269.36770
G1 X196.849 Y151.715 Z2.1624 E2269.42398
G1 X196.995 Y151.833 Z2.1624 E2269.48027
G1 X197.653 Y152.419 Z2.1626 E2269.74418
G1 X197.784 Y152.547 Z2.1627 E2269.79889
G1 X197.903 Y152.686 Z2.1627 E2269.85361
G1 X198.441 Y153.378 Z2.1630 E2270.11610
G1 X198.543 Y153.524 Z2.1630 E2270.16942
G1 X198.633 Y153.678 Z2.1631 E2270.22273
G1 X199.164 Y154.691 Z2.1634 E2270.56520
G1 X199.625 Y156.139 Z2.1638 E2271.01995
G1 X199.883 Y157.993 Z2.1643 E2271.58018
G1 X199.824 Y160.382 Z2.1650 E2272.29564
G1 X199.347 Y163.145 Z2.1657 E2273.13514
G1 X198.390 Y166.278 Z2.1666 E2274.11573
G1 X196.905 Y169.747 Z2.1676 E2275.24530
G1 X194.863 Y173.485 Z2.1688 E2276.52034
G1 X192.268 Y177.393 Z2.1701 E2277.92437
G1 X189.163 Y181.341 Z2.1714 E2279.42800
G1 X185.631 Y185.185 Z2.1729 E2280.99070
G1 X181.791 Y188.777 Z2.1743 E2282.56465
G1 X177.786 Y191.981 Z2.1757 E2284.09996
G1 X173.768 Y194.691 Z2.1770 E2285.55048
G1 X169.884 Y196.838 Z2.1782 E2286.87912
G1 X166.255 Y198.399 Z2.1793 E2288.06151
G1 X162.972 Y199.387 Z2.1802 E2289.08776
G1 X160.089 Y199.851 Z2.1810 E2289.96204
G1 X157.808 Y199.856 Z2.1816 E2290.64475
G1 X157.622 Y199.847 Z2.1817 E2290.70039
G1 X157.438 Y199.822 Z2.1817 E2290.75603
G1 X155.755 Y199.509 Z2.1822 E2291.26847
G1 X155.562 Y199.463 Z2.1823 E2291.32810
G1 X155.373 Y199.397 Z2.1823 E2291.38772
G1 X154.257 Y198.947 Z2.1826 E2291.74804
G1 X154.082 Y198.867 Z2.1827 E2291.80576
G1 X153.915 Y198.769 Z2.1827 E2291.86347
G1 X152.949 Y198.142 Z2.1831 E2292.20827
G1 X152.373 Y197.627 Z2.1833 E2292.43963
G1 X151.724 Y196.960 Z2.1835 E2292.71826
G1 X151.095 Y196.273 Z2.1838 E2292.99689
G1 X150.487 Y195.569 Z2.1840 E2293.27552
G1 X149.899 Y194.848 Z2.1843 E2293.55414
G1 X149.332 Y194.109 Z2.1845 E2293.83277
G1 X148.787 Y193.354 Z2.1848 E2294.11140
G1 X148.264 Y192.584 Z2.1850 E2294.39003
G1 X147.764 Y191.799 Z2.1853 E2294.66866
G1 X146.845 Y190.043 Z2.1858 E2295.26216
G1 X146.777 Y189.877 Z2.1859 E2295.31573
G1 X146.724 Y189.706 Z2.1859 E2295.36930
G1 X146.487 Y188.792 Z2.1862 E2295.65199
G1 X146.451 Y188.621 Z2.1862 E2295.70424
G1 X146.429 Y188.448 Z2.1863 E2295.75650
G1 X146.327 Y187.155 Z2.1866 E2296.14461
G1 X146.489 Y185.374 Z2.1871 E2296.68024
G1 X147.081 Y183.127 Z2.1878 E2297.37572
G1 X148.163 Y180.626 Z2.1885 E2298.19140
G1 X149.794 Y177.887 Z2.1894 E2299.14569
G1 X152.017 Y174.949 Z2.1904 E2300.24833
G1 X154.848 Y171.882 Z2.1915 E2301.49800
G1 X158.266 Y168.775 Z2.1928 E2302.88061
G1 X162.204 Y165.739 Z2.1941 E2304.36901
G1 X166.552 Y162.894 Z2.1955 E2305.92446
G1 X171.162 Y160.352 Z2.1970 E2307.50008
G1 X175.862 Y158.213 Z2.1984 E2309.04594
G1 X180.477 Y156.546 Z2.1997 E2310.51479
G1 X184.845 Y155.385 Z2.2009 E2311.86758
G1 X188.833 Y154.729 Z2.2020 E2313.07747
G1 X192.350 Y154.544 Z2.2030 E2314.13192
G1 X195.351 Y154.774 Z2.2038 E2315.03269
G1 X197.651 Y155.312 Z2.2044 E2315.73980
G1 X197.825 Y155.361 Z2.2045 E2315.79386
G1 X197.994 Y155.425 Z2.2045 E2315.84792
G1 X199.625 Y156.134 Z2.2050 E2316.38034
G1 X199.801 Y156.222 Z2.2051 E2316.43930
G1 X199.968 Y156.326 Z2.2051 E2316.49825
G1 X201.018 Y157.055 Z2.2055 E2316.88076
G1 X201.172 Y157.173 Z2.2055 E2316.93884
G1 X201.313 Y157.306 Z2.2056 E2316.99693
G1 X202.007 Y158.022 Z2.2059 E2317.29528
G1 X202.131 Y158.163 Z2.2059 E2317.35156
G1 X202.242 Y158.315 Z2.2060 E2317.40784
G1 X202.726 Y159.052 Z2.2062 E2317.67175
G1 X202.819 Y159.209 Z2.2062 E2317.72647
G1 X202.898 Y159.374 Z2.2063 E2317.78119
G1 X203.238 Y160.182 Z2.2065 E2318.04368
G1 X203.300 Y160.349 Z2.2066 E2318.09699
G1 X203.346 Y160.521 Z2.2066 E2318.15031
G1 X203.596 Y161.637 Z2.2069 E2318.49278
G1 X203.667 Y163.155 Z2.2074 E2318.94752
G1 X203.437 Y165.012 Z2.2079 E2319.50775
G1 X202.762 Y167.305 Z2.2085 E2320.22322
G1 X201.585 Y169.851 Z2.2093 E2321.06272
G1 X199.850 Y172.629 Z2.2102 E2322.04330
G1 X197.518 Y175.596 Z2.2112 E2323.17288
G1 X194.578 Y178.678 Z2.2124 E2324.44791
G1 X191.060 Y181.780 Z2.2136 E2325.85195
G1 X187.039 Y184.791 Z2.2150 E2327.35558
G1 X182.632 Y187.590 Z2.2164 E2328.91828
G1 X177.993 Y190.065 Z2.2178 E2330.49223
G1 X173.296 Y192.123 Z2.2192 E2332.02753
G1 X168.714 Y193.701 Z2.2206 E2333.47806
G1 X164.406 Y194.770 Z2.2218 E2334.80669
G1 X160.497 Y195.338 Z2.2228 E2335.98908
G1 X157.070 Y195.443 Z2.2238 E2337.01534
G1 X154.165 Y195.145 Z2.2246 E2337.88962
G1 X151.961 Y194.559 Z2.2252 E2338.57233
G1 X151.784 Y194.503 Z2.2252 E2338.62797
G1 X151.612 Y194.431 Z2.2253 E2338.68360
G1 X150.068 Y193.693 Z2.2258 E2339.19604
G1 X149.892 Y193.598 Z2.2258 E2339.25567
G1 X149.728 Y193.486 Z2.2259 E2339.31530
G1 X148.766 Y192.763 Z2.2262 E2339.67562
G1 X148.617 Y192.639 Z2.2262 E2339.73333
G1 X148.482 Y192.502 Z2.2263 E2339.79105
G1 X147.711 Y191.646 Z2.2266 E2340.13584
G1 X147.287 Y191.000 Z2.2268 E2340.36720
G1 X146.834 Y190.187 Z2.2271 E2340.64583
G1 X146.404 Y189.362 Z2.2273 E2340.92446
G1 X145.998 Y188.524 Z2.2276 E2341.20309
G1 X145.617 Y187.675 Z2.2278 E2341.48172
G1 X145.261 Y186.815 Z2.2281 E2341.76035
G1 X144.930 Y185.945 Z2.2283 E2342.03898
G1 X144.624 Y185.065 Z2.2286 E2342.31761
G1 X144.344 Y184.178 Z2.2288 E2342.59624
G1 X143.911 Y182.243 Z2.2294 E2343.18974
G1 X143.888 Y182.065 Z2.2294 E2343.24331
G1 X143.882 Y181.887 Z2.2295 E2343.29688
G1 X143.889 Y180.942 Z2.2297 E2343.57957
G1 X143.898 Y180.768 Z2.2298 E2343.63182
G1 X143.922 Y180.595 Z2.2298 E2343.68407
G1 X144.158 Y179.320 Z2.2302 E2344.07219
G1 X144.776 Y177.641 Z2.2307 E2344.60781
G1 X145.929 Y175.624 Z2.2313 E2345.30330
G1 X147.622 Y173.488 Z2.2320 E2346.11898
G1 X149.906 Y171.264 Z2.2329 E2347.07327
G1 X152.813 Y169.003 Z2.2339 E2348.17591
G1 X156.342 Y166.772 Z2.2351 E2349.42558
G1 X160.448 Y164.656 Z2.2363 E2350.80819
G1 X165.037 Y162.743 Z2.2377 E2352.29659
G1 X169.973 Y161.120 Z2.2391 E2353.85203
G1 X175.083 Y159.858 Z2.2405 E2355.42766
G1 X180.177 Y159.008 Z2.2419 E2356.97351
G1 X185.067 Y158.592 Z2.2432 E2358.44237
G1 X189.586 Y158.601 Z2.2445 E2359.79516
G1 X193.608 Y159.000 Z2.2456 E2361.00504
G1 X197.054 Y159.732 Z2.2465 E2362.05950
G1 X199.892 Y160.731 Z2.2474 E2362.96027
G1 X201.975 Y161.845 Z2.2480 E2363.66737
G1 X202.130 Y161.937 Z2.2480 E2363.72144
G1 X202.276 Y162.043 Z2.2481 E2363.77550
G1 X203.668 Y163.150 Z2.2486 E2364.30792
G1 X203.816 Y163.280 Z2.2486 E2364.36687
G1 X203.951 Y163.424 Z2.2487 E2364.42583
G1 X204.776 Y164.400 Z2.2490 E2364.80834
G1 X204.894 Y164.554 Z2.2491 E2364.86642
G1 X204.996 Y164.719 Z2.2491 E2364.92450
G1 X205.481 Y165.590 Z2.2494 E2365.22286
G1 X205.564 Y165.759 Z2.2495 E2365.27914
G1 X205.632 Y165.934 Z2.2495 E2365.33542
G1 X205.909 Y166.771 Z2.2498 E2365.59933
G1 X205.958 Y166.947 Z2.2498 E2365.65405
G1 X205.991 Y167.127 Z2.2498 E2365.70877
G1 X206.111 Y167.996 Z2.2501 E2365.97126
G1 X206.127 Y168.173 Z2.2501 E2366.02457
G1 X206.128 Y168.351 Z2.2502 E2366.07788
G1 X206.081 Y169.494 Z2.2505 E2366.42036
G1 X205.756 Y170.978 Z2.2509 E2366.87510
G1 X205.053 Y172.713 Z2.2514 E2367.43533
G1 X203.808 Y174.753 Z2.2521 E2368.15079
G1 X202.012 Y176.907 Z2.2528 E2368.99030
G1 X199.617 Y179.142 Z2.2537 E2369.97088
G1 X196.596 Y181.404 Z2.2547 E2371.10046
G1 X192.959 Y183.620 Z2.2559 E2372.37549
G1 X188.758 Y185.706 Z2.2572 E2373.77953
G1 X184.095 Y187.573 Z2.2586 E2375.28316
G1 X179.114 Y189.136 Z2.2600 E2376.84586
G1 X173.992 Y190.327 Z2.2614 E2378.41981
G1 X168.922 Y191.099 Z2.2628 E2379.95511
G1 X164.088 Y191.437 Z2.2641 E2381.40564
G1 X159.650 Y191.354 Z2.2653 E2382.73427
G1 X155.727 Y190.891 Z2.2664 E2383.91666
G1 X152.390 Y190.106 Z2.2673 E2384.94291
G1 X149.661 Y189.066 Z2.2681 E2385.81720
G1 X147.684 Y187.930 Z2.2687 E2386.49991
G1 X147.527 Y187.830 Z2.2688 E2386.55554
G1 X147.380 Y187.716 Z2.2688 E2386.61118
G1 X146.079 Y186.603 Z2.2693 E2387.12362
G1 X145.934 Y186.466 Z2.2694 E2387.18325
G1 X145.804 Y186.315 Z2.2694 E2387.24288
G1 X145.062 Y185.367 Z2.2697 E2387.60320
G1 X144.951 Y185.210 Z2.2698 E2387.66091
G1 X144.855 Y185.043 Z2.2699 E2387.71862
G1 X144.333 Y184.016 Z2.2702 E2388.06342
G1 X144.090 Y183.282 Z2.2704 E2388.29478
G1 X143.847 Y182.313 Z2.2706 E2388.59386
G1 X143.634 Y181.337 Z2.2709 E2388.89294
G1 X143.451 Y180.355 Z2.2712 E2389.19201
G1 X143.299 Y179.367 Z2.2715 E2389.49109
G1 X143.179 Y178.375 Z2.2717 E2389.79017
G1 X143.089 Y177.380 Z2.2720 E2390.08925
G1 X143.030 Y176.383 Z2.2723 E2390.38833
G1 X143.002 Y175.384 Z2.2725 E2390.68740
G1 X143.006 Y174.385 Z2.2728 E2390.98648
G1 X143.041 Y173.387 Z2.2731 E2391.28556
G1 X143.107 Y172.390 Z2.2734 E2391.58464
G1 X143.204 Y171.395 Z2.2736 E2391.88372
G1 X143.332 Y170.404 Z2.2739 E2392.18279
G1 X143.491 Y169.418 Z2.2742 E2392.48187
G1 X143.680 Y168.437 Z2.2745 E2392.78095
G1 X143.900 Y167.463 Z2.2747 E2393.08003
G1 X144.151 Y166.495 Z2.2750 E2393.37910
G1 X144.431 Y165.536 Z2.2753 E2393.67818
G1 X144.742 Y164.587 Z2.2755 E2393.97726
G1 X145.082 Y163.647 Z2.2758 E2394.27634
G1 X145.451 Y162.719 Z2.2761 E2394.57542
G1 X145.848 Y161.802 Z2.2764 E2394.87449
G1 X146.275 Y160.898 Z2.2766 E2395.17357
G1 X146.729 Y160.009 Z2.2769 E2395.47265
G1 X147.211 Y159.133 Z2.2772 E2395.77173
G1 X147.720 Y158.273 Z2.2774 E2396.07081
G1 X148.255 Y157.430 Z2.2777 E2396.36988
G1 X148.817 Y156.604 Z2.2780 E2396.66896
G1 X149.404 Y155.795 Z2.2783 E2396.96804
G1 X150.016 Y155.005 Z2.2785 E2397.26712
G1 X150.652 Y154.235 Z2.2788 E2397.56620
G1 X151.312 Y153.485 Z2.2791 E2397.86527
G1 X151.995 Y152.756 Z2.2793 E2398.16435
G1 X152.701 Y152.049 Z2.2796 E2398.46343
G1 X153.428 Y151.364 Z2.2799 E2398.76251
G1 X154.177 Y150.702 Z2.2802 E2399.06158
G1 X154.945 Y150.064 Z2.2804 E2399.36066
G1 X155.734 Y149.450 Z2.2807 E2399.65974
G1 X156.541 Y148.861 Z2.2810 E2399.95882
G1 X157.366 Y148.297 Z2.2812 E2400.25790
G1 X158.208 Y147.760 Z2.2815 E2400.55697
G1 X159.067 Y147.249 Z2.2818 E2400.85605
G1 X159.941 Y146.765 Z2.2821 E2401.15513
G1 X160.830 Y146.309 Z2.2823 E2401.45421
G1 X161.732 Y145.880 Z2.2826 E2401.75329
G1 X162.648 Y145.480 Z2.2829 E2402.05236
G1 X163.575 Y145.109 Z2.2831 E2402.35144
G1 X164.514 Y144.767 Z2.2834 E2402.65052
G1 X165.463 Y144.454 Z2.2837 E2402.94960
G1 X166.421 Y144.171 Z2.2840 E2403.24868
G1 X167.388 Y143.919 Z2.2842 E2403.54775
G1 X168.362 Y143.696 Z2.2845 E2403.84683
G1 X169.342 Y143.504 Z2.2848 E2404.14591
G1 X170.328 Y143.343 Z2.2851 E2404.44499
G1 X171.319 Y143.212 Z2.2853 E2404.74407
G1 X172.313 Y143.113 Z2.2856 E2405.04314
G1 X173.310 Y143.045 Z2.2859 E2405.34222
G1 X174.308 Y143.007 Z2.2861 E2405.64130
G1 X175.307 Y143.001 Z2.2864 E2405.94038
G1 X176.306 Y143.027 Z2.2867 E2406.23945
G1 X177.304 Y143.083 Z2.2870 E2406.53853
G1 X178.299 Y143.171 Z2.2872 E2406.83761
G1 X179.291 Y143.289 Z2.2875 E2407.13669
G1 X180.279 Y143.438 Z2.2878 E2407.43577
G1 X181.262 Y143.619 Z2.2880 E2407.73484
G1 X182.238 Y143.829 Z2.2883 E2408.03392
G1 X183.208 Y144.071 Z2.2886 E2408.33300
G1 X184.170 Y144.342 Z2.2889 E2408.63208
G1 X185.122 Y144.643 Z2.2891 E2408.93116
G1 X186.065 Y144.974 Z2.2894 E2409.23023
G1 X186.997 Y145.334 Z2.2897 E2409.52931
G1 X187.917 Y145.723 Z2.2899 E2409.82839
G1 X188.825 Y146.140 Z2.2902 E2410.12747
G1 X189.719 Y146.586 Z2.2905 E2410.42655
G1 X190.599 Y147.059 Z2.2908 E2410.72562
G1 X191.464 Y147.560 Z2.2910 E2411.02470
G1 X192.312 Y148.087 Z2.2913 E2411.32378
G1 X193.144 Y148.641 Z2.2916 E2411.62286
G1 X193.958 Y149.220 Z2.2918 E2411.92193
G1 X194.754 Y149.825 Z2.2921 E2412.22101
G1 X195.530 Y150.454 Z2.2924 E2412.52009
G1 X196.286 Y151.107 Z2.2927 E2412.81917
G1 X197.022 Y151.783 Z2.2929 E2413.11825
G1 X197.736 Y152.482 Z2.2932 E2413.41732
G1 X198.428 Y153.202 Z2.2935 E2413.71640
G1 X199.097 Y153.944 Z2.2937 E2414.01548
G1 X199.742 Y154.707 Z2.2940 E2414.31456
G1 X200.364 Y155.489 Z2.2943 E2414.61364
G1 X200.961 Y156.290 Z2.2946 E2414.91271
G1 X201.532 Y157.110 Z2.2948 E2415.21179
G1 X202.078 Y157.947 Z2.2951 E2415.51087
G1 X202.597 Y158.801 Z2.2954 E2415.80995
G1 X203.089 Y159.670 Z2.2957 E2416.10903
G1 X203.554 Y160.555 Z2.2959 E2416.40810
G1 X203.991 Y161.453 Z2.2962 E2416.70718
G1 X204.400 Y162.365 Z2.2965 E2417.00626
G1 X204.780 Y163.289 Z2.2967 E2417.30534
G1 X205.131 Y164.224 Z2.2970 E2417.60442
G1 X205.453 Y165.170 Z2.2973 E2417.90349
G1 X205.745 Y166.125 Z2.2976 E2418.20257
G1 X206.007 Y167.090 Z2.2978 E2418.50165
G1 X206.239 Y168.061 Z2.2981 E2418.80073
G1 X206.440 Y169.040 Z2.2984 E2419.09980
G1 X206.611 Y170.024 Z2.2986 E2419.39888
G1 X206.751 Y171.014 Z2.2989 E2419.69796
G1 X206.860 Y172.007 Z2.2992 E2419.99704
G1 X206.938 Y173.003 Z2.2995 E2420.29612
G1 X206.984 Y174.001 Z2.2997 E2420.59519
G1 X207.000 Y175.000 Z2.3000 E2420.89427
G1 X206.905 Y176.050 Z2.3003 E2421.20996
G1 X206.880 Y176.228 Z2.3003 E2421.26353
G1 X206.840 Y176.402 Z2.3004 E2421.31710
G1 X206.589 Y177.312 Z2.3006 E2421.59979
G1 X206.535 Y177.478 Z2.3007 E2421.65204
G1 X206.467 Y177.639 Z2.3007 E2421.70430
G1 X205.910 Y178.810 Z2.3011 E2422.09241
G1 X204.878 Y180.272 Z2.3016 E2422.62803
G1 X203.242 Y181.921 Z2.3022 E2423.32352
G1 X201.054 Y183.546 Z2.3029 E2424.13920
G1 X198.272 Y185.103 Z2.3038 E2425.09349
G1 X194.879 Y186.535 Z2.3048 E2426.19613
G1 X190.893 Y187.776 Z2.3060 E2427.44580
G1 X186.379 Y188.758 Z2.3072 E2428.82841
G1 X181.451 Y189.418 Z2.3086 E2430.31681
G1 X176.263 Y189.709 Z2.3100 E2431.87226
G1 X171.000 Y189.605 Z2.3114 E2433.44788
G1 X165.860 Y189.107 Z2.3128 E2434.99373
G1 X161.030 Y188.243 Z2.3141 E2436.46259
G1 X156.667 Y187.065 Z2.3154 E2437.81538
G1 X152.885 Y185.639 Z2.3165 E2439.02527
G1 X149.746 Y184.040 Z2.3174 E2440.07972
G1 X147.263 Y182.341 Z2.3183 E2440.98049
G1 X145.539 Y180.725 Z2.3189 E2441.68759
G1 X145.413 Y180.596 Z2.3189 E2441.74166
G1 X145.299 Y180.456 Z2.3190 E2441.79572
G1 X144.242 Y179.026 Z2.3195 E2442.32814
G1 X144.132 Y178.862 Z2.3195 E2442.38710
G1 X144.040 Y178.688 Z2.3196 E2442.44605
G1 X143.495 Y177.532 Z2.3199 E2442.82856
G1 X143.421 Y177.353 Z2.3200 E2442.88664
G1 X143.365 Y177.167 Z2.3200 E2442.94472
G1 X143.122 Y176.200 Z2.3203 E2443.24308
G1 X143.085 Y176.016 Z2.3204 E2443.29936
G1 X143.066 Y175.829 Z2.3204 E2443.35564
G1 X143.015 Y174.949 Z2.3207 E2443.61955
G1 X143.012 Y174.766 Z2.3207 E2443.67427
G1 X143.027 Y174.584 Z2.3208 E2443.72899
G1 X143.136 Y173.714 Z2.3210 E2443.99148
G1 X143.166 Y173.538 Z2.3210 E2444.04479
G1 X143.212 Y173.366 Z2.3211 E2444.09810
G1 X143.553 Y172.274 Z2.3214 E2444.44058
G1 X144.251 Y170.925 Z2.3218 E2444.89532
G1 X145.379 Y169.431 Z2.3223 E2445.45555
G1 X147.110 Y167.783 Z2.3230 E2446.17101
G1 X149.402 Y166.167 Z2.3237 E2447.01052
G1 X152.294 Y164.628 Z2.3246 E2447.99110
G1 X155.797 Y163.225 Z2.3257 E2449.12068
G1 X159.884 Y162.026 Z2.3268 E2450.39571
G1 X164.482 Y161.098 Z2.3281 E2451.79975
G1 X169.469 Y160.502 Z2.3295 E2453.30338
G1 X174.685 Y160.281 Z2.3309 E2454.86608
G1 X179.940 Y160.456 Z2.3323 E2456.44003
G1 X185.038 Y161.023 Z2.3337 E2457.97533
G1 X189.794 Y161.948 Z2.3350 E2459.42586
G1 X194.060 Y163.176 Z2.3362 E2460.75449
G1 X197.729 Y164.638 Z2.3373 E2461.93688
G1 X200.749 Y166.260 Z2.3382 E2462.96313
G1 X203.116 Y167.971 Z2.3390 E2463.83742
G1 X204.732 Y169.581 Z2.3396 E2464.52013
G1 X204.858 Y169.718 Z2.3397 E2464.57576
G1 X204.970 Y169.866 Z2.3397 E2464.63140
G1 X205.938 Y171.278 Z2.3402 E2465.14384
G1 X206.043 Y171.447 Z2.3403 E2465.20347
G1 X206.130 Y171.627 Z2.3403 E2465.26310
G1 X206.601 Y172.734 Z2.3406 E2465.62342
G1 X206.668 Y172.915 Z2.3407 E2465.68113
G1 X206.717 Y173.102 Z2.3408 E2465.73884
G1 X206.956 Y174.228 Z2.3411 E2466.08364
G1 X207.000 Y175.000 Z2.3413 E2466.31500
G1 X206.986 Y175.931 Z2.3415 E2466.59363
G1 X206.946 Y176.861 Z2.3418 E2466.87226
G1 X206.878 Y177.789 Z2.3420 E2467.15089
G1 X206.784 Y178.715 Z2.3423 E2467.42952
G1 X206.662 Y179.638 Z2.3425 E2467.70815
G1 X206.514 Y180.557 Z2.3428 E2467.98678
G1 X206.339 Y181.471 Z2.3430 E2468.26541
G1 X206.137 Y182.380 Z2.3433 E2468.54404
G1 X205.546 Y184.272 Z2.3438 E2469.13754
G1 X205.476 Y184.437 Z2.3439 E2469.19111
G1 X205.393 Y184.595 Z2.3439 E2469.24468
G1 X204.914 Y185.409 Z2.3442 E2469.52737
G1 X204.819 Y185.556 Z2.3442 E2469.57962
G1 X204.712 Y185.693 Z2.3443 E2469.63187
G1 X203.870 Y186.680 Z2.3446 E2470.01999
G1 X202.495 Y187.825 Z2.3451 E2470.55561
G1 X200.488 Y188.995 Z2.3458 E2471.25109
G1 X197.955 Y189.998 Z2.3465 E2472.06677
G1 X194.865 Y190.782 Z2.3474 E2473.02107
G1 X191.216 Y191.287 Z2.3484 E2474.12371
G1 X187.044 Y191.454 Z2.3495 E2475.37337
G1 X182.431 Y191.234 Z2.3508 E2476.75599
G1 X177.500 Y190.596 Z2.3521 E2478.24439
G1 X172.413 Y189.534 Z2.3535 E2479.79983
G1 X167.357 Y188.072 Z2.3550 E2481.37545
G1 X162.520 Y186.261 Z2.3564 E2482.92131
G1 X158.078 Y184.176 Z2.3577 E2484.39017
G1 X154.169 Y181.909 Z2.3589 E2485.74296
G1 X150.885 Y179.553 Z2.3600 E2486.95284
G1 X148.267 Y177.196 Z2.3610 E2488.00730
G1 X146.308 Y174.912 Z2.3618 E2488.90807
G1 X145.061 Y172.905 Z2.3625 E2489.61517
G1 X144.973 Y172.748 Z2.3625 E2489.66923
G1 X144.899 Y172.583 Z2.3625 E2489.72330
G1 X144.248 Y170.928 Z2.3630 E2490.25571
G1 X144.185 Y170.741 Z2.3631 E2490.31467
G1 X144.140 Y170.549 Z2.3631 E2490.37363
G1 X143.914 Y169.292 Z2.3635 E2490.75614
G1 X143.888 Y169.099 Z2.3635 E2490.81422
G1 X143.882 Y168.905 Z2.3636 E2490.87230
G1 X143.898 Y167.909 Z2.3639 E2491.17065
G1 X143.910 Y167.721 Z2.3639 E2491.22694
G1 X143.939 Y167.535 Z2.3640 E2491.28322
G1 X144.118 Y166.672 Z2.3642 E2491.54713
G1 X144.163 Y166.495 Z2.3643 E2491.60185
G1 X144.224 Y166.323 Z2.3643 E2491.65656
G1 X144.555 Y165.511 Z2.3645 E2491.91906
G1 X144.629 Y165.349 Z2.3646 E2491.97237
G1 X144.718 Y165.194 Z2.3646 E2492.02568
G1 X145.331 Y164.228 Z2.3650 E2492.36816
G1 X146.354 Y163.105 Z2.3654 E2492.82290
G1 X147.829 Y161.954 Z2.3659 E2493.38313
G1 X149.928 Y160.810 Z2.3665 E2494.09859
G1 X152.560 Y159.843 Z2.3673 E2494.93809
G1 X155.752 Y159.104 Z2.3682 E2495.91868
G1 X159.499 Y158.656 Z2.3692 E2497.04825
G1 X163.757 Y158.556 Z2.3704 E2498.32329
G1 X168.438 Y158.849 Z2.3716 E2499.72733
G1 X173.410 Y159.564 Z2.3730 E2501.23095
G1 X178.505 Y160.701 Z2.3744 E2502.79366
G1 X183.536 Y162.231 Z2.3759 E2504.36760
G1 X188.313 Y164.097 Z2.3773 E2505.90291
G1 X192.669 Y166.221 Z2.3786 E2507.35344
G1 X196.471 Y168.512 Z2.3798 E2508.68207
G1 X199.636 Y170.874 Z2.3809 E2509.86446
G1 X202.134 Y173.223 Z2.3818 E2510.89071
G1 X203.977 Y175.488 Z2.3826 E2511.76499
G1 X205.122 Y177.461 Z2.3832 E2512.44770
G1 X205.207 Y177.626 Z2.3833 E2512.50334
G1 X205.277 Y177.798 Z2.3833 E2512.55898
G1 X205.848 Y179.412 Z2.3838 E2513.07142
G1 X205.904 Y179.603 Z2.3838 E2513.13105
G1 X205.942 Y179.799 Z2.3839 E2513.19068
G1 X206.110 Y180.990 Z2.3842 E2513.55100
G1 X206.128 Y181.182 Z2.3843 E2513.60871
G1 X206.127 Y181.375 Z2.3843 E2513.66642
G1 X206.067 Y182.525 Z2.3846 E2514.01122
G1 X205.910 Y183.282 Z2.3848 E2514.24258
G1 X205.656 Y184.178 Z2.3851 E2514.52121
G1 X205.376 Y185.065 Z2.3853 E2514.79984
G1 X205.070 Y185.945 Z2.3856 E2515.07847
G1 X204.739 Y186.815 Z2.3858 E2515.35710
G1 X204.383 Y187.675 Z2.3861 E2515.63573
G1 X204.002 Y188.524 Z2.3863 E2515.91436
G1 X203.596 Y189.362 Z2.3866 E2516.19299
G1 X203.166 Y190.187 Z2.3869 E2516.47162
G1 X202.105 Y191.862 Z2.3874 E2517.06512
G1 X201.995 Y192.003 Z2.3874 E2517.11869
G1 X201.874 Y192.134 Z2.3875 E2517.17226
G1 X201.201 Y192.797 Z2.3878 E2517.45494
G1 X201.071 Y192.914 Z2.3878 E2517.50720
G1 X200.932 Y193.019 Z2.3878 E2517.55945
G1 X199.864 Y193.754 Z2.3882 E2517.94757
G1 X198.239 Y194.504 Z2.3887 E2518.48319
G1 X195.997 Y195.115 Z2.3893 E2519.17867
G1 X193.291 Y195.428 Z2.3901 E2519.99435
G1 X190.103 Y195.386 Z2.3909 E2520.94864
G1 X186.448 Y194.929 Z2.3919 E2522.05129
G1 X182.375 Y194.011 Z2.3931 E2523.30095
G1 X177.976 Y192.604 Z2.3943 E2524.68356
G1 X173.378 Y190.712 Z2.3957 E2526.17196
G1 X168.739 Y188.369 Z2.3971 E2527.72741
G1 X164.234 Y185.648 Z2.3985 E2529.30303
G1 X160.031 Y182.647 Z2.3999 E2530.84889
G1 X156.280 Y179.484 Z2.4013 E2532.31775
G1 X153.091 Y176.282 Z2.4025 E2533.67053
G1 X150.528 Y173.156 Z2.4036 E2534.88042
G1 X148.609 Y170.202 Z2.4045 E2535.93488
G1 X147.309 Y167.489 Z2.4054 E2536.83565
G1 X146.624 Y165.228 Z2.4060 E2537.54275
G1 X146.579 Y165.053 Z2.4061 E2537.59681
G1 X146.551 Y164.874 Z2.4061 E2537.65087
G1 X146.349 Y163.107 Z2.4066 E2538.18329
G1 X146.337 Y162.911 Z2.4066 E2538.24225
G1 X146.344 Y162.714 Z2.4067 E2538.30121
G1 X146.450 Y161.440 Z2.4070 E2538.68372
G1 X146.476 Y161.248 Z2.4071 E2538.74180
G1 X146.520 Y161.059 Z2.4071 E2538.79988
G1 X146.793 Y160.101 Z2.4074 E2539.09823
G1 X146.853 Y159.922 Z2.4075 E2539.15451
G1 X146.930 Y159.751 Z2.4075 E2539.21079
G1 X147.325 Y158.963 Z2.4078 E2539.47470
G1 X147.415 Y158.804 Z2.4078 E2539.52942
G1 X147.519 Y158.653 Z2.4079 E2539.58414
G1 X148.048 Y157.954 Z2.4081 E2539.84663
G1 X148.162 Y157.817 Z2.4081 E2539.89995
G1 X148.288 Y157.691 Z2.4082 E2539.95326
G1 X149.129 Y156.916 Z2.4085 E2540.29573
G1 X150.408 Y156.096 Z2.4089 E2540.75048
G1 X152.132 Y155.366 Z2.4094 E2541.31071
G1 X154.455 Y154.805 Z2.4101 E2542.02617
G1 X157.248 Y154.551 Z2.4108 E2542.86567
G1 X160.522 Y154.664 Z2.4117 E2543.84626
G1 X164.257 Y155.201 Z2.4128 E2544.97583
G1 X168.396 Y156.206 Z2.4139 E2546.25086
G1 X172.842 Y157.701 Z2.4152 E2547.65490
G1 X177.459 Y159.679 Z2.4166 E2549.15853
G1 X182.087 Y162.095 Z2.4180 E2550.72123
G1 X186.550 Y164.875 Z2.4194 E2552.29518
G1 X190.681 Y167.914 Z2.4208 E2553.83049
G1 X194.339 Y171.094 Z2.4221 E2555.28101
G1 X197.418 Y174.290 Z2.4233 E2556.60964
G1 X199.865 Y177.391 Z2.4244 E2557.79204
G1 X201.669 Y180.306 Z2.4253 E2558.81829
G1 X202.864 Y182.971 Z2.4261 E2559.69257
G1 X203.458 Y185.173 Z2.4268 E2560.37528
G1 X203.498 Y185.354 Z2.4268 E2560.43092
G1 X203.521 Y185.539 Z2.4269 E2560.48656
G1 X203.655 Y187.246 Z2.4273 E2560.99900
G1 X203.660 Y187.445 Z2.4274 E2561.05862
G1 X203.646 Y187.643 Z2.4274 E2561.11825
G1 X203.500 Y188.838 Z2.4278 E2561.47857
G1 X203.467 Y189.028 Z2.4278 E2561.53629
G1 X203.417 Y189.214 Z2.4279 E2561.59400
G1 X203.061 Y190.310 Z2.4282 E2561.93880
G1 X202.713 Y191.000 Z2.4284 E2562.17016
G1 X202.236 Y191.799 Z2.4286 E2562.44879
G1 X201.736 Y192.584 Z2.4289 E2562.72741
G1 X201.213 Y193.354 Z2.4291 E2563.00604
G1 X200.668 Y194.109 Z2.4294 E2563.28467
G1 X200.101 Y194.848 Z2.4297 E2563.56330
G1 X199.513 Y195.569 Z2.4299 E2563.84193
G1 X198.905 Y196.273 Z2.4302 E2564.12056
G1 X198.276 Y196.960 Z2.4304 E2564.39919
G1 X196.817 Y198.303 Z2.4310 E2564.99269
G1 X196.675 Y198.411 Z2.4310 E2565.04626
G1 X196.523 Y198.506 Z2.4310 E2565.09983
G1 X195.702 Y198.972 Z2.4313 E2565.38252
G1 X195.546 Y199.051 Z2.4314 E2565.43477
G1 X195.384 Y199.117 Z2.4314 E2565.48703
G1 X194.163 Y199.550 Z2.4318 E2565.87514
G1 X192.399 Y199.854 Z2.4322 E2566.41076
G1 X190.076 Y199.864 Z2.4329 E2567.10625
G1 X187.380 Y199.466 Z2.4336 E2567.92193
G1 X184.312 Y198.600 Z2.4345 E2568.87622
G1 X180.900 Y197.213 Z2.4355 E2569.97886
G1 X177.204 Y195.272 Z2.4366 E2571.22853
G1 X173.318 Y192.775 Z2.4379 E2572.61114
G1 X169.367 Y189.756 Z2.4392 E2574.09954
G1 X165.493 Y186.294 Z2.4406 E2575.65499
G1 X161.845 Y182.499 Z2.4421 E2577.23061
G1 X158.562 Y178.512 Z2.4435 E2578.77646
G1 X155.757 Y174.486 Z2.4448 E2580.24532
G1 X153.505 Y170.568 Z2.4460 E2581.59811
G1 X151.839 Y166.885 Z2.4471 E2582.80800
G1 X150.750 Y163.535 Z2.4481 E2583.86245
G1 X150.196 Y160.577 Z2.4489 E2584.76322
G1 X150.120 Y158.216 Z2.4496 E2585.47032
G1 X150.122 Y158.036 Z2.4496 E2585.52439
G1 X150.141 Y157.856 Z2.4497 E2585.57845
G1 X150.404 Y156.097 Z2.4501 E2586.11087
G1 X150.442 Y155.904 Z2.4502 E2586.16983
G1 X150.500 Y155.716 Z2.4502 E2586.22878
G1 X150.933 Y154.513 Z2.4506 E2586.61129
G1 X151.007 Y154.334 Z2.4506 E2586.66937
G1 X151.098 Y154.163 Z2.4507 E2586.72745
G1 X151.610 Y153.308 Z2.4510 E2587.02581
G1 X151.715 Y153.151 Z2.4510 E2587.08209
G1 X151.833 Y153.005 Z2.4511 E2587.13837
G1 X152.419 Y152.347 Z2.4513 E2587.40228
G1 X152.547 Y152.216 Z2.4514 E2587.45700
G1 X152.686 Y152.097 Z2.4514 E2587.51172
G1 X153.378 Y151.559 Z2.4517 E2587.77421
G1 X153.524 Y151.457 Z2.4517 E2587.82752
G1 X153.678 Y151.367 Z2.4517 E2587.88083
G1 X154.691 Y150.836 Z2.4521 E2588.22331
G1 X156.139 Y150.375 Z2.4525 E2588.67805
G1 X157.993 Y150.117 Z2.4530 E2589.23828
G1 X160.382 Y150.176 Z2.4536 E2589.95375
G1 X163.145 Y150.653 Z2.4544 E2590.79325
G1 X166.278 Y151.610 Z2.4553 E2591.77383
G1 X169.747 Y153.095 Z2.4563 E2592.90341
G1 X173.485 Y155.137 Z2.4575 E2594.17844
G1 X177.393 Y157.732 Z2.4587 E2595.58248
G1 X181.341 Y160.837 Z2.4601 E2597.08611
G1 X185.185 Y164.369 Z2.4615 E2598.64881
G1 X188.777 Y168.209 Z2.4630 E2600.22276
G1 X191.981 Y172.214 Z2.4644 E2601.75806
G1 X194.691 Y176.232 Z2.4657 E2603.20859
G1 X196.838 Y180.116 Z2.4669 E2604.53722
G1 X198.399 Y183.745 Z2.4680 E2605.71961
G1 X199.387 Y187.028 Z2.4689 E2606.74587
G1 X199.851 Y189.911 Z2.4697 E2607.62015
G1 X199.856 Y192.192 Z2.4703 E2608.30286
G1 X199.847 Y192.378 Z2.4704 E2608.35850
G1 X199.822 Y192.562 Z2.4704 E2608.41413
G1 X199.509 Y194.245 Z2.4709 E2608.92657
G1 X199.463 Y194.438 Z2.4709 E2608.98620
G1 X199.397 Y194.627 Z2.4710 E2609.04583
G1 X198.947 Y195.743 Z2.4713 E2609.40615
G1 X198.867 Y195.918 Z2.4714 E2609.46386
G1 X198.769 Y196.085 Z2.4714 E2609.52157
G1 X198.142 Y197.051 Z2.4717 E2609.86637
G1 X197.627 Y197.627 Z2.4719 E2610.09773
G1 X196.960 Y198.276 Z2.4722 E2610.37636
G1 X196.273 Y198.905 Z2.4724 E2610.65499
G1 X195.569 Y199.513 Z2.4727 E2610.93362
G1 X194.848 Y200.101 Z2.4730 E2611.21225
G1 X194.109 Y200.668 Z2.4732 E2611.49088
G1 X193.354 Y201.213 Z2.4735 E2611.76951
G1 X192.584 Y201.736 Z2.4737 E2612.04814
G1 X191.799 Y202.236 Z2.4740 E2612.32677
G1 X190.043 Y203.155 Z2.4745 E2612.92027
G1 X189.877 Y203.223 Z2.4746 E2612.97384
G1 X189.706 Y203.276 Z2.4746 E2613.02741
G1 X188.792 Y203.513 Z2.4749 E2613.31010
G1 X188.621 Y203.549 Z2.4749 E2613.36235
G1 X188.448 Y203.571 Z2.4750 E2613.41460
G1 X187.155 Y203.673 Z2.4753 E2613.80272
G1 X185.374 Y203.511 Z2.4758 E2614.33834
G1 X183.127 Y202.919 Z2.4764 E2615.03382
G1 X180.626 Y201.837 Z2.4772 E2615.84950
G1 X177.887 Y200.206 Z2.4780 E2616.80380
G1 X174.949 Y197.983 Z2.4790 E2617.90644
G1 X171.882 Y195.152 Z2.4802 E2619.15611
G1 X168.775 Y191.734 Z2.4814 E2620.53872
G1 X165.739 Y187.796 Z2.4828 E2622.02712
G1 X162.894 Y183.448 Z2.4842 E2623.58256
G1 X160.352 Y178.838 Z2.4856 E2625.15819
G1 X158.213 Y174.138 Z2.4870 E2626.70404
G1 X156.546 Y169.523 Z2.4884 E2628.17290
G1 X155.385 Y165.155 Z2.4896 E2629.52569
G1 X154.729 Y161.167 Z2.4907 E2630.73557
G1 X154.544 Y157.650 Z2.4917 E2631.79003
G1 X154.774 Y154.649 Z2.4925 E2632.69080
G1 X155.312 Y152.349 Z2.4931 E2633.39790
G1 X155.361 Y152.175 Z2.4932 E2633.45196
G1 X155.425 Y152.006 Z2.4932 E2633.50603
G1 X156.134 Y150.375 Z2.4937 E2634.03845
G1 X156.222 Y150.199 Z2.4937 E2634.09740
G1 X156.326 Y150.032 Z2.4938 E2634.15636
G1 X157.055 Y148.982 Z2.4942 E2634.53887
G1 X157.173 Y148.828 Z2.4942 E2634.59695
G1 X157.306 Y148.687 Z2.4943 E2634.65503
G1 X158.022 Y147.993 Z2.4945 E2634.95339
G1 X158.163 Y147.869 Z2.4946 E2635.00967
G1 X158.315 Y147.758 Z2.4946 E2635.06595
G1 X159.052 Y147.274 Z2.4949 E2635.32986
G1 X159.209 Y147.181 Z2.4949 E2635.38458
G1 X159.374 Y147.102 Z2.4950 E2635.43929
G1 X160.182 Y146.762 Z2.4952 E2635.70179
G1 X160.349 Y146.700 Z2.4953 E2635.75510
G1 X160.521 Y146.654 Z2.4953 E2635.80841
G1 X161.637 Y146.404 Z2.4956 E2636.15089
G1 X163.155 Y146.333 Z2.4960 E2636.60563
G1 X165.012 Y146.563 Z2.4965 E2637.16586
G1 X167.305 Y147.238 Z2.4972 E2637.88132
G1 X169.851 Y148.415 Z2.4980 E2638.72083
G1 X172.629 Y150.150 Z2.4988 E2639.70141
G1 X175.596 Y152.482 Z2.4999 E2640.83098
G1 X178.678 Y155.422 Z2.5010 E2642.10602
G1 X181.780 Y158.940 Z2.5023 E2643.51006
G1 X184.791 Y162.961 Z2.5037 E2645.01369
G1 X187.590 Y167.368 Z2.5051 E2646.57639
G1 X190.065 Y172.007 Z2.5065 E2648.15034
G1 X192.123 Y176.704 Z2.5079 E2649.68564
G1 X193.701 Y181.286 Z2.5092 E2651.13617
G1 X194.770 Y185.594 Z2.5104 E2652.46480
G1 X195.338 Y189.503 Z2.5115 E2653.64719
G1 X195.443 Y192.930 Z2.5124 E2654.67344
G1 X195.145 Y195.835 Z2.5132 E2655.54772
G1 X194.559 Y198.039 Z2.5139 E2656.23044
G1 X194.503 Y198.216 Z2.5139 E2656.28607
G1 X194.431 Y198.388 Z2.5140 E2656.34171
G1 X193.693 Y199.932 Z2.5144 E2656.85415
G1 X193.598 Y200.108 Z2.5145 E2656.91378
G1 X193.486 Y200.272 Z2.5145 E2656.97341
G1 X192.763 Y201.234 Z2.5149 E2657.33373
G1 X192.639 Y201.383 Z2.5149 E2657.39144
G1 X192.502 Y201.518 Z2.5150 E2657.44915
G1 X191.646 Y202.289 Z2.5153 E2657.79395
G1 X191.000 Y202.713 Z2.5155 E2658.02531
G1 X190.187 Y203.166 Z2.5157 E2658.30394
G1 X189.362 Y203.596 Z2.5160 E2658.58257
G1 X188.524 Y204.002 Z2.5163 E2658.86120
G1 X187.675 Y204.383 Z2.5165 E2659.13983
G1 X186.815 Y204.739 Z2.5168 E2659.41846
G1 X185.945 Y205.070 Z2.5170 E2659.69709
G1 X185.065 Y205.376 Z2.5173 E2659.97572
G1 X184.178 Y205.656 Z2.5175 E2660.25435
G1 X182.243 Y206.089 Z2.5181 E2660.84785
G1 X182.065 Y206.112 Z2.5181 E2660.90142
G1 X181.887 Y206.118 Z2.5182 E2660.95499
G1 X180.942 Y206.111 Z2.5184 E2661.23768
G1 X180.768 Y206.102 Z2.5185 E2661.28993
G1 X180.595 Y206.078 Z2.5185 E2661.34218
G1 X179.320 Y205.842 Z2.5189 E2661.73030
G1 X177.641 Y205.224 Z2.5193 E2662.26592
G1 X175.624 Y204.071 Z2.5200 E2662.96140
G1 X173.488 Y202.378 Z2.5207 E2663.77708
G1 X171.264 Y200.094 Z2.5216 E2664.73137
G1 X169.003 Y197.187 Z2.5226 E2665.83402
G1 X166.772 Y193.658 Z2.5237 E2667.08368
G1 X164.656 Y189.552 Z2.5250 E2668.46630
G1 X162.743 Y184.963 Z2.5263 E2669.95470
G1 X161.120 Y180.027 Z2.5277 E2671.51014
G1 X159.858 Y174.917 Z2.5292 E2673.08576
G1 X159.008 Y169.823 Z2.5306 E2674.63162
G1 X158.592 Y164.933 Z2.5319 E2676.10048
G1 X158.601 Y160.414 Z2.5331 E2677.45327
G1 X159.000 Y156.392 Z2.5342 E2678.66315
G1 X159.732 Y152.946 Z2.5352 E2679.71761
G1 X160.731 Y150.108 Z2.5360 E2680.61838
G1 X161.845 Y148.025 Z2.5367 E2681.32548
G1 X161.937 Y147.870 Z2.5367 E2681.37954
G1 X162.043 Y147.724 Z2.5368 E2681.43360
G1 X163.150 Y146.332 Z2.5373 E2681.96602
G1 X163.280 Y146.184 Z2.5373 E2682.02498
G1 X163.424 Y146.049 Z2.5374 E2682.08394
G1 X164.400 Y145.224 Z2.5377 E2682.46645
G1 X164.554 Y145.106 Z2.5378 E2682.52453
G1 X164.719 Y145.004 Z2.5378 E2682.58261
G1 X165.590 Y144.519 Z2.5381 E2682.88096
G1 X165.759 Y144.436 Z2.5381 E2682.93724
G1 X165.934 Y144.368 Z2.5382 E2682.99353
G1 X166.771 Y144.091 Z2.5384 E2683.25744
G1 X166.947 Y144.042 Z2.5385 E2683.31215
G1 X167.127 Y144.009 Z2.5385 E2683.36687
G1 X167.996 Y143.889 Z2.5388 E2683.62936
G1 X168.173 Y143.873 Z2.5388 E2683.68268
G1 X168.351 Y143.872 Z2.5389 E2683.73599
G1 X169.494 Y143.919 Z2.5392 E2684.07846
G1 X170.978 Y144.244 Z2.5396 E2684.53321
G1 X172.713 Y144.947 Z2.5401 E2685.09344
G1 X174.753 Y146.192 Z2.5407 E2685.80890
G1 X176.907 Y147.988 Z2.5415 E2686.64840
G1 X179.142 Y150.383 Z2.5424 E2687.62899
G1 X181.404 Y153.404 Z2.5434 E2688.75856
G1 X183.620 Y157.041 Z2.5446 E2690.03360
G1 X185.706 Y161.242 Z2.5459 E2691.43763
G1 X187.573 Y165.905 Z2.5472 E2692.94126
G1 X189.136 Y170.886 Z2.5486 E2694.50396
G1 X190.327 Y176.008 Z2.5501 E2696.07791
G1 X191.099 Y181.078 Z2.5515 E2697.61322
G1 X191.437 Y185.912 Z2.5528 E2699.06374
G1 X191.354 Y190.350 Z2.5540 E2700.39238
G1 X190.891 Y194.273 Z2.5551 E2701.57477
G1 X190.106 Y197.610 Z2.5560 E2702.60102
G1 X189.066 Y200.339 Z2.5568 E2703.47530
G1 X187.930 Y202.316 Z2.5574 E2704.15801
G1 X187.830 Y202.473 Z2.5575 E2704.21365
G1 X187.716 Y202.620 Z2.5575 E2704.26929
G1 X186.603 Y203.921 Z2.5580 E2704.78173
G1 X186.466 Y204.066 Z2.5580 E2704.84136
G1 X186.315 Y204.196 Z2.5581 E2704.90098
G1 X185.367 Y204.938 Z2.5584 E2705.26130
G1 X185.210 Y205.049 Z2.5585 E2705.31902
G1 X185.043 Y205.145 Z2.5585 E2705.37673
G1 X184.016 Y205.667 Z2.5588 E2705.72153
G1 X183.282 Y205.910 Z2.5590 E2705.95289
G1 X182.380 Y206.137 Z2.5593 E2706.23152
G1 X181.471 Y206.339 Z2.5596 E2706.51015
G1 X180.557 Y206.514 Z2.5598 E2706.78878
G1 X179.638 Y206.662 Z2.5601 E2707.06740
G1 X178.715 Y206.784 Z2.5603 E2707.34603
G1 X177.789 Y206.878 Z2.5606 E2707.62466
G1 X176.861 Y206.946 Z2.5608 E2707.90329
G1 X175.931 Y206.986 Z2.5611 E2708.18192
G1 X173.950 Y206.905 Z2.5616 E2708.77542
G1 X173.772 Y206.880 Z2.5617 E2708.82899
G1 X173.598 Y206.840 Z2.5617 E2708.88256
G1 X172.688 Y206.589 Z2.5620 E2709.16525
G1 X172.522 Y206.535 Z2.5620 E2709.21750
G1 X172.361 Y206.467 Z2.5621 E2709.26976
G1 X171.190 Y205.910 Z2.5624 E2709.65787
G1 X169.728 Y204.878 Z2.5629 E2710.19350
G1 X168.079 Y203.242 Z2.5635 E2710.88898
G1 X166.454 Y201.054 Z2.5643 E2711.70466
G1 X164.897 Y198.272 Z2.5651 E2712.65895
G1 X163.465 Y194.879 Z2.5661 E2713.76159
G1 X162.224 Y190.893 Z2.5673 E2715.01126
G1 X161.242 Y186.379 Z2.5685 E2716.39387
G1 X160.582 Y181.451 Z2.5699 E2717.88227
G1 X160.291 Y176.263 Z2.5713 E2719.43772
G1 X160.395 Y171.000 Z2.5727 E2721.01334
G1 X160.893 Y165.860 Z2.5741 E2722.55920
G1 X161.757 Y161.030 Z2.5755 E2724.02805
G1 X162.935 Y156.667 Z2.5767 E2725.38084
G1 X164.361 Y152.885 Z2.5778 E2726.59073
G1 X165.960 Y149.746 Z2.5788 E2727.64518
G1 X167.659 Y147.263 Z2.5796 E2728.54595
G1 X169.275 Y145.539 Z2.5802 E2729.25306
G1 X169.404 Y145.413 Z2.5803 E2729.30712
G1 X169.544 Y145.299 Z2.5803 E2729.36118
G1 X170.974 Y144.242 Z2.5808 E2729.89360
G1 X171.138 Y144.132 Z2.5809 E2729.95256
G1 X171.312 Y144.040 Z2.5809 E2730.01151
G1 X172.468 Y143.495 Z2.5813 E2730.39402
G1 X172.647 Y143.421 Z2.5813 E2730.45210
G1 X172.833 Y143.365 Z2.5814 E2730.51019
G1 X173.800 Y143.122 Z2.5816 E2730.80854
G1 X173.984 Y143.085 Z2.5817 E2730.86482
G1 X174.171 Y143.066 Z2.5817 E2730.92110
G1 X175.051 Y143.015 Z2.5820 E2731.18501
G1 X175.234 Y143.012 Z2.5820 E2731.23973
G1 X175.416 Y143.027 Z2.5821 E2731.29445
G1 X176.286 Y143.136 Z2.5823 E2731.55694
G1 X176.462 Y143.166 Z2.5824 E2731.61025
G1 X176.634 Y143.212 Z2.5824 E2731.66357
G1 X177.726 Y143.553 Z2.5827 E2732.00604
G1 X179.075 Y144.251 Z2.5831 E2732.46078
G1 X180.569 Y145.379 Z2.5836 E2733.02101
G1 X182.217 Y147.110 Z2.5843 E2733.73648
G1 X183.833 Y149.402 Z2.5851 E2734.57598
G1 X185.372 Y152.294 Z2.5860 E2735.55656
G1 X186.775 Y155.797 Z2.5870 E2736.68614
G1 X187.974 Y159.884 Z2.5881 E2737.96117
G1 X188.902 Y164.482 Z2.5894 E2739.36521
G1 X189.498 Y169.469 Z2.5908 E2740.86884
G1 X189.719 Y174.685 Z2.5922 E2742.43154
G1 X189.544 Y179.940 Z2.5936 E2744.00549
G1 X188.977 Y185.038 Z2.5950 E2745.54079
G1 X188.052 Y189.794 Z2.5963 E2746.99132
G1 X186.824 Y194.060 Z2.5975 E2748.31995
G1 X185.362 Y197.729 Z2.5986 E2749.50234
G1 X183.740 Y200.749 Z2.5996 E2750.52860
G1 X182.029 Y203.116 Z2.6004 E2751.40288
G1 X180.419 Y204.732 Z2.6010 E2752.08559
G1 X180.282 Y204.858 Z2.6010 E2752.14123
G1 X180.134 Y204.970 Z2.6011 E2752.19686
G1 X178.722 Y205.938 Z2.6015 E2752.70930
G1 X178.553 Y206.043 Z2.6016 E2752.76893
G1 X178.373 Y206.130 Z2.6016 E2752.82856
G1 X177.266 Y206.601 Z2.6020 E2753.18888
G1 X177.085 Y206.668 Z2.6020 E2753.24659
G1 X176.898 Y206.717 Z2.6021 E2753.30431
G1 X175.772 Y206.956 Z2.6024 E2753.64910
G1 X175.000 Y207.000 Z2.6026 E2753.88046
G1 X174.069 Y206.986 Z2.6029 E2754.15909
G1 X173.139 Y206.946 Z2.6031 E2754.43772
G1 X172.211 Y206.878 Z2.6034 E2754.71635
G1 X171.285 Y206.784 Z2.6036 E2754.99498
G1 X170.362 Y206.662 Z2.6039 E2755.27361
G1 X169.443 Y206.514 Z2.6041 E2755.55224
G1 X168.529 Y206.339 Z2.6044 E2755.83087
G1 X167.620 Y206.137 Z2.6046 E2756.10950
G1 X165.728 Y205.546 Z2.6052 E2756.70300
G1 X165.563 Y205.476 Z2.6052 E2756.75657
G1 X165.405 Y205.393 Z2.6053 E2756.81014
G1 X164.591 Y204.914 Z2.6055 E2757.09283
G1 X164.444 Y204.819 Z2.6056 E2757.14508
G1 X164.307 Y204.712 Z2.6056 E2757.19733
G1 X163.320 Y203.870 Z2.6060 E2757.58545
G1 X162.175 Y202.495 Z2.6065 E2758.12107
G1 X161.005 Y200.488 Z2.6071 E2758.81656
G1 X160.002 Y197.955 Z2.6078 E2759.63224
G1 X159.218 Y194.865 Z2.6087 E2760.58653
G1 X158.713 Y191.216 Z2.6097 E2761.68917
G1 X158.546 Y187.044 Z2.6108 E2762.93884
G1 X158.766 Y182.431 Z2.6121 E2764.32145
G1 X159.404 Y177.500 Z2.6134 E2765.80985
G1 X160.466 Y172.413 Z2.6149 E2767.36529
G1 X161.928 Y167.357 Z2.6163 E2768.94092
G1 X163.739 Y162.520 Z2.6177 E2770.48677
G1 X165.824 Y158.078 Z2.6190 E2771.95563
G1 X168.091 Y154.169 Z2.6203 E2773.30842
G1 X170.447 Y150.885 Z2.6214 E2774.51831
G1 X172.804 Y148.267 Z2.6223 E2775.57276
G1 X175.088 Y146.308 Z2.6231 E2776.47353
G1 X177.095 Y145.061 Z2.6238 E2777.18063
G1 X177.252 Y144.973 Z2.6238 E2777.23470
G1 X177.417 Y144.899 Z2.6239 E2777.28876
G1 X179.072 Y144.248 Z2.6244 E2777.82118
G1 X179.259 Y144.185 Z2.6244 E2777.88013
G1 X179.451 Y144.140 Z2.6245 E2777.93909
G1 X180.708 Y143.914 Z2.6248 E2778.32160
G1 X180.901 Y143.888 Z2.6249 E2778.37968
G1 X181.095 Y143.882 Z2.6249 E2778.43776
G1 X182.091 Y143.898 Z2.6252 E2778.73612
G1 X182.279 Y143.910 Z2.6252 E2778.79240
G1 X182.465 Y143.939 Z2.6253 E2778.84868
G1 X183.328 Y144.118 Z2.6255 E2779.11259
G1 X183.505 Y144.163 Z2.6256 E2779.16731
G1 X183.677 Y144.224 Z2.6256 E2779.22203
G1 X184.489 Y144.555 Z2.6259 E2779.48452
G1 X184.651 Y144.629 Z2.6259 E2779.53783
G1 X184.806 Y144.718 Z2.6260 E2779.59114
G1 X185.772 Y145.331 Z2.6263 E2779.93362
G1 X186.895 Y146.354 Z2.6267 E2780.38836
G1 X188.046 Y147.829 Z2.6272 E2780.94859
G1 X189.190 Y149.928 Z2.6279 E2781.66405
G1 X190.157 Y152.560 Z2.6286 E2782.50356
G1 X190.896 Y155.752 Z2.6295 E2783.48414
G1 X191.344 Y159.499 Z2.6305 E2784.61372
G1 X191.444 Y163.757 Z2.6317 E2785.88875
G1 X191.151 Y168.438 Z2.6330 E2787.29279
G1 X190.436 Y173.410 Z2.6343 E2788.79642
G1 X189.299 Y178.505 Z2.6358 E2790.35912
G1 X187.769 Y183.536 Z2.6372 E2791.93307
G1 X185.903 Y188.313 Z2.6386 E2793.46837
G1 X183.779 Y192.669 Z2.6399 E2794.91890
G1 X181.488 Y196.471 Z2.6411 E2796.24753
G1 X179.126 Y199.636 Z2.6422 E2797.42992
G1 X176.777 Y202.134 Z2.6431 E2798.45617
G1 X174.512 Y203.977 Z2.6439 E2799.33046
G1 X172.539 Y205.122 Z2.6445 E2800.01317
G1 X172.374 Y205.207 Z2.6446 E2800.06880
G1 X172.202 Y205.277 Z2.6446 E2800.12444
G1 X170.588 Y205.848 Z2.6451 E2800.63688
G1 X170.397 Y205.904 Z2.6451 E2800.69651
G1 X170.201 Y205.942 Z2.6452 E2800.75614
G1 X169.010 Y206.110 Z2.6455 E2801.11646
G1 X168.818 Y206.128 Z2.6456 E2801.17417
G1 X168.625 Y206.127 Z2.6456 E2801.23188
G1 X167.475 Y206.067 Z2.6459 E2801.57668
G1 X166.718 Y205.910 Z2.6462 E2801.80804
G1 X165.822 Y205.656 Z2.6464 E2802.08667
G1 X164.935 Y205.376 Z2.6467 E2802.36530
G1 X164.055 Y205.070 Z2.6469 E2802.64393
G1 X163.185 Y204.739 Z2.6472 E2802.92256
G1 X162.325 Y204.383 Z2.6474 E2803.20119
G1 X161.476 Y204.002 Z2.6477 E2803.47982
G1 X160.638 Y203.596 Z2.6479 E2803.75845
G1 X159.813 Y203.166 Z2.6482 E2804.03708
G1 X158.138 Y202.105 Z2.6487 E2804.63058
G1 X157.997 Y201.995 Z2.6488 E2804.68415
G1 X157.866 Y201.874 Z2.6488 E2804.73772
G1 X157.203 Y201.201 Z2.6491 E2805.02041
G1 X157.086 Y201.071 Z2.6491 E2805.07266
G1 X156.981 Y200.932 Z2.6492 E2805.12491
G1 X156.246 Y199.864 Z2.6495 E2805.51303
G1 X155.496 Y198.239 Z2.6500 E2806.04865
G1 X154.885 Y195.997 Z2.6506 E2806.74413
G1 X154.572 Y193.291 Z2.6514 E2807.55981
G1 X154.614 Y190.103 Z2.6523 E2808.51411
G1 X155.071 Y186.448 Z2.6533 E2809.61675
G1 X155.989 Y182.375 Z2.6544 E2810.86641
G1 X157.396 Y177.976 Z2.6556 E2812.24903
G1 X159.288 Y173.378 Z2.6570 E2813.73743
G1 X161.631 Y168.739 Z2.6584 E2815.29287
G1 X164.352 Y164.234 Z2.6598 E2816.86849
G1 X167.353 Y160.031 Z2.6612 E2818.41435
G1 X170.516 Y156.280 Z2.6626 E2819.88321
G1 X173.718 Y153.091 Z2.6638 E2821.23600
G1 X176.844 Y150.528 Z2.6649 E2822.44588
G1 X179.798 Y148.609 Z2.6659 E2823.50034
G1 X182.511 Y147.309 Z2.6667 E2824.40111
G1 X184.772 Y146.624 Z2.6673 E2825.10821
G1 X184.947 Y146.579 Z2.6674 E2825.16227
G1 X185.126 Y146.551 Z2.6674 E2825.21634
G1 X186.893 Y146.349 Z2.6679 E2825.74875
G1 X187.089 Y146.337 Z2.6680 E2825.80771
G1 X187.286 Y146.344 Z2.6680 E2825.86667
G1 X188.560 Y146.450 Z2.6684 E2826.24918
G1 X188.752 Y146.476 Z2.6684 E2826.30726
G1 X188.941 Y146.520 Z2.6685 E2826.36534
G1 X189.899 Y146.793 Z2.6687 E2826.66369
G1 X190.078 Y146.853 Z2.6688 E2826.71997
G1 X190.249 Y146.930 Z2.6688 E2826.77626
G1 X191.037 Y147.325 Z2.6691 E2827.04017
G1 X191.196 Y147.415 Z2.6691 E2827.09488
G1 X191.347 Y147.519 Z2.6692 E2827.14960
G1 X192.046 Y148.048 Z2.6694 E2827.41209
G1 X192.183 Y148.162 Z2.6695 E2827.46541
G1 X192.309 Y148.288 Z2.6695 E2827.51872
G1 X193.084 Y149.129 Z2.6698 E2827.86120
G1 X193.904 Y150.408 Z2.6702 E2828.31594
G1 X194.634 Y152.132 Z2.6708 E2828.87617
G1 X195.195 Y154.455 Z2.6714 E2829.59163
G1 X195.449 Y157.248 Z2.6722 E2830.43113
G1 X195.336 Y160.522 Z2.6731 E2831.41172
G1 X194.799 Y164.257 Z2.6741 E2832.54129
G1 X193.794 Y168.396 Z2.6752 E2833.81633
G1 X192.299 Y172.842 Z2.6765 E2835.22037
G1 X190.321 Y177.459 Z2.6779 E2836.72399
G1 X187.905 Y182.087 Z2.6793 E2838.28670
G1 X185.125 Y186.550 Z2.6807 E2839.86064
G1 X182.086 Y190.681 Z2.6821 E2841.39595
G1 X178.906 Y194.339 Z2.6835 E2842.84647
G1 X175.710 Y197.418 Z2.6847 E2844.17511
G1 X172.609 Y199.865 Z2.6857 E2845.35750
G1 X169.694 Y201.669 Z2.6867 E2846.38375
G1 X167.029 Y202.864 Z2.6875 E2847.25803
G1 X164.827 Y203.458 Z2.6881 E2847.94074
G1 X164.646 Y203.498 Z2.6881 E2847.99638
G1 X164.461 Y203.521 Z2.6882 E2848.05202
G1 X162.754 Y203.655 Z2.6886 E2848.56446
G1 X162.555 Y203.660 Z2.6887 E2848.62409
G1 X162.357 Y203.646 Z2.6888 E2848.68372
G1 X161.162 Y203.500 Z2.6891 E2849.04404
G1 X160.972 Y203.467 Z2.6891 E2849.10175
G1 X160.786 Y203.417 Z2.6892 E2849.15946
G1 X159.690 Y203.061 Z2.6895 E2849.50426
G1 X159.000 Y202.713 Z2.6897 E2849.73562
G1 X158.201 Y202.236 Z2.6900 E2850.01425
G1 X157.416 Y201.736 Z2.6902 E2850.29288
G1 X156.646 Y201.213 Z2.6905 E2850.57151
G1 X155.891 Y200.668 Z2.6907 E2850.85014
G1 X155.152 Y200.101 Z2.6910 E2851.12877
G1 X154.431 Y199.513 Z2.6912 E2851.40740
G1 X153.727 Y198.905 Z2.6915 E2851.68602
G1 X153.040 Y198.276 Z2.6917 E2851.96465
G1 X151.697 Y196.817 Z2.6923 E2852.55816
G1 X151.589 Y196.675 Z2.6923 E2852.61173
G1 X151.494 Y196.523 Z2.6924 E2852.66530
G1 X151.028 Y195.702 Z2.6926 E2852.94798
G1 X150.949 Y195.546 Z2.6927 E2853.00024
G1 X150.883 Y195.384 Z2.6927 E2853.05249
G1 X150.450 Y194.163 Z2.6931 E2853.44061
G1 X150.146 Y192.399 Z2.6936 E2853.97623
G1 X150.136 Y190.076 Z2.6942 E2854.67171
G1 X150.534 Y187.380 Z2.6949 E2855.48739
G1 X151.400 Y184.312 Z2.6958 E2856.44168
G1 X152.787 Y180.900 Z2.6968 E2857.54433
G1 X154.728 Y177.204 Z2.6979 E2858.79399
G1 X157.225 Y173.318 Z2.6992 E2860.17660
G1 X160.244 Y169.367 Z2.7006 E2861.66500
G1 X163.706 Y165.493 Z2.7020 E2863.22045
G1 X167.501 Y161.845 Z2.7034 E2864.79607
G1 X171.488 Y158.562 Z2.7048 E2866.34193
G1 X175.514 Y155.757 Z2.7061 E2867.81078
G1 X179.432 Y153.505 Z2.7074 E2869.16357
G1 X183.115 Y151.839 Z2.7085 E2870.37346
G1 X186.465 Y150.750 Z2.7094 E2871.42792
G1 X189.423 Y150.196 Z2.7102 E2872.32869
G1 X191.784 Y150.120 Z2.7109 E2873.03579
G1 X191.964 Y150.122 Z2.7109 E2873.08985
G1 X192.144 Y150.141 Z2.7110 E2873.14391
G1 X193.903 Y150.404 Z2.7115 E2873.67633
G1 X194.096 Y150.442 Z2.7115 E2873.73529
G1 X194.284 Y150.500 Z2.7116 E2873.79425
G1 X195.487 Y150.933 Z2.7119 E2874.17675
G1 X195.666 Y151.007 Z2.7120 E2874.23484
G1 X195.837 Y151.098 Z2.7120 E2874.29292
G1 X196.692 Y151.610 Z2.7123 E2874.59127
G1 X196.849 Y151.715 Z2.7124 E2874.64755
G1 X196.995 Y151.833 Z2.7124 E2874.70383
G1 X197.653 Y152.419 Z2.7126 E2874.96774
G1 X197.784 Y152.547 Z2.7127 E2875.02246
G1 X197.903 Y152.686 Z2.7127 E2875.07718
G1 X198.441 Y153.378 Z2.7130 E2875.33967
G1 X198.543 Y153.524 Z2.7130 E2875.39298
G1 X198.633 Y153.678 Z2.7131 E2875.44630
G1 X199.164 Y154.691 Z2.7134 E2875.78877
G1 X199.625 Y156.139 Z2.7138 E2876.24352
G1 X199.883 Y157.993 Z2.7143 E2876.80375
G1 X199.824 Y160.382 Z2.7150 E2877.51921
G1 X199.347 Y163.145 Z2.7157 E2878.35871
G1 X198.390 Y166.278 Z2.7166 E2879.33930
G1 X196.905 Y169.747 Z2.7176 E2880.46887
G1 X194.863 Y173.485 Z2.7188 E2881.74390
G1 X192.268 Y177.393 Z2.7201 E2883.14794
G1 X189.163 Y181.341 Z2.7214 E2884.65157
G1 X185.631 Y185.185 Z2.7229 E2886.21427
G1 X181.791 Y188.777 Z2.7243 E2887.78822
G1 X177.786 Y191.981 Z2.7257 E2889.32353
G1 X173.768 Y194.691 Z2.7270 E2890.77405
G1 X169.884 Y196.838 Z2.7282 E2892.10268
G1 X166.255 Y198.399 Z2.7293 E2893.28507
G1 X162.972 Y199.387 Z2.7302 E2894.31133
G1 X160.089 Y199.851 Z2.7310 E2895.18561
G1 X157.808 Y199.856 Z2.7316 E2895.86832
G1 X157.622 Y199.847 Z2.7317 E2895.92396
G1 X157.438 Y199.822 Z2.7317 E2895.97959
G1 X155.755 Y199.509 Z2.7322 E2896.49203
G1 X155.562 Y199.463 Z2.7323 E2896.55166
G1 X155.373 Y199.397 Z2.7323 E2896.61129
G1 X154.257 Y198.947 Z2.7326 E2896.97161
G1 X154.082 Y198.867 Z2.7327 E2897.02932
G1 X153.915 Y198.769 Z2.7327 E2897.08704
G1 X152.949 Y198.142 Z2.7331 E2897.43184
G1 X152.373 Y197.627 Z2.7333 E2897.66319
G1 X151.724 Y196.960 Z2.7335 E2897.94182
G1 X151.095 Y196.273 Z2.7338 E2898.22045
G1 X150.487 Y195.569 Z2.7340 E2898.49908
G1 X149.899 Y194.848 Z2.7343 E2898.77771
G1 X149.332 Y194.109 Z2.7345 E2899.05634
G1 X148.787 Y193.354 Z2.7348 E2899.33497
G1 X148.264 Y192.584 Z2.7350 E2899.61360
G1 X147.764 Y191.799 Z2.7353 E2899.89223
G1 X146.845 Y190.043 Z2.7358 E2900.48573
G1 X146.777 Y189.877 Z2.7359 E2900.53930
G1 X146.724 Y189.706 Z2.7359 E2900.59287
G1 X146.487 Y188.792 Z2.7362 E2900.87556
G1 X146.451 Y188.621 Z2.7362 E2900.92781
G1 X146.429 Y188.448 Z2.7363 E2900.98006
G1 X146.327 Y187.155 Z2.7366 E2901.36818
G1 X146.489 Y185.374 Z2.7371 E2901.90380
G1 X147.081 Y183.127 Z2.7378 E2902.59929
G1 X148.163 Y180.626 Z2.7385 E2903.41497
G1 X149.794 Y177.887 Z2.7394 E2904.36926
G1 X152.017 Y174.949 Z2.7404 E2905.47190
G1 X154.848 Y171.882 Z2.7415 E2906.72157
G1 X158.266 Y168.775 Z2.7428 E2908.10418
G1 X162.204 Y165.739 Z2.7441 E2909.59258
G1 X166.552 Y162.894 Z2.7455 E2911.14803
G1 X171.162 Y160.352 Z2.7470 E2912.72365
G1 X175.862 Y158.213 Z2.7484 E2914.26950
G1 X180.477 Y156.546 Z2.7497 E2915.73836
G1 X184.845 Y155.385 Z2.7509 E2917.09115
G1 X188.833 Y154.729 Z2.7520 E2918.30104
G1 X192.350 Y154.544 Z2.7530 E2919.35549
G1 X195.351 Y154.774 Z2.7538 E2920.25626
G1 X197.651 Y155.312 Z2.7544 E2920.96336
G1 X197.825 Y155.361 Z2.7545 E2921.01743
G1 X197.994 Y155.425 Z2.7545 E2921.07149
G1 X199.625 Y156.134 Z2.7550 E2921.60391
G1 X199.801 Y156.222 Z2.7551 E2921.66287
G1 X199.968 Y156.326 Z2.7551 E2921.72182
G1 X201.018 Y157.055 Z2.7555 E2922.10433
G1 X201.172 Y157.173 Z2.7555 E2922.16241
G1 X201.313 Y157.306 Z2.7556 E2922.22049
G1 X202.007 Y158.022 Z2.7559 E2922.51885
G1 X202.131 Y158.163 Z2.7559 E2922.57513
G1 X202.242 Y158.315 Z2.7560 E2922.63141
G1 X202.726 Y159.052 Z2.7562 E2922.89532
G1 X202.819 Y159.209 Z2.7562 E2922.95004
G1 X202.898 Y159.374 Z2.7563 E2923.00476
G1 X203.238 Y160.182 Z2.7565 E2923.26725
G1 X203.300 Y160.349 Z2.7566 E2923.32056
G1 X203.346 Y160.521 Z2.7566 E2923.37387
G1 X203.596 Y161.637 Z2.7569 E2923.71635
G1 X203.667 Y163.155 Z2.7574 E2924.17109
G1 X203.437 Y165.012 Z2.7579 E2924.73132
G1 X202.762 Y167.305 Z2.7585 E2925.44678
G1 X201.585 Y169.851 Z2.7593 E2926.28629
G1 X199.850 Y172.629 Z2.7602 E2927.26687
G1 X197.518 Y175.596 Z2.7612 E2928.39645
G1 X194.578 Y178.678 Z2.7624 E2929.67148
G1 X191.060 Y181.780 Z2.7636 E2931.07552
G1 X187.039 Y184.791 Z2.7650 E2932.57915
G1 X182.632 Y187.590 Z2.7664 E2934.14185
G1 X177.993 Y190.065 Z2.7678 E2935.71580
G1 X173.296 Y192.123 Z2.7692 E2937.25110
G1 X168.714 Y193.701 Z2.7706 E2938.70163
G1 X164.406 Y194.770 Z2.7718 E2940.03026
G1 X160.497 Y195.338 Z2.7728 E2941.21265
G1 X157.070 Y195.443 Z2.7738 E2942.23890
G1 X154.165 Y195.145 Z2.7746 E2943.11319
G1 X151.961 Y194.559 Z2.7752 E2943.79590
G1 X151.784 Y194.503 Z2.7752 E2943.85153
G1 X151.612 Y194.431 Z2.7753 E2943.90717
G1 X150.068 Y193.693 Z2.7758 E2944.41961
G1 X149.892 Y193.598 Z2.7758 E2944.47924
G1 X149.728 Y193.486 Z2.7759 E2944.53887
G1 X148.766 Y192.763 Z2.7762 E2944.89919
G1 X148.617 Y192.639 Z2.7762 E2944.95690
G1 X148.482 Y192.502 Z2.7763 E2945.01461
G1 X147.711 Y191.646 Z2.7766 E2945.35941
G1 X147.287 Y191.000 Z2.7768 E2945.59077
G1 X146.834 Y190.187 Z2.7771 E2945.86940
G1 X146.404 Y189.362 Z2.7773 E2946.14803
G1 X145.998 Y188.524 Z2.7776 E2946.42666
G1 X145.617 Y187.675 Z2.7778 E2946.70529
G1 X145.261 Y186.815 Z2.7781 E2946.98392
G1 X144.930 Y185.945 Z2.7783 E2947.26255
G1 X144.624 Y185.065 Z2.7786 E2947.54118
G1 X144.344 Y184.178 Z2.7788 E2947.81981
G1 X143.911 Y182.243 Z2.7794 E2948.41331
G1 X143.888 Y182.065 Z2.7794 E2948.46688
G1 X143.882 Y181.887 Z2.7795 E2948.52045
G1 X143.889 Y180.942 Z2.7797 E2948.80314
G1 X143.898 Y180.768 Z2.7798 E2948.85539
G1 X143.922 Y180.595 Z2.7798 E2948.90764
G1 X144.158 Y179.320 Z2.7802 E2949.29576
G1 X144.776 Y177.641 Z2.7807 E2949.83138
G1 X145.929 Y175.624 Z2.7813 E2950.52686
G1 X147.622 Y173.488 Z2.7820 E2951.34254
G1 X149.906 Y171.264 Z2.7829 E2952.29684
G1 X152.813 Y169.003 Z2.7839 E2953.39948
G1 X156.342 Y166.772 Z2.7851 E2954.64914
G1 X160.448 Y164.656 Z2.7863 E2956.03176
G1 X165.037 Y162.743 Z2.7877 E2957.52016
G1 X169.973 Y161.120 Z2.7891 E2959.07560
G1 X175.083 Y159.858 Z2.7905 E2960.65122
G1 X180.177 Y159.008 Z2.7919 E2962.19708
G1 X185.067 Y158.592 Z2.7932 E2963.66594
G1 X189.586 Y158.601 Z2.7945 E2965.01873
G1 X193.608 Y159.000 Z2.7956 E2966.22861
G1 X197.054 Y159.732 Z2.7965 E2967.28307
G1 X199.892 Y160.731 Z2.7974 E2968.18384
G1 X201.975 Y161.845 Z2.7980 E2968.89094
G1 X202.130 Y161.937 Z2.7980 E2968.94500
G1 X202.276 Y162.043 Z2.7981 E2968.99907
G1 X203.668 Y163.150 Z2.7986 E2969.53148
G1 X203.816 Y163.280 Z2.7986 E2969.59044
G1 X203.951 Y163.424 Z2.7987 E2969.64940
G1 X204.776 Y164.400 Z2.7990 E2970.03191
G1 X204.894 Y164.554 Z2.7991 E2970.08999
G1 X204.996 Y164.719 Z2.7991 E2970.14807
G1 X205.481 Y165.590 Z2.7994 E2970.44642
G1 X205.564 Y165.759 Z2.7995 E2970.50271
G1 X205.632 Y165.934 Z2.7995 E2970.55899
G1 X205.909 Y166.771 Z2.7998 E2970.82290
G1 X205.958 Y166.947 Z2.7998 E2970.87762
G1 X205.991 Y167.127 Z2.7998 E2970.93233
G1 X206.111 Y167.996 Z2.8001 E2971.19483
G1 X206.127 Y168.173 Z2.8001 E2971.24814
G1 X206.128 Y168.351 Z2.8002 E2971.30145
G1 X206.081 Y169.494 Z2.8005 E2971.64393
G1 X205.756 Y170.978 Z2.8009 E2972.09867
G1 X205.053 Y172.713 Z2.8014 E2972.65890
G1 X203.808 Y174.753 Z2.8021 E2973.37436
G1 X202.012 Y176.907 Z2.8028 E2974.21386
G1 X199.617 Y179.142 Z2.8037 E2975.19445
G1 X196.596 Y181.404 Z2.8047 E2976.32402
G1 X192.959 Y183.620 Z2.8059 E2977.59906
G1 X188.758 Y185.706 Z2.8072 E2979.00310
G1 X184.095 Y187.573 Z2.8086 E2980.50672
G1 X179.114 Y189.136 Z2.8100 E2982.06943
G1 X173.992 Y190.327 Z2.8114 E2983.64337
G1 X168.922 Y191.099 Z2.8128 E2985.17868
G1 X164.088 Y191.437 Z2.8141 E2986.62921
G1 X159.650 Y191.354 Z2.8153 E2987.95784
G1 X155.727 Y190.891 Z2.8164 E2989.14023
G1 X152.390 Y190.106 Z2.8173 E2990.16648
G1 X149.661 Y189.066 Z2.8181 E2991.04076
G1 X147.684 Y187.930 Z2.8187 E2991.72347
G1 X147.527 Y187.830 Z2.8188 E2991.77911
G1 X147.380 Y187.716 Z2.8188 E2991.83475
G1 X146.079 Y186.603 Z2.8193 E2992.34719
G1 X145.934 Y186.466 Z2.8194 E2992.40682
G1 X145.804 Y186.315 Z2.8194 E2992.46645
G1 X145.062 Y185.367 Z2.8197 E2992.82677
G1 X144.951 Y185.210 Z2.8198 E2992.88448
G1 X144.855 Y185.043 Z2.8199 E2992.94219
G1 X144.333 Y184.016 Z2.8202 E2993.28699
G1 X144.090 Y183.282 Z2.8204 E2993.51835
G1 X143.847 Y182.313 Z2.8206 E2993.81743
G1 X143.634 Y181.337 Z2.8209 E2994.11650
G1 X143.451 Y180.355 Z2.8212 E2994.41558
G1 X143.299 Y179.367 Z2.8215 E2994.71466
G1 X143.179 Y178.375 Z2.8217 E2995.01374
G1 X143.089 Y177.380 Z2.8220 E2995.31282
G1 X143.030 Y176.383 Z2.8223 E2995.61189
G1 X143.002 Y175.384 Z2.8225 E2995.91097
G1 X143.006 Y174.385 Z2.8228 E2996.21005
G1 X143.041 Y173.387 Z2.8231 E2996.50913
G1 X143.107 Y172.390 Z2.8234 E2996.80821
G1 X143.204 Y171.395 Z2.8236 E2997.10728
G1 X143.332 Y170.404 Z2.8239 E2997.40636
G1 X143.491 Y169.418 Z2.8242 E2997.70544
G1 X143.680 Y168.437 Z2.8245 E2998.00452
G1 X143.900 Y167.463 Z2.8247 E2998.30359
G1 X144.151 Y166.495 Z2.8250 E2998.60267
G1 X144.431 Y165.536 Z2.8253 E2998.90175
G1 X144.742 Y164.587 Z2.8255 E2999.20083
G1 X145.082 Y163.647 Z2.8258 E2999.49991
G1 X145.451 Y162.719 Z2.8261 E2999.79898
G1 X145.848 Y161.802 Z2.8264 E3000.09806
G1 X146.275 Y160.898 Z2.8266 E3000.39714
G1 X146.729 Y160.009 Z2.8269 E3000.69622
G1 X147.211 Y159.133 Z2.8272 E3000.99530
G1 X147.720 Y158.273 Z2.8274 E3001.29437
G1 X148.255 Y157.430 Z2.8277 E3001.59345
G1 X148.817 Y156.604 Z2.8280 E3001.89253
G1 X149.404 Y155.795 Z2.8283 E3002.19161
G1 X150.016 Y155.005 Z2.8285 E3002.49069
G1 X150.652 Y154.235 Z2.8288 E3002.78976
G1 X151.312 Y153.485 Z2.8291 E3003.08884
G1 X151.995 Y152.756 Z2.8293 E3003.38792
G1 X152.701 Y152.049 Z2.8296 E3003.68700
G1 X153.428 Y151.364 Z2.8299 E3003.98608
G1 X154.177 Y150.702 Z2.8302 E3004.28515
G1 X154.945 Y150.064 Z2.8304 E3004.58423
G1 X155.734 Y149.450 Z2.8307 E3004.88331
G1 X156.541 Y148.861 Z2.8310 E3005.18239
G1 X157.366 Y148.297 Z2.8312 E3005.48146
G1 X158.208 Y147.760 Z2.8315 E3005.78054
G1 X159.067 Y147.249 Z2.8318 E3006.07962
G1 X159.941 Y146.765 Z2.8321 E3006.37870
G1 X160.830 Y146.309 Z2.8323 E3006.67778
G1 X161.732 Y145.880 Z2.8326 E3006.97685
G1 X162.648 Y145.480 Z2.8329 E3007.27593
G1 X163.575 Y145.109 Z2.8331 E3007.57501
G1 X164.514 Y144.767 Z2.8334 E3007.87409
G1 X165.463 Y144.454 Z2.8337 E3008.17317
G1 X166.421 Y144.171 Z2.8340 E3008.47224
G1 X167.388 Y143.919 Z2.8342 E3008.77132
G1 X168.362 Y143.696 Z2.8345 E3009.07040
G1 X169.342 Y143.504 Z2.8348 E3009.36948
G1 X170.328 Y143.343 Z2.8351 E3009.66856
G1 X171.319 Y143.212 Z2.8353 E3009.96763
G1 X172.313 Y143.113 Z2.8356 E3010.26671
G1 X173.310 Y143.045 Z2.8359 E3010.56579
G1 X174.308 Y143.007 Z2.8361 E3010.86487
G1 X175.307 Y143.001 Z2.8364 E3011.16394
G1 X176.306 Y143.027 Z2.8367 E3011.46302
G1 X177.304 Y143.083 Z2.8370 E3011.76210
G1 X178.299 Y143.171 Z2.8372 E3012.06118
G1 X179.291 Y143.289 Z2.8375 E3012.36026
G1 X180.279 Y143.438 Z2.8378 E3012.65933
G1 X181.262 Y143.619 Z2.8380 E3012.95841
G1 X182.238 Y143.829 Z2.8383 E3013.25749
G1 X183.208 Y144.071 Z2.8386 E3013.55657
G1 X184.170 Y144.342 Z2.8389 E3013.85565
G1 X185.122 Y144.643 Z2.8391 E3014.15472
G1 X186.065 Y144.974 Z2.8394 E3014.45380
G1 X186.997 Y145.334 Z2.8397 E3014.75288
G1 X187.917 Y145.723 Z2.8399 E3015.05196
G1 X188.825 Y146.140 Z2.8402 E3015.35104
G1 X189.719 Y146.586 Z2.8405 E3015.65011
G1 X190.599 Y147.059 Z2.8408 E3015.94919
G1 X191.464 Y147.560 Z2.8410 E3016.24827
G1 X192.312 Y148.087 Z2.8413 E3016.54735
G1 X193.144 Y148.641 Z2.8416 E3016.84643
G1 X193.958 Y149.220 Z2.8418 E3017.14550
G1 X194.754 Y149.825 Z2.8421 E3017.44458
G1 X195.530 Y150.454 Z2.8424 E3017.74366
G1 X196.286 Y151.107 Z2.8427 E3018.04274
G1 X197.022 Y151.783 Z2.8429 E3018.34181
G1 X197.736 Y152.482 Z2.8432 E3018.64089
G1 X198.428 Y153.202 Z2.8435 E3018.93997
G1 X199.097 Y153.944 Z2.8437 E3019.23905
G1 X199.742 Y154.707 Z2.8440 E3019.53813
G1 X200.364 Y155.489 Z2.8443 E3019.83720
G1 X200.961 Y156.290 Z2.8446 E3020.13628
G1 X201.532 Y157.110 Z2.8448 E3020.43536
G1 X202.078 Y157.947 Z2.8451 E3020.73444
G1 X202.597 Y158.801 Z2.8454 E3021.03352
G1 X203.089 Y159.670 Z2.8457 E3021.33259
G1 X203.554 Y160.555 Z2.8459 E3021.63167
G1 X203.991 Y161.453 Z2.8462 E3021.93075
G1 X204.400 Y162.365 Z2.8465 E3022.22983
G1 X204.780 Y163.289 Z2.8467 E3022.52891
G1 X205.131 Y164.224 Z2.8470 E3022.82798
G1 X205.453 Y165.170 Z2.8473 E3023.12706
G1 X205.745 Y166.125 Z2.8476 E3023.42614
G1 X206.007 Y167.090 Z2.8478 E3023.72522
G1 X206.239 Y168.061 Z2.8481 E3024.02429
G1 X206.440 Y169.040 Z2.8484 E3024.32337
G1 X206.611 Y170.024 Z2.8486 E3024.62245
G1 X206.751 Y171.014 Z2.8489 E3024.92153
G1 X206.860 Y172.007 Z2.8492 E3025.22061
G1 X206.938 Y173.003 Z2.8495 E3025.51968
G1 X206.984 Y174.001 Z2.8497 E3025.81876
G1 X207.000 Y175.000 Z2.8500 E3026.11784
G1 X206.905 Y176.050 Z2.8503 E3026.43353
G1 X206.880 Y176.228 Z2.8503 E3026.48710
G1 X206.840 Y176.402 Z2.8504 E3026.54067
G1 X206.589 Y177.312 Z2.8506 E3026.82336
G1 X206.535 Y177.478 Z2.8507 E3026.87561
G1 X206.467 Y177.639 Z2.8507 E3026.92786
G1 X205.910 Y178.810 Z2.8511 E3027.31598
G1 X204.878 Y180.272 Z2.8516 E3027.85160
G1 X203.242 Y181.921 Z2.8522 E3028.54709
G1 X201.054 Y183.546 Z2.8529 E3029.36276
G1 X198.272 Y185.103 Z2.8538 E3030.31706
G1 X194.879 Y186.535 Z2.8548 E3031.41970
G1 X190.893 Y187.776 Z2.8560 E3032.66937
G1 X186.379 Y188.758 Z2.8572 E3034.05198
G1 X181.451 Y189.418 Z2.8586 E3035.54038
G1 X176.263 Y189.709 Z2.8600 E3037.09582
G1 X171.000 Y189.605 Z2.8614 E3038.67145
G1 X165.860 Y189.107 Z2.8628 E3040.21730
G1 X161.030 Y188.243 Z2.8641 E3041.68616
G1 X156.667 Y187.065 Z2.8654 E3043.03895
G1 X152.885 Y185.639 Z2.8665 E3044.24883
G1 X149.746 Y184.040 Z2.8674 E3045.30329
G1 X147.263 Y182.341 Z2.8683 E3046.20406
G1 X145.539 Y180.725 Z2.8689 E3046.91116
G1 X145.413 Y180.596 Z2.8689 E3046.96522
G1 X145.299 Y180.456 Z2.8690 E3047.01929
G1 X144.242 Y179.026 Z2.8695 E3047.55171
G1 X144.132 Y178.862 Z2.8695 E3047.61066
G1 X144.040 Y178.688 Z2.8696 E3047.66962
G1 X143.495 Y177.532 Z2.8699 E3048.05213
G1 X143.421 Y177.353 Z2.8700 E3048.11021
G1 X143.365 Y177.167 Z2.8700 E3048.16829
G1 X143.122 Y176.200 Z2.8703 E3048.46665
G1 X143.085 Y176.016 Z2.8704 E3048.52293
G1 X143.066 Y175.829 Z2.8704 E3048.57921
G1 X143.015 Y174.949 Z2.8707 E3048.84312
G1 X143.012 Y174.766 Z2.8707 E3048.89784
G1 X143.027 Y174.584 Z2.8708 E3048.95255
G1 X143.136 Y173.714 Z2.8710 E3049.21505
G1 X143.166 Y173.538 Z2.8710 E3049.26836
G1 X143.212 Y173.366 Z2.8711 E3049.32167
G1 X143.553 Y172.274 Z2.8714 E3049.66415
G1 X144.251 Y170.925 Z2.8718 E3050.11889
G1 X145.379 Y169.431 Z2.8723 E3050.67912
G1 X147.110 Y167.783 Z2.8730 E3051.39458
G1 X149.402 Y166.167 Z2.8737 E3052.23409
G1 X152.294 Y164.628 Z2.8746 E3053.21467
G1 X155.797 Y163.225 Z2.8757 E3054.34424
G1 X159.884 Y162.026 Z2.8768 E3055.61928
G1 X164.482 Y161.098 Z2.8781 E3057.02332
G1 X169.469 Y160.502 Z2.8795 E3058.52695
G1 X174.685 Y160.281 Z2.8809 E3060.08965
G1 X179.940 Y160.456 Z2.8823 E3061.66360
G1 X185.038 Y161.023 Z2.8837 E3063.19890
G1 X189.794 Y161.948 Z2.8850 E3064.64943
G1 X194.060 Y163.176 Z2.8862 E3065.97806
G1 X197.729 Y164.638 Z2.8873 E3067.16045
G1 X200.749 Y166.260 Z2.8882 E3068.18670
G1 X203.116 Y167.971 Z2.8890 E3069.06098
G1 X204.732 Y169.581 Z2.8896 E3069.74370
G1 X204.858 Y169.718 Z2.8897 E3069.79933
G1 X204.970 Y169.866 Z2.8897 E3069.85497
G1 X205.938 Y171.278 Z2.8902 E3070.36741
G1 X206.043 Y171.447 Z2.8903 E3070.42704
G1 X206.130 Y171.627 Z2.8903 E3070.48667
G1 X206.601 Y172.734 Z2.8906 E3070.84699
G1 X206.668 Y172.915 Z2.8907 E3070.90470
G1 X206.717 Y173.102 Z2.8908 E3070.96241
G1 X206.956 Y174.228 Z2.8911 E3071.30721
G1 X207.000 Y175.000 Z2.8913 E3071.53857
G1 X206.986 Y175.931 Z2.8915 E3071.81720
G1 X206.946 Y176.861 Z2.8918 E3072.09583
G1 X206.878 Y177.789 Z2.8920 E3072.37446
G1 X206.784 Y178.715 Z2.8923 E3072.65309
G1 X206.662 Y179.638 Z2.8925 E3072.93172
G1 X206.514 Y180.557 Z2.8928 E3073.21035
G1 X206.339 Y181.471 Z2.8930 E3073.48898
G1 X206.137 Y182.380 Z2.8933 E3073.76761
G1 X205.546 Y184.272 Z2.8938 E3074.36111
G1 X205.476 Y184.437 Z2.8939 E3074.41468
G1 X205.393 Y184.595 Z2.8939 E3074.46825
G1 X204.914 Y185.409 Z2.8942 E3074.75094
G1 X204.819 Y185.556 Z2.8942 E3074.80319
G1 X204.712 Y185.693 Z2.8943 E3074.85544
G1 X203.870 Y186.680 Z2.8946 E3075.24356
G1 X202.495 Y187.825 Z2.8951 E3075.77918
G1 X200.488 Y188.995 Z2.8958 E3076.47466
G1 X197.955 Y189.998 Z2.8965 E3077.29034
G1 X194.865 Y190.782 Z2.8974 E3078.24463
G1 X191.216 Y191.287 Z2.8984 E3079.34728
G1 X187.044 Y191.454 Z2.8995 E3080.59694
G1 X182.431 Y191.234 Z2.9008 E3081.97956
G1 X177.500 Y190.596 Z2.9021 E3083.46796
G1 X172.413 Y189.534 Z2.9035 E3085.02340
G1 X167.357 Y188.072 Z2.9050 E3086.59902
G1 X162.520 Y186.261 Z2.9064 E3088.14488
G1 X158.078 Y184.176 Z2.9077 E3089.61374
G1 X154.169 Y181.909 Z2.9089 E3090.96653
G1 X150.885 Y179.553 Z2.9100 E3092.17641
G1 X148.267 Y177.196 Z2.9110 E3093.23087
G1 X146.308 Y174.912 Z2.9118 E3094.13164
G1 X145.061 Y172.905 Z2.9125 E3094.83874
G1 X144.973 Y172.748 Z2.9125 E3094.89280
G1 X144.899 Y172.583 Z2.9125 E3094.94687
G1 X144.248 Y170.928 Z2.9130 E3095.47928
G1 X144.185 Y170.741 Z2.9131 E3095.53824
G1 X144.140 Y170.549 Z2.9131 E3095.59720
G1 X143.914 Y169.292 Z2.9135 E3095.97971
G1 X143.888 Y169.099 Z2.9135 E3096.03779
G1 X143.882 Y168.905 Z2.9136 E3096.09587
G1 X143.898 Y167.909 Z2.9139 E3096.39422
G1 X143.910 Y167.721 Z2.9139 E3096.45050
G1 X143.939 Y167.535 Z2.9140 E3096.50679
G1 X144.118 Y166.672 Z2.9142 E3096.77070
G1 X144.163 Y166.495 Z2.9143 E3096.82541
G1 X144.224 Y166.323 Z2.9143 E3096.88013
G1 X144.555 Y165.511 Z2.9145 E3097.14262
G1 X144.629 Y165.349 Z2.9146 E3097.19594
G1 X144.718 Y165.194 Z2.9146 E3097.24925
G1 X145.331 Y164.228 Z2.9150 E3097.59172
G1 X146.354 Y163.105 Z2.9154 E3098.04647
G1 X147.829 Y161.954 Z2.9159 E3098.60670
G1 X149.928 Y160.810 Z2.9165 E3099.32216
G1 X152.560 Y159.843 Z2.9173 E3100.16166
G1 X155.752 Y159.104 Z2.9182 E3101.14225
G1 X159.499 Y158.656 Z2.9192 E3102.27182
G1 X163.757 Y158.556 Z2.9204 E3103.54686
G1 X168.438 Y158.849 Z2.9216 E3104.95089
G1 X173.410 Y159.564 Z2.9230 E3106.45452
G1 X178.505 Y160.701 Z2.9244 E3108.01722
G1 X183.536 Y162.231 Z2.9259 E3109.59117
G1 X188.313 Y164.097 Z2.9273 E3111.12648
G1 X192.669 Y166.221 Z2.9286 E3112.57700
G1 X196.471 Y168.512 Z2.9298 E3113.90564
G1 X199.636 Y170.874 Z2.9309 E3115.08803
G1 X202.134 Y173.223 Z2.9318 E3116.11428
G1 X203.977 Y175.488 Z2.9326 E3116.98856
G1 X205.122 Y177.461 Z2.9332 E3117.67127
G1 X205.207 Y177.626 Z2.9333 E3117.72691
G1 X205.277 Y177.798 Z2.9333 E3117.78255
G1 X205.848 Y179.412 Z2.9338 E3118.29499
G1 X205.904 Y179.603 Z2.9338 E3118.35462
G1 X205.942 Y179.799 Z2.9339 E3118.41424
G1 X206.110 Y180.990 Z2.9342 E3118.77457
G1 X206.128 Y181.182 Z2.9343 E3118.83228
G1 X206.127 Y181.375 Z2.9343 E3118.88999
G1 X206.067 Y182.525 Z2.9346 E3119.23479
G1 X205.910 Y183.282 Z2.9348 E3119.46615
G1 X205.656 Y184.178 Z2.9351 E3119.74478
G1 X205.376 Y185.065 Z2.9353 E3120.02341
G1 X205.070 Y185.945 Z2.9356 E3120.30204
G1 X204.739 Y186.815 Z2.9358 E3120.58067
G1 X204.383 Y187.675 Z2.9361 E3120.85929
G1 X204.002 Y188.524 Z2.9363 E3121.13792
G1 X203.596 Y189.362 Z2.9366 E3121.41655
G1 X203.166 Y190.187 Z2.9369 E3121.69518
G1 X202.105 Y191.862 Z2.9374 E3122.28868
G1 X201.995 Y192.003 Z2.9374 E3122.34225
G1 X201.874 Y192.134 Z2.9375 E3122.39582
G1 X201.201 Y192.797 Z2.9378 E3122.67851
G1 X201.071 Y192.914 Z2.9378 E3122.73077
G1 X200.932 Y193.019 Z2.9378 E3122.78302
G1 X199.864 Y193.754 Z2.9382 E3123.17113
G1 X198.239 Y194.504 Z2.9387 E3123.70676
G1 X195.997 Y195.115 Z2.9393 E3124.40224
G1 X193.291 Y195.428 Z2.9401 E3125.21792
G1 X190.103 Y195.386 Z2.9409 E3126.17221
G1 X186.448 Y194.929 Z2.9419 E3127.27485
G1 X182.375 Y194.011 Z2.9431 E3128.52452
G1 X177.976 Y192.604 Z2.9443 E3129.90713
G1 X173.378 Y190.712 Z2.9457 E3131.39553
G1 X168.739 Y188.369 Z2.9471 E3132.95098
G1 X164.234 Y185.648 Z2.9485 E3134.52660
G1 X160.031 Y182.647 Z2.9499 E3136.07246
G1 X156.280 Y179.484 Z2.9513 E3137.54131
G1 X153.091 Y176.282 Z2.9525 E3138.89410
G1 X150.528 Y173.156 Z2.9536 E3140.10399
G1 X148.609 Y170.202 Z2.9545 E3141.15844
G1 X147.309 Y167.489 Z2.9554 E3142.05921
G1 X146.624 Y165.228 Z2.9560 E3142.76632
G1 X146.579 Y165.053 Z2.9561 E3142.82038
G1 X146.551 Y164.874 Z2.9561 E3142.87444
G1 X146.349 Y163.107 Z2.9566 E3143.40686
G1 X146.337 Y162.911 Z2.9566 E3143.46582
G1 X146.344 Y162.714 Z2.9567 E3143.52477
G1 X146.450 Y161.440 Z2.9570 E3143.90728
G1 X146.476 Y161.248 Z2.9571 E3143.96536
G1 X146.520 Y161.059 Z2.9571 E3144.02345
G1 X146.793 Y160.101 Z2.9574 E3144.32180
G1 X146.853 Y159.922 Z2.9575 E3144.37808
G1 X146.930 Y159.751 Z2.9575 E3144.43436
G1 X147.325 Y158.963 Z2.9578 E3144.69827
G1 X147.415 Y158.804 Z2.9578 E3144.75299
G1 X147.519 Y158.653 Z2.9579 E3144.80771
G1 X148.048 Y157.954 Z2.9581 E3145.07020
G1 X148.162 Y157.817 Z2.9581 E3145.12351
G1 X148.288 Y157.691 Z2.9582 E3145.17683
G1 X149.129 Y156.916 Z2.9585 E3145.51930
G1 X150.408 Y156.096 Z2.9589 E3145.97405
G1 X152.132 Y155.366 Z2.9594 E3146.53427
G1 X154.455 Y154.805 Z2.9601 E3147.24974
G1 X157.248 Y154.551 Z2.9608 E3148.08924
G1 X160.522 Y154.664 Z2.9617 E3149.06982
G1 X164.257 Y155.201 Z2.9628 E3150.19940
G1 X168.396 Y156.206 Z2.9639 E3151.47443
G1 X172.842 Y157.701 Z2.9652 E3152.87847
G1 X177.459 Y159.679 Z2.9666 E3154.38210
G1 X182.087 Y162.095 Z2.9680 E3155.94480
G1 X186.550 Y164.875 Z2.9694 E3157.51875
G1 X190.681 Y167.914 Z2.9708 E3159.05405
G1 X194.339 Y171.094 Z2.9721 E3160.50458
G1 X197.418 Y174.290 Z2.9733 E3161.83321
G1 X199.865 Y177.391 Z2.9744 E3163.01560
G1 X201.669 Y180.306 Z2.9753 E3164.04186
G1 X202.864 Y182.971 Z2.9761 E3164.91614
G1 X203.458 Y185.173 Z2.9768 E3165.59885
G1 X203.498 Y185.354 Z2.9768 E3165.65449
G1 X203.521 Y185.539 Z2.9769 E3165.71012
G1 X203.655 Y187.246 Z2.9773 E3166.22256
G1 X203.660 Y187.445 Z2.9774 E3166.28219
G1 X203.646 Y187.643 Z2.9774 E3166.34182
G1 X203.500 Y188.838 Z2.9778 E3166.70214
G1 X203.467 Y189.028 Z2.9778 E3166.75985
G1 X203.417 Y189.214 Z2.9779 E3166.81757
G1 X203.061 Y190.310 Z2.9782 E3167.16236
G1 X202.713 Y191.000 Z2.9784 E3167.39372
G1 X202.236 Y191.799 Z2.9786 E3167.67235
G1 X201.736 Y192.584 Z2.9789 E3167.95098
G1 X201.213 Y193.354 Z2.9791 E3168.22961
G1 X200.668 Y194.109 Z2.9794 E3168.50824
G1 X200.101 Y194.848 Z2.9797 E3168.78687
G1 X199.513 Y195.569 Z2.9799 E3169.06550
G1 X198.905 Y196.273 Z2.9802 E3169.34413
G1 X198.276 Y196.960 Z2.9804 E3169.62276
G1 X196.817 Y198.303 Z2.9810 E3170.21626
G1 X196.675 Y198.411 Z2.9810 E3170.26983
G1 X196.523 Y198.506 Z2.9810 E3170.32340
G1 X195.702 Y198.972 Z2.9813 E3170.60609
G1 X195.546 Y199.051 Z2.9814 E3170.65834
G1 X195.384 Y199.117 Z2.9814 E3170.71059
G1 X194.163 Y199.550 Z2.9818 E3171.09871
G1 X192.399 Y199.854 Z2.9822 E3171.63433
G1 X190.076 Y199.864 Z2.9829 E3172.32982
G1 X187.380 Y199.466 Z2.9836 E3173.14550
G1 X184.312 Y198.600 Z2.9845 E3174.09979
G1 X180.900 Y197.213 Z2.9855 E3175.20243
G1 X177.204 Y195.272 Z2.9866 E3176.45210
G1 X173.318 Y192.775 Z2.9879 E3177.83471
G1 X169.367 Y189.756 Z2.9892 E3179.32311
G1 X165.493 Y186.294 Z2.9906 E3180.87855
G1 X161.845 Y182.499 Z2.9921 E3182.45418
G1 X158.562 Y178.512 Z2.9935 E3184.00003
G1 X155.757 Y174.486 Z2.9948 E3185.46889
G1 X153.505 Y170.568 Z2.9960 E3186.82168
G1 X151.839 Y166.885 Z2.9971 E3188.03157
G1 X150.750 Y163.535 Z2.9981 E3189.08602
G1 X150.196 Y160.577 Z2.9989 E3189.98679
G1 X150.120 Y158.216 Z2.9996 E3190.69389
G1 X150.122 Y158.036 Z2.9996 E3190.74796
G1 X150.141 Y157.856 Z2.9997 E3190.80202
G1 X150.404 Y156.097 Z3.0001 E3191.33444
G1 X150.442 Y155.904 Z3.0002 E3191.39339
G1 X150.500 Y155.716 Z3.0002 E3191.45235
G1 X150.933 Y154.513 Z3.0006 E3191.83486
G1 X151.007 Y154.334 Z3.0006 E3191.89294
G1 X151.098 Y154.163 Z3.0007 E3191.95102
G1 X151.610 Y153.308 Z3.0010 E3192.24938
G1 X151.715 Y153.151 Z3.0010 E3192.30566
G1 X151.833 Y153.005 Z3.0011 E3192.36194
G1 X152.419 Y152.347 Z3.0013 E3192.62585
G1 X152.547 Y152.216 Z3.0014 E3192.68057
G1 X152.686 Y152.097 Z3.0014 E3192.73529
G1 X153.378 Y151.559 Z3.0017 E3192.99778
G1 X153.524 Y151.457 Z3.0017 E3193.05109
G1 X153.678 Y151.367 Z3.0017 E3193.10440
G1 X154.691 Y150.836 Z3.0021 E3193.44688
G1 X156.139 Y150.375 Z3.0025 E3193.90162
G1 X157.993 Y150.117 Z3.0030 E3194.46185
G1 X160.382 Y150.176 Z3.0036 E3195.17731
G1 X163.145 Y150.653 Z3.0044 E3196.01682
G1 X166.278 Y151.610 Z3.0053 E3196.99740
G1 X169.747 Y153.095 Z3.0063 E3198.12698
G1 X173.485 Y155.137 Z3.0075 E3199.40201
G1 X177.393 Y157.732 Z3.0087 E3200.80605
G1 X181.341 Y160.837 Z3.0101 E3202.30968
G1 X185.185 Y164.369 Z3.0115 E3203.87238
G1 X188.777 Y168.209 Z3.0130 E3205.44633
G1 X191.981 Y172.214 Z3.0144 E3206.98163
G1 X194.691 Y176.232 Z3.0157 E3208.43216
G1 X196.838 Y180.116 Z3.0169 E3209.76079
G1 X198.399 Y183.745 Z3.0180 E3210.94318
G1 X199.387 Y187.028 Z3.0189 E3211.96943
G1 X199.851 Y189.911 Z3.0197 E3212.84372
G1 X199.856 Y192.192 Z3.0203 E3213.52643
G1 X199.847 Y192.378 Z3.0204 E3213.58206
G1 X199.822 Y192.562 Z3.0204 E3213.63770
G1 X199.509 Y194.245 Z3.0209 E3214.15014
G1 X199.463 Y194.438 Z3.0209 E3214.20977
G1 X199.397 Y194.627 Z3.0210 E3214.26940
G1 X198.947 Y195.743 Z3.0213 E3214.62972
G1 X198.867 Y195.918 Z3.0214 E3214.68743
G1 X198.769 Y196.085 Z3.0214 E3214.74514
G1 X198.142 Y197.051 Z3.0217 E3215.08994
G1 X197.627 Y197.627 Z3.0219 E3215.32130
G1 X196.960 Y198.276 Z3.0222 E3215.59993
G1 X196.273 Y198.905 Z3.0224 E3215.87856
G1 X195.569 Y199.513 Z3.0227 E3216.15719
G1 X194.848 Y200.101 Z3.0230 E3216.43582
G1 X194.109 Y200.668 Z3.0232 E3216.71445
G1 X193.354 Y201.213 Z3.0235 E3216.99308
G1 X192.584 Y201.736 Z3.0237 E3217.27171
G1 X191.799 Y202.236 Z3.0240 E3217.55034
G1 X190.043 Y203.155 Z3.0245 E3218.14384
G1 X189.877 Y203.223 Z3.0246 E3218.19741
G1 X189.706 Y203.276 Z3.0246 E3218.25098
G1 X188.792 Y203.513 Z3.0249 E3218.53367
G1 X188.621 Y203.549 Z3.0249 E3218.58592
G1 X188.448 Y203.571 Z3.0250 E3218.63817
G1 X187.155 Y203.673 Z3.0253 E3219.02629
G1 X185.374 Y203.511 Z3.0258 E3219.56191
G1 X183.127 Y202.919 Z3.0264 E3220.25739
G1 X180.626 Y201.837 Z3.0272 E3221.07307
G1 X177.887 Y200.206 Z3.0280 E3222.02737
G1 X174.949 Y197.983 Z3.0290 E3223.13001
G1 X171.882 Y195.152 Z3.0302 E3224.37967
G1 X168.775 Y191.734 Z3.0314 E3225.76229
G1 X165.739 Y187.796 Z3.0328 E3227.25069
G1 X162.894 Y183.448 Z3.0342 E3228.80613
G1 X160.352 Y178.838 Z3.0356 E3230.38175
G1 X158.213 Y174.138 Z3.0370 E3231.92761
G1 X156.546 Y169.523 Z3.0384 E3233.39647
G1 X155.385 Y165.155 Z3.0396 E3234.74926
G1 X154.729 Y161.167 Z3.0407 E3235.95914
G1 X154.544 Y157.650 Z3.0417 E3237.01360
G1 X154.774 Y154.649 Z3.0425 E3237.91437
G1 X155.312 Y152.349 Z3.0431 E3238.62147
G1 X155.361 Y152.175 Z3.0432 E3238.67553
G1 X155.425 Y152.006 Z3.0432 E3238.72960
G1 X156.134 Y150.375 Z3.0437 E3239.26201
G1 X156.222 Y150.199 Z3.0437 E3239.32097
G1 X156.326 Y150.032 Z3.0438 E3239.37993
G1 X157.055 Y148.982 Z3.0442 E3239.76244
G1 X157.173 Y148.828 Z3.0442 E3239.82052
G1 X157.306 Y148.687 Z3.0443 E3239.87860
G1 X158.022 Y147.993 Z3.0445 E3240.17695
G1 X158.163 Y147.869 Z3.0446 E3240.23323
G1 X158.315 Y147.758 Z3.0446 E3240.28952
G1 X159.052 Y147.274 Z3.0449 E3240.55343
G1 X159.209 Y147.181 Z3.0449 E3240.60814
G1 X159.374 Y147.102 Z3.0450 E3240.66286
G1 X160.182 Y146.762 Z3.0452 E3240.92535
G1 X160.349 Y146.700 Z3.0453 E3240.97867
G1 X160.521 Y146.654 Z3.0453 E3241.03198
G1 X161.637 Y146.404 Z3.0456 E3241.37446
G1 X163.155 Y146.333 Z3.0460 E3241.82920
G1 X165.012 Y146.563 Z3.0465 E3242.38943
G1 X167.305 Y147.238 Z3.0472 E3243.10489
G1 X169.851 Y148.415 Z3.0480 E3243.94439
G1 X172.629 Y150.150 Z3.0488 E3244.92498
G1 X175.596 Y152.482 Z3.0499 E3246.05455
G1 X178.678 Y155.422 Z3.0510 E3247.32959
G1 X181.780 Y158.940 Z3.0523 E3248.73363
G1 X184.791 Y162.961 Z3.0537 E3250.23725
G1 X187.590 Y167.368 Z3.0551 E3251.79996
G1 X190.065 Y172.007 Z3.0565 E3253.37390
G1 X192.123 Y176.704 Z3.0579 E3254.90921
G1 X193.701 Y181.286 Z3.0592 E3256.35973
G1 X194.770 Y185.594 Z3.0604 E3257.68837
G1 X195.338 Y189.503 Z3.0615 E3258.87076
G1 X195.443 Y192.930 Z3.0624 E3259.89701
G1 X195.145 Y195.835 Z3.0632 E3260.77129
G1 X194.559 Y198.039 Z3.0639 E3261.45400
G1 X194.503 Y198.216 Z3.0639 E3261.50964
G1 X194.431 Y198.388 Z3.0640 E3261.56528
G1 X193.693 Y199.932 Z3.0644 E3262.07772
G1 X193.598 Y200.108 Z3.0645 E3262.13735
G1 X193.486 Y200.272 Z3.0645 E3262.19698
G1 X192.763 Y201.234 Z3.0649 E3262.55730
G1 X192.639 Y201.383 Z3.0649 E3262.61501
G1 X192.502 Y201.518 Z3.0650 E3262.67272
G1 X191.646 Y202.289 Z3.0653 E3263.01752
G1 X191.000 Y202.713 Z3.0655 E3263.24888
G1 X190.187 Y203.166 Z3.0657 E3263.52751
G1 X189.362 Y203.596 Z3.0660 E3263.80614
G1 X188.524 Y204.002 Z3.0663 E3264.08477
G1 X187.675 Y204.383 Z3.0665 E3264.36340
G1 X186.815 Y204.739 Z3.0668 E3264.64203
G1 X185.945 Y205.070 Z3.0670 E3264.92066
G1 X185.065 Y205.376 Z3.0673 E3265.19928
G1 X184.178 Y205.656 Z3.0675 E3265.47791
G1 X182.243 Y206.089 Z3.0681 E3266.07142
G1 X182.065 Y206.112 Z3.0681 E3266.12499
G1 X181.887 Y206.118 Z3.0682 E3266.17856
G1 X180.942 Y206.111 Z3.0684 E3266.46124
G1 X180.768 Y206.102 Z3.0685 E3266.51350
G1 X180.595 Y206.078 Z3.0685 E3266.56575
G1 X179.320 Y205.842 Z3.0689 E3266.95387
G1 X177.641 Y205.224 Z3.0693 E3267.48949
G1 X175.624 Y204.071 Z3.0700 E3268.18497
G1 X173.488 Y202.378 Z3.0707 E3269.00065
G1 X171.264 Y200.094 Z3.0716 E3269.95494
G1 X169.003 Y197.187 Z3.0726 E3271.05759
G1 X166.772 Y193.658 Z3.0737 E3272.30725
G1 X164.656 Y189.552 Z3.0750 E3273.68986
G1 X162.743 Y184.963 Z3.0763 E3275.17826
G1 X161.120 Y180.027 Z3.0777 E3276.73371
G1 X159.858 Y174.917 Z3.0792 E3278.30933
G1 X159.008 Y169.823 Z3.0806 E3279.85519
G1 X158.592 Y164.933 Z3.0819 E3281.32404
G1 X158.601 Y160.414 Z3.0831 E3282.67683
G1 X159.000 Y156.392 Z3.0842 E3283.88672
G1 X159.732 Y152.946 Z3.0852 E3284.94118
G1 X160.731 Y150.108 Z3.0860 E3285.84195
G1 X161.845 Y148.025 Z3.0867 E3286.54905
G1 X161.937 Y147.870 Z3.0867 E3286.60311
G1 X162.043 Y147.724 Z3.0868 E3286.65717
G1 X163.150 Y146.332 Z3.0873 E3287.18959
G1 X163.280 Y146.184 Z3.0873 E3287.24855
G1 X163.424 Y146.049 Z3.0874 E3287.30751
G1 X164.400 Y145.224 Z3.0877 E3287.69001
G1 X164.554 Y145.106 Z3.0878 E3287.74810
G1 X164.719 Y145.004 Z3.0878 E3287.80618
G1 X165.590 Y144.519 Z3.0881 E3288.10453
G1 X165.759 Y144.436 Z3.0881 E3288.16081
G1 X165.934 Y144.368 Z3.0882 E3288.21709
G1 X166.771 Y144.091 Z3.0884 E3288.48100
G1 X166.947 Y144.042 Z3.0885 E3288.53572
G1 X167.127 Y144.009 Z3.0885 E3288.59044
G1 X167.996 Y143.889 Z3.0888 E3288.85293
G1 X168.173 Y143.873 Z3.0888 E3288.90624
G1 X168.351 Y143.872 Z3.0889 E3288.95956
G1 X169.494 Y143.919 Z3.0892 E3289.30203
G1 X170.978 Y144.244 Z3.0896 E3289.75678
G1 X172.713 Y144.947 Z3.0901 E3290.31701
G1 X174.753 Y146.192 Z3.0907 E3291.03247
G1 X176.907 Y147.988 Z3.0915 E3291.87197
G1 X179.142 Y150.383 Z3.0924 E3292.85256
G1 X181.404 Y153.404 Z3.0934 E3293.98213
G1 X183.620 Y157.041 Z3.0946 E3295.25716
G1 X185.706 Y161.242 Z3.0959 E3296.66120
G1 X187.573 Y165.905 Z3.0972 E3298.16483
G1 X189.136 Y170.886 Z3.0986 E3299.72753
G1 X190.327 Y176.008 Z3.1001 E3301.30148
G1 X191.099 Y181.078 Z3.1015 E3302.83679
G1 X191.437 Y185.912 Z3.1028 E3304.28731
G1 X191.354 Y190.350 Z3.1040 E3305.61594
G1 X190.891 Y194.273 Z3.1051 E3306.79833
G1 X190.106 Y197.610 Z3.1060 E3307.82459
G1 X189.066 Y200.339 Z3.1068 E3308.69887
G1 X187.930 Y202.316 Z3.1074 E3309.38158
G1 X187.830 Y202.473 Z3.1075 E3309.43722
G1 X187.716 Y202.620 Z3.1075 E3309.49285
G1 X186.603 Y203.921 Z3.1080 E3310.00529
G1 X186.466 Y204.066 Z3.1080 E3310.06492
G1 X186.315 Y204.196 Z3.1081 E3310.12455
G1 X185.367 Y204.938 Z3.1084 E3310.48487
G1 X185.210 Y205.049 Z3.1085 E3310.54258
G1 X185.043 Y205.145 Z3.1085 E3310.60030
G1 X184.016 Y205.667 Z3.1088 E3310.94510
G1 X183.282 Y205.910 Z3.1090 E3311.17645
G1 X182.380 Y206.137 Z3.1093 E3311.45508
G1 X181.471 Y206.339 Z3.1096 E3311.73371
G1 X180.557 Y206.514 Z3.1098 E3312.01234
G1 X179.638 Y206.662 Z3.1101 E3312.29097
G1 X178.715 Y206.784 Z3.1103 E3312.56960
G1 X177.789 Y206.878 Z3.1106 E3312.84823
G1 X176.861 Y206.946 Z3.1108 E3313.12686
G1 X175.931 Y206.986 Z3.1111 E3313.40549
G1 X173.950 Y206.905 Z3.1116 E3313.99899
G1 X173.772 Y206.880 Z3.1117 E3314.05256
G1 X173.598 Y206.840 Z3.1117 E3314.10613
G1 X172.688 Y206.589 Z3.1120 E3314.38882
G1 X172.522 Y206.535 Z3.1120 E3314.44107
G1 X172.361 Y206.467 Z3.1121 E3314.49333
G1 X171.190 Y205.910 Z3.1124 E3314.88144
G1 X169.728 Y204.878 Z3.1129 E3315.41706
G1 X168.079 Y203.242 Z3.1135 E3316.11255
G1 X166.454 Y201.054 Z3.1143 E3316.92823
G1 X164.897 Y198.272 Z3.1151 E3317.88252
G1 X163.465 Y194.879 Z3.1161 E3318.98516
G1 X162.224 Y190.893 Z3.1173 E3320.23483
G1 X161.242 Y186.379 Z3.1185 E3321.61744
G1 X160.582 Y181.451 Z3.1199 E3323.10584
G1 X160.291 Y176.263 Z3.1213 E3324.66129
G1 X160.395 Y171.000 Z3.1227 E3326.23691
G1 X160.893 Y165.860 Z3.1241 E3327.78276
G1 X161.757 Y161.030 Z3.1255 E3329.25162
G1 X162.935 Y156.667 Z3.1267 E3330.60441
G1 X164.361 Y152.885 Z3.1278 E3331.81430
G1 X165.960 Y149.746 Z3.1288 E3332.86875
G1 X167.659 Y147.263 Z3.1296 E3333.76952
G1 X169.275 Y145.539 Z3.1302 E3334.47662
G1 X169.404 Y145.413 Z3.1303 E3334.53069
G1 X169.544 Y145.299 Z3.1303 E3334.58475
G1 X170.974 Y144.242 Z3.1308 E3335.11717
G1 X171.138 Y144.132 Z3.1309 E3335.17613
G1 X171.312 Y144.040 Z3.1309 E3335.23508
G1 X172.468 Y143.495 Z3.1313 E3335.61759
G1 X172.647 Y143.421 Z3.1313 E3335.67567
G1 X172.833 Y143.365 Z3.1314 E3335.73375
G1 X173.800 Y143.122 Z3.1316 E3336.03211
G1 X173.984 Y143.085 Z3.1317 E3336.08839
G1 X174.171 Y143.066 Z3.1317 E3336.14467
G1 X175.051 Y143.015 Z3.1320 E3336.40858
G1 X175.234 Y143.012 Z3.1320 E3336.46330
G1 X175.416 Y143.027 Z3.1321 E3336.51802
G1 X176.286 Y143.136 Z3.1323 E3336.78051
G1 X176.462 Y143.166 Z3.1324 E3336.83382
G1 X176.634 Y143.212 Z3.1324 E3336.88713
G1 X177.726 Y143.553 Z3.1327 E3337.22961
G1 X179.075 Y144.251 Z3.1331 E3337.68435
G1 X180.569 Y145.379 Z3.1336 E3338.24458
G1 X182.217 Y147.110 Z3.1343 E3338.96004
G1 X183.833 Y149.402 Z3.1351 E3339.79955
G1 X185.372 Y152.294 Z3.1360 E3340.78013
G1 X186.775 Y155.797 Z3.1370 E3341.90971
G1 X187.974 Y159.884 Z3.1381 E3343.18474
G1 X188.902 Y164.482 Z3.1394 E3344.58878
G1 X189.498 Y169.469 Z3.1408 E3346.09241
G1 X189.719 Y174.685 Z3.1422 E3347.65511
G1 X189.544 Y179.940 Z3.1436 E3349.22906
G1 X188.977 Y185.038 Z3.1450 E3350.76436
G1 X188.052 Y189.794 Z3.1463 E3352.21489
G1 X186.824 Y194.060 Z3.1475 E3353.54352
G1 X185.362 Y197.729 Z3.1486 E3354.72591
G1 X183.740 Y200.749 Z3.1496 E3355.75216
G1 X182.029 Y203.116 Z3.1504 E3356.62645
G1 X180.419 Y204.732 Z3.1510 E3357.30916
G1 X180.282 Y204.858 Z3.1510 E3357.36479
G1 X180.134 Y204.970 Z3.1511 E3357.42043
G1 X178.722 Y205.938 Z3.1515 E3357.93287
G1 X178.553 Y206.043 Z3.1516 E3357.99250
G1 X178.373 Y206.130 Z3.1516 E3358.05213
G1 X177.266 Y206.601 Z3.1520 E3358.41245
G1 X177.085 Y206.668 Z3.1520 E3358.47016
G1 X176.898 Y206.717 Z3.1521 E3358.52787
G1 X175.772 Y206.956 Z3.1524 E3358.87267
G1 X175.000 Y207.000 Z3.1526 E3359.10403
G1 X174.069 Y206.986 Z3.1529 E3359.38266
G1 X173.139 Y206.946 Z3.1531 E3359.66129
G1 X172.211 Y206.878 Z3.1534 E3359.93992
G1 X171.285 Y206.784 Z3.1536 E3360.21855
G1 X170.362 Y206.662 Z3.1539 E3360.49718
G1 X169.443 Y206.514 Z3.1541 E3360.77581
G1 X168.529 Y206.339 Z3.1544 E3361.05444
G1 X167.620 Y206.137 Z3.1546 E3361.33307
G1 X165.728 Y205.546 Z3.1552 E3361.92657
G1 X165.563 Y205.476 Z3.1552 E3361.98014
G1 X165.405 Y205.393 Z3.1553 E3362.03371
G1 X164.591 Y204.914 Z3.1555 E3362.31640
G1 X164.444 Y204.819 Z3.1556 E3362.36865
G1 X164.307 Y204.712 Z3.1556 E3362.42090
G1 X163.320 Y203.870 Z3.1560 E3362.80902
G1 X162.175 Y202.495 Z3.1565 E3363.34464
G1 X161.005 Y200.488 Z3.1571 E3364.04012
G1 X160.002 Y197.955 Z3.1578 E3364.85580
G1 X159.218 Y194.865 Z3.1587 E3365.81010
G1 X158.713 Y191.216 Z3.1597 E3366.91274
G1 X158.546 Y187.044 Z3.1608 E3368.16240
G1 X158.766 Y182.431 Z3.1621 E3369.54502
G1 X159.404 Y177.500 Z3.1634 E3371.03342
G1 X160.466 Y172.413 Z3.1649 E3372.58886
G1 X161.928 Y167.357 Z3.1663 E3374.16448
G1 X163.739 Y162.520 Z3.1677 E3375.71034
G1 X165.824 Y158.078 Z3.1690 E3377.17920
G1 X168.091 Y154.169 Z3.1703 E3378.53199
G1 X170.447 Y150.885 Z3.1714 E3379.74187
G1 X172.804 Y148.267 Z3.1723 E3380.79633
G1 X175.088 Y146.308 Z3.1731 E3381.69710
G1 X177.095 Y145.061 Z3.1738 E3382.40420
G1 X177.252 Y144.973 Z3.1738 E3382.45826
G1 X177.417 Y144.899 Z3.1739 E3382.51233
G1 X179.072 Y144.248 Z3.1744 E3383.04474
G1 X179.259 Y144.185 Z3.1744 E3383.10370
G1 X179.451 Y144.140 Z3.1745 E3383.16266
G1 X180.708 Y143.914 Z3.1748 E3383.54517
G1 X180.901 Y143.888 Z3.1749 E3383.60325
G1 X181.095 Y143.882 Z3.1749 E3383.66133
G1 X182.091 Y143.898 Z3.1752 E3383.95968
G1 X182.279 Y143.910 Z3.1752 E3384.01597
G1 X182.465 Y143.939 Z3.1753 E3384.07225
G1 X183.328 Y144.118 Z3.1755 E3384.33616
G1 X183.505 Y144.163 Z3.1756 E3384.39088
G1 X183.677 Y144.224 Z3.1756 E3384.44559
G1 X184.489 Y144.555 Z3.1759 E3384.70809
G1 X184.651 Y144.629 Z3.1759 E3384.76140
G1 X184.806 Y144.718 Z3.1760 E3384.81471
G1 X185.772 Y145.331 Z3.1763 E3385.15719
G1 X186.895 Y146.354 Z3.1767 E3385.61193
G1 X188.046 Y147.829 Z3.1772 E3386.17216
G1 X189.190 Y149.928 Z3.1779 E3386.88762
G1 X190.157 Y152.560 Z3.1786 E3387.72712
G1 X190.896 Y155.752 Z3.1795 E3388.70771
G1 X191.344 Y159.499 Z3.1805 E3389.83728
G1 X191.444 Y163.757 Z3.1817 E3391.11232
G1 X191.151 Y168.438 Z3.1830 E3392.51636
G1 X190.436 Y173.410 Z3.1843 E3394.01998
G1 X189.299 Y178.505 Z3.1858 E3395.58269
G1 X187.769 Y183.536 Z3.1872 E3397.15663
G1 X185.903 Y188.313 Z3.1886 E3398.69194
G1 X183.779 Y192.669 Z3.1899 E3400.14247
G1 X181.488 Y196.471 Z3.1911 E3401.47110
G1 X179.126 Y199.636 Z3.1922 E3402.65349
G1 X176.777 Y202.134 Z3.1931 E3403.67974
G1 X174.512 Y203.977 Z3.1939 E3404.55402
G1 X172.539 Y205.122 Z3.1945 E3405.23673
G1 X172.374 Y205.207 Z3.1946 E3405.29237
G1 X172.202 Y205.277 Z3.1946 E3405.34801
G1 X170.588 Y205.848 Z3.1951 E3405.86045
G1 X170.397 Y205.904 Z3.1951 E3405.92008
G1 X170.201 Y205.942 Z3.1952 E3405.97971
G1 X169.010 Y206.110 Z3.1955 E3406.34003
G1 X168.818 Y206.128 Z3.1956 E3406.39774
G1 X168.625 Y206.127 Z3.1956 E3406.45545
G1 X167.475 Y206.067 Z3.1959 E3406.80025
G1 X166.718 Y205.910 Z3.1962 E3407.03161
G1 X165.822 Y205.656 Z3.1964 E3407.31024
G1 X164.935 Y205.376 Z3.1967 E3407.58887
G1 X164.055 Y205.070 Z3.1969 E3407.86750
G1 X163.185 Y204.739 Z3.1972 E3408.14613
G1 X162.325 Y204.383 Z3.1974 E3408.42476
G1 X161.476 Y204.002 Z3.1977 E3408.70339
G1 X160.638 Y203.596 Z3.1979 E3408.98202
G1 X159.813 Y203.166 Z3.1982 E3409.26065
G1 X158.138 Y202.105 Z3.1987 E3409.85415
G1 X157.997 Y201.995 Z3.1988 E3409.90772
G1 X157.866 Y201.874 Z3.1988 E3409.96129
G1 X157.203 Y201.201 Z3.1991 E3410.24397
G1 X157.086 Y201.071 Z3.1991 E3410.29623
G1 X156.981 Y200.932 Z3.1992 E3410.34848
G1 X156.246 Y199.864 Z3.1995 E3410.73660
G1 X155.496 Y198.239 Z3.2000 E3411.27222
G1 X154.885 Y195.997 Z3.2006 E3411.96770
G1 X154.572 Y193.291 Z3.2014 E3412.78338
G1 X154.614 Y190.103 Z3.2023 E3413.73767
G1 X155.071 Y186.448 Z3.2033 E3414.84032
G1 X155.989 Y182.375 Z3.2044 E3416.08998
G1 X157.396 Y177.976 Z3.2056 E3417.47259
G1 X159.288 Y173.378 Z3.2070 E3418.96099
G1 X161.631 Y168.739 Z3.2084 E3420.51644
G1 X164.352 Y164.234 Z3.2098 E3422.09206
G1 X167.353 Y160.031 Z3.2112 E3423.63792
G1 X170.516 Y156.280 Z3.2126 E3425.10678
G1 X173.718 Y153.091 Z3.2138 E3426.45956
G1 X176.844 Y150.528 Z3.2149 E3427.66945
G1 X179.798 Y148.609 Z3.2159 E3428.72391
G1 X182.511 Y147.309 Z3.2167 E3429.62468
G1 X184.772 Y146.624 Z3.2173 E3430.33178
G1 X184.947 Y146.579 Z3.2174 E3430.38584
G1 X185.126 Y146.551 Z3.2174 E3430.43990
G1 X186.893 Y146.349 Z3.2179 E3430.97232
G1 X187.089 Y146.337 Z3.2180 E3431.03128
G1 X187.286 Y146.344 Z3.2180 E3431.09024
G1 X188.560 Y146.450 Z3.2184 E3431.47275
G1 X188.752 Y146.476 Z3.2184 E3431.53083
G1 X188.941 Y146.520 Z3.2185 E3431.58891
G1 X189.899 Y146.793 Z3.2187 E3431.88726
G1 X190.078 Y146.853 Z3.2188 E3431.94354
G1 X190.249 Y146.930 Z3.2188 E3431.99982
G1 X191.037 Y147.325 Z3.2191 E3432.26373
G1 X191.196 Y147.415 Z3.2191 E3432.31845
G1 X191.347 Y147.519 Z3.2192 E3432.37317
G1 X192.046 Y148.048 Z3.2194 E3432.63566
G1 X192.183 Y148.162 Z3.2195 E3432.68898
G1 X192.309 Y148.288 Z3.2195 E3432.74229
G1 X193.084 Y149.129 Z3.2198 E3433.08476
G1 X193.904 Y150.408 Z3.2202 E3433.53951
G1 X194.634 Y152.132 Z3.2208 E3434.09974
G1 X195.195 Y154.455 Z3.2214 E3434.81520
G1 X195.449 Y157.248 Z3.2222 E3435.65470
G1 X195.336 Y160.522 Z3.2231 E3436.63529
G1 X194.799 Y164.257 Z3.2241 E3437.76486
G1 X193.794 Y168.396 Z3.2252 E3439.03989
G1 X192.299 Y172.842 Z3.2265 E3440.44393
G1 X190.321 Y177.459 Z3.2279 E3441.94756
G1 X187.905 Y182.087 Z3.2293 E3443.51026
G1 X185.125 Y186.550 Z3.2307 E3445.08421
G1 X182.086 Y190.681 Z3.2321 E3446.61952
G1 X178.906 Y194.339 Z3.2335 E3448.07004
G1 X175.710 Y197.418 Z3.2347 E3449.39867
G1 X172.609 Y199.865 Z3.2357 E3450.58107
G1 X169.694 Y201.669 Z3.2367 E3451.60732
G1 X167.029 Y202.864 Z3.2375 E3452.48160
G1 X164.827 Y203.458 Z3.2381 E3453.16431
G1 X164.646 Y203.498 Z3.2381 E3453.21995
G1 X164.461 Y203.521 Z3.2382 E3453.27559
G1 X162.754 Y203.655 Z3.2386 E3453.78803
G1 X162.555 Y203.660 Z3.2387 E3453.84765
G1 X162.357 Y203.646 Z3.2388 E3453.90728
G1 X161.162 Y203.500 Z3.2391 E3454.26760
G1 X160.972 Y203.467 Z3.2391 E3454.32532
G1 X160.786 Y203.417 Z3.2392 E3454.38303
G1 X159.690 Y203.061 Z3.2395 E3454.72783
G1 X159.000 Y202.713 Z3.2397 E3454.95919
G1 X158.201 Y202.236 Z3.2400 E3455.23781
G1 X157.416 Y201.736 Z3.2402 E3455.51644
G1 X156.646 Y201.213 Z3.2405 E3455.79507
G1 X155.891 Y200.668 Z3.2407 E3456.07370
G1 X155.152 Y200.101 Z3.2410 E3456.35233
G1 X154.431 Y199.513 Z3.2412 E3456.63096
G1 X153.727 Y198.905 Z3.2415 E3456.90959
G1 X153.040 Y198.276 Z3.2417 E3457.18822
G1 X151.697 Y196.817 Z3.2423 E3457.78172
G1 X151.589 Y196.675 Z3.2423 E3457.83529
G1 X151.494 Y196.523 Z3.2424 E3457.88886
G1 X151.028 Y195.702 Z3.2426 E3458.17155
G1 X150.949 Y195.546 Z3.2427 E3458.22380
G1 X150.883 Y195.384 Z3.2427 E3458.27606
G1 X150.450 Y194.163 Z3.2431 E3458.66417
G1 X150.146 Y192.399 Z3.2436 E3459.19979
G1 X150.136 Y190.076 Z3.2442 E3459.89528
G1 X150.534 Y187.380 Z3.2449 E3460.71096
G1 X151.400 Y184.312 Z3.2458 E3461.66525
G1 X152.787 Y180.900 Z3.2468 E3462.76789
G1 X154.728 Y177.204 Z3.2479 E3464.01756
G1 X157.225 Y173.318 Z3.2492 E3465.40017
G1 X160.244 Y169.367 Z3.2506 E3466.88857
G1 X163.706 Y165.493 Z3.2520 E3468.44402
G1 X167.501 Y161.845 Z3.2534 E3470.01964
G1 X171.488 Y158.562 Z3.2548 E3471.56549
G1 X175.514 Y155.757 Z3.2561 E3473.03435
G1 X179.432 Y153.505 Z3.2574 E3474.38714
G1 X183.115 Y151.839 Z3.2585 E3475.59703
G1 X186.465 Y150.750 Z3.2594 E3476.65148
G1 X189.423 Y150.196 Z3.2602 E3477.55225
G1 X191.784 Y150.120 Z3.2609 E3478.25935
G1 X191.964 Y150.122 Z3.2609 E3478.31342
G1 X192.144 Y150.141 Z3.2610 E3478.36748
G1 X193.903 Y150.404 Z3.2615 E3478.89990
G1 X194.096 Y150.442 Z3.2615 E3478.95886
G1 X194.284 Y150.500 Z3.2616 E3479.01781
G1 X195.487 Y150.933 Z3.2619 E3479.40032
G1 X195.666 Y151.007 Z3.2620 E3479.45840
G1 X195.837 Y151.098 Z3.2620 E3479.51648
G1 X196.692 Y151.610 Z3.2623 E3479.81484
G1 X196.849 Y151.715 Z3.2624 E3479.87112
G1 X196.995 Y151.833 Z3.2624 E3479.92740
G1 X197.653 Y152.419 Z3.2626 E3480.19131
G1 X197.784 Y152.547 Z3.2627 E3480.24603
G1 X197.903 Y152.686 Z3.2627 E3480.30075
G1 X198.441 Y153.378 Z3.2630 E3480.56324
G1 X198.543 Y153.524 Z3.2630 E3480.61655
G1 X198.633 Y153.678 Z3.2631 E3480.66986
G1 X199.164 Y154.691 Z3.2634 E3481.01234
G1 X199.625 Y156.139 Z3.2638 E3481.46708
G1 X199.883 Y157.993 Z3.2643 E3482.02731
G1 X199.824 Y160.382 Z3.2650 E3482.74278
G1 X199.347 Y163.145 Z3.2657 E3483.58228
G1 X198.390 Y166.278 Z3.2666 E3484.56286
G1 X196.905 Y169.747 Z3.2676 E3485.69244
G1 X194.863 Y173.485 Z3.2688 E3486.96747
G1 X192.268 Y177.393 Z3.2701 E3488.37151
G1 X189.163 Y181.341 Z3.2714 E3489.87514
G1 X185.631 Y185.185 Z3.2729 E3491.43784
G1 X181.791 Y188.777 Z3.2743 E3493.01179
G1 X177.786 Y191.981 Z3.2757 E3494.54709
G1 X173.768 Y194.691 Z3.2770 E3495.99762
G1 X169.884 Y196.838 Z3.2782 E3497.32625
G1 X166.255 Y198.399 Z3.2793 E3498.50864
G1 X162.972 Y199.387 Z3.2802 E3499.53490
G1 X160.089 Y199.851 Z3.2810 E3500.40918
G1 X157.808 Y199.856 Z3.2816 E3501.09189
G1 X157.622 Y199.847 Z3.2817 E3501.14753
G1 X157.438 Y199.822 Z3.2817 E3501.20316
G1 X155.755 Y199.509 Z3.2822 E3501.71560
G1 X155.562 Y199.463 Z3.2823 E3501.77523
G1 X155.373 Y199.397 Z3.2823 E3501.83486
G1 X154.257 Y198.947 Z3.2826 E3502.19518
G1 X154.082 Y198.867 Z3.2827 E3502.25289
G1 X153.915 Y198.769 Z3.2827 E3502.31060
G1 X152.949 Y198.142 Z3.2831 E3502.65540
G1 X152.373 Y197.627 Z3.2833 E3502.88676
G1 X151.724 Y196.960 Z3.2835 E3503.16539
G1 X151.095 Y196.273 Z3.2838 E3503.44402
G1 X150.487 Y195.569 Z3.2840 E3503.72265
G1 X149.899 Y194.848 Z3.2843 E3504.00128
G1 X149.332 Y194.109 Z3.2845 E3504.27991
G1 X148.787 Y193.354 Z3.2848 E3504.55854
G1 X148.264 Y192.584 Z3.2850 E3504.83717
G1 X147.764 Y191.799 Z3.2853 E3505.11580
G1 X146.845 Y190.043 Z3.2858 E3505.70930
G1 X146.777 Y189.877 Z3.2859 E3505.76287
G1 X146.724 Y189.706 Z3.2859 E3505.81644
G1 X146.487 Y188.792 Z3.2862 E3506.09913
G1 X146.451 Y188.621 Z3.2862 E3506.15138
G1 X146.429 Y188.448 Z3.2863 E3506.20363
G1 X146.327 Y187.155 Z3.2866 E3506.59175
G1 X146.489 Y185.374 Z3.2871 E3507.12737
G1 X147.081 Y183.127 Z3.2878 E3507.82285
G1 X148.163 Y180.626 Z3.2885 E3508.63853
G1 X149.794 Y177.887 Z3.2894 E3509.59283
G1 X152.017 Y174.949 Z3.2904 E3510.69547
G1 X154.848 Y171.882 Z3.2915 E3511.94514
G1 X158.266 Y168.775 Z3.2928 E3513.32775
G1 X162.204 Y165.739 Z3.2941 E3514.81615
G1 X166.552 Y162.894 Z3.2955 E3516.37159
G1 X171.162 Y160.352 Z3.2970 E3517.94722
G1 X175.862 Y158.213 Z3.2984 E3519.49307
G1 X180.477 Y156.546 Z3.2997 E3520.96193
G1 X184.845 Y155.385 Z3.3009 E3522.31472
G1 X188.833 Y154.729 Z3.3020 E3523.52460
G1 X192.350 Y154.544 Z3.3030 E3524.57906
G1 X195.351 Y154.774 Z3.3038 E3525.47983
G1 X197.651 Y155.312 Z3.3044 E3526.18693
G1 X197.825 Y155.361 Z3.3045 E3526.24099
G1 X197.994 Y155.425 Z3.3045 E3526.29506
G1 X199.625 Y156.134 Z3.3050 E3526.82748
G1 X199.801 Y156.222 Z3.3051 E3526.88643
G1 X199.968 Y156.326 Z3.3051 E3526.94539
G1 X201.018 Y157.055 Z3.3055 E3527.32790
G1 X201.172 Y157.173 Z3.3055 E3527.38598
G1 X201.313 Y157.306 Z3.3056 E3527.44406
G1 X202.007 Y158.022 Z3.3059 E3527.74242
G1 X202.131 Y158.163 Z3.3059 E3527.79870
G1 X202.242 Y158.315 Z3.3060 E3527.85498
G1 X202.726 Y159.052 Z3.3062 E3528.11889
G1 X202.819 Y159.209 Z3.3062 E3528.17361
G1 X202.898 Y159.374 Z3.3063 E3528.22832
G1 X203.238 Y160.182 Z3.3065 E3528.49082
G1 X203.300 Y160.349 Z3.3066 E3528.54413
G1 X203.346 Y160.521 Z3.3066 E3528.59744
G1 X203.596 Y161.637 Z3.3069 E3528.93992
G1 X203.667 Y163.155 Z3.3074 E3529.39466
G1 X203.437 Y165.012 Z3.3079 E3529.95489
G1 X202.762 Y167.305 Z3.3085 E3530.67035
G1 X201.585 Y169.851 Z3.3093 E3531.50986
G1 X199.850 Y172.629 Z3.3102 E3532.49044
G1 X197.518 Y175.596 Z3.3112 E3533.62001
G1 X194.578 Y178.678 Z3.3124 E3534.89505
G1 X191.060 Y181.780 Z3.3136 E3536.29909
G1 X187.039 Y184.791 Z3.3150 E3537.80272
G1 X182.632 Y187.590 Z3.3164 E3539.36542
G1 X177.993 Y190.065 Z3.3178 E3540.93937
G1 X173.296 Y192.123 Z3.3192 E3542.47467
G1 X168.714 Y193.701 Z3.3206 E3543.92520
G1 X164.406 Y194.770 Z3.3218 E3545.25383
G1 X160.497 Y195.338 Z3.3228 E3546.43622
G1 X157.070 Y195.443 Z3.3238 E3547.46247
G1 X154.165 Y195.145 Z3.3246 E3548.33675
G1 X151.961 Y194.559 Z3.3252 E3549.01947
G1 X151.784 Y194.503 Z3.3252 E3549.07510
G1 X151.612 Y194.431 Z3.3253 E3549.13074
G1 X150.068 Y193.693 Z3.3258 E3549.64318
G1 X149.892 Y193.598 Z3.3258 E3549.70281
G1 X149.728 Y193.486 Z3.3259 E3549.76244
G1 X148.766 Y192.763 Z3.3262 E3550.12276
G1 X148.617 Y192.639 Z3.3262 E3550.18047
G1 X148.482 Y192.502 Z3.3263 E3550.23818
G1 X147.711 Y191.646 Z3.3266 E3550.58298
G1 X147.287 Y191.000 Z3.3268 E3550.81434
G1 X146.834 Y190.187 Z3.3271 E3551.09297
G1 X146.404 Y189.362 Z3.3273 E3551.37160
G1 X145.998 Y188.524 Z3.3276 E3551.65023
G1 X145.617 Y187.675 Z3.3278 E3551.92886
G1 X145.261 Y186.815 Z3.3281 E3552.20749
G1 X144.930 Y185.945 Z3.3283 E3552.48612
G1 X144.624 Y185.065 Z3.3286 E3552.76475
G1 X144.344 Y184.178 Z3.3288 E3553.04338
G1 X143.911 Y182.243 Z3.3294 E3553.63688
G1 X143.888 Y182.065 Z3.3294 E3553.69045
G1 X143.882 Y181.887 Z3.3295 E3553.74402
G1 X143.889 Y180.942 Z3.3297 E3554.02671
G1 X143.898 Y180.768 Z3.3298 E3554.07896
G1 X143.922 Y180.595 Z3.3298 E3554.13121
G1 X144.158 Y179.320 Z3.3302 E3554.51933
G1 X144.776 Y177.641 Z3.3307 E3555.05495
G1 X145.929 Y175.624 Z3.3313 E3555.75043
G1 X147.622 Y173.488 Z3.3320 E3556.56611
G1 X149.906 Y171.264 Z3.3329 E3557.52040
G1 X152.813 Y169.003 Z3.3339 E3558.62305
G1 X156.342 Y166.772 Z3.3351 E3559.87271
G1 X160.448 Y164.656 Z3.3363 E3561.25533
G1 X165.037 Y162.743 Z3.3377 E3562.74373
G1 X169.973 Y161.120 Z3.3391 E3564.29917
G1 X175.083 Y159.858 Z3.3405 E3565.87479
G1 X180.177 Y159.008 Z3.3419 E3567.42065
G1 X185.067 Y158.592 Z3.3432 E3568.88951
G1 X189.586 Y158.601 Z3.3445 E3570.24230
G1 X193.608 Y159.000 Z3.3456 E3571.45218
G1 X197.054 Y159.732 Z3.3465 E3572.50664
G1 X199.892 Y160.731 Z3.3474 E3573.40741
G1 X201.975 Y161.845 Z3.3480 E3574.11451
G1 X202.130 Y161.937 Z3.3480 E3574.16857
G1 X202.276 Y162.043 Z3.3481 E3574.22263
G1 X203.668 Y163.150 Z3.3486 E3574.75505
G1 X203.816 Y163.280 Z3.3486 E3574.81401
G1 X203.951 Y163.424 Z3.3487 E3574.87297
G1 X204.776 Y164.400 Z3.3490 E3575.25548
G1 X204.894 Y164.554 Z3.3491 E3575.31356
G1 X204.996 Y164.719 Z3.3491 E3575.37164
G1 X205.481 Y165.590 Z3.3494 E3575.66999
G1 X205.564 Y165.759 Z3.3495 E3575.72627
G1 X205.632 Y165.934 Z3.3495 E3575.78256
G1 X205.909 Y166.771 Z3.3498 E3576.04647
G1 X205.958 Y166.947 Z3.3498 E3576.10118
G1 X205.991 Y167.127 Z3.3498 E3576.15590
G1 X206.111 Y167.996 Z3.3501 E3576.41839
G1 X206.127 Y168.173 Z3.3501 E3576.47171
G1 X206.128 Y168.351 Z3.3502 E3576.52502
G1 X206.081 Y169.494 Z3.3505 E3576.86749
G1 X205.756 Y170.978 Z3.3509 E3577.32224
G1 X205.053 Y172.713 Z3.3514 E3577.88247
G1 X203.808 Y174.753 Z3.3521 E3578.59793
G1 X202.012 Y176.907 Z3.3528 E3579.43743
G1 X199.617 Y179.142 Z3.3537 E3580.41802
G1 X196.596 Y181.404 Z3.3547 E3581.54759
G1 X192.959 Y183.620 Z3.3559 E3582.82263
G1 X188.758 Y185.706 Z3.3572 E3584.22666
G1 X184.095 Y187.573 Z3.3586 E3585.73029
G1 X179.114 Y189.136 Z3.3600 E3587.29299
G1 X173.992 Y190.327 Z3.3614 E3588.86694
G1 X168.922 Y191.099 Z3.3628 E3590.40225
G1 X164.088 Y191.437 Z3.3641 E3591.85277
G1 X159.650 Y191.354 Z3.3653 E3593.18141
G1 X155.727 Y190.891 Z3.3664 E3594.36380
G1 X152.390 Y190.106 Z3.3673 E3595.39005
G1 X149.661 Y189.066 Z3.3681 E3596.26433
G1 X147.684 Y187.930 Z3.3687 E3596.94704
G1 X147.527 Y187.830 Z3.3688 E3597.00268
G1 X147.380 Y187.716 Z3.3688 E3597.05832
G1 X146.079 Y186.603 Z3.3693 E3597.57076
G1 X145.934 Y186.466 Z3.3694 E3597.63039
G1 X145.804 Y186.315 Z3.3694 E3597.69001
G1 X145.062 Y185.367 Z3.3697 E3598.05033
G1 X144.951 Y185.210 Z3.3698 E3598.10805
G1 X144.855 Y185.043 Z3.3699 E3598.16576
G1 X144.333 Y184.016 Z3.3702 E3598.51056
G1 X144.090 Y183.282 Z3.3704 E3598.74192
G1 X143.847 Y182.313 Z3.3706 E3599.04099
G1 X143.634 Y181.337 Z3.3709 E3599.34007
G1 X143.451 Y180.355 Z3.3712 E3599.63915
G1 X143.299 Y179.367 Z3.3715 E3599.93823
G1 X143.179 Y178.375 Z3.3717 E3600.23731
G1 X143.089 Y177.380 Z3.3720 E3600.53638
G1 X143.030 Y176.383 Z3.3723 E3600.83546
G1 X143.002 Y175.384 Z3.3725 E3601.13454
G1 X143.006 Y174.385 Z3.3728 E3601.43362
G1 X143.041 Y173.387 Z3.3731 E3601.73270
G1 X143.107 Y172.390 Z3.3734 E3602.03177
G1 X143.204 Y171.395 Z3.3736 E3602.33085
G1 X143.332 Y170.404 Z3.3739 E3602.62993
G1 X143.491 Y169.418 Z3.3742 E3602.92901
G1 X143.680 Y168.437 Z3.3745 E3603.22808
G1 X143.900 Y167.463 Z3.3747 E3603.52716
G1 X144.151 Y166.495 Z3.3750 E3603.82624
G1 X144.431 Y165.536 Z3.3753 E3604.12532
G1 X144.742 Y164.587 Z3.3755 E3604.42440
G1 X145.082 Y163.647 Z3.3758 E3604.72347
G1 X145.451 Y162.719 Z3.3761 E3605.02255
G1 X145.848 Y161.802 Z3.3764 E3605.32163
G1 X146.275 Y160.898 Z3.3766 E3605.62071
G1 X146.729 Y160.009 Z3.3769 E3605.91979
G1 X147.211 Y159.133 Z3.3772 E3606.21886
G1 X147.720 Y158.273 Z3.3774 E3606.51794
G1 X148.255 Y157.430 Z3.3777 E3606.81702
G1 X148.817 Y156.604 Z3.3780 E3607.11610
G1 X149.404 Y155.795 Z3.3783 E3607.41518
G1 X150.016 Y155.005 Z3.3785 E3607.71425
G1 X150.652 Y154.235 Z3.3788 E3608.01333
G1 X151.312 Y153.485 Z3.3791 E3608.31241
G1 X151.995 Y152.756 Z3.3793 E3608.61149
G1 X152.701 Y152.049 Z3.3796 E3608.91057
G1 X153.428 Y151.364 Z3.3799 E3609.20964
G1 X154.177 Y150.702 Z3.3802 E3609.50872
G1 X154.945 Y150.064 Z3.3804 E3609.80780
G1 X155.734 Y149.450 Z3.3807 E3610.10688
G1 X156.541 Y148.861 Z3.3810 E3610.40595
G1 X157.366 Y148.297 Z3.3812 E3610.70503
G1 X158.208 Y147.760 Z3.3815 E3611.00411
G1 X159.067 Y147.249 Z3.3818 E3611.30319
G1 X159.941 Y146.765 Z3.3821 E3611.60227
G1 X160.830 Y146.309 Z3.3823 E3611.90134
G1 X161.732 Y145.880 Z3.3826 E3612.20042
G1 X162.648 Y145.480 Z3.3829 E3612.49950
G1 X163.575 Y145.109 Z3.3831 E3612.79858
G1 X164.514 Y144.767 Z3.3834 E3613.09766
G1 X165.463 Y144.454 Z3.3837 E3613.39673
G1 X166.421 Y144.171 Z3.3840 E3613.69581
G1 X167.388 Y143.919 Z3.3842 E3613.99489
G1 X168.362 Y143.696 Z3.3845 E3614.29397
G1 X169.342 Y143.504 Z3.3848 E3614.59305
G1 X170.328 Y143.343 Z3.3851 E3614.89212
G1 X171.319 Y143.212 Z3.3853 E3615.19120
G1 X172.313 Y143.113 Z3.3856 E3615.49028
G1 X173.310 Y143.045 Z3.3859 E3615.78936
G1 X174.308 Y143.007 Z3.3861 E3616.08843
G1 X175.307 Y143.001 Z3.3864 E3616.38751
G1 X176.306 Y143.027 Z3.3867 E3616.68659
G1 X177.304 Y143.083 Z3.3870 E3616.98567
G1 X178.299 Y143.171 Z3.3872 E3617.28475
G1 X179.291 Y143.289 Z3.3875 E3617.58382
G1 X180.279 Y143.438 Z3.3878 E3617.88290
G1 X181.262 Y143.619 Z3.3880 E3618.18198
G1 X182.238 Y143.829 Z3.3883 E3618.48106
G1 X183.208 Y144.071 Z3.3886 E3618.78014
G1 X184.170 Y144.342 Z3.3889 E3619.07921
G1 X185.122 Y144.643 Z3.3891 E3619.37829
G1 X186.065 Y144.974 Z3.3894 E3619.67737
G1 X186.997 Y145.334 Z3.3897 E3619.97645
G1 X187.917 Y145.723 Z3.3899 E3620.27553
G1 X188.825 Y146.140 Z3.3902 E3620.57460
G1 X189.719 Y146.586 Z3.3905 E3620.87368
G1 X190.599 Y147.059 Z3.3908 E3621.17276
G1 X191.464 Y147.560 Z3.3910 E3621.47184
G1 X192.312 Y148.087 Z3.3913 E3621.77092
G1 X193.144 Y148.641 Z3.3916 E3622.06999
G1 X193.958 Y149.220 Z3.3918 E3622.36907
G1 X194.754 Y149.825 Z3.3921 E3622.66815
G1 X195.530 Y150.454 Z3.3924 E3622.96723
G1 X196.286 Y151.107 Z3.3927 E3623.26630
G1 X197.022 Y151.783 Z3.3929 E3623.56538
G1 X197.736 Y152.482 Z3.3932 E3623.86446
G1 X198.428 Y153.202 Z3.3935 E3624.16354
G1 X199.097 Y153.944 Z3.3937 E3624.46262
G1 X199.742 Y154.707 Z3.3940 E3624.76169
G1 X200.364 Y155.489 Z3.3943 E3625.06077
G1 X200.961 Y156.290 Z3.3946 E3625.35985
G1 X201.532 Y157.110 Z3.3948 E3625.65893
G1 X202.078 Y157.947 Z3.3951 E3625.95801
G1 X202.597 Y158.801 Z3.3954 E3626.25708
G1 X203.089 Y159.670 Z3.3957 E3626.55616
G1 X203.554 Y160.555 Z3.3959 E3626.85524
G1 X203.991 Y161.453 Z3.3962 E3627.15432
G1 X204.400 Y162.365 Z3.3965 E3627.45340
G1 X204.780 Y163.289 Z3.3967 E3627.75247
G1 X205.131 Y164.224 Z3.3970 E3628.05155
G1 X205.453 Y165.170 Z3.3973 E3628.35063
G1 X205.745 Y166.125 Z3.3976 E3628.64971
G1 X206.007 Y167.090 Z3.3978 E3628.94879
G1 X206.239 Y168.061 Z3.3981 E3629.24786
G1 X206.440 Y169.040 Z3.3984 E3629.54694
G1 X206.611 Y170.024 Z3.3986 E3629.84602
G1 X206.751 Y171.014 Z3.3989 E3630.14510
G1 X206.860 Y172.007 Z3.3992 E3630.44417
G1 X206.938 Y173.003 Z3.3995 E3630.74325
G1 X206.984 Y174.001 Z3.3997 E3631.04233
G1 X207.000 Y175.000 Z3.4000 E3631.34141
G1 X206.905 Y176.050 Z3.4003 E3631.65710
G1 X206.880 Y176.228 Z3.4003 E3631.71067
G1 X206.840 Y176.402 Z3.4004 E3631.76424
G1 X206.589 Y177.312 Z3.4006 E3632.04693
G1 X206.535 Y177.478 Z3.4007 E3632.09918
G1 X206.467 Y177.639 Z3.4007 E3632.15143
G1 X205.910 Y178.810 Z3.4011 E3632.53955
G1 X204.878 Y180.272 Z3.4016 E3633.07517
G1 X203.242 Y181.921 Z3.4022 E3633.77065
G1 X201.054 Y183.546 Z3.4029 E3634.58633
G1 X198.272 Y185.103 Z3.4038 E3635.54063
G1 X194.879 Y186.535 Z3.4048 E3636.64327
G1 X190.893 Y187.776 Z3.4060 E3637.89293
G1 X186.379 Y188.758 Z3.4072 E3639.27555
G1 X181.451 Y189.418 Z3.4086 E3640.76395
G1 X176.263 Y189.709 Z3.4100 E3642.31939
G1 X171.000 Y189.605 Z3.4114 E3643.89501
G1 X165.860 Y189.107 Z3.4128 E3645.44087
G1 X161.030 Y188.243 Z3.4141 E3646.90973
G1 X156.667 Y187.065 Z3.4154 E3648.26252
G1 X152.885 Y185.639 Z3.4165 E3649.47240
G1 X149.746 Y184.040 Z3.4174 E3650.52686
G1 X147.263 Y182.341 Z3.4183 E3651.42763
G1 X145.539 Y180.725 Z3.4189 E3652.13473
G1 X145.413 Y180.596 Z3.4189 E3652.18879
G1 X145.299 Y180.456 Z3.4190 E3652.24286
G1 X144.242 Y179.026 Z3.4195 E3652.77527
G1 X144.132 Y178.862 Z3.4195 E3652.83423
G1 X144.040 Y178.688 Z3.4196 E3652.89319
G1 X143.495 Y177.532 Z3.4199 E3653.27570
G1 X143.421 Y177.353 Z3.4200 E3653.33378
G1 X143.365 Y177.167 Z3.4200 E3653.39186
G1 X143.122 Y176.200 Z3.4203 E3653.69021
G1 X143.085 Y176.016 Z3.4204 E3653.74650
G1 X143.066 Y175.829 Z3.4204 E3653.80278
G1 X143.015 Y174.949 Z3.4207 E3654.06669
G1 X143.012 Y174.766 Z3.4207 E3654.12140
G1 X143.027 Y174.584 Z3.4208 E3654.17612
G1 X143.136 Y173.714 Z3.4210 E3654.43861
G1 X143.166 Y173.538 Z3.4210 E3654.49193
G1 X143.212 Y173.366 Z3.4211 E3654.54524
G1 X143.553 Y172.274 Z3.4214 E3654.88772
G1 X144.251 Y170.925 Z3.4218 E3655.34246
G1 X145.379 Y169.431 Z3.4223 E3655.90269
G1 X147.110 Y167.783 Z3.4230 E3656.61815
G1 X149.402 Y166.167 Z3.4237 E3657.45765
G1 X152.294 Y164.628 Z3.4246 E3658.43824
G1 X155.797 Y163.225 Z3.4257 E3659.56781
G1 X159.884 Y162.026 Z3.4268 E3660.84285
G1 X164.482 Y161.098 Z3.4281 E3662.24689
G1 X169.469 Y160.502 Z3.4295 E3663.75051
G1 X174.685 Y160.281 Z3.4309 E3665.31322
G1 X179.940 Y160.456 Z3.4323 E3666.88716
G1 X185.038 Y161.023 Z3.4337 E3668.42247
G1 X189.794 Y161.948 Z3.4350 E3669.87299
G1 X194.060 Y163.176 Z3.4362 E3671.20163
G1 X197.729 Y164.638 Z3.4373 E3672.38402
G1 X200.749 Y166.260 Z3.4382 E3673.41027
G1 X203.116 Y167.971 Z3.4390 E3674.28455
G1 X204.732 Y169.581 Z3.4396 E3674.96726
G1 X204.858 Y169.718 Z3.4397 E3675.02290
G1 X204.970 Y169.866 Z3.4397 E3675.07854
G1 X205.938 Y171.278 Z3.4402 E3675.59098
G1 X206.043 Y171.447 Z3.4403 E3675.65061
G1 X206.130 Y171.627 Z3.4403 E3675.71024
G1 X206.601 Y172.734 Z3.4406 E3676.07056
G1 X206.668 Y172.915 Z3.4407 E3676.12827
G1 X206.717 Y173.102 Z3.4408 E3676.18598
G1 X206.956 Y174.228 Z3.4411 E3676.53078
G1 X207.000 Y175.000 Z3.4413 E3676.76214
G1 X206.986 Y175.931 Z3.4415 E3677.04077
G1 X206.946 Y176.861 Z3.4418 E3677.31940
G1 X206.878 Y177.789 Z3.4420 E3677.59803
G1 X206.784 Y178.715 Z3.4423 E3677.87666
G1 X206.662 Y179.638 Z3.4425 E3678.15529
G1 X206.514 Y180.557 Z3.4428 E3678.43392
G1 X206.339 Y181.471 Z3.4430 E3678.71254
G1 X206.137 Y182.380 Z3.4433 E3678.99117
G1 X205.546 Y184.272 Z3.4438 E3679.58468
G1 X205.476 Y184.437 Z3.4439 E3679.63825
G1 X205.393 Y184.595 Z3.4439 E3679.69182
G1 X204.914 Y185.409 Z3.4442 E3679.97450
G1 X204.819 Y185.556 Z3.4442 E3680.02676
G1 X204.712 Y185.693 Z3.4443 E3680.07901
G1 X203.870 Y186.680 Z3.4446 E3680.46713
G1 X202.495 Y187.825 Z3.4451 E3681.00275
G1 X200.488 Y188.995 Z3.4458 E3681.69823
G1 X197.955 Y189.998 Z3.4465 E3682.51391
G1 X194.865 Y190.782 Z3.4474 E3683.46820
G1 X191.216 Y191.287 Z3.4484 E3684.57085
G1 X187.044 Y191.454 Z3.4495 E3685.82051
G1 X182.431 Y191.234 Z3.4508 E3687.20312
G1 X177.500 Y190.596 Z3.4521 E3688.69152
G1 X172.413 Y189.534 Z3.4535 E3690.24697
G1 X167.357 Y188.072 Z3.4550 E3691.82259
G1 X162.520 Y186.261 Z3.4564 E3693.36845
G1 X158.078 Y184.176 Z3.4577 E3694.83730
G1 X154.169 Y181.909 Z3.4589 E3696.19009
G1 X150.885 Y179.553 Z3.4600 E3697.39998
G1 X148.267 Y177.196 Z3.4610 E3698.45444
G1 X146.308 Y174.912 Z3.4618 E3699.35521
G1 X145.061 Y172.905 Z3.4625 E3700.06231
G1 X144.973 Y172.748 Z3.4625 E3700.11637
G1 X144.899 Y172.583 Z3.4625 E3700.17043
G1 X144.248 Y170.928 Z3.4630 E3700.70285
G1 X144.185 Y170.741 Z3.4631 E3700.76181
G1 X144.140 Y170.549 Z3.4631 E3700.82077
G1 X143.914 Y169.292 Z3.4635 E3701.20327
G1 X143.888 Y169.099 Z3.4635 E3701.26136
G1 X143.882 Y168.905 Z3.4636 E3701.31944
G1 X143.898 Y167.909 Z3.4639 E3701.61779
G1 X143.910 Y167.721 Z3.4639 E3701.67407
G1 X143.939 Y167.535 Z3.4640 E3701.73035
G1 X144.118 Y166.672 Z3.4642 E3701.99426
G1 X144.163 Y166.495 Z3.4643 E3702.04898
G1 X144.224 Y166.323 Z3.4643 E3702.10370
G1 X144.555 Y165.511 Z3.4645 E3702.36619
G1 X144.629 Y165.349 Z3.4646 E3702.41950
G1 X144.718 Y165.194 Z3.4646 E3702.47282
G1 X145.331 Y164.228 Z3.4650 E3702.81529
G1 X146.354 Y163.105 Z3.4654 E3703.27004
G1 X147.829 Y161.954 Z3.4659 E3703.83027
G1 X149.928 Y160.810 Z3.4665 E3704.54573
G1 X152.560 Y159.843 Z3.4673 E3705.38523
G1 X155.752 Y159.104 Z3.4682 E3706.36582
G1 X159.499 Y158.656 Z3.4692 E3707.49539
G1 X163.757 Y158.556 Z3.4704 E3708.77042
G1 X168.438 Y158.849 Z3.4716 E3710.17446
G1 X173.410 Y159.564 Z3.4730 E3711.67809
G1 X178.505 Y160.701 Z3.4744 E3713.24079
G1 X183.536 Y162.231 Z3.4759 E3714.81474
G1 X188.313 Y164.097 Z3.4773 E3716.35005
G1 X192.669 Y166.221 Z3.4786 E3717.80057
G1 X196.471 Y168.512 Z3.4798 E3719.12920
G1 X199.636 Y170.874 Z3.4809 E3720.31159
G1 X202.134 Y173.223 Z3.4818 E3721.33785
G1 X203.977 Y175.488 Z3.4826 E3722.21213
G1 X205.122 Y177.461 Z3.4832 E3722.89484
G1 X205.207 Y177.626 Z3.4833 E3722.95048
G1 X205.277 Y177.798 Z3.4833 E3723.00611
G1 X205.848 Y179.412 Z3.4838 E3723.51856
G1 X205.904 Y179.603 Z3.4838 E3723.57818
G1 X205.942 Y179.799 Z3.4839 E3723.63781
G1 X206.110 Y180.990 Z3.4842 E3723.99813
G1 X206.128 Y181.182 Z3.4843 E3724.05584
G1 X206.127 Y181.375 Z3.4843 E3724.11356
G1 X206.067 Y182.525 Z3.4846 E3724.45836
G1 X205.910 Y183.282 Z3.4848 E3724.68971
G1 X205.656 Y184.178 Z3.4851 E3724.96834
G1 X205.376 Y185.065 Z3.4853 E3725.24697
G1 X205.070 Y185.945 Z3.4856 E3725.52560
G1 X204.739 Y186.815 Z3.4858 E3725.80423
G1 X204.383 Y187.675 Z3.4861 E3726.08286
G1 X204.002 Y188.524 Z3.4863 E3726.36149
G1 X203.596 Y189.362 Z3.4866 E3726.64012
G1 X203.166 Y190.187 Z3.4869 E3726.91875
G1 X202.105 Y191.862 Z3.4874 E3727.51225
G1 X201.995 Y192.003 Z3.4874 E3727.56582
G1 X201.874 Y192.134 Z3.4875 E3727.61939
G1 X201.201 Y192.797 Z3.4878 E3727.90208
G1 X201.071 Y192.914 Z3.4878 E3727.95433
G1 X200.932 Y193.019 Z3.4878 E3728.00659
G1 X199.864 Y193.754 Z3.4882 E3728.39470
G1 X198.239 Y194.504 Z3.4887 E3728.93032
G1 X195.997 Y195.115 Z3.4893 E3729.62581
G1 X193.291 Y195.428 Z3.4901 E3730.44149
G1 X190.103 Y195.386 Z3.4909 E3731.39578
G1 X186.448 Y194.929 Z3.4919 E3732.49842
G1 X182.375 Y194.011 Z3.4931 E3733.74809
G1 X177.976 Y192.604 Z3.4943 E3735.13070
G1 X173.378 Y190.712 Z3.4957 E3736.61910
G1 X168.739 Y188.369 Z3.4971 E3738.17455
G1 X164.234 Y185.648 Z3.4985 E3739.75017
G1 X160.031 Y182.647 Z3.4999 E3741.29602
G1 X156.280 Y179.484 Z3.5013 E3742.76488
G1 X153.091 Y176.282 Z3.5025 E3744.11767
G1 X150.528 Y173.156 Z3.5036 E3745.32756
G1 X148.609 Y170.202 Z3.5045 E3746.38201
G1 X147.309 Y167.489 Z3.5054 E3747.28278
G1 X146.624 Y165.228 Z3.5060 E3747.98988
G1 X146.579 Y165.053 Z3.5061 E3748.04395
G1 X146.551 Y164.874 Z3.5061 E3748.09801
G1 X146.349 Y163.107 Z3.5066 E3748.63043
G1 X146.337 Y162.911 Z3.5066 E3748.68939
G1 X146.344 Y162.714 Z3.5067 E3748.74834
G1 X146.450 Y161.440 Z3.5070 E3749.13085
G1 X146.476 Y161.248 Z3.5071 E3749.18893
G1 X146.520 Y161.059 Z3.5071 E3749.24701
G1 X146.793 Y160.101 Z3.5074 E3749.54537
G1 X146.853 Y159.922 Z3.5075 E3749.60165
G1 X146.930 Y159.751 Z3.5075 E3749.65793
G1 X147.325 Y158.963 Z3.5078 E3749.92184
G1 X147.415 Y158.804 Z3.5078 E3749.97656
G1 X147.519 Y158.653 Z3.5079 E3750.03128
G1 X148.048 Y157.954 Z3.5081 E3750.29377
G1 X148.162 Y157.817 Z3.5081 E3750.34708
G1 X148.288 Y157.691 Z3.5082 E3750.40039
G1 X149.129 Y156.916 Z3.5085 E3750.74287
G1 X150.408 Y156.096 Z3.5089 E3751.19761
G1 X152.132 Y155.366 Z3.5094 E3751.75784
G1 X154.455 Y154.805 Z3.5101 E3752.47330
G1 X157.248 Y154.551 Z3.5108 E3753.31281
G1 X160.522 Y154.664 Z3.5117 E3754.29339
G1 X164.257 Y155.201 Z3.5128 E3755.42297
G1 X168.396 Y156.206 Z3.5139 E3756.69800
G1 X172.842 Y157.701 Z3.5152 E3758.10204
G1 X177.459 Y159.679 Z3.5166 E3759.60567
G1 X182.087 Y162.095 Z3.5180 E3761.16837
G1 X186.550 Y164.875 Z3.5194 E3762.74232
G1 X190.681 Y167.914 Z3.5208 E3764.27762
G1 X194.339 Y171.094 Z3.5221 E3765.72815
G1 X197.418 Y174.290 Z3.5233 E3767.05678
G1 X199.865 Y177.391 Z3.5244 E3768.23917
G1 X201.669 Y180.306 Z3.5253 E3769.26542
G1 X202.864 Y182.971 Z3.5261 E3770.13971
G1 X203.458 Y185.173 Z3.5268 E3770.82242
G1 X203.498 Y185.354 Z3.5268 E3770.87805
G1 X203.521 Y185.539 Z3.5269 E3770.93369
G1 X203.655 Y187.246 Z3.5273 E3771.44613
G1 X203.660 Y187.445 Z3.5274 E3771.50576
G1 X203.646 Y187.643 Z3.5274 E3771.56539
G1 X203.500 Y188.838 Z3.5278 E3771.92571
G1 X203.467 Y189.028 Z3.5278 E3771.98342
G1 X203.417 Y189.214 Z3.5279 E3772.04113
G1 X203.061 Y190.310 Z3.5282 E3772.38593
G1 X202.713 Y191.000 Z3.5284 E3772.61729
G1 X202.236 Y191.799 Z3.5286 E3772.89592
G1 X201.736 Y192.584 Z3.5289 E3773.17455
G1 X201.213 Y193.354 Z3.5291 E3773.45318
G1 X200.668 Y194.109 Z3.5294 E3773.73181
G1 X200.101 Y194.848 Z3.5297 E3774.01044
G1 X199.513 Y195.569 Z3.5299 E3774.28907
G1 X198.905 Y196.273 Z3.5302 E3774.56770
G1 X198.276 Y196.960 Z3.5304 E3774.84633
G1 X196.817 Y198.303 Z3.5310 E3775.43983
G1 X196.675 Y198.411 Z3.5310 E3775.49340
G1 X196.523 Y198.506 Z3.5310 E3775.54697
G1 X195.702 Y198.972 Z3.5313 E3775.82966
G1 X195.546 Y199.051 Z3.5314 E3775.88191
G1 X195.384 Y199.117 Z3.5314 E3775.93416
G1 X194.163 Y199.550 Z3.5318 E3776.32228
G1 X192.399 Y199.854 Z3.5322 E3776.85790
G1 X190.076 Y199.864 Z3.5329 E3777.55338
G1 X187.380 Y199.466 Z3.5336 E3778.36906
G1 X184.312 Y198.600 Z3.5345 E3779.32336
G1 X180.900 Y197.213 Z3.5355 E3780.42600
G1 X177.204 Y195.272 Z3.5366 E3781.67566
G1 X173.318 Y192.775 Z3.5379 E3783.05828
G1 X169.367 Y189.756 Z3.5392 E3784.54668
G1 X165.493 Y186.294 Z3.5406 E3786.10212
G1 X161.845 Y182.499 Z3.5421 E3787.67774
G1 X158.562 Y178.512 Z3.5435 E3789.22360
G1 X155.757 Y174.486 Z3.5448 E3790.69246
G1 X153.505 Y170.568 Z3.5460 E3792.04525
G1 X151.839 Y166.885 Z3.5471 E3793.25513
G1 X150.750 Y163.535 Z3.5481 E3794.30959
G1 X150.196 Y160.577 Z3.5489 E3795.21036
G1 X150.120 Y158.216 Z3.5496 E3795.91746
G1 X150.122 Y158.036 Z3.5496 E3795.97152
G1 X150.141 Y157.856 Z3.5497 E3796.02559
G1 X150.404 Y156.097 Z3.5501 E3796.55801
G1 X150.442 Y155.904 Z3.5502 E3796.61696
G1 X150.500 Y155.716 Z3.5502 E3796.67592
G1 X150.933 Y154.513 Z3.5506 E3797.05843
G1 X151.007 Y154.334 Z3.5506 E3797.11651
G1 X151.098 Y154.163 Z3.5507 E3797.17459
G1 X151.610 Y153.308 Z3.5510 E3797.47294
G1 X151.715 Y153.151 Z3.5510 E3797.52923
G1 X151.833 Y153.005 Z3.5511 E3797.58551
G1 X152.419 Y152.347 Z3.5513 E3797.84942
G1 X152.547 Y152.216 Z3.5514 E3797.90414
G1 X152.686 Y152.097 Z3.5514 E3797.95885
G1 X153.378 Y151.559 Z3.5517 E3798.22135
G1 X153.524 Y151.457 Z3.5517 E3798.27466
G1 X153.678 Y151.367 Z3.5517 E3798.32797
G1 X154.691 Y150.836 Z3.5521 E3798.67045
G1 X156.139 Y150.375 Z3.5525 E3799.12519
G1 X157.993 Y150.117 Z3.5530 E3799.68542
G1 X160.382 Y150.176 Z3.5536 E3800.40088
G1 X163.145 Y150.653 Z3.5544 E3801.24038
G1 X166.278 Y151.610 Z3.5553 E3802.22097
G1 X169.747 Y153.095 Z3.5563 E3803.35054
G1 X173.485 Y155.137 Z3.5575 E3804.62558
G1 X177.393 Y157.732 Z3.5587 E3806.02962
G1 X181.341 Y160.837 Z3.5601 E3807.53324
G1 X185.185 Y164.369 Z3.5615 E3809.09595
G1 X188.777 Y168.209 Z3.5630 E3810.66989
G1 X191.981 Y172.214 Z3.5644 E3812.20520
G1 X194.691 Y176.232 Z3.5657 E3813.65573
G1 X196.838 Y180.116 Z3.5669 E3814.98436
G1 X198.399 Y183.745 Z3.5680 E3816.16675
G1 X199.387 Y187.028 Z3.5689 E3817.19300
G1 X199.851 Y189.911 Z3.5697 E3818.06728
G1 X199.856 Y192.192 Z3.5703 E3818.74999
G1 X199.847 Y192.378 Z3.5704 E3818.80563
G1 X199.822 Y192.562 Z3.5704 E3818.86127
G1 X199.509 Y194.245 Z3.5709 E3819.37371
G1 X199.463 Y194.438 Z3.5709 E3819.43334
G1 X199.397 Y194.627 Z3.5710 E3819.49297
G1 X198.947 Y195.743 Z3.5713 E3819.85329
G1 X198.867 Y195.918 Z3.5714 E3819.91100
G1 X198.769 Y196.085 Z3.5714 E3819.96871
G1 X198.142 Y197.051 Z3.5717 E3820.31351
G1 X197.627 Y197.627 Z3.5719 E3820.54487
G1 X196.960 Y198.276 Z3.5722 E3820.82350
G1 X196.273 Y198.905 Z3.5724 E3821.10213
G1 X195.569 Y199.513 Z3.5727 E3821.38076
G1 X194.848 Y200.101 Z3.5730 E3821.65939
G1 X194.109 Y200.668 Z3.5732 E3821.93802
G1 X193.354 Y201.213 Z3.5735 E3822.21665
G1 X192.584 Y201.736 Z3.5737 E3822.49528
G1 X191.799 Y202.236 Z3.5740 E3822.77391
G1 X190.043 Y203.155 Z3.5745 E3823.36741
G1 X189.877 Y203.223 Z3.5746 E3823.42098
G1 X189.706 Y203.276 Z3.5746 E3823.47455
G1 X188.792 Y203.513 Z3.5749 E3823.75723
G1 X188.621 Y203.549 Z3.5749 E3823.80949
G1 X188.448 Y203.571 Z3.5750 E3823.86174
G1 X187.155 Y203.673 Z3.5753 E3824.24986
G1 X185.374 Y203.511 Z3.5758 E3824.78548
G1 X183.127 Y202.919 Z3.5764 E3825.48096
G1 X180.626 Y201.837 Z3.5772 E3826.29664
G1 X177.887 Y200.206 Z3.5780 E3827.25093
G1 X174.949 Y197.983 Z3.5790 E3828.35358
G1 X171.882 Y195.152 Z3.5802 E3829.60324
G1 X168.775 Y191.734 Z3.5814 E3830.98585
G1 X165.739 Y187.796 Z3.5828 E3832.47425
G1 X162.894 Y183.448 Z3.5842 E3834.02970
G1 X160.352 Y178.838 Z3.5856 E3835.60532
G1 X158.213 Y174.138 Z3.5870 E3837.15118
G1 X156.546 Y169.523 Z3.5884 E3838.62004
G1 X155.385 Y165.155 Z3.5896 E3839.97282
G1 X154.729 Y161.167 Z3.5907 E3841.18271
G1 X154.544 Y157.650 Z3.5917 E3842.23717
G1 X154.774 Y154.649 Z3.5925 E3843.13794
G1 X155.312 Y152.349 Z3.5931 E3843.84504
G1 X155.361 Y152.175 Z3.5932 E3843.89910
G1 X155.425 Y152.006 Z3.5932 E3843.95316
G1 X156.134 Y150.375 Z3.5937 E3844.48558
G1 X156.222 Y150.199 Z3.5937 E3844.54454
G1 X156.326 Y150.032 Z3.5938 E3844.60350
G1 X157.055 Y148.982 Z3.5942 E3844.98601
G1 X157.173 Y148.828 Z3.5942 E3845.04409
G1 X157.306 Y148.687 Z3.5943 E3845.10217
G1 X158.022 Y147.993 Z3.5945 E3845.40052
G1 X158.163 Y147.869 Z3.5946 E3845.45680
G1 X158.315 Y147.758 Z3.5946 E3845.51308
G1 X159.052 Y147.274 Z3.5949 E3845.77699
G1 X159.209 Y147.181 Z3.5949 E3845.83171
G1 X159.374 Y147.102 Z3.5950 E3845.88643
G1 X160.182 Y146.762 Z3.5952 E3846.14892
G1 X160.349 Y146.700 Z3.5953 E3846.20224
G1 X160.521 Y146.654 Z3.5953 E3846.25555
G1 X161.637 Y146.404 Z3.5956 E3846.59802
G1 X163.155 Y146.333 Z3.5960 E3847.05277
G1 X165.012 Y146.563 Z3.5965 E3847.61300
G1 X167.305 Y147.238 Z3.5972 E3848.32846
G1 X169.851 Y148.415 Z3.5980 E3849.16796
G1 X172.629 Y150.150 Z3.5988 E3850.14855
G1 X175.596 Y152.482 Z3.5999 E3851.27812
G1 X178.678 Y155.422 Z3.6010 E3852.55316
G1 X181.780 Y158.940 Z3.6023 E3853.95719
G1 X184.791 Y162.961 Z3.6037 E3855.46082
G1 X187.590 Y167.368 Z3.6051 E3857.02352
G1 X190.065 Y172.007 Z3.6065 E3858.59747
G1 X192.123 Y176.704 Z3.6079 E3860.13278
G1 X193.701 Y181.286 Z3.6092 E3861.58330
G1 X194.770 Y185.594 Z3.6104 E3862.91193
G1 X195.338 Y189.503 Z3.6115 E3864.09433
G1 X195.443 Y192.930 Z3.6124 E3865.12058
G1 X195.145 Y195.835 Z3.6132 E3865.99486
G1 X194.559 Y198.039 Z3.6139 E3866.67757
G1 X194.503 Y198.216 Z3.6139 E3866.73321
G1 X194.431 Y198.388 Z3.6140 E3866.78885
G1 X193.693 Y199.932 Z3.6144 E3867.30129
G1 X193.598 Y200.108 Z3.6145 E3867.36091
G1 X193.486 Y200.272 Z3.6145 E3867.42054
G1 X192.763 Y201.234 Z3.6149 E3867.78086
G1 X192.639 Y201.383 Z3.6149 E3867.83858
G1 X192.502 Y201.518 Z3.6150 E3867.89629
G1 X191.646 Y202.289 Z3.6153 E3868.24109
G1 X191.000 Y202.713 Z3.6155 E3868.47245
G1 X190.187 Y203.166 Z3.6157 E3868.75108
G1 X189.362 Y203.596 Z3.6160 E3869.02970
G1 X188.524 Y204.002 Z3.6163 E3869.30833
G1 X187.675 Y204.383 Z3.6165 E3869.58696
G1 X186.815 Y204.739 Z3.6168 E3869.86559
G1 X185.945 Y205.070 Z3.6170 E3870.14422
G1 X185.065 Y205.376 Z3.6173 E3870.42285
G1 X184.178 Y205.656 Z3.6175 E3870.70148
G1 X182.243 Y206.089 Z3.6181 E3871.29498
G1 X182.065 Y206.112 Z3.6181 E3871.34855
G1 X181.887 Y206.118 Z3.6182 E3871.40212
G1 X180.942 Y206.111 Z3.6184 E3871.68481
G1 X180.768 Y206.102 Z3.6185 E3871.73706
G1 X180.595 Y206.078 Z3.6185 E3871.78932
G1 X179.320 Y205.842 Z3.6189 E3872.17743
G1 X177.641 Y205.224 Z3.6193 E3872.71305
G1 X175.624 Y204.071 Z3.6200 E3873.40854
G1 X173.488 Y202.378 Z3.6207 E3874.22422
G1 X171.264 Y200.094 Z3.6216 E3875.17851
G1 X169.003 Y197.187 Z3.6226 E3876.28115
G1 X166.772 Y193.658 Z3.6237 E3877.53082
G1 X164.656 Y189.552 Z3.6250 E3878.91343
G1 X162.743 Y184.963 Z3.6263 E3880.40183
G1 X161.120 Y180.027 Z3.6277 E3881.95728
G1 X159.858 Y174.917 Z3.6292 E3883.53290
G1 X159.008 Y169.823 Z3.6306 E3885.07875
G1 X158.592 Y164.933 Z3.6319 E3886.54761
G1 X158.601 Y160.414 Z3.6331 E3887.90040
G1 X159.000 Y156.392 Z3.6342 E3889.11029
G1 X159.732 Y152.946 Z3.6352 E3890.16474
G1 X160.731 Y150.108 Z3.6360 E3891.06551
G1 X161.845 Y148.025 Z3.6367 E3891.77261
G1 X161.937 Y147.870 Z3.6367 E3891.82668
G1 X162.043 Y147.724 Z3.6368 E3891.88074
G1 X163.150 Y146.332 Z3.6373 E3892.41316
G1 X163.280 Y146.184 Z3.6373 E3892.47212
G1 X163.424 Y146.049 Z3.6374 E3892.53107
G1 X164.400 Y145.224 Z3.6377 E3892.91358
G1 X164.554 Y145.106 Z3.6378 E3892.97166
G1 X164.719 Y145.004 Z3.6378 E3893.02974
G1 X165.590 Y144.519 Z3.6381 E3893.32810
G1 X165.759 Y144.436 Z3.6381 E3893.38438
G1 X165.934 Y144.368 Z3.6382 E3893.44066
G1 X166.771 Y144.091 Z3.6384 E3893.70457
G1 X166.947 Y144.042 Z3.6385 E3893.75929
G1 X167.127 Y144.009 Z3.6385 E3893.81401
G1 X167.996 Y143.889 Z3.6388 E3894.07650
G1 X168.173 Y143.873 Z3.6388 E3894.12981
G1 X168.351 Y143.872 Z3.6389 E3894.18313
G1 X169.494 Y143.919 Z3.6392 E3894.52560
G1 X170.978 Y144.244 Z3.6396 E3894.98034
G1 X172.713 Y144.947 Z3.6401 E3895.54057
G1 X174.753 Y146.192 Z3.6407 E3896.25604
G1 X176.907 Y147.988 Z3.6415 E3897.09554
G1 X179.142 Y150.383 Z3.6424 E3898.07612
G1 X181.404 Y153.404 Z3.6434 E3899.20570
G1 X183.620 Y157.041 Z3.6446 E3900.48073
G1 X185.706 Y161.242 Z3.6459 E3901.88477
G1 X187.573 Y165.905 Z3.6472 E3903.38840
G1 X189.136 Y170.886 Z3.6486 E3904.95110
G1 X190.327 Y176.008 Z3.6501 E3906.52505
G1 X191.099 Y181.078 Z3.6515 E3908.06035
G1 X191.437 Y185.912 Z3.6528 E3909.51088
G1 X191.354 Y190.350 Z3.6540 E3910.83951
G1 X190.891 Y194.273 Z3.6551 E3912.02190
G1 X190.106 Y197.610 Z3.6560 E3913.04816
G1 X189.066 Y200.339 Z3.6568 E3913.92244
G1 X187.930 Y202.316 Z3.6574 E3914.60515
G1 X187.830 Y202.473 Z3.6575 E3914.66079
G1 X187.716 Y202.620 Z3.6575 E3914.71642
G1 X186.603 Y203.921 Z3.6580 E3915.22886
G1 X186.466 Y204.066 Z3.6580 E3915.28849
G1 X186.315 Y204.196 Z3.6581 E3915.34812
G1 X185.367 Y204.938 Z3.6584 E3915.70844
G1 X185.210 Y205.049 Z3.6585 E3915.76615
G1 X185.043 Y205.145 Z3.6585 E3915.82386
G1 X184.016 Y205.667 Z3.6588 E3916.16866
G1 X183.282 Y205.910 Z3.6590 E3916.40002
G1 X182.380 Y206.137 Z3.6593 E3916.67865
G1 X181.471 Y206.339 Z3.6596 E3916.95728
G1 X180.557 Y206.514 Z3.6598 E3917.23591
G1 X179.638 Y206.662 Z3.6601 E3917.51454
G1 X178.715 Y206.784 Z3.6603 E3917.79317
G1 X177.789 Y206.878 Z3.6606 E3918.07180
G1 X176.861 Y206.946 Z3.6608 E3918.35043
G1 X175.931 Y206.986 Z3.6611 E3918.62906
G1 X173.950 Y206.905 Z3.6616 E3919.22256
G1 X173.772 Y206.880 Z3.6617 E3919.27613
G1 X173.598 Y206.840 Z3.6617 E3919.32970
G1 X172.688 Y206.589 Z3.6620 E3919.61239
G1 X172.522 Y206.535 Z3.6620 E3919.66464
G1 X172.361 Y206.467 Z3.6621 E3919.71689
G1 X171.190 Y205.910 Z3.6624 E3920.10501
G1 X169.728 Y204.878 Z3.6629 E3920.64063
G1 X168.079 Y203.242 Z3.6635 E3921.33611
G1 X166.454 Y201.054 Z3.6643 E3922.15179
G1 X164.897 Y198.272 Z3.6651 E3923.10609
G1 X163.465 Y194.879 Z3.6661 E3924.20873
G1 X162.224 Y190.893 Z3.6673 E3925.45840
G1 X161.242 Y186.379 Z3.6685 E3926.84101
G1 X160.582 Y181.451 Z3.6699 E3928.32941
G1 X160.291 Y176.263 Z3.6713 E3929.88485
G1 X160.395 Y171.000 Z3.6727 E3931.46048
G1 X160.893 Y165.860 Z3.6741 E3933.00633
G1 X161.757 Y161.030 Z3.6755 E3934.47519
G1 X162.935 Y156.667 Z3.6767 E3935.82798
G1 X164.361 Y152.885 Z3.6778 E3937.03786
G1 X165.960 Y149.746 Z3.6788 E3938.09232
G1 X167.659 Y147.263 Z3.6796 E3938.99309
G1 X169.275 Y145.539 Z3.6802 E3939.70019
G1 X169.404 Y145.413 Z3.6803 E3939.75425
G1 X169.544 Y145.299 Z3.6803 E3939.80832
G1 X170.974 Y144.242 Z3.6808 E3940.34074
G1 X171.138 Y144.132 Z3.6809 E3940.39969
G1 X171.312 Y144.040 Z3.6809 E3940.45865
G1 X172.468 Y143.495 Z3.6813 E3940.84116
G1 X172.647 Y143.421 Z3.6813 E3940.89924
G1 X172.833 Y143.365 Z3.6814 E3940.95732
G1 X173.800 Y143.122 Z3.6816 E3941.25568
G1 X173.984 Y143.085 Z3.6817 E3941.31196
G1 X174.171 Y143.066 Z3.6817 E3941.36824
G1 X175.051 Y143.015 Z3.6820 E3941.63215
G1 X175.234 Y143.012 Z3.6820 E3941.68687
G1 X175.416 Y143.027 Z3.6821 E3941.74158
G1 X176.286 Y143.136 Z3.6823 E3942.00408
G1 X176.462 Y143.166 Z3.6824 E3942.05739
G1 X176.634 Y143.212 Z3.6824 E3942.11070
G1 X177.726 Y143.553 Z3.6827 E3942.45318
G1 X179.075 Y144.251 Z3.6831 E3942.90792
G1 X180.569 Y145.379 Z3.6836 E3943.46815
G1 X182.217 Y147.110 Z3.6843 E3944.18361
G1 X183.833 Y149.402 Z3.6851 E3945.02312
G1 X185.372 Y152.294 Z3.6860 E3946.00370
G1 X186.775 Y155.797 Z3.6870 E3947.13327
G1 X187.974 Y159.884 Z3.6881 E3948.40831
G1 X188.902 Y164.482 Z3.6894 E3949.81235
G1 X189.498 Y169.469 Z3.6908 E3951.31598
G1 X189.719 Y174.685 Z3.6922 E3952.87868
G1 X189.544 Y179.940 Z3.6936 E3954.45263
G1 X188.977 Y185.038 Z3.6950 E3955.98793
G1 X188.052 Y189.794 Z3.6963 E3957.43846
G1 X186.824 Y194.060 Z3.6975 E3958.76709
G1 X185.362 Y197.729 Z3.6986 E3959.94948
G1 X183.740 Y200.749 Z3.6996 E3960.97573
G1 X182.029 Y203.116 Z3.7004 E3961.85001
G1 X180.419 Y204.732 Z3.7010 E3962.53273
G1 X180.282 Y204.858 Z3.7010 E3962.58836
G1 X180.134 Y204.970 Z3.7011 E3962.64400
G1 X178.722 Y205.938 Z3.7015 E3963.15644
G1 X178.553 Y206.043 Z3.7016 E3963.21607
G1 X178.373 Y206.130 Z3.7016 E3963.27570
G1 X177.266 Y206.601 Z3.7020 E3963.63602
G1 X177.085 Y206.668 Z3.7020 E3963.69373
G1 X176.898 Y206.717 Z3.7021 E3963.75144
G1 X175.772 Y206.956 Z3.7024 E3964.09624
G1 X175.000 Y207.000 Z3.7026 E3964.32760
G1 X174.069 Y206.986 Z3.7029 E3964.60623
G1 X173.139 Y206.946 Z3.7031 E3964.88486
G1 X172.211 Y206.878 Z3.7034 E3965.16349
G1 X171.285 Y206.784 Z3.7036 E3965.44212
G1 X170.362 Y206.662 Z3.7039 E3965.72075
G1 X169.443 Y206.514 Z3.7041 E3965.99938
G1 X168.529 Y206.339 Z3.7044 E3966.27801
G1 X167.620 Y206.137 Z3.7046 E3966.55664
G1 X165.728 Y205.546 Z3.7052 E3967.15014
G1 X165.563 Y205.476 Z3.7052 E3967.20371
G1 X165.405 Y205.393 Z3.7053 E3967.25728
G1 X164.591 Y204.914 Z3.7055 E3967.53997
G1 X164.444 Y204.819 Z3.7056 E3967.59222
G1 X164.307 Y204.712 Z3.7056 E3967.64447
G1 X163.320 Y203.870 Z3.7060 E3968.03259
G1 X162.175 Y202.495 Z3.7065 E3968.56821
G1 X161.005 Y200.488 Z3.7071 E3969.26369
G1 X160.002 Y197.955 Z3.7078 E3970.07937
G1 X159.218 Y194.865 Z3.7087 E3971.03366
G1 X158.713 Y191.216 Z3.7097 E3972.13631
G1 X158.546 Y187.044 Z3.7108 E3973.38597
G1 X158.766 Y182.431 Z3.7121 E3974.76859
G1 X159.404 Y177.500 Z3.7134 E3976.25699
G1 X160.466 Y172.413 Z3.7149 E3977.81243
G1 X161.928 Y167.357 Z3.7163 E3979.38805
G1 X163.739 Y162.520 Z3.7177 E3980.93391
G1 X165.824 Y158.078 Z3.7190 E3982.40277
G1 X168.091 Y154.169 Z3.7203 E3983.75556
G1 X170.447 Y150.885 Z3.7214 E3984.96544
G1 X172.804 Y148.267 Z3.7223 E3986.01990
G1 X175.088 Y146.308 Z3.7231 E3986.92067
G1 X177.095 Y145.061 Z3.7238 E3987.62777
G1 X177.252 Y144.973 Z3.7238 E3987.68183
G1 X177.417 Y144.899 Z3.7239 E3987.73589
G1 X179.072 Y144.248 Z3.7244 E3988.26831
G1 X179.259 Y144.185 Z3.7244 E3988.32727
G1 X179.451 Y144.140 Z3.7245 E3988.38623
G1 X180.708 Y143.914 Z3.7248 E3988.76874
G1 X180.901 Y143.888 Z3.7249 E3988.82682
G1 X181.095 Y143.882 Z3.7249 E3988.88490
G1 X182.091 Y143.898 Z3.7252 E3989.18325
G1 X182.279 Y143.910 Z3.7252 E3989.23953
G1 X182.465 Y143.939 Z3.7253 E3989.29582
G1 X183.328 Y144.118 Z3.7255 E3989.55973
G1 X183.505 Y144.163 Z3.7256 E3989.61444
G1 X183.677 Y144.224 Z3.7256 E3989.66916
G1 X184.489 Y144.555 Z3.7259 E3989.93165
G1 X184.651 Y144.629 Z3.7259 E3989.98497
G1 X184.806 Y144.718 Z3.7260 E3990.03828
G1 X185.772 Y145.331 Z3.7263 E3990.38075
G1 X186.895 Y146.354 Z3.7267 E3990.83550
G1 X188.046 Y147.829 Z3.7272 E3991.39573
G1 X189.190 Y149.928 Z3.7279 E3992.11119
G1 X190.157 Y152.560 Z3.7286 E3992.95069
G1 X190.896 Y155.752 Z3.7295 E3993.93128
G1 X191.344 Y159.499 Z3.7305 E3995.06085
G1 X191.444 Y163.757 Z3.7317 E3996.33589
G1 X191.151 Y168.438 Z3.7330 E3997.73992
G1 X190.436 Y173.410 Z3.7343 E3999.24355
G1 X189.299 Y178.505 Z3.7358 E4000.80625
G1 X187.769 Y183.536 Z3.7372 E4002.38020
G1 X185.903 Y188.313 Z3.7386 E4003.91551
G1 X183.779 Y192.669 Z3.7399 E4005.36603
G1 X181.488 Y196.471 Z3.7411 E4006.69467
G1 X179.126 Y199.636 Z3.7422 E4007.87706
G1 X176.777 Y202.134 Z3.7431 E4008.90331
G1 X174.512 Y203.977 Z3.7439 E4009.77759
G1 X172.539 Y205.122 Z3.7445 E4010.46030
G1 X172.374 Y205.207 Z3.7446 E4010.51594
G1 X172.202 Y205.277 Z3.7446 E4010.57158
G1 X170.588 Y205.848 Z3.7451 E4011.08402
G1 X170.397 Y205.904 Z3.7451 E4011.14365
G1 X170.201 Y205.942 Z3.7452 E4011.20327
G1 X169.010 Y206.110 Z3.7455 E4011.56359
G1 X168.818 Y206.128 Z3.7456 E4011.62131
G1 X168.625 Y206.127 Z3.7456 E4011.67902
G1 X167.475 Y206.067 Z3.7459 E4012.02382
G1 X166.718 Y205.910 Z3.7462 E4012.25518
G1 X165.822 Y205.656 Z3.7464 E4012.53381
G1 X164.935 Y205.376 Z3.7467 E4012.81244
G1 X164.055 Y205.070 Z3.7469 E4013.09107
G1 X163.185 Y204.739 Z3.7472 E4013.36969
G1 X162.325 Y204.383 Z3.7474 E4013.64832
G1 X161.476 Y204.002 Z3.7477 E4013.92695
G1 X160.638 Y203.596 Z3.7479 E4014.20558
G1 X159.813 Y203.166 Z3.7482 E4014.48421
G1 X158.138 Y202.105 Z3.7487 E4015.07771
G1 X157.997 Y201.995 Z3.7488 E4015.13128
G1 X157.866 Y201.874 Z3.7488 E4015.18485
G1 X157.203 Y201.201 Z3.7491 E4015.46754
G1 X157.086 Y201.071 Z3.7491 E4015.51979
G1 X156.981 Y200.932 Z3.7492 E4015.57205
G1 X156.246 Y199.864 Z3.7495 E4015.96016
G1 X155.496 Y198.239 Z3.7500 E4016.49579
G1 X154.885 Y195.997 Z3.7506 E4017.19127
G1 X154.572 Y193.291 Z3.7514 E4018.00695
G1 X154.614 Y190.103 Z3.7523 E4018.96124
G1 X155.071 Y186.448 Z3.7533 E4020.06388
G1 X155.989 Y182.375 Z3.7544 E4021.31355
G1 X157.396 Y177.976 Z3.7556 E4022.69616
G1 X159.288 Y173.378 Z3.7570 E4024.18456
G1 X161.631 Y168.739 Z3.7584 E4025.74001
G1 X164.352 Y164.234 Z3.7598 E4027.31563
G1 X167.353 Y160.031 Z3.7612 E4028.86149
G1 X170.516 Y156.280 Z3.7626 E4030.33034
G1 X173.718 Y153.091 Z3.7638 E4031.68313
G1 X176.844 Y150.528 Z3.7649 E4032.89302
G1 X179.798 Y148.609 Z3.7659 E4033.94747
G1 X182.511 Y147.309 Z3.7667 E4034.84824
G1 X184.772 Y146.624 Z3.7673 E4035.55535
G1 X184.947 Y146.579 Z3.7674 E4035.60941
G1 X185.126 Y146.551 Z3.7674 E4035.66347
G1 X186.893 Y146.349 Z3.7679 E4036.19589
G1 X187.089 Y146.337 Z3.7680 E4036.25485
G1 X187.286 Y146.344 Z3.7680 E4036.31380
G1 X188.560 Y146.450 Z3.7684 E4036.69631
G1 X188.752 Y146.476 Z3.7684 E4036.75439
G1 X188.941 Y146.520 Z3.7685 E4036.81248
G1 X189.899 Y146.793 Z3.7687 E4037.11083
G1 X190.078 Y146.853 Z3.7688 E4037.16711
G1 X190.249 Y146.930 Z3.7688 E4037.22339
G1 X191.037 Y147.325 Z3.7691 E4037.48730
G1 X191.196 Y147.415 Z3.7691 E4037.54202
G1 X191.347 Y147.519 Z3.7692 E4037.59674
G1 X192.046 Y148.048 Z3.7694 E4037.85923
G1 X192.183 Y148.162 Z3.7695 E4037.91254
G1 X192.309 Y148.288 Z3.7695 E4037.96586
G1 X193.084 Y149.129 Z3.7698 E4038.30833
G1 X193.904 Y150.408 Z3.7702 E4038.76307
G1 X194.634 Y152.132 Z3.7708 E4039.32330
G1 X195.195 Y154.455 Z3.7714 E4040.03877
G1 X195.449 Y157.248 Z3.7722 E4040.87827
G1 X195.336 Y160.522 Z3.7731 E4041.85885
G1 X194.799 Y164.257 Z3.7741 E4042.98843
G1 X193.794 Y168.396 Z3.7752 E4044.26346
G1 X192.299 Y172.842 Z3.7765 E4045.66750
G1 X190.321 Y177.459 Z3.7779 E4047.17113
G1 X187.905 Y182.087 Z3.7793 E4048.73383
G1 X185.125 Y186.550 Z3.7807 E4050.30778
G1 X182.086 Y190.681 Z3.7821 E4051.84308
G1 X178.906 Y194.339 Z3.7835 E4053.29361
G1 X175.710 Y197.418 Z3.7847 E4054.62224
G1 X172.609 Y199.865 Z3.7857 E4055.80463
G1 X169.694 Y201.669 Z3.7867 E4056.83089
G1 X167.029 Y202.864 Z3.7875 E4057.70517
G1 X164.827 Y203.458 Z3.7881 E4058.38788
G1 X164.646 Y203.498 Z3.7881 E4058.44352
G1 X164.461 Y203.521 Z3.7882 E4058.49915
G1 X162.754 Y203.655 Z3.7886 E4059.01159
G1 X162.555 Y203.660 Z3.7887 E4059.07122
G1 X162.357 Y203.646 Z3.7888 E4059.13085
G1 X161.162 Y203.500 Z3.7891 E4059.49117
G1 X160.972 Y203.467 Z3.7891 E4059.54888
G1 X160.786 Y203.417 Z3.7892 E4059.60660
G1 X159.690 Y203.061 Z3.7895 E4059.95139
G1 X159.000 Y202.713 Z3.7897 E4060.18275
G1 X158.201 Y202.236 Z3.7900 E4060.46138
G1 X157.416 Y201.736 Z3.7902 E4060.74001
G1 X156.646 Y201.213 Z3.7905 E4061.01864
G1 X155.891 Y200.668 Z3.7907 E4061.29727
G1 X155.152 Y200.101 Z3.7910 E4061.57590
G1 X154.431 Y199.513 Z3.7912 E4061.85453
G1 X153.727 Y198.905 Z3.7915 E4062.13316
G1 X153.040 Y198.276 Z3.7917 E4062.41179
G1 X151.697 Y196.817 Z3.7923 E4063.00529
G1 X151.589 Y196.675 Z3.7923 E4063.05886
G1 X151.494 Y196.523 Z3.7924 E4063.11243
G1 X151.028 Y195.702 Z3.7926 E4063.39512
G1 X150.949 Y195.546 Z3.7927 E4063.44737
G1 X150.883 Y195.384 Z3.7927 E4063.49962
G1 X150.450 Y194.163 Z3.7931 E4063.88774
G1 X150.146 Y192.399 Z3.7936 E4064.42336
G1 X150.136 Y190.076 Z3.7942 E4065.11885
G1 X150.534 Y187.380 Z3.7949 E4065.93453
G1 X151.400 Y184.312 Z3.7958 E4066.88882
G1 X152.787 Y180.900 Z3.7968 E4067.99146
G1 X154.728 Y177.204 Z3.7979 E4069.24113
G1 X157.225 Y173.318 Z3.7992 E4070.62374
G1 X160.244 Y169.367 Z3.8006 E4072.11214
G1 X163.706 Y165.493 Z3.8020 E4073.66758
G1 X167.501 Y161.845 Z3.8034 E4075.24321
G1 X171.488 Y158.562 Z3.8048 E4076.78906
G1 X175.514 Y155.757 Z3.8061 E4078.25792
G1 X179.432 Y153.505 Z3.8074 E4079.61071
G1 X183.115 Y151.839 Z3.8085 E4080.82060
G1 X186.465 Y150.750 Z3.8094 E4081.87505
G1 X189.423 Y150.196 Z3.8102 E4082.77582
G1 X191.784 Y150.120 Z3.8109 E4083.48292
G1 X191.964 Y150.122 Z3.8109 E4083.53699
G1 X192.144 Y150.141 Z3.8110 E4083.59105
G1 X193.903 Y150.404 Z3.8115 E4084.12347
G1 X194.096 Y150.442 Z3.8115 E4084.18242
G1 X194.284 Y150.500 Z3.8116 E4084.24138
G1 X195.487 Y150.933 Z3.8119 E4084.62389
G1 X195.666 Y151.007 Z3.8120 E4084.68197
G1 X195.837 Y151.098 Z3.8120 E4084.74005
G1 X196.692 Y151.610 Z3.8123 E4085.03841
G1 X196.849 Y151.715 Z3.8124 E4085.09469
G1 X196.995 Y151.833 Z3.8124 E4085.15097
G1 X197.653 Y152.419 Z3.8126 E4085.41488
G1 X197.784 Y152.547 Z3.8127 E4085.46960
G1 X197.903 Y152.686 Z3.8127 E4085.52432
G1 X198.441 Y153.378 Z3.8130 E4085.78681
G1 X198.543 Y153.524 Z3.8130 E4085.84012
G1 X198.633 Y153.678 Z3.8131 E4085.89343
G1 X199.164 Y154.691 Z3.8134 E4086.23591
G1 X199.625 Y156.139 Z3.8138 E4086.69065
G1 X199.883 Y157.993 Z3.8143 E4087.25088
G1 X199.824 Y160.382 Z3.8150 E4087.96634
G1 X199.347 Y163.145 Z3.8157 E4088.80585
G1 X198.390 Y166.278 Z3.8166 E4089.78643
G1 X196.905 Y169.747 Z3.8176 E4090.91601
G1 X194.863 Y173.485 Z3.8188 E4092.19104
G1 X192.268 Y177.393 Z3.8201 E4093.59508
G1 X189.163 Y181.341 Z3.8214 E4095.09871
G1 X185.631 Y185.185 Z3.8229 E4096.66141
G1 X181.791 Y188.777 Z3.8243 E4098.23536
G1 X177.786 Y191.981 Z3.8257 E4099.77066
G1 X173.768 Y194.691 Z3.8270 E4101.22119
G1 X169.884 Y196.838 Z3.8282 E4102.54982
G1 X166.255 Y198.399 Z3.8293 E4103.73221
G1 X162.972 Y199.387 Z3.8302 E4104.75846
G1 X160.089 Y199.851 Z3.8310 E4105.63275
G1 X157.808 Y199.856 Z3.8316 E4106.31546
G1 X157.622 Y199.847 Z3.8317 E4106.37109
G1 X157.438 Y199.822 Z3.8317 E4106.42673
G1 X155.755 Y199.509 Z3.8322 E4106.93917
G1 X155.562 Y199.463 Z3.8323 E4106.99880
G1 X155.373 Y199.397 Z3.8323 E4107.05843
G1 X154.257 Y198.947 Z3.8326 E4107.41875
G1 X154.082 Y198.867 Z3.8327 E4107.47646
G1 X153.915 Y198.769 Z3.8327 E4107.53417
G1 X152.949 Y198.142 Z3.8331 E4107.87897
G1 X152.373 Y197.627 Z3.8333 E4108.11033
G1 X151.724 Y196.960 Z3.8335 E4108.38896
G1 X151.095 Y196.273 Z3.8338 E4108.66759
G1 X150.487 Y195.569 Z3.8340 E4108.94622
G1 X149.899 Y194.848 Z3.8343 E4109.22485
G1 X149.332 Y194.109 Z3.8345 E4109.50348
G1 X148.787 Y193.354 Z3.8348 E4109.78211
G1 X148.264 Y192.584 Z3.8350 E4110.06074
G1 X147.764 Y191.799 Z3.8353 E4110.33937
G1 X146.845 Y190.043 Z3.8358 E4110.93287
G1 X146.777 Y189.877 Z3.8359 E4110.98644
G1 X146.724 Y189.706 Z3.8359 E4111.04001
G1 X146.487 Y188.792 Z3.8362 E4111.32270
G1 X146.451 Y188.621 Z3.8362 E4111.37495
G1 X146.429 Y188.448 Z3.8363 E4111.42720
G1 X146.327 Y187.155 Z3.8366 E4111.81532
G1 X146.489 Y185.374 Z3.8371 E4112.35094
G1 X147.081 Y183.127 Z3.8378 E4113.04642
G1 X148.163 Y180.626 Z3.8385 E4113.86210
G1 X149.794 Y177.887 Z3.8394 E4114.81640
G1 X152.017 Y174.949 Z3.8404 E4115.91904
G1 X154.848 Y171.882 Z3.8415 E4117.16870
G1 X158.266 Y168.775 Z3.8428 E4118.55132
G1 X162.204 Y165.739 Z3.8441 E4120.03972
G1 X166.552 Y162.894 Z3.8455 E4121.59516
G1 X171.162 Y160.352 Z3.8470 E4123.17078
G1 X175.862 Y158.213 Z3.8484 E4124.71664
G1 X180.477 Y156.546 Z3.8497 E4126.18550
G1 X184.845 Y155.385 Z3.8509 E4127.53829
G1 X188.833 Y154.729 Z3.8520 E4128.74817
G1 X192.350 Y154.544 Z3.8530 E4129.80263
G1 X195.351 Y154.774 Z3.8538 E4130.70340
G1 X197.651 Y155.312 Z3.8544 E4131.41050
G1 X197.825 Y155.361 Z3.8545 E4131.46456
G1 X197.994 Y155.425 Z3.8545 E4131.51863
G1 X199.625 Y156.134 Z3.8550 E4132.05104
G1 X199.801 Y156.222 Z3.8551 E4132.11000
G1 X199.968 Y156.326 Z3.8551 E4132.16896
G1 X201.018 Y157.055 Z3.8555 E4132.55147
G1 X201.172 Y157.173 Z3.8555 E4132.60955
G1 X201.313 Y157.306 Z3.8556 E4132.66763
G1 X202.007 Y158.022 Z3.8559 E4132.96598
G1 X202.131 Y158.163 Z3.8559 E4133.02226
G1 X202.242 Y158.315 Z3.8560 E4133.07855
G1 X202.726 Y159.052 Z3.8562 E4133.34246
G1 X202.819 Y159.209 Z3.8562 E4133.39717
G1 X202.898 Y159.374 Z3.8563 E4133.45189
G1 X203.238 Y160.182 Z3.8565 E4133.71438
G1 X203.300 Y160.349 Z3.8566 E4133.76770
G1 X203.346 Y160.521 Z3.8566 E4133.82101
G1 X203.596 Y161.637 Z3.8569 E4134.16349
G1 X203.667 Y163.155 Z3.8574 E4134.61823
G1 X203.437 Y165.012 Z3.8579 E4135.17846
G1 X202.762 Y167.305 Z3.8585 E4135.89392
G1 X201.585 Y169.851 Z3.8593 E4136.73342
G1 X199.850 Y172.629 Z3.8602 E4137.71401
G1 X197.518 Y175.596 Z3.8612 E4138.84358
G1 X194.578 Y178.678 Z3.8624 E4140.11862
G1 X191.060 Y181.780 Z3.8636 E4141.52266
G1 X187.039 Y184.791 Z3.8650 E4143.02628
G1 X182.632 Y187.590 Z3.8664 E4144.58899
G1 X177.993 Y190.065 Z3.8678 E4146.16293
G1 X173.296 Y192.123 Z3.8692 E4147.69824
G1 X168.714 Y193.701 Z3.8706 E4149.14876
G1 X164.406 Y194.770 Z3.8718 E4150.47740
G1 X160.497 Y195.338 Z3.8728 E4151.65979
G1 X157.070 Y195.443 Z3.8738 E4152.68604
G1 X154.165 Y195.145 Z3.8746 E4153.56032
G1 X151.961 Y194.559 Z3.8752 E4154.24303
G1 X151.784 Y194.503 Z3.8752 E4154.29867
G1 X151.612 Y194.431 Z3.8753 E4154.35431
G1 X150.068 Y193.693 Z3.8758 E4154.86675
G1 X149.892 Y193.598 Z3.8758 E4154.92638
G1 X149.728 Y193.486 Z3.8759 E4154.98601
G1 X148.766 Y192.763 Z3.8762 E4155.34633
G1 X148.617 Y192.639 Z3.8762 E4155.40404
G1 X148.482 Y192.502 Z3.8763 E4155.46175
G1 X147.711 Y191.646 Z3.8766 E4155.80655
G1 X147.287 Y191.000 Z3.8768 E4156.03791
G1 X146.834 Y190.187 Z3.8771 E4156.31654
G1 X146.404 Y189.362 Z3.8773 E4156.59517
G1 X145.998 Y188.524 Z3.8776 E4156.87380
G1 X145.617 Y187.675 Z3.8778 E4157.15243
G1 X145.261 Y186.815 Z3.8781 E4157.43106
G1 X144.930 Y185.945 Z3.8783 E4157.70969
G1 X144.624 Y185.065 Z3.8786 E4157.98831
G1 X144.344 Y184.178 Z3.8788 E4158.26694
G1 X143.911 Y182.243 Z3.8794 E4158.86045
G1 X143.888 Y182.065 Z3.8794 E4158.91402
G1 X143.882 Y181.887 Z3.8795 E4158.96759
G1 X143.889 Y180.942 Z3.8797 E4159.25027
G1 X143.898 Y180.768 Z3.8798 E4159.30253
G1 X143.922 Y180.595 Z3.8798 E4159.35478
G1 X144.158 Y179.320 Z3.8802 E4159.74290
G1 X144.776 Y177.641 Z3.8807 E4160.27852
G1 X145.929 Y175.624 Z3.8813 E4160.97400
G1 X147.622 Y173.488 Z3.8820 E4161.78968
G1 X149.906 Y171.264 Z3.8829 E4162.74397
G1 X152.813 Y169.003 Z3.8839 E4163.84662
G1 X156.342 Y166.772 Z3.8851 E4165.09628
G1 X160.448 Y164.656 Z3.8863 E4166.47889
G1 X165.037 Y162.743 Z3.8877 E4167.96729
G1 X169.973 Y161.120 Z3.8891 E4169.52274
G1 X175.083 Y159.858 Z3.8905 E4171.09836
G1 X180.177 Y159.008 Z3.8919 E4172.64422
G1 X185.067 Y158.592 Z3.8932 E4174.11307
G1 X189.586 Y158.601 Z3.8945 E4175.46586
G1 X193.608 Y159.000 Z3.8956 E4176.67575
G1 X197.054 Y159.732 Z3.8965 E4177.73021
G1 X199.892 Y160.731 Z3.8974 E4178.63098
G1 X201.975 Y161.845 Z3.8980 E4179.33808
G1 X202.130 Y161.937 Z3.8980 E4179.39214
G1 X202.276 Y162.043 Z3.8981 E4179.44620
G1 X203.668 Y163.150 Z3.8986 E4179.97862
G1 X203.816 Y163.280 Z3.8986 E4180.03758
G1 X203.951 Y163.424 Z3.8987 E4180.09654
G1 X204.776 Y164.400 Z3.8990 E4180.47904
G1 X204.894 Y164.554 Z3.8991 E4180.53713
G1 X204.996 Y164.719 Z3.8991 E4180.59521
G1 X205.481 Y165.590 Z3.8994 E4180.89356
G1 X205.564 Y165.759 Z3.8995 E4180.94984
G1 X205.632 Y165.934 Z3.8995 E4181.00612
G1 X205.909 Y166.771 Z3.8998 E4181.27003
G1 X205.958 Y166.947 Z3.8998 E4181.32475
G1 X205.991 Y167.127 Z3.8998 E4181.37947
G1 X206.111 Y167.996 Z3.9001 E4181.64196
G1 X206.127 Y168.173 Z3.9001 E4181.69527
G1 X206.128 Y168.351 Z3.9002 E4181.74859
G1 X206.081 Y169.494 Z3.9005 E4182.09106
G1 X205.756 Y170.978 Z3.9009 E4182.54581
G1 X205.053 Y172.713 Z3.9014 E4183.10604
G1 X203.808 Y174.753 Z3.9021 E4183.82150
G1 X202.012 Y176.907 Z3.9028 E4184.66100
G1 X199.617 Y179.142 Z3.9037 E4185.64159
G1 X196.596 Y181.404 Z3.9047 E4186.77116
G1 X192.959 Y183.620 Z3.9059 E4188.04619
G1 X188.758 Y185.706 Z3.9072 E4189.45023
G1 X184.095 Y187.573 Z3.9086 E4190.95386
G1 X179.114 Y189.136 Z3.9100 E4192.51656
G1 X173.992 Y190.327 Z3.9114 E4194.09051
G1 X168.922 Y191.099 Z3.9128 E4195.62582
G1 X164.088 Y191.437 Z3.9141 E4197.07634
G1 X159.650 Y191.354 Z3.9153 E4198.40497
G1 X155.727 Y190.891 Z3.9164 E4199.58736
G1 X152.390 Y190.106 Z3.9173 E4200.61362
G1 X149.661 Y189.066 Z3.9181 E4201.48790
G1 X147.684 Y187.930 Z3.9187 E4202.17061
G1 X147.527 Y187.830 Z3.9188 E4202.22625
G1 X147.380 Y187.716 Z3.9188 E4202.28188
G1 X146.079 Y186.603 Z3.9193 E4202.79432
G1 X145.934 Y186.466 Z3.9194 E4202.85395
G1 X145.804 Y186.315 Z3.9194 E4202.91358
G1 X145.062 Y185.367 Z3.9197 E4203.27390
G1 X144.951 Y185.210 Z3.9198 E4203.33161
G1 X144.855 Y185.043 Z3.9199 E4203.38933
G1 X144.333 Y184.016 Z3.9202 E4203.73413
G1 X144.090 Y183.282 Z3.9204 E4203.96548
G1 X143.847 Y182.313 Z3.9206 E4204.26456
G1 X143.634 Y181.337 Z3.9209 E4204.56364
G1 X143.451 Y180.355 Z3.9212 E4204.86272
G1 X143.299 Y179.367 Z3.9215 E4205.16180
G1 X143.179 Y178.375 Z3.9217 E4205.46087
G1 X143.089 Y177.380 Z3.9220 E4205.75995
G1 X143.030 Y176.383 Z3.9223 E4206.05903
G1 X143.002 Y175.384 Z3.9225 E4206.35811
G1 X143.006 Y174.385 Z3.9228 E4206.65719
G1 X143.041 Y173.387 Z3.9231 E4206.95626
G1 X143.107 Y172.390 Z3.9234 E4207.25534
G1 X143.204 Y171.395 Z3.9236 E4207.55442
G1 X143.332 Y170.404 Z3.9239 E4207.85350
G1 X143.491 Y169.418 Z3.9242 E4208.15258
G1 X143.680 Y168.437 Z3.9245 E4208.45165
G1 X143.900 Y167.463 Z3.9247 E4208.75073
G1 X144.151 Y166.495 Z3.9250 E4209.04981
G1 X144.431 Y165.536 Z3.9253 E4209.34889
G1 X144.742 Y164.587 Z3.9255 E4209.64796
G1 X145.082 Y163.647 Z3.9258 E4209.94704
G1 X145.451 Y162.719 Z3.9261 E4210.24612
G1 X145.848 Y161.802 Z3.9264 E4210.54520
G1 X146.275 Y160.898 Z3.9266 E4210.84428
G1 X146.729 Y160.009 Z3.9269 E4211.14335
G1 X147.211 Y159.133 Z3.9272 E4211.44243
G1 X147.720 Y158.273 Z3.9274 E4211.74151
G1 X148.255 Y157.430 Z3.9277 E4212.04059
G1 X148.817 Y156.604 Z3.9280 E4212.33967
G1 X149.404 Y155.795 Z3.9283 E4212.63874
G1 X150.016 Y155.005 Z3.9285 E4212.93782
G1 X150.652 Y154.235 Z3.9288 E4213.23690
G1 X151.312 Y153.485 Z3.9291 E4213.53598
G1 X151.995 Y152.756 Z3.9293 E4213.83506
G1 X152.701 Y152.049 Z3.9296 E4214.13413
G1 X153.428 Y151.364 Z3.9299 E4214.43321
G1 X154.177 Y150.702 Z3.9302 E4214.73229
G1 X154.945 Y150.064 Z3.9304 E4215.03137
G1 X155.734 Y149.450 Z3.9307 E4215.33044
G1 X156.541 Y148.861 Z3.9310 E4215.62952
G1 X157.366 Y148.297 Z3.9312 E4215.92860
G1 X158.208 Y147.760 Z3.9315 E4216.22768
G1 X159.067 Y147.249 Z3.9318 E4216.52676
G1 X159.941 Y146.765 Z3.9321 E4216.82583
G1 X160.830 Y146.309 Z3.9323 E4217.12491
G1 X161.732 Y145.880 Z3.9326 E4217.42399
G1 X162.648 Y145.480 Z3.9329 E4217.72307
G1 X163.575 Y145.109 Z3.9331 E4218.02215
G1 X164.514 Y144.767 Z3.9334 E4218.32122
G1 X165.463 Y144.454 Z3.9337 E4218.62030
G1 X166.421 Y144.171 Z3.9340 E4218.91938
G1 X167.388 Y143.919 Z3.9342 E4219.21846
G1 X168.362 Y143.696 Z3.9345 E4219.51754
G1 X169.342 Y143.504 Z3.9348 E4219.81661
G1 X170.328 Y143.343 Z3.9351 E4220.11569
G1 X171.319 Y143.212 Z3.9353 E4220.41477
G1 X172.313 Y143.113 Z3.9356 E4220.71385
G1 X173.310 Y143.045 Z3.9359 E4221.01293
G1 X174.308 Y143.007 Z3.9361 E4221.31200
G1 X175.307 Y143.001 Z3.9364 E4221.61108
G1 X176.306 Y143.027 Z3.9367 E4221.91016
G1 X177.304 Y143.083 Z3.9370 E4222.20924
G1 X178.299 Y143.171 Z3.9372 E4222.50831
G1 X179.291 Y143.289 Z3.9375 E4222.80739
G1 X180.279 Y143.438 Z3.9378 E4223.10647
G1 X181.262 Y143.619 Z3.9380 E4223.40555
G1 X182.238 Y143.829 Z3.9383 E4223.70463
G1 X183.208 Y144.071 Z3.9386 E4224.00370
G1 X184.170 Y144.342 Z3.9389 E4224.30278
G1 X185.122 Y144.643 Z3.9391 E4224.60186
G1 X186.065 Y144.974 Z3.9394 E4224.90094
G1 X186.997 Y145.334 Z3.9397 E4225.20002
G1 X187.917 Y145.723 Z3.9399 E4225.49909
G1 X188.825 Y146.140 Z3.9402 E4225.79817
G1 X189.719 Y146.586 Z3.9405 E4226.09725
G1 X190.599 Y147.059 Z3.9408 E4226.39633
G1 X191.464 Y147.560 Z3.9410 E4226.69541
G1 X192.312 Y148.087 Z3.9413 E4226.99448
G1 X193.144 Y148.641 Z3.9416 E4227.29356
G1 X193.958 Y149.220 Z3.9418 E4227.59264
G1 X194.754 Y149.825 Z3.9421 E4227.89172
G1 X195.530 Y150.454 Z3.9424 E4228.19079
G1 X196.286 Y151.107 Z3.9427 E4228.48987
G1 X197.022 Y151.783 Z3.9429 E4228.78895
G1 X197.736 Y152.482 Z3.9432 E4229.08803
G1 X198.428 Y153.202 Z3.9435 E4229.38711
G1 X199.097 Y153.944 Z3.9437 E4229.68618
G1 X199.742 Y154.707 Z3.9440 E4229.98526
G1 X200.364 Y155.489 Z3.9443 E4230.28434
G1 X200.961 Y156.290 Z3.9446 E4230.58342
G1 X201.532 Y157.110 Z3.9448 E4230.88250
G1 X202.078 Y157.947 Z3.9451 E4231.18157
G1 X202.597 Y158.801 Z3.9454 E4231.48065
G1 X203.089 Y159.670 Z3.9457 E4231.77973
G1 X203.554 Y160.555 Z3.9459 E4232.07881
G1 X203.991 Y161.453 Z3.9462 E4232.37789
G1 X204.400 Y162.365 Z3.9465 E4232.67696
G1 X204.780 Y163.289 Z3.9467 E4232.97604
G1 X205.131 Y164.224 Z3.9470 E4233.27512
G1 X205.453 Y165.170 Z3.9473 E4233.57420
G1 X205.745 Y166.125 Z3.9476 E4233.87328
G1 X206.007 Y167.090 Z3.9478 E4234.17235
G1 X206.239 Y168.061 Z3.9481 E4234.47143
G1 X206.440 Y169.040 Z3.9484 E4234.77051
G1 X206.611 Y170.024 Z3.9486 E4235.06959
G1 X206.751 Y171.014 Z3.9489 E4235.36866
G1 X206.860 Y172.007 Z3.9492 E4235.66774
G1 X206.938 Y173.003 Z3.9495 E4235.96682
G1 X206.984 Y174.001 Z3.9497 E4236.26590
G1 X207.000 Y175.000 Z3.9500 E4236.56498
G1 X206.905 Y176.050 Z3.9503 E4236.88067
G1 X206.880 Y176.228 Z3.9503 E4236.93424
G1 X206.840 Y176.402 Z3.9504 E4236.98781
G1 X206.589 Y177.312 Z3.9506 E4237.27050
G1 X206.535 Y177.478 Z3.9507 E4237.32275
G1 X206.467 Y177.639 Z3.9507 E4237.37500
G1 X205.910 Y178.810 Z3.9511 E4237.76312
G1 X204.878 Y180.272 Z3.9516 E4238.29874
G1 X203.242 Y181.921 Z3.9522 E4238.99422
G1 X201.054 Y183.546 Z3.9529 E4239.80990
G1 X198.272 Y185.103 Z3.9538 E4240.76419
G1 X194.879 Y186.535 Z3.9548 E4241.86684
G1 X190.893 Y187.776 Z3.9560 E4243.11650
G1 X186.379 Y188.758 Z3.9572 E4244.49911
G1 X181.451 Y189.418 Z3.9586 E4245.98751
G1 X176.263 Y189.709 Z3.9600 E4247.54296
G1 X171.000 Y189.605 Z3.9614 E4249.11858
G1 X165.860 Y189.107 Z3.9628 E4250.66444
G1 X161.030 Y188.243 Z3.9641 E4252.13330
G1 X156.667 Y187.065 Z3.9654 E4253.48608
G1 X152.885 Y185.639 Z3.9665 E4254.69597
G1 X149.746 Y184.040 Z3.9674 E4255.75043
G1 X147.263 Y182.341 Z3.9683 E4256.65120
G1 X145.539 Y180.725 Z3.9689 E4257.35830
G1 X145.413 Y180.596 Z3.9689 E4257.41236
G1 X145.299 Y180.456 Z3.9690 E4257.46642
G1 X144.242 Y179.026 Z3.9695 E4257.99884
G1 X144.132 Y178.862 Z3.9695 E4258.05780
G1 X144.040 Y178.688 Z3.9696 E4258.11676
G1 X143.495 Y177.532 Z3.9699 E4258.49927
G1 X143.421 Y177.353 Z3.9700 E4258.55735
G1 X143.365 Y177.167 Z3.9700 E4258.61543
G1 X143.122 Y176.200 Z3.9703 E4258.91378
G1 X143.085 Y176.016 Z3.9704 E4258.97006
G1 X143.066 Y175.829 Z3.9704 E4259.02634
G1 X143.015 Y174.949 Z3.9707 E4259.29025
G1 X143.012 Y174.766 Z3.9707 E4259.34497
G1 X143.027 Y174.584 Z3.9708 E4259.39969
G1 X143.136 Y173.714 Z3.9710 E4259.66218
G1 X143.166 Y173.538 Z3.9710 E4259.71550
G1 X143.212 Y173.366 Z3.9711 E4259.76881
G1 X143.553 Y172.274 Z3.9714 E4260.11128
G1 X144.251 Y170.925 Z3.9718 E4260.56603
G1 X145.379 Y169.431 Z3.9723 E4261.12626
G1 X147.110 Y167.783 Z3.9730 E4261.84172
G1 X149.402 Y166.167 Z3.9737 E4262.68122
G1 X152.294 Y164.628 Z3.9746 E4263.66181
G1 X155.797 Y163.225 Z3.9757 E4264.79138
G1 X159.884 Y162.026 Z3.9768 E4266.06642
G1 X164.482 Y161.098 Z3.9781 E4267.47045
G1 X169.469 Y160.502 Z3.9795 E4268.97408
G1 X174.685 Y160.281 Z3.9809 E4270.53678
G1 X179.940 Y160.456 Z3.9823 E4272.11073
G1 X185.038 Y161.023 Z3.9837 E4273.64604
G1 X189.794 Y161.948 Z3.9850 E4275.09656
G1 X194.060 Y163.176 Z3.9862 E4276.42519
G1 X197.729 Y164.638 Z3.9873 E4277.60759
G1 X200.749 Y166.260 Z3.9882 E4278.63384
G1 X203.116 Y167.971 Z3.9890 E4279.50812
G1 X204.732 Y169.581 Z3.9896 E4280.19083
G1 X204.858 Y169.718 Z3.9897 E4280.24647
G1 X204.970 Y169.866 Z3.9897 E4280.30211
G1 X205.938 Y171.278 Z3.9902 E4280.81455
G1 X206.043 Y171.447 Z3.9903 E4280.87417
G1 X206.130 Y171.627 Z3.9903 E4280.93380
G1 X206.601 Y172.734 Z3.9906 E4281.29412
G1 X206.668 Y172.915 Z3.9907 E4281.35184
G1 X206.717 Y173.102 Z3.9908 E4281.40955
G1 X206.956 Y174.228 Z3.9911 E4281.75435
G1 X207.000 Y175.000 Z3.9913 E4281.98571
G1 X206.986 Y175.931 Z3.9915 E4282.26434
G1 X206.946 Y176.861 Z3.9918 E4282.54296
G1 X206.878 Y177.789 Z3.9920 E4282.82159
G1 X206.784 Y178.715 Z3.9923 E4283.10022
G1 X206.662 Y179.638 Z3.9925 E4283.37885
G1 X206.514 Y180.557 Z3.9928 E4283.65748
G1 X206.339 Y181.471 Z3.9930 E4283.93611
G1 X206.137 Y182.380 Z3.9933 E4284.21474
G1 X205.546 Y184.272 Z3.9938 E4284.80824
G1 X205.476 Y184.437 Z3.9939 E4284.86181
G1 X205.393 Y184.595 Z3.9939 E4284.91538
G1 X204.914 Y185.409 Z3.9942 E4285.19807
G1 X204.819 Y185.556 Z3.9942 E4285.25032
G1 X204.712 Y185.693 Z3.9943 E4285.30258
G1 X203.870 Y186.680 Z3.9946 E4285.69069
G1 X202.495 Y187.825 Z3.9951 E4286.22631
G1 X200.488 Y188.995 Z3.9958 E4286.92180
G1 X197.955 Y189.998 Z3.9965 E4287.73748
G1 X194.865 Y190.782 Z3.9974 E4288.69177
G1 X191.216 Y191.287 Z3.9984 E4289.79441
G1 X187.044 Y191.454 Z3.9995 E4291.04408
G1 X182.431 Y191.234 Z4.0008 E4292.42669
G1 X177.500 Y190.596 Z4.0021 E4293.91509
G1 X172.413 Y189.534 Z4.0035 E4295.47054
G1 X167.357 Y188.072 Z4.0050 E4297.04616
G1 X162.520 Y186.261 Z4.0064 E4298.59201
G1 X158.078 Y184.176 Z4.0077 E4300.06087
G1 X154.169 Y181.909 Z4.0089 E4301.41366
G1 X150.885 Y179.553 Z4.0100 E4302.62355
G1 X148.267 Y177.196 Z4.0110 E4303.67800
G1 X146.308 Y174.912 Z4.0118 E4304.57877
G1 X145.061 Y172.905 Z4.0125 E4305.28587
G1 X144.973 Y172.748 Z4.0125 E4305.33994
G1 X144.899 Y172.583 Z4.0125 E4305.39400
G1 X144.248 Y170.928 Z4.0130 E4305.92642
G1 X144.185 Y170.741 Z4.0131 E4305.98538
G1 X144.140 Y170.549 Z4.0131 E4306.04433
G1 X143.914 Y169.292 Z4.0135 E4306.42684
G1 X143.888 Y169.099 Z4.0135 E4306.48492
G1 X143.882 Y168.905 Z4.0136 E4306.54300
G1 X143.898 Y167.909 Z4.0139 E4306.84136
G1 X143.910 Y167.721 Z4.0139 E4306.89764
G1 X143.939 Y167.535 Z4.0140 E4306.95392
G1 X144.118 Y166.672 Z4.0142 E4307.21783
G1 X144.163 Y166.495 Z4.0143 E4307.27255
G1 X144.224 Y166.323 Z4.0143 E4307.32727
G1 X144.555 Y165.511 Z4.0145 E4307.58976
G1 X144.629 Y165.349 Z4.0146 E4307.64307
G1 X144.718 Y165.194 Z4.0146 E4307.69639
G1 X145.331 Y164.228 Z4.0150 E4308.03886
G1 X146.354 Y163.105 Z4.0154 E4308.49360
G1 X147.829 Y161.954 Z4.0159 E4309.05383
G1 X149.928 Y160.810 Z4.0165 E4309.76930
G1 X152.560 Y159.843 Z4.0173 E4310.60880
G1 X155.752 Y159.104 Z4.0182 E4311.58938
G1 X159.499 Y158.656 Z4.0192 E4312.71896
G1 X163.757 Y158.556 Z4.0204 E4313.99399
G1 X168.438 Y158.849 Z4.0216 E4315.39803
G1 X173.410 Y159.564 Z4.0230 E4316.90166
G1 X178.505 Y160.701 Z4.0244 E4318.46436
G1 X183.536 Y162.231 Z4.0259 E4320.03831
G1 X188.313 Y164.097 Z4.0273 E4321.57361
G1 X192.669 Y166.221 Z4.0286 E4323.02414
G1 X196.471 Y168.512 Z4.0298 E4324.35277
G1 X199.636 Y170.874 Z4.0309 E4325.53516
G1 X202.134 Y173.223 Z4.0318 E4326.56142
G1 X203.977 Y175.488 Z4.0326 E4327.43570
G1 X205.122 Y177.461 Z4.0332 E4328.11841
G1 X205.207 Y177.626 Z4.0333 E4328.17405
G1 X205.277 Y177.798 Z4.0333 E4328.22968
G1 X205.848 Y179.412 Z4.0338 E4328.74212
G1 X205.904 Y179.603 Z4.0338 E4328.80175
G1 X205.942 Y179.799 Z4.0339 E4328.86138
G1 X206.110 Y180.990 Z4.0342 E4329.22170
G1 X206.128 Y181.182 Z4.0343 E4329.27941
G1 X206.127 Y181.375 Z4.0343 E4329.33712
G1 X206.067 Y182.525 Z4.0346 E4329.68192
G1 X205.910 Y183.282 Z4.0348 E4329.91328
G1 X205.656 Y184.178 Z4.0351 E4330.19191
G1 X205.376 Y185.065 Z4.0353 E4330.47054
G1 X205.070 Y185.945 Z4.0356 E4330.74917
G1 X204.739 Y186.815 Z4.0358 E4331.02780
G1 X204.383 Y187.675 Z4.0361 E4331.30643
G1 X204.002 Y188.524 Z4.0363 E4331.58506
G1 X203.596 Y189.362 Z4.0366 E4331.86369
G1 X203.166 Y190.187 Z4.0369 E4332.14232
G1 X202.105 Y191.862 Z4.0374 E4332.73582
G1 X201.995 Y192.003 Z4.0374 E4332.78939
G1 X201.874 Y192.134 Z4.0375 E4332.84296
G1 X201.201 Y192.797 Z4.0378 E4333.12565
G1 X201.071 Y192.914 Z4.0378 E4333.17790
G1 X200.932 Y193.019 Z4.0378 E4333.23015
G1 X199.864 Y193.754 Z4.0382 E4333.61827
G1 X198.239 Y194.504 Z4.0387 E4334.15389
G1 X195.997 Y195.115 Z4.0393 E4334.84938
G1 X193.291 Y195.428 Z4.0401 E4335.66505
G1 X190.103 Y195.386 Z4.0409 E4336.61935
G1 X186.448 Y194.929 Z4.0419 E4337.72199
G1 X182.375 Y194.011 Z4.0431 E4338.97166
G1 X177.976 Y192.604 Z4.0443 E4340.35427
G1 X173.378 Y190.712 Z4.0457 E4341.84267
G1 X168.739 Y188.369 Z4.0471 E4343.39811
G1 X164.234 Y185.648 Z4.0485 E4344.97374
G1 X160.031 Y182.647 Z4.0499 E4346.51959
G1 X156.280 Y179.484 Z4.0513 E4347.98845
G1 X153.091 Y176.282 Z4.0525 E4349.34124
G1 X150.528 Y173.156 Z4.0536 E4350.55112
G1 X148.609 Y170.202 Z4.0545 E4351.60558
G1 X147.309 Y167.489 Z4.0554 E4352.50635
G1 X146.624 Y165.228 Z4.0560 E4353.21345
G1 X146.579 Y165.053 Z4.0561 E4353.26751
G1 X146.551 Y164.874 Z4.0561 E4353.32158
G1 X146.349 Y163.107 Z4.0566 E4353.85400
G1 X146.337 Y162.911 Z4.0566 E4353.91295
G1 X146.344 Y162.714 Z4.0567 E4353.97191
G1 X146.450 Y161.440 Z4.0570 E4354.35442
G1 X146.476 Y161.248 Z4.0571 E4354.41250
G1 X146.520 Y161.059 Z4.0571 E4354.47058
G1 X146.793 Y160.101 Z4.0574 E4354.76894
G1 X146.853 Y159.922 Z4.0575 E4354.82522
G1 X146.930 Y159.751 Z4.0575 E4354.88150
G1 X147.325 Y158.963 Z4.0578 E4355.14541
G1 X147.415 Y158.804 Z4.0578 E4355.20013
G1 X147.519 Y158.653 Z4.0579 E4355.25484
G1 X148.048 Y157.954 Z4.0581 E4355.51734
G1 X148.162 Y157.817 Z4.0581 E4355.57065
G1 X148.288 Y157.691 Z4.0582 E4355.62396
G1 X149.129 Y156.916 Z4.0585 E4355.96644
G1 X150.408 Y156.096 Z4.0589 E4356.42118
G1 X152.132 Y155.366 Z4.0594 E4356.98141
G1 X154.455 Y154.805 Z4.0601 E4357.69687
G1 X157.248 Y154.551 Z4.0608 E4358.53638
G1 X160.522 Y154.664 Z4.0617 E4359.51696
G1 X164.257 Y155.201 Z4.0628 E4360.64654
G1 X168.396 Y156.206 Z4.0639 E4361.92157
G1 X172.842 Y157.701 Z4.0652 E4363.32561
G1 X177.459 Y159.679 Z4.0666 E4364.82924
G1 X182.087 Y162.095 Z4.0680 E4366.39194
G1 X186.550 Y164.875 Z4.0694 E4367.96589
G1 X190.681 Y167.914 Z4.0708 E4369.50119
G1 X194.339 Y171.094 Z4.0721 E4370.95172
G1 X197.418 Y174.290 Z4.0733 E4372.28035
G1 X199.865 Y177.391 Z4.0744 E4373.46274
G1 X201.669 Y180.306 Z4.0753 E4374.48899
G1 X202.864 Y182.971 Z4.0761 E4375.36327
G1 X203.458 Y185.173 Z4.0768 E4376.04599
G1 X203.498 Y185.354 Z4.0768 E4376.10162
G1 X203.521 Y185.539 Z4.0769 E4376.15726
G1 X203.655 Y187.246 Z4.0773 E4376.66970
G1 X203.660 Y187.445 Z4.0774 E4376.72933
G1 X203.646 Y187.643 Z4.0774 E4376.78896
G1 X203.500 Y188.838 Z4.0778 E4377.14928
G1 X203.467 Y189.028 Z4.0778 E4377.20699
G1 X203.417 Y189.214 Z4.0779 E4377.26470
G1 X203.061 Y190.310 Z4.0782 E4377.60950
G1 X202.713 Y191.000 Z4.0784 E4377.84086
G1 X202.236 Y191.799 Z4.0786 E4378.11949
G1 X201.736 Y192.584 Z4.0789 E4378.39812
G1 X201.213 Y193.354 Z4.0791 E4378.67675
G1 X200.668 Y194.109 Z4.0794 E4378.95538
G1 X200.101 Y194.848 Z4.0797 E4379.23401
G1 X199.513 Y195.569 Z4.0799 E4379.51264
G1 X198.905 Y196.273 Z4.0802 E4379.79127
G1 X198.276 Y196.960 Z4.0804 E4380.06990
G1 X196.817 Y198.303 Z4.0810 E4380.66340
G1 X196.675 Y198.411 Z4.0810 E4380.71697
G1 X196.523 Y198.506 Z4.0810 E4380.77054
G1 X195.702 Y198.972 Z4.0813 E4381.05323
G1 X195.546 Y199.051 Z4.0814 E4381.10548
G1 X195.384 Y199.117 Z4.0814 E4381.15773
G1 X194.163 Y199.550 Z4.0818 E4381.54585
G1 X192.399 Y199.854 Z4.0822 E4382.08147
G1 X190.076 Y199.864 Z4.0829 E4382.77695
G1 X187.380 Y199.466 Z4.0836 E4383.59263
G1 X184.312 Y198.600 Z4.0845 E4384.54692
G1 X180.900 Y197.213 Z4.0855 E4385.64957
G1 X177.204 Y195.272 Z4.0866 E4386.89923
G1 X173.318 Y192.775 Z4.0879 E4388.28185
G1 X169.367 Y189.756 Z4.0892 E4389.77025
G1 X165.493 Y186.294 Z4.0906 E4391.32569
G1 X161.845 Y182.499 Z4.0921 E4392.90131
G1 X158.562 Y178.512 Z4.0935 E4394.44717
G1 X155.757 Y174.486 Z4.0948 E4395.91603
G1 X153.505 Y170.568 Z4.0960 E4397.26882
G1 X151.839 Y166.885 Z4.0971 E4398.47870
G1 X150.750 Y163.535 Z4.0981 E4399.53316
G1 X150.196 Y160.577 Z4.0989 E4400.43393
G1 X150.120 Y158.216 Z4.0996 E4401.14103
G1 X150.122 Y158.036 Z4.0996 E4401.19509
G1 X150.141 Y157.856 Z4.0997 E4401.24916
G1 X150.404 Y156.097 Z4.1001 E4401.78157
G1 X150.442 Y155.904 Z4.1002 E4401.84053
G1 X150.500 Y155.716 Z4.1002 E4401.89949
G1 X150.933 Y154.513 Z4.1006 E4402.28200
G1 X151.007 Y154.334 Z4.1006 E4402.34008
G1 X151.098 Y154.163 Z4.1007 E4402.39816
G1 X151.610 Y153.308 Z4.1010 E4402.69651
G1 X151.715 Y153.151 Z4.1010 E4402.75279
G1 X151.833 Y153.005 Z4.1011 E4402.80908
G1 X152.419 Y152.347 Z4.1013 E4403.07299
G1 X152.547 Y152.216 Z4.1014 E4403.12770
G1 X152.686 Y152.097 Z4.1014 E4403.18242
G1 X153.378 Y151.559 Z4.1017 E4403.44491
G1 X153.524 Y151.457 Z4.1017 E4403.49823
G1 X153.678 Y151.367 Z4.1017 E4403.55154
G1 X154.691 Y150.836 Z4.1021 E4403.89401
G1 X156.139 Y150.375 Z4.1025 E4404.34876
G1 X157.993 Y150.117 Z4.1030 E4404.90899
G1 X160.382 Y150.176 Z4.1036 E4405.62445
G1 X163.145 Y150.653 Z4.1044 E4406.46395
G1 X166.278 Y151.610 Z4.1053 E4407.44454
G1 X169.747 Y153.095 Z4.1063 E4408.57411
G1 X173.485 Y155.137 Z4.1075 E4409.84915
G1 X177.393 Y157.732 Z4.1087 E4411.25318
G1 X181.341 Y160.837 Z4.1101 E4412.75681
G1 X185.185 Y164.369 Z4.1115 E4414.31952
G1 X188.777 Y168.209 Z4.1130 E4415.89346
G1 X191.981 Y172.214 Z4.1144 E4417.42877
G1 X194.691 Y176.232 Z4.1157 E4418.87929
G1 X196.838 Y180.116 Z4.1169 E4420.20793
G1 X198.399 Y183.745 Z4.1180 E4421.39032
G1 X199.387 Y187.028 Z4.1189 E4422.41657
G1 X199.851 Y189.911 Z4.1197 E4423.29085
G1 X199.856 Y192.192 Z4.1203 E4423.97356
G1 X199.847 Y192.378 Z4.1204 E4424.02920
G1 X199.822 Y192.562 Z4.1204 E4424.08484
G1 X199.509 Y194.245 Z4.1209 E4424.59728
G1 X199.463 Y194.438 Z4.1209 E4424.65691
G1 X199.397 Y194.627 Z4.1210 E4424.71653
G1 X198.947 Y195.743 Z4.1213 E4425.07686
G1 X198.867 Y195.918 Z4.1214 E4425.13457
G1 X198.769 Y196.085 Z4.1214 E4425.19228
G1 X198.142 Y197.051 Z4.1217 E4425.53708
G1 X197.627 Y197.627 Z4.1219 E4425.76844
G1 X196.960 Y198.276 Z4.1222 E4426.04707
G1 X196.273 Y198.905 Z4.1224 E4426.32570
G1 X195.569 Y199.513 Z4.1227 E4426.60433
G1 X194.848 Y200.101 Z4.1230 E4426.88296
G1 X194.109 Y200.668 Z4.1232 E4427.16158
G1 X193.354 Y201.213 Z4.1235 E4427.44021
G1 X192.584 Y201.736 Z4.1237 E4427.71884
G1 X191.799 Y202.236 Z4.1240 E4427.99747
G1 X190.043 Y203.155 Z4.1245 E4428.59097
G1 X189.877 Y203.223 Z4.1246 E4428.64454
G1 X189.706 Y203.276 Z4.1246 E4428.69812
G1 X188.792 Y203.513 Z4.1249 E4428.98080
G1 X188.621 Y203.549 Z4.1249 E4429.03306
G1 X188.448 Y203.571 Z4.1250 E4429.08531
G1 X187.155 Y203.673 Z4.1253 E4429.47342
G1 X185.374 Y203.511 Z4.1258 E4430.00905
G1 X183.127 Y202.919 Z4.1264 E4430.70453
G1 X180.626 Y201.837 Z4.1272 E4431.52021
G1 X177.887 Y200.206 Z4.1280 E4432.47450
G1 X174.949 Y197.983 Z4.1290 E4433.57714
G1 X171.882 Y195.152 Z4.1302 E4434.82681
G1 X168.775 Y191.734 Z4.1314 E4436.20942
G1 X165.739 Y187.796 Z4.1328 E4437.69782
G1 X162.894 Y183.448 Z4.1342 E4439.25327
G1 X160.352 Y178.838 Z4.1356 E4440.82889
G1 X158.213 Y174.138 Z4.1370 E4442.37475
G1 X156.546 Y169.523 Z4.1384 E4443.84360
G1 X155.385 Y165.155 Z4.1396 E4445.19639
G1 X154.729 Y161.167 Z4.1407 E4446.40628
G1 X154.544 Y157.650 Z4.1417 E4447.46073
G1 X154.774 Y154.649 Z4.1425 E4448.36150
G1 X155.312 Y152.349 Z4.1431 E4449.06861
G1 X155.361 Y152.175 Z4.1432 E4449.12267
G1 X155.425 Y152.006 Z4.1432 E4449.17673
G1 X156.134 Y150.375 Z4.1437 E4449.70915
G1 X156.222 Y150.199 Z4.1437 E4449.76811
G1 X156.326 Y150.032 Z4.1438 E4449.82706
G1 X157.055 Y148.982 Z4.1442 E4450.20957
G1 X157.173 Y148.828 Z4.1442 E4450.26765
G1 X157.306 Y148.687 Z4.1443 E4450.32574
G1 X158.022 Y147.993 Z4.1445 E4450.62409
G1 X158.163 Y147.869 Z4.1446 E4450.68037
G1 X158.315 Y147.758 Z4.1446 E4450.73665
G1 X159.052 Y147.274 Z4.1449 E4451.00056
G1 X159.209 Y147.181 Z4.1449 E4451.05528
G1 X159.374 Y147.102 Z4.1450 E4451.11000
G1 X160.182 Y146.762 Z4.1452 E4451.37249
G1 X160.349 Y146.700 Z4.1453 E4451.42580
G1 X160.521 Y146.654 Z4.1453 E4451.47912
G1 X161.637 Y146.404 Z4.1456 E4451.82159
G1 X163.155 Y146.333 Z4.1460 E4452.27634
G1 X165.012 Y146.563 Z4.1465 E4452.83656
G1 X167.305 Y147.238 Z4.1472 E4453.55203
G1 X169.851 Y148.415 Z4.1480 E4454.39153
G1 X172.629 Y150.150 Z4.1488 E4455.37211
G1 X175.596 Y152.482 Z4.1499 E4456.50169
G1 X178.678 Y155.422 Z4.1510 E4457.77672
G1 X181.780 Y158.940 Z4.1523 E4459.18076
G1 X184.791 Y162.961 Z4.1537 E4460.68439
G1 X187.590 Y167.368 Z4.1551 E4462.24709
G1 X190.065 Y172.007 Z4.1565 E4463.82104
G1 X192.123 Y176.704 Z4.1579 E4465.35634
G1 X193.701 Y181.286 Z4.1592 E4466.80687
G1 X194.770 Y185.594 Z4.1604 E4468.13550
G1 X195.338 Y189.503 Z4.1615 E4469.31789
G1 X195.443 Y192.930 Z4.1624 E4470.34415
G1 X195.145 Y195.835 Z4.1632 E4471.21843
G1 X194.559 Y198.039 Z4.1639 E4471.90114
G1 X194.503 Y198.216 Z4.1639 E4471.95678
G1 X194.431 Y198.388 Z4.1640 E4472.01241
G1 X193.693 Y199.932 Z4.1644 E4472.52485
G1 X193.598 Y200.108 Z4.1645 E4472.58448
G1 X193.486 Y200.272 Z4.1645 E4472.64411
G1 X192.763 Y201.234 Z4.1649 E4473.00443
G1 X192.639 Y201.383 Z4.1649 E4473.06214
G1 X192.502 Y201.518 Z4.1650 E4473.11986
G1 X191.646 Y202.289 Z4.1653 E4473.46465
G1 X191.000 Y202.713 Z4.1655 E4473.69601
G1 X190.187 Y203.166 Z4.1657 E4473.97464
G1 X189.362 Y203.596 Z4.1660 E4474.25327
G1 X188.524 Y204.002 Z4.1663 E4474.53190
G1 X187.675 Y204.383 Z4.1665 E4474.81053
G1 X186.815 Y204.739 Z4.1668 E4475.08916
G1 X185.945 Y205.070 Z4.1670 E4475.36779
G1 X185.065 Y205.376 Z4.1673 E4475.64642
G1 X184.178 Y205.656 Z4.1675 E4475.92505
G1 X182.243 Y206.089 Z4.1681 E4476.51855
G1 X182.065 Y206.112 Z4.1681 E4476.57212
G1 X181.887 Y206.118 Z4.1682 E4476.62569
G1 X180.942 Y206.111 Z4.1684 E4476.90838
G1 X180.768 Y206.102 Z4.1685 E4476.96063
G1 X180.595 Y206.078 Z4.1685 E4477.01288
G1 X179.320 Y205.842 Z4.1689 E4477.40100
G1 X177.641 Y205.224 Z4.1693 E4477.93662
G1 X175.624 Y204.071 Z4.1700 E4478.63211
G1 X173.488 Y202.378 Z4.1707 E4479.44779
G1 X171.264 Y200.094 Z4.1716 E4480.40208
G1 X169.003 Y197.187 Z4.1726 E4481.50472
G1 X166.772 Y193.658 Z4.1737 E4482.75439
G1 X164.656 Y189.552 Z4.1750 E4484.13700
G1 X162.743 Y184.963 Z4.1763 E4485.62540
G1 X161.120 Y180.027 Z4.1777 E4487.18084
G1 X159.858 Y174.917 Z4.1792 E4488.75647
G1 X159.008 Y169.823 Z4.1806 E4490.30232
G1 X158.592 Y164.933 Z4.1819 E4491.77118
G1 X158.601 Y160.414 Z4.1831 E4493.12397
G1 X159.000 Y156.392 Z4.1842 E4494.33386
G1 X159.732 Y152.946 Z4.1852 E4495.38831
G1 X160.731 Y150.108 Z4.1860 E4496.28908
G1 X161.845 Y148.025 Z4.1867 E4496.99618
G1 X161.937 Y147.870 Z4.1867 E4497.05025
G1 X162.043 Y147.724 Z4.1868 E4497.10431
G1 X163.150 Y146.332 Z4.1873 E4497.63673
G1 X163.280 Y146.184 Z4.1873 E4497.69568
G1 X163.424 Y146.049 Z4.1874 E4497.75464
G1 X164.400 Y145.224 Z4.1877 E4498.13715
G1 X164.554 Y145.106 Z4.1878 E4498.19523
G1 X164.719 Y145.004 Z4.1878 E4498.25331
G1 X165.590 Y144.519 Z4.1881 E4498.55167
G1 X165.759 Y144.436 Z4.1881 E4498.60795
G1 X165.934 Y144.368 Z4.1882 E4498.66423
G1 X166.771 Y144.091 Z4.1884 E4498.92814
G1 X166.947 Y144.042 Z4.1885 E4498.98286
G1 X167.127 Y144.009 Z4.1885 E4499.03758
G1 X167.996 Y143.889 Z4.1888 E4499.30007
G1 X168.173 Y143.873 Z4.1888 E4499.35338
G1 X168.351 Y143.872 Z4.1889 E4499.40669
G1 X169.494 Y143.919 Z4.1892 E4499.74917
G1 X170.978 Y144.244 Z4.1896 E4500.20391
G1 X172.713 Y144.947 Z4.1901 E4500.76414
G1 X174.753 Y146.192 Z4.1907 E4501.47960
G1 X176.907 Y147.988 Z4.1915 E4502.31911
G1 X179.142 Y150.383 Z4.1924 E4503.29969
G1 X181.404 Y153.404 Z4.1934 E4504.42927
G1 X183.620 Y157.041 Z4.1946 E4505.70430
G1 X185.706 Y161.242 Z4.1959 E4507.10834
G1 X187.573 Y165.905 Z4.1972 E4508.61197
G1 X189.136 Y170.886 Z4.1986 E4510.17467
G1 X190.327 Y176.008 Z4.2001 E4511.74862
G1 X191.099 Y181.078 Z4.2015 E4513.28392
G1 X191.437 Y185.912 Z4.2028 E4514.73445
G1 X191.354 Y190.350 Z4.2040 E4516.06308
G1 X190.891 Y194.273 Z4.2051 E4517.24547
G1 X190.106 Y197.610 Z4.2060 E4518.27172
G1 X189.066 Y200.339 Z4.2068 E4519.14601
G1 X187.930 Y202.316 Z4.2074 E4519.82872
G1 X187.830 Y202.473 Z4.2075 E4519.88435
G1 X187.716 Y202.620 Z4.2075 E4519.93999
G1 X186.603 Y203.921 Z4.2080 E4520.45243
G1 X186.466 Y204.066 Z4.2080 E4520.51206
G1 X186.315 Y204.196 Z4.2081 E4520.57169
G1 X185.367 Y204.938 Z4.2084 E4520.93201
G1 X185.210 Y205.049 Z4.2085 E4520.98972
G1 X185.043 Y205.145 Z4.2085 E4521.04743
G1 X184.016 Y205.667 Z4.2088 E4521.39223
G1 X183.282 Y205.910 Z4.2090 E4521.62359
G1 X182.380 Y206.137 Z4.2093 E4521.90222
G1 X181.471 Y206.339 Z4.2096 E4522.18085
G1 X180.557 Y206.514 Z4.2098 E4522.45948
G1 X179.638 Y206.662 Z4.2101 E4522.73811
G1 X178.715 Y206.784 Z4.2103 E4523.01674
G1 X177.789 Y206.878 Z4.2106 E4523.29537
G1 X176.861 Y206.946 Z4.2108 E4523.57400
G1 X175.931 Y206.986 Z4.2111 E4523.85263
G1 X173.950 Y206.905 Z4.2116 E4524.44613
G1 X173.772 Y206.880 Z4.2117 E4524.49970
G1 X173.598 Y206.840 Z4.2117 E4524.55327
G1 X172.688 Y206.589 Z4.2120 E4524.83596
G1 X172.522 Y206.535 Z4.2120 E4524.88821
G1 X172.361 Y206.467 Z4.2121 E4524.94046
G1 X171.190 Y205.910 Z4.2124 E4525.32858
G1 X169.728 Y204.878 Z4.2129 E4525.86420
G1 X168.079 Y203.242 Z4.2135 E4526.55968
G1 X166.454 Y201.054 Z4.2143 E4527.37536
G1 X164.897 Y198.272 Z4.2151 E4528.32966
G1 X163.465 Y194.879 Z4.2161 E4529.43230
G1 X162.224 Y190.893 Z4.2173 E4530.68196
G1 X161.242 Y186.379 Z4.2185 E4532.06458
G1 X160.582 Y181.451 Z4.2199 E4533.55298
G1 X160.291 Y176.263 Z4.2213 E4535.10842
G1 X160.395 Y171.000 Z4.2227 E4536.68404
G1 X160.893 Y165.860 Z4.2241 E4538.22990
G1 X161.757 Y161.030 Z4.2255 E4539.69876
G1 X162.935 Y156.667 Z4.2267 E4541.05155
G1 X164.361 Y152.885 Z4.2278 E4542.26143
G1 X165.960 Y149.746 Z4.2288 E4543.31589
G1 X167.659 Y147.263 Z4.2296 E4544.21666
G1 X169.275 Y145.539 Z4.2302 E4544.92376
G1 X169.404 Y145.413 Z4.2303 E4544.97782
G1 X169.544 Y145.299 Z4.2303 E4545.03189
G1 X170.974 Y144.242 Z4.2308 E4545.56430
G1 X171.138 Y144.132 Z4.2309 E4545.62326
G1 X171.312 Y144.040 Z4.2309 E4545.68222
G1 X172.468 Y143.495 Z4.2313 E4546.06473
G1 X172.647 Y143.421 Z4.2313 E4546.12281
G1 X172.833 Y143.365 Z4.2314 E4546.18089
G1 X173.800 Y143.122 Z4.2316 E4546.47924
G1 X173.984 Y143.085 Z4.2317 E4546.53552
G1 X174.171 Y143.066 Z4.2317 E4546.59181
G1 X175.051 Y143.015 Z4.2320 E4546.85572
G1 X175.234 Y143.012 Z4.2320 E4546.91043
G1 X175.416 Y143.027 Z4.2321 E4546.96515
G1 X176.286 Y143.136 Z4.2323 E4547.22764
G1 X176.462 Y143.166 Z4.2324 E4547.28096
G1 X176.634 Y143.212 Z4.2324 E4547.33427
G1 X177.726 Y143.553 Z4.2327 E4547.67675
G1 X179.075 Y144.251 Z4.2331 E4548.13149
G1 X180.569 Y145.379 Z4.2336 E4548.69172
G1 X182.217 Y147.110 Z4.2343 E4549.40718
G1 X183.833 Y149.402 Z4.2351 E4550.24668
G1 X185.372 Y152.294 Z4.2360 E4551.22727
G1 X186.775 Y155.797 Z4.2370 E4552.35684
G1 X187.974 Y159.884 Z4.2381 E4553.63188
G1 X188.902 Y164.482 Z4.2394 E4555.03592
G1 X189.498 Y169.469 Z4.2408 E4556.53954
G1 X189.719 Y174.685 Z4.2422 E4558.10225
G1 X189.544 Y179.940 Z4.2436 E4559.67619
G1 X188.977 Y185.038 Z4.2450 E4561.21150
G1 X188.052 Y189.794 Z4.2463 E4562.66202
G1 X186.824 Y194.060 Z4.2475 E4563.99066
G1 X185.362 Y197.729 Z4.2486 E4565.17305
G1 X183.740 Y200.749 Z4.2496 E4566.19930
G1 X182.029 Y203.116 Z4.2504 E4567.07358
G1 X180.419 Y204.732 Z4.2510 E4567.75629
G1 X180.282 Y204.858 Z4.2510 E4567.81193
G1 X180.134 Y204.970 Z4.2511 E4567.86757
G1 X178.722 Y205.938 Z4.2515 E4568.38001
G1 X178.553 Y206.043 Z4.2516 E4568.43964
G1 X178.373 Y206.130 Z4.2516 E4568.49927
G1 X177.266 Y206.601 Z4.2520 E4568.85959
G1 X177.085 Y206.668 Z4.2520 E4568.91730
G1 X176.898 Y206.717 Z4.2521 E4568.97501
G1 X175.772 Y206.956 Z4.2524 E4569.31981
G1 X175.000 Y207.000 Z4.2526 E4569.55117
G1 X174.069 Y206.986 Z4.2529 E4569.82980
G1 X173.139 Y206.946 Z4.2531 E4570.10843
G1 X172.211 Y206.878 Z4.2534 E4570.38706
G1 X171.285 Y206.784 Z4.2536 E4570.66569
G1 X170.362 Y206.662 Z4.2539 E4570.94432
G1 X169.443 Y206.514 Z4.2541 E4571.22295
G1 X168.529 Y206.339 Z4.2544 E4571.50157
G1 X167.620 Y206.137 Z4.2546 E4571.78020
G1 X165.728 Y205.546 Z4.2552 E4572.37371
G1 X165.563 Y205.476 Z4.2552 E4572.42728
G1 X165.405 Y205.393 Z4.2553 E4572.48085
G1 X164.591 Y204.914 Z4.2555 E4572.76353
G1 X164.444 Y204.819 Z4.2556 E4572.81579
G1 X164.307 Y204.712 Z4.2556 E4572.86804
G1 X163.320 Y203.870 Z4.2560 E4573.25616
G1 X162.175 Y202.495 Z4.2565 E4573.79178
G1 X161.005 Y200.488 Z4.2571 E4574.48726
G1 X160.002 Y197.955 Z4.2578 E4575.30294
G1 X159.218 Y194.865 Z4.2587 E4576.25723
G1 X158.713 Y191.216 Z4.2597 E4577.35988
G1 X158.546 Y187.044 Z4.2608 E4578.60954
G1 X158.766 Y182.431 Z4.2621 E4579.99215
G1 X159.404 Y177.500 Z4.2634 E4581.48055
G1 X160.466 Y172.413 Z4.2649 E4583.03600
G1 X161.928 Y167.357 Z4.2663 E4584.61162
G1 X163.739 Y162.520 Z4.2677 E4586.15748
G1 X165.824 Y158.078 Z4.2690 E4587.62633
G1 X168.091 Y154.169 Z4.2703 E4588.97912
G1 X170.447 Y150.885 Z4.2714 E4590.18901
G1 X172.804 Y148.267 Z4.2723 E4591.24347
G1 X175.088 Y146.308 Z4.2731 E4592.14424
G1 X177.095 Y145.061 Z4.2738 E4592.85134
G1 X177.252 Y144.973 Z4.2738 E4592.90540
G1 X177.417 Y144.899 Z4.2739 E4592.95946
G1 X179.072 Y144.248 Z4.2744 E4593.49188
G1 X179.259 Y144.185 Z4.2744 E4593.55084
G1 X179.451 Y144.140 Z4.2745 E4593.60980
G1 X180.708 Y143.914 Z4.2748 E4593.99230
G1 X180.901 Y143.888 Z4.2749 E4594.05039
G1 X181.095 Y143.882 Z4.2749 E4594.10847
G1 X182.091 Y143.898 Z4.2752 E4594.40682
G1 X182.279 Y143.910 Z4.2752 E4594.46310
G1 X182.465 Y143.939 Z4.2753 E4594.51938
G1 X183.328 Y144.118 Z4.2755 E4594.78329
G1 X183.505 Y144.163 Z4.2756 E4594.83801
G1 X183.677 Y144.224 Z4.2756 E4594.89273
G1 X184.489 Y144.555 Z4.2759 E4595.15522
G1 X184.651 Y144.629 Z4.2759 E4595.20853
G1 X184.806 Y144.718 Z4.2760 E4595.26185
G1 X185.772 Y145.331 Z4.2763 E4595.60432
G1 X186.895 Y146.354 Z4.2767 E4596.05907
G1 X188.046 Y147.829 Z4.2772 E4596.61930
G1 X189.190 Y149.928 Z4.2779 E4597.33476
G1 X190.157 Y152.560 Z4.2786 E4598.17426
G1 X190.896 Y155.752 Z4.2795 E4599.15485
G1 X191.344 Y159.499 Z4.2805 E4600.28442
G1 X191.444 Y163.757 Z4.2817 E4601.55945
G1 X191.151 Y168.438 Z4.2830 E4602.96349
G1 X190.436 Y173.410 Z4.2843 E4604.46712
G1 X189.299 Y178.505 Z4.2858 E4606.02982
G1 X187.769 Y183.536 Z4.2872 E4607.60377
G1 X185.903 Y188.313 Z4.2886 E4609.13908
G1 X183.779 Y192.669 Z4.2899 E4610.58960
G1 X181.488 Y196.471 Z4.2911 E4611.91823
G1 X179.126 Y199.636 Z4.2922 E4613.10062
G1 X176.777 Y202.134 Z4.2931 E4614.12688
G1 X174.512 Y203.977 Z4.2939 E4615.00116
G1 X172.539 Y205.122 Z4.2945 E4615.68387
G1 X172.374 Y205.207 Z4.2946 E4615.73951
G1 X172.202 Y205.277 Z4.2946 E4615.79514
G1 X170.588 Y205.848 Z4.2951 E4616.30759
G1 X170.397 Y205.904 Z4.2951 E4616.36721
G1 X170.201 Y205.942 Z4.2952 E4616.42684
G1 X169.010 Y206.110 Z4.2955 E4616.78716
G1 X168.818 Y206.128 Z4.2956 E4616.84487
G1 X168.625 Y206.127 Z4.2956 E4616.90259
G1 X167.475 Y206.067 Z4.2959 E4617.24739
G1 X166.718 Y205.910 Z4.2962 E4617.47874
G1 X165.822 Y205.656 Z4.2964 E4617.75737
G1 X164.935 Y205.376 Z4.2967 E4618.03600
G1 X164.055 Y205.070 Z4.2969 E4618.31463
G1 X163.185 Y204.739 Z4.2972 E4618.59326
G1 X162.325 Y204.383 Z4.2974 E4618.87189
G1 X161.476 Y204.002 Z4.2977 E4619.15052
G1 X160.638 Y203.596 Z4.2979 E4619.42915
G1 X159.813 Y203.166 Z4.2982 E4619.70778
G1 X158.138 Y202.105 Z4.2987 E4620.30128
G1 X157.997 Y201.995 Z4.2988 E4620.35485
G1 X157.866 Y201.874 Z4.2988 E4620.40842
G1 X157.203 Y201.201 Z4.2991 E4620.69111
G1 X157.086 Y201.071 Z4.2991 E4620.74336
G1 X156.981 Y200.932 Z4.2992 E4620.79562
G1 X156.246 Y199.864 Z4.2995 E4621.18373
G1 X155.496 Y198.239 Z4.3000 E4621.71935
G1 X154.885 Y195.997 Z4.3006 E4622.41484
G1 X154.572 Y193.291 Z4.3014 E4623.23052
G1 X154.614 Y190.103 Z4.3023 E4624.18481
G1 X155.071 Y186.448 Z4.3033 E4625.28745
G1 X155.989 Y182.375 Z4.3044 E4626.53712
G1 X157.396 Y177.976 Z4.3056 E4627.91973
G1 X159.288 Y173.378 Z4.3070 E4629.40813
G1 X161.631 Y168.739 Z4.3084 E4630.96358
G1 X164.352 Y164.234 Z4.3098 E4632.53920
G1 X167.353 Y160.031 Z4.3112 E4634.08505
G1 X170.516 Y156.280 Z4.3126 E4635.55391
G1 X173.718 Y153.091 Z4.3138 E4636.90670
G1 X176.844 Y150.528 Z4.3149 E4638.11659
G1 X179.798 Y148.609 Z4.3159 E4639.17104
G1 X182.511 Y147.309 Z4.3167 E4640.07181
G1 X184.772 Y146.624 Z4.3173 E4640.77891
G1 X184.947 Y146.579 Z4.3174 E4640.83298
G1 X185.126 Y146.551 Z4.3174 E4640.88704
G1 X186.893 Y146.349 Z4.3179 E4641.41946
G1 X187.089 Y146.337 Z4.3180 E4641.47842
G1 X187.286 Y146.344 Z4.3180 E4641.53737
G1 X188.560 Y146.450 Z4.3184 E4641.91988
G1 X188.752 Y146.476 Z4.3184 E4641.97796
G1 X188.941 Y146.520 Z4.3185 E4642.03604
G1 X189.899 Y146.793 Z4.3187 E4642.33440
G1 X190.078 Y146.853 Z4.3188 E4642.39068
G1 X190.249 Y146.930 Z4.3188 E4642.44696
G1 X191.037 Y147.325 Z4.3191 E4642.71087
G1 X191.196 Y147.415 Z4.3191 E4642.76559
G1 X191.347 Y147.519 Z4.3192 E4642.82031
G1 X192.046 Y148.048 Z4.3194 E4643.08280
G1 X192.183 Y148.162 Z4.3195 E4643.13611
G1 X192.309 Y148.288 Z4.3195 E4643.18942
G1 X193.084 Y149.129 Z4.3198 E4643.53190
G1 X193.904 Y150.408 Z4.3202 E4643.98664
G1 X194.634 Y152.132 Z4.3208 E4644.54687
G1 X195.195 Y154.455 Z4.3214 E4645.26233
G1 X195.449 Y157.248 Z4.3222 E4646.10184
G1 X195.336 Y160.522 Z4.3231 E4647.08242
G1 X194.799 Y164.257 Z4.3241 E4648.21200
G1 X193.794 Y168.396 Z4.3252 E4649.48703
G1 X192.299 Y172.842 Z4.3265 E4650.89107
G1 X190.321 Y177.459 Z4.3279 E4652.39470
G1 X187.905 Y182.087 Z4.3293 E4653.95740
G1 X185.125 Y186.550 Z4.3307 E4655.53135
G1 X182.086 Y190.681 Z4.3321 E4657.06665
G1 X178.906 Y194.339 Z4.3335 E4658.51718
G1 X175.710 Y197.418 Z4.3347 E4659.84581
G1 X172.609 Y199.865 Z4.3357 E4661.02820
G1 X169.694 Y201.669 Z4.3367 E4662.05445
G1 X167.029 Y202.864 Z4.3375 E4662.92874
G1 X164.827 Y203.458 Z4.3381 E4663.61145
G1 X164.646 Y203.498 Z4.3381 E4663.66708
G1 X164.461 Y203.521 Z4.3382 E4663.72272
G1 X162.754 Y203.655 Z4.3386 E4664.23516
G1 X162.555 Y203.660 Z4.3387 E4664.29479
G1 X162.357 Y203.646 Z4.3388 E4664.35442
G1 X161.162 Y203.500 Z4.3391 E4664.71474
G1 X160.972 Y203.467 Z4.3391 E4664.77245
G1 X160.786 Y203.417 Z4.3392 E4664.83016
G1 X159.690 Y203.061 Z4.3395 E4665.17496
G1 X159.000 Y202.713 Z4.3397 E4665.40632
G1 X158.201 Y202.236 Z4.3400 E4665.68495
G1 X157.416 Y201.736 Z4.3402 E4665.96358
G1 X156.646 Y201.213 Z4.3405 E4666.24221
G1 X155.891 Y200.668 Z4.3407 E4666.52084
G1 X155.152 Y200.101 Z4.3410 E4666.79947
G1 X154.431 Y199.513 Z4.3412 E4667.07810
G1 X153.727 Y198.905 Z4.3415 E4667.35673
G1 X153.040 Y198.276 Z4.3417 E4667.63536
G1 X151.697 Y196.817 Z4.3423 E4668.22886
G1 X151.589 Y196.675 Z4.3423 E4668.28243
G1 X151.494 Y196.523 Z4.3424 E4668.33600
G1 X151.028 Y195.702 Z4.3426 E4668.61869
G1 X150.949 Y195.546 Z4.3427 E4668.67094
G1 X150.883 Y195.384 Z4.3427 E4668.72319
G1 X150.450 Y194.163 Z4.3431 E4669.11131
G1 X150.146 Y192.399 Z4.3436 E4669.64693
G1 X150.136 Y190.076 Z4.3442 E4670.34241
G1 X150.534 Y187.380 Z4.3449 E4671.15809
G1 X151.400 Y184.312 Z4.3458 E4672.11239
G1 X152.787 Y180.900 Z4.3468 E4673.21503
G1 X154.728 Y177.204 Z4.3479 E4674.46469
G1 X157.225 Y173.318 Z4.3492 E4675.84731
G1 X160.244 Y169.367 Z4.3506 E4677.33571
G1 X163.706 Y165.493 Z4.3520 E4678.89115
G1 X167.501 Y161.845 Z4.3534 E4680.46677
G1 X171.488 Y158.562 Z4.3548 E4682.01263
G1 X175.514 Y155.757 Z4.3561 E4683.48149
G1 X179.432 Y153.505 Z4.3574 E4684.83428
G1 X183.115 Y151.839 Z4.3585 E4686.04416
G1 X186.465 Y150.750 Z4.3594 E4687.09862
G1 X189.423 Y150.196 Z4.3602 E4687.99939
G1 X191.784 Y150.120 Z4.3609 E4688.70649
G1 X191.964 Y150.122 Z4.3609 E4688.76055
G1 X192.144 Y150.141 Z4.3610 E4688.81462
G1 X193.903 Y150.404 Z4.3615 E4689.34703
G1 X194.096 Y150.442 Z4.3615 E4689.40599
G1 X194.284 Y150.500 Z4.3616 E4689.46495
G1 X195.487 Y150.933 Z4.3619 E4689.84746
G1 X195.666 Y151.007 Z4.3620 E4689.90554
G1 X195.837 Y151.098 Z4.3620 E4689.96362
G1 X196.692 Y151.610 Z4.3623 E4690.26197
G1 X196.849 Y151.715 Z4.3624 E4690.31826
G1 X196.995 Y151.833 Z4.3624 E4690.37454
G1 X197.653 Y152.419 Z4.3626 E4690.63845
G1 X197.784 Y152.547 Z4.3627 E4690.69317
G1 X197.903 Y152.686 Z4.3627 E4690.74788
G1 X198.441 Y153.378 Z4.3630 E4691.01038
G1 X198.543 Y153.524 Z4.3630 E4691.06369
G1 X198.633 Y153.678 Z4.3631 E4691.11700
G1 X199.164 Y154.691 Z4.3634 E4691.45948
G1 X199.625 Y156.139 Z4.3638 E4691.91422
G1 X199.883 Y157.993 Z4.3643 E4692.47445
G1 X199.824 Y160.382 Z4.3650 E4693.18991
G1 X199.347 Y163.145 Z4.3657 E4694.02941
G1 X198.390 Y166.278 Z4.3666 E4695.01000
G1 X196.905 Y169.747 Z4.3676 E4696.13957
G1 X194.863 Y173.485 Z4.3688 E4697.41461
G1 X192.268 Y177.393 Z4.3701 E4698.81865
G1 X189.163 Y181.341 Z4.3714 E4700.32227
G1 X185.631 Y185.185 Z4.3729 E4701.88498
G1 X181.791 Y188.777 Z4.3743 E4703.45892
G1 X177.786 Y191.981 Z4.3757 E4704.99423
G1 X173.768 Y194.691 Z4.3770 E4706.44476
G1 X169.884 Y196.838 Z4.3782 E4707.77339
G1 X166.255 Y198.399 Z4.3793 E4708.95578
G1 X162.972 Y199.387 Z4.3802 E4709.98203
G1 X160.089 Y199.851 Z4.3810 E4710.85631
G1 X157.808 Y199.856 Z4.3816 E4711.53902
G1 X157.622 Y199.847 Z4.3817 E4711.59466
G1 X157.438 Y199.822 Z4.3817 E4711.65030
G1 X155.755 Y199.509 Z4.3822 E4712.16274
G1 X155.562 Y199.463 Z4.3823 E4712.22237
G1 X155.373 Y199.397 Z4.3823 E4712.28200
G1 X154.257 Y198.947 Z4.3826 E4712.64232
G1 X154.082 Y198.867 Z4.3827 E4712.70003
G1 X153.915 Y198.769 Z4.3827 E4712.75774
G1 X152.949 Y198.142 Z4.3831 E4713.10254
G1 X152.373 Y197.627 Z4.3833 E4713.33390
G1 X151.724 Y196.960 Z4.3835 E4713.61253
G1 X151.095 Y196.273 Z4.3838 E4713.89116
G1 X150.487 Y195.569 Z4.3840 E4714.16979
G1 X149.899 Y194.848 Z4.3843 E4714.44842
G1 X149.332 Y194.109 Z4.3845 E4714.72705
G1 X148.787 Y193.354 Z4.3848 E4715.00568
G1 X148.264 Y192.584 Z4.3850 E4715.28431
G1 X147.764 Y191.799 Z4.3853 E4715.56294
G1 X146.845 Y190.043 Z4.3858 E4716.15644
G1 X146.777 Y189.877 Z4.3859 E4716.21001
G1 X146.724 Y189.706 Z4.3859 E4716.26358
G1 X146.487 Y188.792 Z4.3862 E4716.54626
G1 X146.451 Y188.621 Z4.3862 E4716.59852
G1 X146.429 Y188.448 Z4.3863 E4716.65077
G1 X146.327 Y187.155 Z4.3866 E4717.03889
G1 X146.489 Y185.374 Z4.3871 E4717.57451
G1 X147.081 Y183.127 Z4.3878 E4718.26999
G1 X148.163 Y180.626 Z4.3885 E4719.08567
G1 X149.794 Y177.887 Z4.3894 E4720.03996
G1 X152.017 Y174.949 Z4.3904 E4721.14261
G1 X154.848 Y171.882 Z4.3915 E4722.39227
G1 X158.266 Y168.775 Z4.3928 E4723.77488
G1 X162.204 Y165.739 Z4.3941 E4725.26328
G1 X166.552 Y162.894 Z4.3955 E4726.81873
G1 X171.162 Y160.352 Z4.3970 E4728.39435
G1 X175.862 Y158.213 Z4.3984 E4729.94021
G1 X180.477 Y156.546 Z4.3997 E4731.40907
G1 X184.845 Y155.385 Z4.4009 E4732.76185
G1 X188.833 Y154.729 Z4.4020 E4733.97174
G1 X192.350 Y154.544 Z4.4030 E4735.02620
G1 X195.351 Y154.774 Z4.4038 E4735.92697
G1 X197.651 Y155.312 Z4.4044 E4736.63407
G1 X197.825 Y155.361 Z4.4045 E4736.68813
G1 X197.994 Y155.425 Z4.4045 E4736.74219
G1 X199.625 Y156.134 Z4.4050 E4737.27461
G1 X199.801 Y156.222 Z4.4051 E4737.33357
G1 X199.968 Y156.326 Z4.4051 E4737.39253
G1 X201.018 Y157.055 Z4.4055 E4737.77504
G1 X201.172 Y157.173 Z4.4055 E4737.83312
G1 X201.313 Y157.306 Z4.4056 E4737.89120
G1 X202.007 Y158.022 Z4.4059 E4738.18955
G1 X202.131 Y158.163 Z4.4059 E4738.24583
G1 X202.242 Y158.315 Z4.4060 E4738.30211
G1 X202.726 Y159.052 Z4.4062 E4738.56602
G1 X202.819 Y159.209 Z4.4062 E4738.62074
G1 X202.898 Y159.374 Z4.4063 E4738.67546
G1 X203.238 Y160.182 Z4.4065 E4738.93795
G1 X203.300 Y160.349 Z4.4066 E4738.99127
G1 X203.346 Y160.521 Z4.4066 E4739.04458
G1 X203.596 Y161.637 Z4.4069 E4739.38705
G1 X203.667 Y163.155 Z4.4074 E4739.84180
G1 X203.437 Y165.012 Z4.4079 E4740.40203
G1 X202.762 Y167.305 Z4.4085 E4741.11749
G1 X201.585 Y169.851 Z4.4093 E4741.95699
G1 X199.850 Y172.629 Z4.4102 E4742.93758
G1 X197.518 Y175.596 Z4.4112 E4744.06715
G1 X194.578 Y178.678 Z4.4124 E4745.34218
G1 X191.060 Y181.780 Z4.4136 E4746.74622
G1 X187.039 Y184.791 Z4.4150 E4748.24985
G1 X182.632 Y187.590 Z4.4164 E4749.81255
G1 X177.993 Y190.065 Z4.4178 E4751.38650
G1 X173.296 Y192.123 Z4.4192 E4752.92181
G1 X168.714 Y193.701 Z4.4206 E4754.37233
G1 X164.406 Y194.770 Z4.4218 E4755.70096
G1 X160.497 Y195.338 Z4.4228 E4756.88336
G1 X157.070 Y195.443 Z4.4238 E4757.90961
G1 X154.165 Y195.145 Z4.4246 E4758.78389
G1 X151.961 Y194.559 Z4.4252 E4759.46660
G1 X151.784 Y194.503 Z4.4252 E4759.52224
G1 X151.612 Y194.431 Z4.4253 E4759.57788
G1 X150.068 Y193.693 Z4.4258 E4760.09032
G1 X149.892 Y193.598 Z4.4258 E4760.14994
G1 X149.728 Y193.486 Z4.4259 E4760.20957
G1 X148.766 Y192.763 Z4.4262 E4760.56989
G1 X148.617 Y192.639 Z4.4262 E4760.62761
G1 X148.482 Y192.502 Z4.4263 E4760.68532
G1 X147.711 Y191.646 Z4.4266 E4761.03012
G1 X147.287 Y191.000 Z4.4268 E4761.26148
G1 X146.834 Y190.187 Z4.4271 E4761.54011
G1 X146.404 Y189.362 Z4.4273 E4761.81873
G1 X145.998 Y188.524 Z4.4276 E4762.09736
G1 X145.617 Y187.675 Z4.4278 E4762.37599
G1 X145.261 Y186.815 Z4.4281 E4762.65462
G1 X144.930 Y185.945 Z4.4283 E4762.93325
G1 X144.624 Y185.065 Z4.4286 E4763.21188
G1 X144.344 Y184.178 Z4.4288 E4763.49051
G1 X143.911 Y182.243 Z4.4294 E4764.08401
G1 X143.888 Y182.065 Z4.4294 E4764.13758
G1 X143.882 Y181.887 Z4.4295 E4764.19115
G1 X143.889 Y180.942 Z4.4297 E4764.47384
G1 X143.898 Y180.768 Z4.4298 E4764.52609
G1 X143.922 Y180.595 Z4.4298 E4764.57835
G1 X144.158 Y179.320 Z4.4302 E4764.96646
G1 X144.776 Y177.641 Z4.4307 E4765.50208
G1 X145.929 Y175.624 Z4.4313 E4766.19757
G1 X147.622 Y173.488 Z4.4320 E4767.01325
G1 X149.906 Y171.264 Z4.4329 E4767.96754
G1 X152.813 Y169.003 Z4.4339 E4769.07018
G1 X156.342 Y166.772 Z4.4351 E4770.31985
G1 X160.448 Y164.656 Z4.4363 E4771.70246
G1 X165.037 Y162.743 Z4.4377 E4773.19086
G1 X169.973 Y161.120 Z4.4391 E4774.74631
G1 X175.083 Y159.858 Z4.4405 E4776.32193
G1 X180.177 Y159.008 Z4.4419 E4777.86778
G1 X185.067 Y158.592 Z4.4432 E4779.33664
G1 X189.586 Y158.601 Z4.4445 E4780.68943
G1 X193.608 Y159.000 Z4.4456 E4781.89932
G1 X197.054 Y159.732 Z4.4465 E4782.95377
G1 X199.892 Y160.731 Z4.4474 E4783.85454
G1 X201.975 Y161.845 Z4.4480 E4784.56164
G1 X202.130 Y161.937 Z4.4480 E4784.61571
G1 X202.276 Y162.043 Z4.4481 E4784.66977
G1 X203.668 Y163.150 Z4.4486 E4785.20219
G1 X203.816 Y163.280 Z4.4486 E4785.26115
G1 X203.951 Y163.424 Z4.4487 E4785.32010
G1 X204.776 Y164.400 Z4.4490 E4785.70261
G1 X204.894 Y164.554 Z4.4491 E4785.76069
G1 X204.996 Y164.719 Z4.4491 E4785.81877
G1 X205.481 Y165.590 Z4.4494 E4786.11713
G1 X205.564 Y165.759 Z4.4495 E4786.17341
G1 X205.632 Y165.934 Z4.4495 E4786.22969
G1 X205.909 Y166.771 Z4.4498 E4786.49360
G1 X205.958 Y166.947 Z4.4498 E4786.54832
G1 X205.991 Y167.127 Z4.4498 E4786.60304
G1 X206.111 Y167.996 Z4.4501 E4786.86553
G1 X206.127 Y168.173 Z4.4501 E4786.91884
G1 X206.128 Y168.351 Z4.4502 E4786.97215
G1 X206.081 Y169.494 Z4.4505 E4787.31463
G1 X205.756 Y170.978 Z4.4509 E4787.76937
G1 X205.053 Y172.713 Z4.4514 E4788.32960
G1 X203.808 Y174.753 Z4.4521 E4789.04507
G1 X202.012 Y176.907 Z4.4528 E4789.88457
G1 X199.617 Y179.142 Z4.4537 E4790.86515
G1 X196.596 Y181.404 Z4.4547 E4791.99473
G1 X192.959 Y183.620 Z4.4559 E4793.26976
G1 X188.758 Y185.706 Z4.4572 E4794.67380
G1 X184.095 Y187.573 Z4.4586 E4796.17743
G1 X179.114 Y189.136 Z4.4600 E4797.74013
G1 X173.992 Y190.327 Z4.4614 E4799.31408
G1 X168.922 Y191.099 Z4.4628 E4800.84938
G1 X164.088 Y191.437 Z4.4641 E4802.29991
G1 X159.650 Y191.354 Z4.4653 E4803.62854
G1 X155.727 Y190.891 Z4.4664 E4804.81093
G1 X152.390 Y190.106 Z4.4673 E4805.83719
G1 X149.661 Y189.066 Z4.4681 E4806.71147
G1 X147.684 Y187.930 Z4.4687 E4807.39418
G1 X147.527 Y187.830 Z4.4688 E4807.44982
G1 X147.380 Y187.716 Z4.4688 E4807.50545
G1 X146.079 Y186.603 Z4.4693 E4808.01789
G1 X145.934 Y186.466 Z4.4694 E4808.07752
G1 X145.804 Y186.315 Z4.4694 E4808.13715
G1 X145.062 Y185.367 Z4.4697 E4808.49747
G1 X144.951 Y185.210 Z4.4698 E4808.55518
G1 X144.855 Y185.043 Z4.4699 E4808.61289
G1 X144.333 Y184.016 Z4.4702 E4808.95769
G1 X144.090 Y183.282 Z4.4704 E4809.18905
G1 X143.847 Y182.313 Z4.4706 E4809.48813
G1 X143.634 Y181.337 Z4.4709 E4809.78721
G1 X143.451 Y180.355 Z4.4712 E4810.08629
G1 X143.299 Y179.367 Z4.4715 E4810.38536
G1 X143.179 Y178.375 Z4.4717 E4810.68444
G1 X143.089 Y177.380 Z4.4720 E4810.98352
G1 X143.030 Y176.383 Z4.4723 E4811.28260
G1 X143.002 Y175.384 Z4.4725 E4811.58168
G1 X143.006 Y174.385 Z4.4728 E4811.88075
G1 X143.041 Y173.387 Z4.4731 E4812.17983
G1 X143.107 Y172.390 Z4.4734 E4812.47891
G1 X143.204 Y171.395 Z4.4736 E4812.77799
G1 X143.332 Y170.404 Z4.4739 E4813.07707
G1 X143.491 Y169.418 Z4.4742 E4813.37614
G1 X143.680 Y168.437 Z4.4745 E4813.67522
G1 X143.900 Y167.463 Z4.4747 E4813.97430
G1 X144.151 Y166.495 Z4.4750 E4814.27338
G1 X144.431 Y165.536 Z4.4753 E4814.57245
G1 X144.742 Y164.587 Z4.4755 E4814.87153
G1 X145.082 Y163.647 Z4.4758 E4815.17061
G1 X145.451 Y162.719 Z4.4761 E4815.46969
G1 X145.848 Y161.802 Z4.4764 E4815.76877
G1 X146.275 Y160.898 Z4.4766 E4816.06784
G1 X146.729 Y160.009 Z4.4769 E4816.36692
G1 X147.211 Y159.133 Z4.4772 E4816.66600
G1 X147.720 Y158.273 Z4.4774 E4816.96508
G1 X148.255 Y157.430 Z4.4777 E4817.26416
G1 X148.817 Y156.604 Z4.4780 E4817.56323
G1 X149.404 Y155.795 Z4.4783 E4817.86231
G1 X150.016 Y155.005 Z4.4785 E4818.16139
G1 X150.652 Y154.235 Z4.4788 E4818.46047
G1 X151.312 Y153.485 Z4.4791 E4818.75955
G1 X151.995 Y152.756 Z4.4793 E4819.05862
G1 X152.701 Y152.049 Z4.4796 E4819.35770
G1 X153.428 Y151.364 Z4.4799 E4819.65678
G1 X154.177 Y150.702 Z4.4802 E4819.95586
G1 X154.945 Y150.064 Z4.4804 E4820.25494
G1 X155.734 Y149.450 Z4.4807 E4820.55401
G1 X156.541 Y148.861 Z4.4810 E4820.85309
G1 X157.366 Y148.297 Z4.4812 E4821.15217
G1 X158.208 Y147.760 Z4.4815 E4821.45125
G1 X159.067 Y147.249 Z4.4818 E4821.75032
G1 X159.941 Y146.765 Z4.4821 E4822.04940
G1 X160.830 Y146.309 Z4.4823 E4822.34848
G1 X161.732 Y145.880 Z4.4826 E4822.64756
G1 X162.648 Y145.480 Z4.4829 E4822.94664
G1 X163.575 Y145.109 Z4.4831 E4823.24571
G1 X164.514 Y144.767 Z4.4834 E4823.54479
G1 X165.463 Y144.454 Z4.4837 E4823.84387
G1 X166.421 Y144.171 Z4.4840 E4824.14295
G1 X167.388 Y143.919 Z4.4842 E4824.44203
G1 X168.362 Y143.696 Z4.4845 E4824.74110
G1 X169.342 Y143.504 Z4.4848 E4825.04018
G1 X170.328 Y143.343 Z4.4851 E4825.33926
G1 X171.319 Y143.212 Z4.4853 E4825.63834
G1 X172.313 Y143.113 Z4.4856 E4825.93742
G1 X173.310 Y143.045 Z4.4859 E4826.23649
G1 X174.308 Y143.007 Z4.4861 E4826.53557
G1 X175.307 Y143.001 Z4.4864 E4826.83465
G1 X176.306 Y143.027 Z4.4867 E4827.13373
G1 X177.304 Y143.083 Z4.4870 E4827.43280
G1 X178.299 Y143.171 Z4.4872 E4827.73188
G1 X179.291 Y143.289 Z4.4875 E4828.03096
G1 X180.279 Y143.438 Z4.4878 E4828.33004
G1 X181.262 Y143.619 Z4.4880 E4828.62912
G1 X182.238 Y143.829 Z4.4883 E4828.92819
G1 X183.208 Y144.071 Z4.4886 E4829.22727
G1 X184.170 Y144.342 Z4.4889 E4829.52635
G1 X185.122 Y144.643 Z4.4891 E4829.82543
G1 X186.065 Y144.974 Z4.4894 E4830.12451
G1 X186.997 Y145.334 Z4.4897 E4830.42358
G1 X187.917 Y145.723 Z4.4899 E4830.72266
G1 X188.825 Y146.140 Z4.4902 E4831.02174
G1 X189.719 Y146.586 Z4.4905 E4831.32082
G1 X190.599 Y147.059 Z4.4908 E4831.61990
G1 X191.464 Y147.560 Z4.4910 E4831.91897
G1 X192.312 Y148.087 Z4.4913 E4832.21805
G1 X193.144 Y148.641 Z4.4916 E4832.51713
G1 X193.958 Y149.220 Z4.4918 E4832.81621
G1 X194.754 Y149.825 Z4.4921 E4833.11529
G1 X195.530 Y150.454 Z4.4924 E4833.41436
G1 X196.286 Y151.107 Z4.4927 E4833.71344
G1 X197.022 Y151.783 Z4.4929 E4834.01252
G1 X197.736 Y152.482 Z4.4932 E4834.31160
G1 X198.428 Y153.202 Z4.4935 E4834.61067
G1 X199.097 Y153.944 Z4.4937 E4834.90975
G1 X199.742 Y154.707 Z4.4940 E4835.20883
G1 X200.364 Y155.489 Z4.4943 E4835.50791
G1 X200.961 Y156.290 Z4.4946 E4835.80699
G1 X201.532 Y157.110 Z4.4948 E4836.10606
G1 X202.078 Y157.947 Z4.4951 E4836.40514
G1 X202.597 Y158.801 Z4.4954 E4836.70422
G1 X203.089 Y159.670 Z4.4957 E4837.00330
G1 X203.554 Y160.555 Z4.4959 E4837.30238
G1 X203.991 Y161.453 Z4.4962 E4837.60145
G1 X204.400 Y162.365 Z4.4965 E4837.90053
G1 X204.780 Y163.289 Z4.4967 E4838.19961
G1 X205.131 Y164.224 Z4.4970 E4838.49869
G1 X205.453 Y165.170 Z4.4973 E4838.79777
G1 X205.745 Y166.125 Z4.4976 E4839.09684
G1 X206.007 Y167.090 Z4.4978 E4839.39592
G1 X206.239 Y168.061 Z4.4981 E4839.69500
G1 X206.440 Y169.040 Z4.4984 E4839.99408
G1 X206.611 Y170.024 Z4.4986 E4840.29315
G1 X206.751 Y171.014 Z4.4989 E4840.59223
G1 X206.860 Y172.007 Z4.4992 E4840.89131
G1 X206.938 Y173.003 Z4.4995 E4841.19039
G1 X206.984 Y174.001 Z4.4997 E4841.48947
G1 X207.000 Y175.000 Z4.5000 E4841.78854
G1 X206.905 Y176.050 Z4.5003 E4842.10423
G1 X206.880 Y176.228 Z4.5003 E4842.15780
G1 X206.840 Y176.402 Z4.5004 E4842.21138
G1 X206.589 Y177.312 Z4.5006 E4842.49406
G1 X206.535 Y177.478 Z4.5007 E4842.54632
G1 X206.467 Y177.639 Z4.5007 E4842.59857
G1 X205.910 Y178.810 Z4.5011 E4842.98668
G1 X204.878 Y180.272 Z4.5016 E4843.52231
G1 X203.242 Y181.921 Z4.5022 E4844.21779
G1 X201.054 Y183.546 Z4.5029 E4845.03347
G1 X198.272 Y185.103 Z4.5038 E4845.98776
G1 X194.879 Y186.535 Z4.5048 E4847.09040
G1 X190.893 Y187.776 Z4.5060 E4848.34007
G1 X186.379 Y188.758 Z4.5072 E4849.72268
G1 X181.451 Y189.418 Z4.5086 E4851.21108
G1 X176.263 Y189.709 Z4.5100 E4852.76653
G1 X171.000 Y189.605 Z4.5114 E4854.34215
G1 X165.860 Y189.107 Z4.5128 E4855.88801
G1 X161.030 Y188.243 Z4.5141 E4857.35686
G1 X156.667 Y187.065 Z4.5154 E4858.70965
G1 X152.885 Y185.639 Z4.5165 E4859.91954
G1 X149.746 Y184.040 Z4.5174 E4860.97399
G1 X147.263 Y182.341 Z4.5183 E4861.87476
G1 X145.539 Y180.725 Z4.5189 E4862.58187
G1 X145.413 Y180.596 Z4.5189 E4862.63593
G1 X145.299 Y180.456 Z4.5190 E4862.68999
G1 X144.242 Y179.026 Z4.5195 E4863.22241
G1 X144.132 Y178.862 Z4.5195 E4863.28137
G1 X144.040 Y178.688 Z4.5196 E4863.34033
G1 X143.495 Y177.532 Z4.5199 E4863.72283
G1 X143.421 Y177.353 Z4.5200 E4863.78091
G1 X143.365 Y177.167 Z4.5200 E4863.83900
G1 X143.122 Y176.200 Z4.5203 E4864.13735
G1 X143.085 Y176.016 Z4.5204 E4864.19363
G1 X143.066 Y175.829 Z4.5204 E4864.24991
G1 X143.015 Y174.949 Z4.5207 E4864.51382
G1 X143.012 Y174.766 Z4.5207 E4864.56854
G1 X143.027 Y174.584 Z4.5208 E4864.62326
G1 X143.136 Y173.714 Z4.5210 E4864.88575
G1 X143.166 Y173.538 Z4.5210 E4864.93906
G1 X143.212 Y173.366 Z4.5211 E4864.99238
G1 X143.553 Y172.274 Z4.5214 E4865.33485
G1 X144.251 Y170.925 Z4.5218 E4865.78960
G1 X145.379 Y169.431 Z4.5223 E4866.34982
G1 X147.110 Y167.783 Z4.5230 E4867.06529
G1 X149.402 Y166.167 Z4.5237 E4867.90479
G1 X152.294 Y164.628 Z4.5246 E4868.88537
G1 X155.797 Y163.225 Z4.5257 E4870.01495
G1 X159.884 Y162.026 Z4.5268 E4871.28998
G1 X164.482 Y161.098 Z4.5281 E4872.69402
G1 X169.469 Y160.502 Z4.5295 E4874.19765
G1 X174.685 Y160.281 Z4.5309 E4875.76035
G1 X179.940 Y160.456 Z4.5323 E4877.33430
G1 X185.038 Y161.023 Z4.5337 E4878.86960
G1 X189.794 Y161.948 Z4.5350 E4880.32013
G1 X194.060 Y163.176 Z4.5362 E4881.64876
G1 X197.729 Y164.638 Z4.5373 E4882.83115
G1 X200.749 Y166.260 Z4.5382 E4883.85741
G1 X203.116 Y167.971 Z4.5390 E4884.73169
G1 X204.732 Y169.581 Z4.5396 E4885.41440
G1 X204.858 Y169.718 Z4.5397 E4885.47004
G1 X204.970 Y169.866 Z4.5397 E4885.52567
G1 X205.938 Y171.278 Z4.5402 E4886.03811
G1 X206.043 Y171.447 Z4.5403 E4886.09774
G1 X206.130 Y171.627 Z4.5403 E4886.15737
G1 X206.601 Y172.734 Z4.5406 E4886.51769
G1 X206.668 Y172.915 Z4.5407 E4886.57540
G1 X206.717 Y173.102 Z4.5408 E4886.63312
G1 X206.956 Y174.228 Z4.5411 E4886.97791
G1 X207.000 Y175.000 Z4.5413 E4887.20927
G1 X206.986 Y175.931 Z4.5415 E4887.48790
G1 X206.946 Y176.861 Z4.5418 E4887.76653
G1 X206.878 Y177.789 Z4.5420 E4888.04516
G1 X206.784 Y178.715 Z4.5423 E4888.32379
G1 X206.662 Y179.638 Z4.5425 E4888.60242
G1 X206.514 Y180.557 Z4.5428 E4888.88105
G1 X206.339 Y181.471 Z4.5430 E4889.15968
G1 X206.137 Y182.380 Z4.5433 E4889.43831
G1 X205.546 Y184.272 Z4.5438 E4890.03181
G1 X205.476 Y184.437 Z4.5439 E4890.08538
G1 X205.393 Y184.595 Z4.5439 E4890.13895
G1 X204.914 Y185.409 Z4.5442 E4890.42164
G1 X204.819 Y185.556 Z4.5442 E4890.47389
G1 X204.712 Y185.693 Z4.5443 E4890.52614
G1 X203.870 Y186.680 Z4.5446 E4890.91426
G1 X202.495 Y187.825 Z4.5451 E4891.44988
G1 X200.488 Y188.995 Z4.5458 E4892.14537
G1 X197.955 Y189.998 Z4.5465 E4892.96105
G1 X194.865 Y190.782 Z4.5474 E4893.91534
G1 X191.216 Y191.287 Z4.5484 E4895.01798
G1 X187.044 Y191.454 Z4.5495 E4896.26765
G1 X182.431 Y191.234 Z4.5508 E4897.65026
G1 X177.500 Y190.596 Z4.5521 E4899.13866
G1 X172.413 Y189.534 Z4.5535 E4900.69410
G1 X167.357 Y188.072 Z4.5550 E4902.26973
G1 X162.520 Y186.261 Z4.5564 E4903.81558
G1 X158.078 Y184.176 Z4.5577 E4905.28444
G1 X154.169 Y181.909 Z4.5589 E4906.63723
G1 X150.885 Y179.553 Z4.5600 E4907.84712
G1 X148.267 Y177.196 Z4.5610 E4908.90157
G1 X146.308 Y174.912 Z4.5618 E4909.80234
G1 X145.061 Y172.905 Z4.5625 E4910.50944
G1 X144.973 Y172.748 Z4.5625 E4910.56351
G1 X144.899 Y172.583 Z4.5625 E4910.61757
G1 X144.248 Y170.928 Z4.5630 E4911.14999
G1 X144.185 Y170.741 Z4.5631 E4911.20894
G1 X144.140 Y170.549 Z4.5631 E4911.26790
G1 X143.914 Y169.292 Z4.5635 E4911.65041
G1 X143.888 Y169.099 Z4.5635 E4911.70849
G1 X143.882 Y168.905 Z4.5636 E4911.76657
G1 X143.898 Y167.909 Z4.5639 E4912.06493
G1 X143.910 Y167.721 Z4.5639 E4912.12121
G1 X143.939 Y167.535 Z4.5640 E4912.17749
G1 X144.118 Y166.672 Z4.5642 E4912.44140
G1 X144.163 Y166.495 Z4.5643 E4912.49612
G1 X144.224 Y166.323 Z4.5643 E4912.55084
G1 X144.555 Y165.511 Z4.5645 E4912.81333
G1 X144.629 Y165.349 Z4.5646 E4912.86664
G1 X144.718 Y165.194 Z4.5646 E4912.91995
G1 X145.331 Y164.228 Z4.5650 E4913.26243
G1 X146.354 Y163.105 Z4.5654 E4913.71717
G1 X147.829 Y161.954 Z4.5659 E4914.27740
G1 X149.928 Y160.810 Z4.5665 E4914.99286
G1 X152.560 Y159.843 Z4.5673 E4915.83237
G1 X155.752 Y159.104 Z4.5682 E4916.81295
G1 X159.499 Y158.656 Z4.5692 E4917.94253
G1 X163.757 Y158.556 Z4.5704 E4919.21756
G1 X168.438 Y158.849 Z4.5716 E4920.62160
G1 X173.410 Y159.564 Z4.5730 E4922.12523
G1 X178.505 Y160.701 Z4.5744 E4923.68793
G1 X183.536 Y162.231 Z4.5759 E4925.26188
G1 X188.313 Y164.097 Z4.5773 E4926.79718
G1 X192.669 Y166.221 Z4.5786 E4928.24771
G1 X196.471 Y168.512 Z4.5798 E4929.57634
G1 X199.636 Y170.874 Z4.5809 E4930.75873
G1 X202.134 Y173.223 Z4.5818 E4931.78498
G1 X203.977 Y175.488 Z4.5826 E4932.65927
G1 X205.122 Y177.461 Z4.5832 E4933.34198
G1 X205.207 Y177.626 Z4.5833 E4933.39761
G1 X205.277 Y177.798 Z4.5833 E4933.45325
G1 X205.848 Y179.412 Z4.5838 E4933.96569
G1 X205.904 Y179.603 Z4.5838 E4934.02532
G1 X205.942 Y179.799 Z4.5839 E4934.08495
G1 X206.110 Y180.990 Z4.5842 E4934.44527
G1 X206.128 Y181.182 Z4.5843 E4934.50298
G1 X206.127 Y181.375 Z4.5843 E4934.56069
G1 X206.067 Y182.525 Z4.5846 E4934.90549
G1 X205.910 Y183.282 Z4.5848 E4935.13685
G1 X205.656 Y184.178 Z4.5851 E4935.41548
G1 X205.376 Y185.065 Z4.5853 E4935.69411
G1 X205.070 Y185.945 Z4.5856 E4935.97274
G1 X204.739 Y186.815 Z4.5858 E4936.25137
G1 X204.383 Y187.675 Z4.5861 E4936.53000
G1 X204.002 Y188.524 Z4.5863 E4936.80863
G1 X203.596 Y189.362 Z4.5866 E4937.08726
G1 X203.166 Y190.187 Z4.5869 E4937.36589
G1 X202.105 Y191.862 Z4.5874 E4937.95939
G1 X201.995 Y192.003 Z4.5874 E4938.01296
G1 X201.874 Y192.134 Z4.5875 E4938.06653
G1 X201.201 Y192.797 Z4.5878 E4938.34922
G1 X201.071 Y192.914 Z4.5878 E4938.40147
G1 X200.932 Y193.019 Z4.5878 E4938.45372
G1 X199.864 Y193.754 Z4.5882 E4938.84184
G1 X198.239 Y194.504 Z4.5887 E4939.37746
G1 X195.997 Y195.115 Z4.5893 E4940.07294
G1 X193.291 Y195.428 Z4.5901 E4940.88862
G1 X190.103 Y195.386 Z4.5909 E4941.84292
G1 X186.448 Y194.929 Z4.5919 E4942.94556
G1 X182.375 Y194.011 Z4.5931 E4944.19522
G1 X177.976 Y192.604 Z4.5943 E4945.57784
G1 X173.378 Y190.712 Z4.5957 E4947.06624
G1 X168.739 Y188.369 Z4.5971 E4948.62168
G1 X164.234 Y185.648 Z4.5985 E4950.19730
G1 X160.031 Y182.647 Z4.5999 E4951.74316
G1 X156.280 Y179.484 Z4.6013 E4953.21202
G1 X153.091 Y176.282 Z4.6025 E4954.56481
G1 X150.528 Y173.156 Z4.6036 E4955.77469
G1 X148.609 Y170.202 Z4.6045 E4956.82915
G1 X147.309 Y167.489 Z4.6054 E4957.72992
G1 X146.624 Y165.228 Z4.6060 E4958.43702
G1 X146.579 Y165.053 Z4.6061 E4958.49108
G1 X146.551 Y164.874 Z4.6061 E4958.54515
G1 X146.349 Y163.107 Z4.6066 E4959.07756
G1 X146.337 Y162.911 Z4.6066 E4959.13652
G1 X146.344 Y162.714 Z4.6067 E4959.19548
G1 X146.450 Y161.440 Z4.6070 E4959.57799
G1 X146.476 Y161.248 Z4.6071 E4959.63607
G1 X146.520 Y161.059 Z4.6071 E4959.69415
G1 X146.793 Y160.101 Z4.6074 E4959.99250
G1 X146.853 Y159.922 Z4.6075 E4960.04879
G1 X146.930 Y159.751 Z4.6075 E4960.10507
G1 X147.325 Y158.963 Z4.6078 E4960.36898
G1 X147.415 Y158.804 Z4.6078 E4960.42369
G1 X147.519 Y158.653 Z4.6079 E4960.47841
G1 X148.048 Y157.954 Z4.6081 E4960.74091
G1 X148.162 Y157.817 Z4.6081 E4960.79422
G1 X148.288 Y157.691 Z4.6082 E4960.84753
G1 X149.129 Y156.916 Z4.6085 E4961.19001
G1 X150.408 Y156.096 Z4.6089 E4961.64475
G1 X152.132 Y155.366 Z4.6094 E4962.20498
G1 X154.455 Y154.805 Z4.6101 E4962.92044
G1 X157.248 Y154.551 Z4.6108 E4963.75994
G1 X160.522 Y154.664 Z4.6117 E4964.74053
G1 X164.257 Y155.201 Z4.6128 E4965.87010
G1 X168.396 Y156.206 Z4.6139 E4967.14514
G1 X172.842 Y157.701 Z4.6152 E4968.54918
G1 X177.459 Y159.679 Z4.6166 E4970.05280
G1 X182.087 Y162.095 Z4.6180 E4971.61551
G1 X186.550 Y164.875 Z4.6194 E4973.18945
G1 X190.681 Y167.914 Z4.6208 E4974.72476
G1 X194.339 Y171.094 Z4.6221 E4976.17528
G1 X197.418 Y174.290 Z4.6233 E4977.50392
G1 X199.865 Y177.391 Z4.6244 E4978.68631
G1 X201.669 Y180.306 Z4.6253 E4979.71256
G1 X202.864 Y182.971 Z4.6261 E4980.58684
G1 X203.458 Y185.173 Z4.6268 E4981.26955
G1 X203.498 Y185.354 Z4.6268 E4981.32519
G1 X203.521 Y185.539 Z4.6269 E4981.38083
G1 X203.655 Y187.246 Z4.6273 E4981.89327
G1 X203.660 Y187.445 Z4.6274 E4981.95290
G1 X203.646 Y187.643 Z4.6274 E4982.01253
G1 X203.500 Y188.838 Z4.6278 E4982.37285
G1 X203.467 Y189.028 Z4.6278 E4982.43056
G1 X203.417 Y189.214 Z4.6279 E4982.48827
G1 X203.061 Y190.310 Z4.6282 E4982.83307
G1 X202.713 Y191.000 Z4.6284 E4983.06443
G1 X202.236 Y191.799 Z4.6286 E4983.34306
G1 X201.736 Y192.584 Z4.6289 E4983.62169
G1 X201.213 Y193.354 Z4.6291 E4983.90032
G1 X200.668 Y194.109 Z4.6294 E4984.17895
G1 X200.101 Y194.848 Z4.6297 E4984.45758
G1 X199.513 Y195.569 Z4.6299 E4984.73621
G1 X198.905 Y196.273 Z4.6302 E4985.01484
G1 X198.276 Y196.960 Z4.6304 E4985.29346
G1 X196.817 Y198.303 Z4.6310 E4985.88697
G1 X196.675 Y198.411 Z4.6310 E4985.94054
G1 X196.523 Y198.506 Z4.6310 E4985.99411
G1 X195.702 Y198.972 Z4.6313 E4986.27679
G1 X195.546 Y199.051 Z4.6314 E4986.32905
G1 X195.384 Y199.117 Z4.6314 E4986.38130
G1 X194.163 Y199.550 Z4.6318 E4986.76942
G1 X192.399 Y199.854 Z4.6322 E4987.30504
G1 X190.076 Y199.864 Z4.6329 E4988.00052
G1 X187.380 Y199.466 Z4.6336 E4988.81620
G1 X184.312 Y198.600 Z4.6345 E4989.77049
G1 X180.900 Y197.213 Z4.6355 E4990.87314
G1 X177.204 Y195.272 Z4.6366 E4992.12280
G1 X173.318 Y192.775 Z4.6379 E4993.50541
G1 X169.367 Y189.756 Z4.6392 E4994.99381
G1 X165.493 Y186.294 Z4.6406 E4996.54926
G1 X161.845 Y182.499 Z4.6421 E4998.12488
G1 X158.562 Y178.512 Z4.6435 E4999.67074
G1 X155.757 Y174.486 Z4.6448 E5001.13959
G1 X153.505 Y170.568 Z4.6460 E5002.49238
G1 X151.839 Y166.885 Z4.6471 E5003.70227
G1 X150.750 Y163.535 Z4.6481 E5004.75673
G1 X150.196 Y160.577 Z4.6489 E5005.65750
G1 X150.120 Y158.216 Z4.6496 E5006.36460
G1 X150.122 Y158.036 Z4.6496 E5006.41866
G1 X150.141 Y157.856 Z4.6497 E5006.47272
G1 X150.404 Y156.097 Z4.6501 E5007.00514
G1 X150.442 Y155.904 Z4.6502 E5007.06410
G1 X150.500 Y155.716 Z4.6502 E5007.12306
G1 X150.933 Y154.513 Z4.6506 E5007.50556
G1 X151.007 Y154.334 Z4.6506 E5007.56365
G1 X151.098 Y154.163 Z4.6507 E5007.62173
G1 X151.610 Y153.308 Z4.6510 E5007.92008
G1 X151.715 Y153.151 Z4.6510 E5007.97636
G1 X151.833 Y153.005 Z4.6511 E5008.03264
G1 X152.419 Y152.347 Z4.6513 E5008.29655
G1 X152.547 Y152.216 Z4.6514 E5008.35127
G1 X152.686 Y152.097 Z4.6514 E5008.40599
G1 X153.378 Y151.559 Z4.6517 E5008.66848
G1 X153.524 Y151.457 Z4.6517 E5008.72179
G1 X153.678 Y151.367 Z4.6517 E5008.77511
G1 X154.691 Y150.836 Z4.6521 E5009.11758
G1 X156.139 Y150.375 Z4.6525 E5009.57233
G1 X157.993 Y150.117 Z4.6530 E5010.13256
G1 X160.382 Y150.176 Z4.6536 E5010.84802
G1 X163.145 Y150.653 Z4.6544 E5011.68752
G1 X166.278 Y151.610 Z4.6553 E5012.66811
G1 X169.747 Y153.095 Z4.6563 E5013.79768
G1 X173.485 Y155.137 Z4.6575 E5015.07271
G1 X177.393 Y157.732 Z4.6587 E5016.47675
G1 X181.341 Y160.837 Z4.6601 E5017.98038
G1 X185.185 Y164.369 Z4.6615 E5019.54308
G1 X188.777 Y168.209 Z4.6630 E5021.11703
G1 X191.981 Y172.214 Z4.6644 E5022.65234
G1 X194.691 Y176.232 Z4.6657 E5024.10286
G1 X196.838 Y180.116 Z4.6669 E5025.43149
G1 X198.399 Y183.745 Z4.6680 E5026.61388
G1 X199.387 Y187.028 Z4.6689 E5027.64014
G1 X199.851 Y189.911 Z4.6697 E5028.51442
G1 X199.856 Y192.192 Z4.6703 E5029.19713
G1 X199.847 Y192.378 Z4.6704 E5029.25277
G1 X199.822 Y192.562 Z4.6704 E5029.30840
G1 X199.509 Y194.245 Z4.6709 E5029.82085
G1 X199.463 Y194.438 Z4.6709 E5029.88047
G1 X199.397 Y194.627 Z4.6710 E5029.94010
G1 X198.947 Y195.743 Z4.6713 E5030.30042
G1 X198.867 Y195.918 Z4.6714 E5030.35814
G1 X198.769 Y196.085 Z4.6714 E5030.41585
G1 X198.142 Y197.051 Z4.6717 E5030.76065
G1 X197.627 Y197.627 Z4.6719 E5030.99200
G1 X196.960 Y198.276 Z4.6722 E5031.27063
G1 X196.273 Y198.905 Z4.6724 E5031.54926
G1 X195.569 Y199.513 Z4.6727 E5031.82789
G1 X194.848 Y200.101 Z4.6730 E5032.10652
G1 X194.109 Y200.668 Z4.6732 E5032.38515
G1 X193.354 Y201.213 Z4.6735 E5032.66378
G1 X192.584 Y201.736 Z4.6737 E5032.94241
G1 X191.799 Y202.236 Z4.6740 E5033.22104
G1 X190.043 Y203.155 Z4.6745 E5033.81454
G1 X189.877 Y203.223 Z4.6746 E5033.86811
G1 X189.706 Y203.276 Z4.6746 E5033.92168
G1 X188.792 Y203.513 Z4.6749 E5034.20437
G1 X188.621 Y203.549 Z4.6749 E5034.25662
G1 X188.448 Y203.571 Z4.6750 E5034.30888
G1 X187.155 Y203.673 Z4.6753 E5034.69699
G1 X185.374 Y203.511 Z4.6758 E5035.23261
G1 X183.127 Y202.919 Z4.6764 E5035.92810
G1 X180.626 Y201.837 Z4.6772 E5036.74378
G1 X177.887 Y200.206 Z4.6780 E5037.69807
G1 X174.949 Y197.983 Z4.6790 E5038.80071
G1 X171.882 Y195.152 Z4.6802 E5040.05038
G1 X168.775 Y191.734 Z4.6814 E5041.43299
G1 X165.739 Y187.796 Z4.6828 E5042.92139
G1 X162.894 Y183.448 Z4.6842 E5044.47684
G1 X160.352 Y178.838 Z4.6856 E5046.05246
G1 X158.213 Y174.138 Z4.6870 E5047.59831
G1 X156.546 Y169.523 Z4.6884 E5049.06717
G1 X155.385 Y165.155 Z4.6896 E5050.41996
G1 X154.729 Y161.167 Z4.6907 E5051.62985
G1 X154.544 Y157.650 Z4.6917 E5052.68430
G1 X154.774 Y154.649 Z4.6925 E5053.58507
G1 X155.312 Y152.349 Z4.6931 E5054.29217
G1 X155.361 Y152.175 Z4.6932 E5054.34624
G1 X155.425 Y152.006 Z4.6932 E5054.40030
G1 X156.134 Y150.375 Z4.6937 E5054.93272
G1 X156.222 Y150.199 Z4.6937 E5054.99168
G1 X156.326 Y150.032 Z4.6938 E5055.05063
G1 X157.055 Y148.982 Z4.6942 E5055.43314
G1 X157.173 Y148.828 Z4.6942 E5055.49122
G1 X157.306 Y148.687 Z4.6943 E5055.54930
G1 X158.022 Y147.993 Z4.6945 E5055.84766
G1 X158.163 Y147.869 Z4.6946 E5055.90394
G1 X158.315 Y147.758 Z4.6946 E5055.96022
G1 X159.052 Y147.274 Z4.6949 E5056.22413
G1 X159.209 Y147.181 Z4.6949 E5056.27885
G1 X159.374 Y147.102 Z4.6950 E5056.33357
G1 X160.182 Y146.762 Z4.6952 E5056.59606
G1 X160.349 Y146.700 Z4.6953 E5056.64937
G1 X160.521 Y146.654 Z4.6953 E5056.70268
G1 X161.637 Y146.404 Z4.6956 E5057.04516
G1 X163.155 Y146.333 Z4.6960 E5057.49990
G1 X165.012 Y146.563 Z4.6965 E5058.06013
G1 X167.305 Y147.238 Z4.6972 E5058.77559
G1 X169.851 Y148.415 Z4.6980 E5059.61510
G1 X172.629 Y150.150 Z4.6988 E5060.59568
G1 X175.596 Y152.482 Z4.6999 E5061.72526
G1 X178.678 Y155.422 Z4.7010 E5063.00029
G1 X181.780 Y158.940 Z4.7023 E5064.40433
G1 X184.791 Y162.961 Z4.7037 E5065.90796
G1 X187.590 Y167.368 Z4.7051 E5067.47066
G1 X190.065 Y172.007 Z4.7065 E5069.04461
G1 X192.123 Y176.704 Z4.7079 E5070.57991
G1 X193.701 Y181.286 Z4.7092 E5072.03044
G1 X194.770 Y185.594 Z4.7104 E5073.35907
G1 X195.338 Y189.503 Z4.7115 E5074.54146
G1 X195.443 Y192.930 Z4.7124 E5075.56771
G1 X195.145 Y195.835 Z4.7132 E5076.44200
G1 X194.559 Y198.039 Z4.7139 E5077.12471
G1 X194.503 Y198.216 Z4.7139 E5077.18034
G1 X194.431 Y198.388 Z4.7140 E5077.23598
G1 X193.693 Y199.932 Z4.7144 E5077.74842
G1 X193.598 Y200.108 Z4.7145 E5077.80805
G1 X193.486 Y200.272 Z4.7145 E5077.86768
G1 X192.763 Y201.234 Z4.7149 E5078.22800
G1 X192.639 Y201.383 Z4.7149 E5078.28571
G1 X192.502 Y201.518 Z4.7150 E5078.34342
G1 X191.646 Y202.289 Z4.7153 E5078.68822
G1 X191.000 Y202.713 Z4.7155 E5078.91958
G1 X190.187 Y203.166 Z4.7157 E5079.19821
G1 X189.362 Y203.596 Z4.7160 E5079.47684
G1 X188.524 Y204.002 Z4.7163 E5079.75547
G1 X187.675 Y204.383 Z4.7165 E5080.03410
G1 X186.815 Y204.739 Z4.7168 E5080.31273
G1 X185.945 Y205.070 Z4.7170 E5080.59136
G1 X185.065 Y205.376 Z4.7173 E5080.86999
G1 X184.178 Y205.656 Z4.7175 E5081.14862
G1 X182.243 Y206.089 Z4.7181 E5081.74212
G1 X182.065 Y206.112 Z4.7181 E5081.79569
G1 X181.887 Y206.118 Z4.7182 E5081.84926
G1 X180.942 Y206.111 Z4.7184 E5082.13195
G1 X180.768 Y206.102 Z4.7185 E5082.18420
G1 X180.595 Y206.078 Z4.7185 E5082.23645
G1 X179.320 Y205.842 Z4.7189 E5082.62457
G1 X177.641 Y205.224 Z4.7193 E5083.16019
G1 X175.624 Y204.071 Z4.7200 E5083.85567
G1 X173.488 Y202.378 Z4.7207 E5084.67135
G1 X171.264 Y200.094 Z4.7216 E5085.62565
G1 X169.003 Y197.187 Z4.7226 E5086.72829
G1 X166.772 Y193.658 Z4.7237 E5087.97796
G1 X164.656 Y189.552 Z4.7250 E5089.36057
G1 X162.743 Y184.963 Z4.7263 E5090.84897
G1 X161.120 Y180.027 Z4.7277 E5092.40441
G1 X159.858 Y174.917 Z4.7292 E5093.98004
G1 X159.008 Y169.823 Z4.7306 E5095.52589
G1 X158.592 Y164.933 Z4.7319 E5096.99475
G1 X158.601 Y160.414 Z4.7331 E5098.34754
G1 X159.000 Y156.392 Z4.7342 E5099.55742
G1 X159.732 Y152.946 Z4.7352 E5100.61188
G1 X160.731 Y150.108 Z4.7360 E5101.51265
G1 X161.845 Y148.025 Z4.7367 E5102.21975
G1 X161.937 Y147.870 Z4.7367 E5102.27381
G1 X162.043 Y147.724 Z4.7368 E5102.32788
G1 X163.150 Y146.332 Z4.7373 E5102.86030
G1 X163.280 Y146.184 Z4.7373 E5102.91925
G1 X163.424 Y146.049 Z4.7374 E5102.97821
G1 X164.400 Y145.224 Z4.7377 E5103.36072
G1 X164.554 Y145.106 Z4.7378 E5103.41880
G1 X164.719 Y145.004 Z4.7378 E5103.47688
G1 X165.590 Y144.519 Z4.7381 E5103.77523
G1 X165.759 Y144.436 Z4.7381 E5103.83152
G1 X165.934 Y144.368 Z4.7382 E5103.88780
G1 X166.771 Y144.091 Z4.7384 E5104.15171
G1 X166.947 Y144.042 Z4.7385 E5104.20643
G1 X167.127 Y144.009 Z4.7385 E5104.26114
G1 X167.996 Y143.889 Z4.7388 E5104.52364
G1 X168.173 Y143.873 Z4.7388 E5104.57695
G1 X168.351 Y143.872 Z4.7389 E5104.63026
G1 X169.494 Y143.919 Z4.7392 E5104.97274
G1 X170.978 Y144.244 Z4.7396 E5105.42748
G1 X172.713 Y144.947 Z4.7401 E5105.98771
G1 X174.753 Y146.192 Z4.7407 E5106.70317
G1 X176.907 Y147.988 Z4.7415 E5107.54267
G1 X179.142 Y150.383 Z4.7424 E5108.52326
G1 X181.404 Y153.404 Z4.7434 E5109.65283
G1 X183.620 Y157.041 Z4.7446 E5110.92787
G1 X185.706 Y161.242 Z4.7459 E5112.33191
G1 X187.573 Y165.905 Z4.7472 E5113.83553
G1 X189.136 Y170.886 Z4.7486 E5115.39824
G1 X190.327 Y176.008 Z4.7501 E5116.97218
G1 X191.099 Y181.078 Z4.7515 E5118.50749
G1 X191.437 Y185.912 Z4.7528 E5119.95802
G1 X191.354 Y190.350 Z4.7540 E5121.28665
G1 X190.891 Y194.273 Z4.7551 E5122.46904
G1 X190.106 Y197.610 Z4.7560 E5123.49529
G1 X189.066 Y200.339 Z4.7568 E5124.36957
G1 X187.930 Y202.316 Z4.7574 E5125.05228
G1 X187.830 Y202.473 Z4.7575 E5125.10792
G1 X187.716 Y202.620 Z4.7575 E5125.16356
G1 X186.603 Y203.921 Z4.7580 E5125.67600
G1 X186.466 Y204.066 Z4.7580 E5125.73563
G1 X186.315 Y204.196 Z4.7581 E5125.79526
G1 X185.367 Y204.938 Z4.7584 E5126.15558
G1 X185.210 Y205.049 Z4.7585 E5126.21329
G1 X185.043 Y205.145 Z4.7585 E5126.27100
G1 X184.016 Y205.667 Z4.7588 E5126.61580
G1 X183.282 Y205.910 Z4.7590 E5126.84716
G1 X182.380 Y206.137 Z4.7593 E5127.12579
G1 X181.471 Y206.339 Z4.7596 E5127.40442
G1 X180.557 Y206.514 Z4.7598 E5127.68305
G1 X179.638 Y206.662 Z4.7601 E5127.96168
G1 X178.715 Y206.784 Z4.7603 E5128.24031
G1 X177.789 Y206.878 Z4.7606 E5128.51894
G1 X176.861 Y206.946 Z4.7608 E5128.79757
G1 X175.931 Y206.986 Z4.7611 E5129.07620
G1 X173.950 Y206.905 Z4.7616 E5129.66970
G1 X173.772 Y206.880 Z4.7617 E5129.72327
G1 X173.598 Y206.840 Z4.7617 E5129.77684
G1 X172.688 Y206.589 Z4.7620 E5130.05953
G1 X172.522 Y206.535 Z4.7620 E5130.11178
G1 X172.361 Y206.467 Z4.7621 E5130.16403
G1 X171.190 Y205.910 Z4.7624 E5130.55215
G1 X169.728 Y204.878 Z4.7629 E5131.08777
G1 X168.079 Y203.242 Z4.7635 E5131.78325
G1 X166.454 Y201.054 Z4.7643 E5132.59893
G1 X164.897 Y198.272 Z4.7651 E5133.55322
G1 X163.465 Y194.879 Z4.7661 E5134.65587
G1 X162.224 Y190.893 Z4.7673 E5135.90553
G1 X161.242 Y186.379 Z4.7685 E5137.28814
G1 X160.582 Y181.451 Z4.7699 E5138.77654
G1 X160.291 Y176.263 Z4.7713 E5140.33199
G1 X160.395 Y171.000 Z4.7727 E5141.90761
G1 X160.893 Y165.860 Z4.7741 E5143.45347
G1 X161.757 Y161.030 Z4.7755 E5144.92233
G1 X162.935 Y156.667 Z4.7767 E5146.27511
G1 X164.361 Y152.885 Z4.7778 E5147.48500
G1 X165.960 Y149.746 Z4.7788 E5148.53946
G1 X167.659 Y147.263 Z4.7796 E5149.44023
G1 X169.275 Y145.539 Z4.7802 E5150.14733
G1 X169.404 Y145.413 Z4.7803 E5150.20139
G1 X169.544 Y145.299 Z4.7803 E5150.25545
G1 X170.974 Y144.242 Z4.7808 E5150.78787
G1 X171.138 Y144.132 Z4.7809 E5150.84683
G1 X171.312 Y144.040 Z4.7809 E5150.90579
G1 X172.468 Y143.495 Z4.7813 E5151.28830
G1 X172.647 Y143.421 Z4.7813 E5151.34638
G1 X172.833 Y143.365 Z4.7814 E5151.40446
G1 X173.800 Y143.122 Z4.7816 E5151.70281
G1 X173.984 Y143.085 Z4.7817 E5151.75909
G1 X174.171 Y143.066 Z4.7817 E5151.81537
G1 X175.051 Y143.015 Z4.7820 E5152.07928
G1 X175.234 Y143.012 Z4.7820 E5152.13400
G1 X175.416 Y143.027 Z4.7821 E5152.18872
G1 X176.286 Y143.136 Z4.7823 E5152.45121
G1 X176.462 Y143.166 Z4.7824 E5152.50453
G1 X176.634 Y143.212 Z4.7824 E5152.55784
G1 X177.726 Y143.553 Z4.7827 E5152.90031
G1 X179.075 Y144.251 Z4.7831 E5153.35506
G1 X180.569 Y145.379 Z4.7836 E5153.91529
G1 X182.217 Y147.110 Z4.7843 E5154.63075
G1 X183.833 Y149.402 Z4.7851 E5155.47025
G1 X185.372 Y152.294 Z4.7860 E5156.45084
G1 X186.775 Y155.797 Z4.7870 E5157.58041
G1 X187.974 Y159.884 Z4.7881 E5158.85545
G1 X188.902 Y164.482 Z4.7894 E5160.25948
G1 X189.498 Y169.469 Z4.7908 E5161.76311
G1 X189.719 Y174.685 Z4.7922 E5163.32581
G1 X189.544 Y179.940 Z4.7936 E5164.89976
G1 X188.977 Y185.038 Z4.7950 E5166.43507
G1 X188.052 Y189.794 Z4.7963 E5167.88559
G1 X186.824 Y194.060 Z4.7975 E5169.21422
G1 X185.362 Y197.729 Z4.7986 E5170.39662
G1 X183.740 Y200.749 Z4.7996 E5171.42287
G1 X182.029 Y203.116 Z4.8004 E5172.29715
G1 X180.419 Y204.732 Z4.8010 E5172.97986
G1 X180.282 Y204.858 Z4.8010 E5173.03550
G1 X180.134 Y204.970 Z4.8011 E5173.09114
G1 X178.722 Y205.938 Z4.8015 E5173.60358
G1 X178.553 Y206.043 Z4.8016 E5173.66320
G1 X178.373 Y206.130 Z4.8016 E5173.72283
G1 X177.266 Y206.601 Z4.8020 E5174.08315
G1 X177.085 Y206.668 Z4.8020 E5174.14087
G1 X176.898 Y206.717 Z4.8021 E5174.19858
G1 X175.772 Y206.956 Z4.8024 E5174.54338
G1 X175.000 Y207.000 Z4.8026 E5174.77474
G1 X174.069 Y206.986 Z4.8029 E5175.05337
G1 X173.139 Y206.946 Z4.8031 E5175.33199
G1 X172.211 Y206.878 Z4.8034 E5175.61062
G1 X171.285 Y206.784 Z4.8036 E5175.88925
G1 X170.362 Y206.662 Z4.8039 E5176.16788
G1 X169.443 Y206.514 Z4.8041 E5176.44651
G1 X168.529 Y206.339 Z4.8044 E5176.72514
G1 X167.620 Y206.137 Z4.8046 E5177.00377
G1 X165.728 Y205.546 Z4.8052 E5177.59727
G1 X165.563 Y205.476 Z4.8052 E5177.65084
G1 X165.405 Y205.393 Z4.8053 E5177.70441
G1 X164.591 Y204.914 Z4.8055 E5177.98710
G1 X164.444 Y204.819 Z4.8056 E5178.03935
G1 X164.307 Y204.712 Z4.8056 E5178.09161
G1 X163.320 Y203.870 Z4.8060 E5178.47972
G1 X162.175 Y202.495 Z4.8065 E5179.01534
G1 X161.005 Y200.488 Z4.8071 E5179.71083
G1 X160.002 Y197.955 Z4.8078 E5180.52651
G1 X159.218 Y194.865 Z4.8087 E5181.48080
G1 X158.713 Y191.216 Z4.8097 E5182.58344
G1 X158.546 Y187.044 Z4.8108 E5183.83311
G1 X158.766 Y182.431 Z4.8121 E5185.21572
G1 X159.404 Y177.500 Z4.8134 E5186.70412
G1 X160.466 Y172.413 Z4.8149 E5188.25957
G1 X161.928 Y167.357 Z4.8163 E5189.83519
G1 X163.739 Y162.520 Z4.8177 E5191.38104
G1 X165.824 Y158.078 Z4.8190 E5192.84990
G1 X168.091 Y154.169 Z4.8203 E5194.20269
G1 X170.447 Y150.885 Z4.8214 E5195.41258
G1 X172.804 Y148.267 Z4.8223 E5196.46703
G1 X175.088 Y146.308 Z4.8231 E5197.36780
G1 X177.095 Y145.061 Z4.8238 E5198.07490
G1 X177.252 Y144.973 Z4.8238 E5198.12897
G1 X177.417 Y144.899 Z4.8239 E5198.18303
G1 X179.072 Y144.248 Z4.8244 E5198.71545
G1 X179.259 Y144.185 Z4.8244 E5198.77441
G1 X179.451 Y144.140 Z4.8245 E5198.83336
G1 X180.708 Y143.914 Z4.8248 E5199.21587
G1 X180.901 Y143.888 Z4.8249 E5199.27395
G1 X181.095 Y143.882 Z4.8249 E5199.33203
G1 X182.091 Y143.898 Z4.8252 E5199.63039
G1 X182.279 Y143.910 Z4.8252 E5199.68667
G1 X182.465 Y143.939 Z4.8253 E5199.74295
G1 X183.328 Y144.118 Z4.8255 E5200.00686
G1 X183.505 Y144.163 Z4.8256 E5200.06158
G1 X183.677 Y144.224 Z4.8256 E5200.11630
G1 X184.489 Y144.555 Z4.8259 E5200.37879
G1 X184.651 Y144.629 Z4.8259 E5200.43210
G1 X184.806 Y144.718 Z4.8260 E5200.48542
G1 X185.772 Y145.331 Z4.8263 E5200.82789
G1 X186.895 Y146.354 Z4.8267 E5201.28263
G1 X188.046 Y147.829 Z4.8272 E5201.84286
G1 X189.190 Y149.928 Z4.8279 E5202.55833
G1 X190.157 Y152.560 Z4.8286 E5203.39783
G1 X190.896 Y155.752 Z4.8295 E5204.37841
G1 X191.344 Y159.499 Z4.8305 E5205.50799
G1 X191.444 Y163.757 Z4.8317 E5206.78302
G1 X191.151 Y168.438 Z4.8330 E5208.18706
G1 X190.436 Y173.410 Z4.8343 E5209.69069
G1 X189.299 Y178.505 Z4.8358 E5211.25339
G1 X187.769 Y183.536 Z4.8372 E5212.82734
G1 X185.903 Y188.313 Z4.8386 E5214.36264
G1 X183.779 Y192.669 Z4.8399 E5215.81317
G1 X181.488 Y196.471 Z4.8411 E5217.14180
G1 X179.126 Y199.636 Z4.8422 E5218.32419
G1 X176.777 Y202.134 Z4.8431 E5219.35045
G1 X174.512 Y203.977 Z4.8439 E5220.22473
G1 X172.539 Y205.122 Z4.8445 E5220.90744
G1 X172.374 Y205.207 Z4.8446 E5220.96308
G1 X172.202 Y205.277 Z4.8446 E5221.01871
G1 X170.588 Y205.848 Z4.8451 E5221.53115
G1 X170.397 Y205.904 Z4.8451 E5221.59078
G1 X170.201 Y205.942 Z4.8452 E5221.65041
G1 X169.010 Y206.110 Z4.8455 E5222.01073
G1 X168.818 Y206.128 Z4.8456 E5222.06844
G1 X168.625 Y206.127 Z4.8456 E5222.12615
G1 X167.475 Y206.067 Z4.8459 E5222.47095
G1 X166.718 Y205.910 Z4.8462 E5222.70231
G1 X165.822 Y205.656 Z4.8464 E5222.98094
G1 X164.935 Y205.376 Z4.8467 E5223.25957
G1 X164.055 Y205.070 Z4.8469 E5223.53820
G1 X163.185 Y204.739 Z4.8472 E5223.81683
G1 X162.325 Y204.383 Z4.8474 E5224.09546
G1 X161.476 Y204.002 Z4.8477 E5224.37409
G1 X160.638 Y203.596 Z4.8479 E5224.65272
G1 X159.813 Y203.166 Z4.8482 E5224.93135
G1 X158.138 Y202.105 Z4.8487 E5225.52485
G1 X157.997 Y201.995 Z4.8488 E5225.57842
G1 X157.866 Y201.874 Z4.8488 E5225.63199
G1 X157.203 Y201.201 Z4.8491 E5225.91468
G1 X157.086 Y201.071 Z4.8491 E5225.96693
G1 X156.981 Y200.932 Z4.8492 E5226.01918
G1 X156.246 Y199.864 Z4.8495 E5226.40730
G1 X155.496 Y198.239 Z4.8500 E5226.94292
G1 X154.885 Y195.997 Z4.8506 E5227.63841
G1 X154.572 Y193.291 Z4.8514 E5228.45408
G1 X154.614 Y190.103 Z4.8523 E5229.40838
G1 X155.071 Y186.448 Z4.8533 E5230.51102
G1 X155.989 Y182.375 Z4.8544 E5231.76069
G1 X157.396 Y177.976 Z4.8556 E5233.14330
G1 X159.288 Y173.378 Z4.8570 E5234.63170
G1 X161.631 Y168.739 Z4.8584 E5236.18714
G1 X164.352 Y164.234 Z4.8598 E5237.76277
G1 X167.353 Y160.031 Z4.8612 E5239.30862
G1 X170.516 Y156.280 Z4.8626 E5240.77748
G1 X173.718 Y153.091 Z4.8638 E5242.13027
G1 X176.844 Y150.528 Z4.8649 E5243.34015
G1 X179.798 Y148.609 Z4.8659 E5244.39461
G1 X182.511 Y147.309 Z4.8667 E5245.29538
G1 X184.772 Y146.624 Z4.8673 E5246.00248
G1 X184.947 Y146.579 Z4.8674 E5246.05654
G1 X185.126 Y146.551 Z4.8674 E5246.11061
G1 X186.893 Y146.349 Z4.8679 E5246.64303
G1 X187.089 Y146.337 Z4.8680 E5246.70198
G1 X187.286 Y146.344 Z4.8680 E5246.76094
G1 X188.560 Y146.450 Z4.8684 E5247.14345
G1 X188.752 Y146.476 Z4.8684 E5247.20153
G1 X188.941 Y146.520 Z4.8685 E5247.25961
G1 X189.899 Y146.793 Z4.8687 E5247.55797
G1 X190.078 Y146.853 Z4.8688 E5247.61425
G1 X190.249 Y146.930 Z4.8688 E5247.67053
G1 X191.037 Y147.325 Z4.8691 E5247.93444
G1 X191.196 Y147.415 Z4.8691 E5247.98916
G1 X191.347 Y147.519 Z4.8692 E5248.04387
G1 X192.046 Y148.048 Z4.8694 E5248.30637
G1 X192.183 Y148.162 Z4.8695 E5248.35968
G1 X192.309 Y148.288 Z4.8695 E5248.41299
G1 X193.084 Y149.129 Z4.8698 E5248.75547
G1 X193.904 Y150.408 Z4.8702 E5249.21021
G1 X194.634 Y152.132 Z4.8708 E5249.77044
G1 X195.195 Y154.455 Z4.8714 E5250.48590
G1 X195.449 Y157.248 Z4.8722 E5251.32541
G1 X195.336 Y160.522 Z4.8731 E5252.30599
G1 X194.799 Y164.257 Z4.8741 E5253.43556
G1 X193.794 Y168.396 Z4.8752 E5254.71060
G1 X192.299 Y172.842 Z4.8765 E5256.11464
G1 X190.321 Y177.459 Z4.8779 E5257.61827
G1 X187.905 Y182.087 Z4.8793 E5259.18097
G1 X185.125 Y186.550 Z4.8807 E5260.75492
G1 X182.086 Y190.681 Z4.8821 E5262.29022
G1 X178.906 Y194.339 Z4.8835 E5263.74075
G1 X175.710 Y197.418 Z4.8847 E5265.06938
G1 X172.609 Y199.865 Z4.8857 E5266.25177
G1 X169.694 Y201.669 Z4.8867 E5267.27802
G1 X167.029 Y202.864 Z4.8875 E5268.15230
G1 X164.827 Y203.458 Z4.8881 E5268.83502
G1 X164.646 Y203.498 Z4.8881 E5268.89065
G1 X164.461 Y203.521 Z4.8882 E5268.94629
G1 X162.754 Y203.655 Z4.8886 E5269.45873
G1 X162.555 Y203.660 Z4.8887 E5269.51836
G1 X162.357 Y203.646 Z4.8888 E5269.57799
G1 X161.162 Y203.500 Z4.8891 E5269.93831
G1 X160.972 Y203.467 Z4.8891 E5269.99602
G1 X160.786 Y203.417 Z4.8892 E5270.05373
G1 X159.690 Y203.061 Z4.8895 E5270.39853
G1 X159.000 Y202.713 Z4.8897 E5270.62989
G1 X158.201 Y202.236 Z4.8900 E5270.90852
G1 X157.416 Y201.736 Z4.8902 E5271.18715
G1 X156.646 Y201.213 Z4.8905 E5271.46578
G1 X155.891 Y200.668 Z4.8907 E5271.74441
G1 X155.152 Y200.101 Z4.8910 E5272.02304
G1 X154.431 Y199.513 Z4.8912 E5272.30167
G1 X153.727 Y198.905 Z4.8915 E5272.58030
G1 X153.040 Y198.276 Z4.8917 E5272.85893
G1 X151.697 Y196.817 Z4.8923 E5273.45243
G1 X151.589 Y196.675 Z4.8923 E5273.50600
G1 X151.494 Y196.523 Z4.8924 E5273.55957
G1 X151.028 Y195.702 Z4.8926 E5273.84226
G1 X150.949 Y195.546 Z4.8927 E5273.89451
G1 X150.883 Y195.384 Z4.8927 E5273.94676
G1 X150.450 Y194.163 Z4.8931 E5274.33488
G1 X150.146 Y192.399 Z4.8936 E5274.87050
G1 X150.136 Y190.076 Z4.8942 E5275.56598
G1 X150.534 Y187.380 Z4.8949 E5276.38166
G1 X151.400 Y184.312 Z4.8958 E5277.33595
G1 X152.787 Y180.900 Z4.8968 E5278.43860
G1 X154.728 Y177.204 Z4.8979 E5279.68826
G1 X157.225 Y173.318 Z4.8992 E5281.07088
G1 X160.244 Y169.367 Z4.9006 E5282.55928
G1 X163.706 Y165.493 Z4.9020 E5284.11472
G1 X167.501 Y161.845 Z4.9034 E5285.69034
G1 X171.488 Y158.562 Z4.9048 E5287.23620
G1 X175.514 Y155.757 Z4.9061 E5288.70506
G1 X179.432 Y153.505 Z4.9074 E5290.05785
G1 X183.115 Y151.839 Z4.9085 E5291.26773
G1 X186.465 Y150.750 Z4.9094 E5292.32219
G1 X189.423 Y150.196 Z4.9102 E5293.22296
G1 X191.784 Y150.120 Z4.9109 E5293.93006
G1 X191.964 Y150.122 Z4.9109 E5293.98412
G1 X192.144 Y150.141 Z4.9110 E5294.03819
G1 X193.903 Y150.404 Z4.9115 E5294.57060
G1 X194.096 Y150.442 Z4.9115 E5294.62956
G1 X194.284 Y150.500 Z4.9116 E5294.68852
G1 X195.487 Y150.933 Z4.9119 E5295.07103
G1 X195.666 Y151.007 Z4.9120 E5295.12911
G1 X195.837 Y151.098 Z4.9120 E5295.18719
G1 X196.692 Y151.610 Z4.9123 E5295.48554
G1 X196.849 Y151.715 Z4.9124 E5295.54182
G1 X196.995 Y151.833 Z4.9124 E5295.59811
G1 X197.653 Y152.419 Z4.9126 E5295.86202
G1 X197.784 Y152.547 Z4.9127 E5295.91673
G1 X197.903 Y152.686 Z4.9127 E5295.97145
G1 X198.441 Y153.378 Z4.9130 E5296.23394
G1 X198.543 Y153.524 Z4.9130 E5296.28726
G1 X198.633 Y153.678 Z4.9131 E5296.34057
G1 X199.164 Y154.691 Z4.9134 E5296.68304
G1 X199.625 Y156.139 Z4.9138 E5297.13779
G1 X199.883 Y157.993 Z4.9143 E5297.69802
G1 X199.824 Y160.382 Z4.9150 E5298.41348
G1 X199.347 Y163.145 Z4.9157 E5299.25298
G1 X198.390 Y166.278 Z4.9166 E5300.23357
G1 X196.905 Y169.747 Z4.9176 E5301.36314
G1 X194.863 Y173.485 Z4.9188 E5302.63818
G1 X192.268 Y177.393 Z4.9201 E5304.04221
G1 X189.163 Y181.341 Z4.9214 E5305.54584
G1 X185.631 Y185.185 Z4.9229 E5307.10854
G1 X181.791 Y188.777 Z4.9243 E5308.68249
G1 X177.786 Y191.981 Z4.9257 E5310.21780
G1 X173.768 Y194.691 Z4.9270 E5311.66832
G1 X169.884 Y196.838 Z4.9282 E5312.99696
G1 X166.255 Y198.399 Z4.9293 E5314.17935
G1 X162.972 Y199.387 Z4.9302 E5315.20560
G1 X160.089 Y199.851 Z4.9310 E5316.07988
G1 X157.808 Y199.856 Z4.9316 E5316.76259
G1 X157.622 Y199.847 Z4.9317 E5316.81823
G1 X157.438 Y199.822 Z4.9317 E5316.87387
G1 X155.755 Y199.509 Z4.9322 E5317.38631
G1 X155.562 Y199.463 Z4.9323 E5317.44594
G1 X155.373 Y199.397 Z4.9323 E5317.50556
G1 X154.257 Y198.947 Z4.9326 E5317.86589
G1 X154.082 Y198.867 Z4.9327 E5317.92360
G1 X153.915 Y198.769 Z4.9327 E5317.98131
G1 X152.949 Y198.142 Z4.9331 E5318.32611
G1 X152.373 Y197.627 Z4.9333 E5318.55747
G1 X151.724 Y196.960 Z4.9335 E5318.83610
G1 X151.095 Y196.273 Z4.9338 E5319.11473
G1 X150.487 Y195.569 Z4.9340 E5319.39336
G1 X149.899 Y194.848 Z4.9343 E5319.67199
G1 X149.332 Y194.109 Z4.9345 E5319.95061
G1 X148.787 Y193.354 Z4.9348 E5320.22924
G1 X148.264 Y192.584 Z4.9350 E5320.50787
G1 X147.764 Y191.799 Z4.9353 E5320.78650
G1 X146.845 Y190.043 Z4.9358 E5321.38000
G1 X146.777 Y189.877 Z4.9359 E5321.43357
G1 X146.724 Y189.706 Z4.9359 E5321.48714
G1 X146.487 Y188.792 Z4.9362 E5321.76983
G1 X146.451 Y188.621 Z4.9362 E5321.82209
G1 X146.429 Y188.448 Z4.9363 E5321.87434
G1 X146.327 Y187.155 Z4.9366 E5322.26245
G1 X146.489 Y185.374 Z4.9371 E5322.79808
G1 X147.081 Y183.127 Z4.9378 E5323.49356
G1 X148.163 Y180.626 Z4.9385 E5324.30924
G1 X149.794 Y177.887 Z4.9394 E5325.26353
G1 X152.017 Y174.949 Z4.9404 E5326.36617
G1 X154.848 Y171.882 Z4.9415 E5327.61584
G1 X158.266 Y168.775 Z4.9428 E5328.99845
G1 X162.204 Y165.739 Z4.9441 E5330.48685
G1 X166.552 Y162.894 Z4.9455 E5332.04230
G1 X171.162 Y160.352 Z4.9470 E5333.61792
G1 X175.862 Y158.213 Z4.9484 E5335.16378
G1 X180.477 Y156.546 Z4.9497 E5336.63263
G1 X184.845 Y155.385 Z4.9509 E5337.98542
G1 X188.833 Y154.729 Z4.9520 E5339.19531
G1 X192.350 Y154.544 Z4.9530 E5340.24976
G1 X195.351 Y154.774 Z4.9538 E5341.15053
G1 X197.651 Y155.312 Z4.9544 E5341.85764
G1 X197.825 Y155.361 Z4.9545 E5341.91170
G1 X197.994 Y155.425 Z4.9545 E5341.96576
G1 X199.625 Y156.134 Z4.9550 E5342.49818
G1 X199.801 Y156.222 Z4.9551 E5342.55714
G1 X199.968 Y156.326 Z4.9551 E5342.61609
G1 X201.018 Y157.055 Z4.9555 E5342.99860
G1 X201.172 Y157.173 Z4.9555 E5343.05668
G1 X201.313 Y157.306 Z4.9556 E5343.11477
G1 X202.007 Y158.022 Z4.9559 E5343.41312
G1 X202.131 Y158.163 Z4.9559 E5343.46940
G1 X202.242 Y158.315 Z4.9560 E5343.52568
G1 X202.726 Y159.052 Z4.9562 E5343.78959
G1 X202.819 Y159.209 Z4.9562 E5343.84431
G1 X202.898 Y159.374 Z4.9563 E5343.89903
G1 X203.238 Y160.182 Z4.9565 E5344.16152
G1 X203.300 Y160.349 Z4.9566 E5344.21483
G1 X203.346 Y160.521 Z4.9566 E5344.26815
G1 X203.596 Y161.637 Z4.9569 E5344.61062
G1 X203.667 Y163.155 Z4.9574 E5345.06537
G1 X203.437 Y165.012 Z4.9579 E5345.62559
G1 X202.762 Y167.305 Z4.9585 E5346.34106
G1 X201.585 Y169.851 Z4.9593 E5347.18056
G1 X199.850 Y172.629 Z4.9602 E5348.16114
G1 X197.518 Y175.596 Z4.9612 E5349.29072
G1 X194.578 Y178.678 Z4.9624 E5350.56575
G1 X191.060 Y181.780 Z4.9636 E5351.96979
G1 X187.039 Y184.791 Z4.9650 E5353.47342
G1 X182.632 Y187.590 Z4.9664 E5355.03612
G1 X177.993 Y190.065 Z4.9678 E5356.61007
G1 X173.296 Y192.123 Z4.9692 E5358.14537
G1 X168.714 Y193.701 Z4.9706 E5359.59590
G1 X164.406 Y194.770 Z4.9718 E5360.92453
G1 X160.497 Y195.338 Z4.9728 E5362.10692
G1 X157.070 Y195.443 Z4.9738 E5363.13318
G1 X154.165 Y195.145 Z4.9746 E5364.00746
G1 X151.961 Y194.559 Z4.9752 E5364.69017
G1 X151.784 Y194.503 Z4.9752 E5364.74581
G1 X151.612 Y194.431 Z4.9753 E5364.80144
G1 X150.068 Y193.693 Z4.9758 E5365.31388
G1 X149.892 Y193.598 Z4.9758 E5365.37351
G1 X149.728 Y193.486 Z4.9759 E5365.43314
G1 X148.766 Y192.763 Z4.9762 E5365.79346
G1 X148.617 Y192.639 Z4.9762 E5365.85117
G1 X148.482 Y192.502 Z4.9763 E5365.90889
G1 X147.711 Y191.646 Z4.9766 E5366.25368
G1 X147.287 Y191.000 Z4.9768 E5366.48504
G1 X146.834 Y190.187 Z4.9771 E5366.76367
G1 X146.404 Y189.362 Z4.9773 E5367.04230
G1 X145.998 Y188.524 Z4.9776 E5367.32093
G1 X145.617 Y187.675 Z4.9778 E5367.59956
G1 X145.261 Y186.815 Z4.9781 E5367.87819
G1 X144.930 Y185.945 Z4.9783 E5368.15682
G1 X144.624 Y185.065 Z4.9786 E5368.43545
G1 X144.344 Y184.178 Z4.9788 E5368.71408
G1 X143.911 Y182.243 Z4.9794 E5369.30758
G1 X143.888 Y182.065 Z4.9794 E5369.36115
G1 X143.882 Y181.887 Z4.9795 E5369.41472
G1 X143.889 Y180.942 Z4.9797 E5369.69741
G1 X143.898 Y180.768 Z4.9798 E5369.74966
G1 X143.922 Y180.595 Z4.9798 E5369.80191
G1 X144.158 Y179.320 Z4.9802 E5370.19003
G1 X144.776 Y177.641 Z4.9807 E5370.72565
G1 X145.929 Y175.624 Z4.9813 E5371.42114
G1 X147.622 Y173.488 Z4.9820 E5372.23682
G1 X149.906 Y171.264 Z4.9829 E5373.19111
G1 X152.813 Y169.003 Z4.9839 E5374.29375
G1 X156.342 Y166.772 Z4.9851 E5375.54342
G1 X160.448 Y164.656 Z4.9863 E5376.92603
G1 X165.037 Y162.743 Z4.9877 E5378.41443
G1 X169.973 Y161.120 Z4.9891 E5379.96987
G1 X175.083 Y159.858 Z4.9905 E5381.54550
G1 X180.177 Y159.008 Z4.9919 E5383.09135
G1 X185.067 Y158.592 Z4.9932 E5384.56021
G1 X189.586 Y158.601 Z4.9945 E5385.91300
G1 X193.608 Y159.000 Z4.9956 E5387.12289
G1 X197.054 Y159.732 Z4.9965 E5388.17734
G1 X199.892 Y160.731 Z4.9974 E5389.07811
G1 X201.975 Y161.845 Z4.9980 E5389.78521
G1 X202.130 Y161.937 Z4.9980 E5389.83928
G1 X202.276 Y162.043 Z4.9981 E5389.89334
G1 X203.668 Y163.150 Z4.9986 E5390.42576
G1 X203.816 Y163.280 Z4.9986 E5390.48471
G1 X203.951 Y163.424 Z4.9987 E5390.54367
G1 X204.776 Y164.400 Z4.9990 E5390.92618
G1 X204.894 Y164.554 Z4.9991 E5390.98426
G1 X204.996 Y164.719 Z4.9991 E5391.04234
G1 X205.481 Y165.590 Z4.9994 E5391.34070
G1 X205.564 Y165.759 Z4.9995 E5391.39698
G1 X205.632 Y165.934 Z4.9995 E5391.45326
G1 X205.909 Y166.771 Z4.9998 E5391.71717
G1 X205.958 Y166.947 Z4.9998 E5391.77189
G1 X205.991 Y167.127 Z4.9998 E5391.82661
G1 X206.111 Y167.996 Z5.0001 E5392.08910
G1 X206.127 Y168.173 Z5.0001 E5392.14241
G1 X206.128 Y168.351 Z5.0002 E5392.19572
G1 X206.081 Y169.494 Z5.0005 E5392.53820
G1 X205.756 Y170.978 Z5.0009 E5392.99294
G1 X205.053 Y172.713 Z5.0014 E5393.55317
G1 X203.808 Y174.753 Z5.0021 E5394.26863
G1 X202.012 Y176.907 Z5.0028 E5395.10814
G1 X199.617 Y179.142 Z5.0037 E5396.08872
G1 X196.596 Y181.404 Z5.0047 E5397.21830
G1 X192.959 Y183.620 Z5.0059 E5398.49333
G1 X188.758 Y185.706 Z5.0072 E5399.89737
G1 X184.095 Y187.573 Z5.0086 E5401.40100
G1 X179.114 Y189.136 Z5.0100 E5402.96370
G1 X173.992 Y190.327 Z5.0114 E5404.53765
G1 X168.922 Y191.099 Z5.0128 E5406.07295
G1 X164.088 Y191.437 Z5.0141 E5407.52348
G1 X159.650 Y191.354 Z5.0153 E5408.85211
G1 X155.727 Y190.891 Z5.0164 E5410.03450
G1 X152.390 Y190.106 Z5.0173 E5411.06075
G1 X149.661 Y189.066 Z5.0181 E5411.93504
G1 X147.684 Y187.930 Z5.0187 E5412.61775
G1 X147.527 Y187.830 Z5.0188 E5412.67338
G1 X147.380 Y187.716 Z5.0188 E5412.72902
G1 X146.079 Y186.603 Z5.0193 E5413.24146
G1 X145.934 Y186.466 Z5.0194 E5413.30109
G1 X145.804 Y186.315 Z5.0194 E5413.36072
G1 X145.062 Y185.367 Z5.0197 E5413.72104
G1 X144.951 Y185.210 Z5.0198 E5413.77875
G1 X144.855 Y185.043 Z5.0199 E5413.83646
G1 X144.333 Y184.016 Z5.0202 E5414.18126
G1 X144.090 Y183.282 Z5.0204 E5414.41262
G1 X143.847 Y182.313 Z5.0206 E5414.71170
G1 X143.634 Y181.337 Z5.0209 E5415.01078
G1 X143.451 Y180.355 Z5.0212 E5415.30985
G1 X143.299 Y179.367 Z5.0215 E5415.60893
G1 X143.179 Y178.375 Z5.0217 E5415.90801
G1 X143.089 Y177.380 Z5.0220 E5416.20709
G1 X143.030 Y176.383 Z5.0223 E5416.50617
G1 X143.002 Y175.384 Z5.0225 E5416.80524
G1 X143.006 Y174.385 Z5.0228 E5417.10432
G1 X143.041 Y173.387 Z5.0231 E5417.40340
G1 X143.107 Y172.390 Z5.0234 E5417.70248
G1 X143.204 Y171.395 Z5.0236 E5418.00156
G1 X143.332 Y170.404 Z5.0239 E5418.30063
G1 X143.491 Y169.418 Z5.0242 E5418.59971
G1 X143.680 Y168.437 Z5.0245 E5418.89879
G1 X143.900 Y167.463 Z5.0247 E5419.19787
G1 X144.151 Y166.495 Z5.0250 E5419.49694
G1 X144.431 Y165.536 Z5.0253 E5419.79602
G1 X144.742 Y164.587 Z5.0255 E5420.09510
G1 X145.082 Y163.647 Z5.0258 E5420.39418
G1 X145.451 Y162.719 Z5.0261 E5420.69326
G1 X145.848 Y161.802 Z5.0264 E5420.99233
G1 X146.275 Y160.898 Z5.0266 E5421.29141
G1 X146.729 Y160.009 Z5.0269 E5421.59049
G1 X147.211 Y159.133 Z5.0272 E5421.88957
G1 X147.720 Y158.273 Z5.0274 E5422.18865
G1 X148.255 Y157.430 Z5.0277 E5422.48772
G1 X148.817 Y156.604 Z5.0280 E5422.78680
G1 X149.404 Y155.795 Z5.0283 E5423.08588
G1 X150.016 Y155.005 Z5.0285 E5423.38496
G1 X150.652 Y154.235 Z5.0288 E5423.68404
G1 X151.312 Y153.485 Z5.0291 E5423.98311
G1 X151.995 Y152.756 Z5.0293 E5424.28219
G1 X152.701 Y152.049 Z5.0296 E5424.58127
G1 X153.428 Y151.364 Z5.0299 E5424.88035
G1 X154.177 Y150.702 Z5.0302 E5425.17943
G1 X154.945 Y150.064 Z5.0304 E5425.47850
G1 X155.734 Y149.450 Z5.0307 E5425.77758
G1 X156.541 Y148.861 Z5.0310 E5426.07666
G1 X157.366 Y148.297 Z5.0312 E5426.37574
G1 X158.208 Y147.760 Z5.0315 E5426.67481
G1 X159.067 Y147.249 Z5.0318 E5426.97389
G1 X159.941 Y146.765 Z5.0321 E5427.27297
G1 X160.830 Y146.309 Z5.0323 E5427.57205
G1 X161.732 Y145.880 Z5.0326 E5427.87113
G1 X162.648 Y145.480 Z5.0329 E5428.17020
G1 X163.575 Y145.109 Z5.0331 E5428.46928
G1 X164.514 Y144.767 Z5.0334 E5428.76836
G1 X165.463 Y144.454 Z5.0337 E5429.06744
G1 X166.421 Y144.171 Z5.0340 E5429.36652
G1 X167.388 Y143.919 Z5.0342 E5429.66559
G1 X168.362 Y143.696 Z5.0345 E5429.96467
G1 X169.342 Y143.504 Z5.0348 E5430.26375
G1 X170.328 Y143.343 Z5.0351 E5430.56283
G1 X171.319 Y143.212 Z5.0353 E5430.86191
G1 X172.313 Y143.113 Z5.0356 E5431.16098
G1 X173.310 Y143.045 Z5.0359 E5431.46006
G1 X174.308 Y143.007 Z5.0361 E5431.75914
G1 X175.307 Y143.001 Z5.0364 E5432.05822
G1 X176.306 Y143.027 Z5.0367 E5432.35729
G1 X177.304 Y143.083 Z5.0370 E5432.65637
G1 X178.299 Y143.171 Z5.0372 E5432.95545
G1 X179.291 Y143.289 Z5.0375 E5433.25453
G1 X180.279 Y143.438 Z5.0378 E5433.55361
G1 X181.262 Y143.619 Z5.0380 E5433.85268
G1 X182.238 Y143.829 Z5.0383 E5434.15176
G1 X183.208 Y144.071 Z5.0386 E5434.45084
G1 X184.170 Y144.342 Z5.0389 E5434.74992
G1 X185.122 Y144.643 Z5.0391 E5435.04900
G1 X186.065 Y144.974 Z5.0394 E5435.34807
G1 X186.997 Y145.334 Z5.0397 E5435.64715
G1 X187.917 Y145.723 Z5.0399 E5435.94623
G1 X188.825 Y146.140 Z5.0402 E5436.24531
G1 X189.719 Y146.586 Z5.0405 E5436.54439
G1 X190.599 Y147.059 Z5.0408 E5436.84346
G1 X191.464 Y147.560 Z5.0410 E5437.14254
G1 X192.312 Y148.087 Z5.0413 E5437.44162
G1 X193.144 Y148.641 Z5.0416 E5437.74070
G1 X193.958 Y149.220 Z5.0418 E5438.03978
G1 X194.754 Y149.825 Z5.0421 E5438.33885
G1 X195.530 Y150.454 Z5.0424 E5438.63793
G1 X196.286 Y151.107 Z5.0427 E5438.93701
G1 X197.022 Y151.783 Z5.0429 E5439.23609
G1 X197.736 Y152.482 Z5.0432 E5439.53516
G1 X198.428 Y153.202 Z5.0435 E5439.83424
G1 X199.097 Y153.944 Z5.0437 E5440.13332
G1 X199.742 Y154.707 Z5.0440 E5440.43240
G1 X200.364 Y155.489 Z5.0443 E5440.73148
G1 X200.961 Y156.290 Z5.0446 E5441.03055
G1 X201.532 Y157.110 Z5.0448 E5441.32963
G1 X202.078 Y157.947 Z5.0451 E5441.62871
G1 X202.597 Y158.801 Z5.0454 E5441.92779
G1 X203.089 Y159.670 Z5.0457 E5442.22687
G1 X203.554 Y160.555 Z5.0459 E5442.52594
G1 X203.991 Y161.453 Z5.0462 E5442.82502
G1 X204.400 Y162.365 Z5.0465 E5443.12410
G1 X204.780 Y163.289 Z5.0467 E5443.42318
G1 X205.131 Y164.224 Z5.0470 E5443.72226
G1 X205.453 Y165.170 Z5.0473 E5444.02133
G1 X205.745 Y166.125 Z5.0476 E5444.32041
G1 X206.007 Y167.090 Z5.0478 E5444.61949
G1 X206.239 Y168.061 Z5.0481 E5444.91857
G1 X206.440 Y169.040 Z5.0484 E5445.21765
G1 X206.611 Y170.024 Z5.0486 E5445.51672
G1 X206.751 Y171.014 Z5.0489 E5445.81580
G1 X206.860 Y172.007 Z5.0492 E5446.11488
G1 X206.938 Y173.003 Z5.0495 E5446.41396
G1 X206.984 Y174.001 Z5.0497 E5446.71303
G1 X207.000 Y175.000 Z5.0500 E5447.01211
G1 X206.905 Y176.050 Z5.0503 E5447.32780
G1 X206.880 Y176.228 Z5.0503 E5447.38137
G1 X206.840 Y176.402 Z5.0504 E5447.43494
G1 X206.589 Y177.312 Z5.0506 E5447.71763
G1 X206.535 Y177.478 Z5.0507 E5447.76988
G1 X206.467 Y177.639 Z5.0507 E5447.82214
G1 X205.910 Y178.810 Z5.0511 E5448.21025
G1 X204.878 Y180.272 Z5.0516 E5448.74587
G1 X203.242 Y181.921 Z5.0522 E5449.44136
G1 X201.054 Y183.546 Z5.0529 E5450.25704
G1 X198.272 Y185.103 Z5.0538 E5451.21133
G1 X194.879 Y186.535 Z5.0548 E5452.31397
G1 X190.893 Y187.776 Z5.0560 E5453.56364
G1 X186.379 Y188.758 Z5.0572 E5454.94625
G1 X181.451 Y189.418 Z5.0586 E5456.43465
G1 X176.263 Y189.709 Z5.0600 E5457.99010
G1 X171.000 Y189.605 Z5.0614 E5459.56572
G1 X165.860 Y189.107 Z5.0628 E5461.11157
G1 X161.030 Y188.243 Z5.0641 E5462.58043
G1 X156.667 Y187.065 Z5.0654 E5463.93322
G1 X152.885 Y185.639 Z5.0665 E5465.14311
G1 X149.746 Y184.040 Z5.0674 E5466.19756
G1 X147.263 Y182.341 Z5.0683 E5467.09833
G1 X145.539 Y180.725 Z5.0689 E5467.80543
G1 X145.413 Y180.596 Z5.0689 E5467.85950
G1 X145.299 Y180.456 Z5.0690 E5467.91356
G1 X144.242 Y179.026 Z5.0695 E5468.44598
G1 X144.132 Y178.862 Z5.0695 E5468.50494
G1 X144.040 Y178.688 Z5.0696 E5468.56389
G1 X143.495 Y177.532 Z5.0699 E5468.94640
G1 X143.421 Y177.353 Z5.0700 E5469.00448
G1 X143.365 Y177.167 Z5.0700 E5469.06256
G1 X143.122 Y176.200 Z5.0703 E5469.36092
G1 X143.085 Y176.016 Z5.0704 E5469.41720
G1 X143.066 Y175.829 Z5.0704 E5469.47348
G1 X143.015 Y174.949 Z5.0707 E5469.73739
G1 X143.012 Y174.766 Z5.0707 E5469.79211
G1 X143.027 Y174.584 Z5.0708 E5469.84683
G1 X143.136 Y173.714 Z5.0710 E5470.10932
G1 X143.166 Y173.538 Z5.0710 E5470.16263
G1 X143.212 Y173.366 Z5.0711 E5470.21594
G1 X143.553 Y172.274 Z5.0714 E5470.55842
G1 X144.251 Y170.925 Z5.0718 E5471.01316
G1 X145.379 Y169.431 Z5.0723 E5471.57339
G1 X147.110 Y167.783 Z5.0730 E5472.28885
G1 X149.402 Y166.167 Z5.0737 E5473.12836
G1 X152.294 Y164.628 Z5.0746 E5474.10894
G1 X155.797 Y163.225 Z5.0757 E5475.23852
G1 X159.884 Y162.026 Z5.0768 E5476.51355
G1 X164.482 Y161.098 Z5.0781 E5477.91759
G1 X169.469 Y160.502 Z5.0795 E5479.42122
G1 X174.685 Y160.281 Z5.0809 E5480.98392
G1 X179.940 Y160.456 Z5.0823 E5482.55787
G1 X185.038 Y161.023 Z5.0837 E5484.09317
G1 X189.794 Y161.948 Z5.0850 E5485.54370
G1 X194.060 Y163.176 Z5.0862 E5486.87233
G1 X197.729 Y164.638 Z5.0873 E5488.05472
G1 X200.749 Y166.260 Z5.0882 E5489.08098
G1 X203.116 Y167.971 Z5.0890 E5489.95526
G1 X204.732 Y169.581 Z5.0896 E5490.63797
G1 X204.858 Y169.718 Z5.0897 E5490.69360
G1 X204.970 Y169.866 Z5.0897 E5490.74924
G1 X205.938 Y171.278 Z5.0902 E5491.26168
G1 X206.043 Y171.447 Z5.0903 E5491.32131
G1 X206.130 Y171.627 Z5.0903 E5491.38094
G1 X206.601 Y172.734 Z5.0906 E5491.74126
G1 X206.668 Y172.915 Z5.0907 E5491.79897
G1 X206.717 Y173.102 Z5.0908 E5491.85668
G1 X206.956 Y174.228 Z5.0911 E5492.20148
G1 X207.000 Y175.000 Z5.0913 E5492.43284
G1 X206.986 Y175.931 Z5.0915 E5492.71147
G1 X206.946 Y176.861 Z5.0918 E5492.99010
G1 X206.878 Y177.789 Z5.0920 E5493.26873
G1 X206.784 Y178.715 Z5.0923 E5493.54736
G1 X206.662 Y179.638 Z5.0925 E5493.82599
G1 X206.514 Y180.557 Z5.0928 E5494.10462
G1 X206.339 Y181.471 Z5.0930 E5494.38325
G1 X206.137 Y182.380 Z5.0933 E5494.66188
G1 X205.546 Y184.272 Z5.0938 E5495.25538
G1 X205.476 Y184.437 Z5.0939 E5495.30895
G1 X205.393 Y184.595 Z5.0939 E5495.36252
G1 X204.914 Y185.409 Z5.0942 E5495.64521
G1 X204.819 Y185.556 Z5.0942 E5495.69746
G1 X204.712 Y185.693 Z5.0943 E5495.74971
G1 X203.870 Y186.680 Z5.0946 E5496.13783
G1 X202.495 Y187.825 Z5.0951 E5496.67345
G1 X200.488 Y188.995 Z5.0958 E5497.36893
G1 X197.955 Y189.998 Z5.0965 E5498.18461
G1 X194.865 Y190.782 Z5.0974 E5499.13891
G1 X191.216 Y191.287 Z5.0984 E5500.24155
G1 X187.044 Y191.454 Z5.0995 E5501.49122
G1 X182.431 Y191.234 Z5.1008 E5502.87383
G1 X177.500 Y190.596 Z5.1021 E5504.36223
G1 X172.413 Y189.534 Z5.1035 E5505.91767
G1 X167.357 Y188.072 Z5.1050 E5507.49330
G1 X162.520 Y186.261 Z5.1064 E5509.03915
G1 X158.078 Y184.176 Z5.1077 E5510.50801
G1 X154.169 Y181.909 Z5.1089 E5511.86080
G1 X150.885 Y179.553 Z5.1100 E5513.07068
G1 X148.267 Y177.196 Z5.1110 E5514.12514
G1 X146.308 Y174.912 Z5.1118 E5515.02591
G1 X145.061 Y172.905 Z5.1125 E5515.73301
G1 X144.973 Y172.748 Z5.1125 E5515.78707
G1 X144.899 Y172.583 Z5.1125 E5515.84114
G1 X144.248 Y170.928 Z5.1130 E5516.37356
G1 X144.185 Y170.741 Z5.1131 E5516.43251
G1 X144.140 Y170.549 Z5.1131 E5516.49147
G1 X143.914 Y169.292 Z5.1135 E5516.87398
G1 X143.888 Y169.099 Z5.1135 E5516.93206
G1 X143.882 Y168.905 Z5.1136 E5516.99014
G1 X143.898 Y167.909 Z5.1139 E5517.28849
G1 X143.910 Y167.721 Z5.1139 E5517.34478
G1 X143.939 Y167.535 Z5.1140 E5517.40106
G1 X144.118 Y166.672 Z5.1142 E5517.66497
G1 X144.163 Y166.495 Z5.1143 E5517.71969
G1 X144.224 Y166.323 Z5.1143 E5517.77440
G1 X144.555 Y165.511 Z5.1145 E5518.03690
G1 X144.629 Y165.349 Z5.1146 E5518.09021
G1 X144.718 Y165.194 Z5.1146 E5518.14352
G1 X145.331 Y164.228 Z5.1150 E5518.48600
G1 X146.354 Y163.105 Z5.1154 E5518.94074
G1 X147.829 Y161.954 Z5.1159 E5519.50097
G1 X149.928 Y160.810 Z5.1165 E5520.21643
G1 X152.560 Y159.843 Z5.1173 E5521.05593
G1 X155.752 Y159.104 Z5.1182 E5522.03652
G1 X159.499 Y158.656 Z5.1192 E5523.16609
G1 X163.757 Y158.556 Z5.1204 E5524.44113
G1 X168.438 Y158.849 Z5.1216 E5525.84517
G1 X173.410 Y159.564 Z5.1230 E5527.34879
G1 X178.505 Y160.701 Z5.1244 E5528.91150
G1 X183.536 Y162.231 Z5.1259 E5530.48545
G1 X188.313 Y164.097 Z5.1273 E5532.02075
G1 X192.669 Y166.221 Z5.1286 E5533.47128
G1 X196.471 Y168.512 Z5.1298 E5534.79991
G1 X199.636 Y170.874 Z5.1309 E5535.98230
G1 X202.134 Y173.223 Z5.1318 E5537.00855
G1 X203.977 Y175.488 Z5.1326 E5537.88283
G1 X205.122 Y177.461 Z5.1332 E5538.56554
G1 X205.207 Y177.626 Z5.1333 E5538.62118
G1 X205.277 Y177.798 Z5.1333 E5538.67682
G1 X205.848 Y179.412 Z5.1338 E5539.18926
G1 X205.904 Y179.603 Z5.1338 E5539.24889
G1 X205.942 Y179.799 Z5.1339 E5539.30852
G1 X206.110 Y180.990 Z5.1342 E5539.66884
G1 X206.128 Y181.182 Z5.1343 E5539.72655
G1 X206.127 Y181.375 Z5.1343 E5539.78426
G1 X206.067 Y182.525 Z5.1346 E5540.12906
G1 X205.910 Y183.282 Z5.1348 E5540.36042
G1 X205.656 Y184.178 Z5.1351 E5540.63905
G1 X205.376 Y185.065 Z5.1353 E5540.91768
G1 X205.070 Y185.945 Z5.1356 E5541.19631
G1 X204.739 Y186.815 Z5.1358 E5541.47494
G1 X204.383 Y187.675 Z5.1361 E5541.75357
G1 X204.002 Y188.524 Z5.1363 E5542.03220
G1 X203.596 Y189.362 Z5.1366 E5542.31083
G1 X203.166 Y190.187 Z5.1369 E5542.58946
G1 X202.105 Y191.862 Z5.1374 E5543.18296
G1 X201.995 Y192.003 Z5.1374 E5543.23653
G1 X201.874 Y192.134 Z5.1375 E5543.29010
G1 X201.201 Y192.797 Z5.1378 E5543.57279
G1 X201.071 Y192.914 Z5.1378 E5543.62504
G1 X200.932 Y193.019 Z5.1378 E5543.67729
G1 X199.864 Y193.754 Z5.1382 E5544.06541
G1 X198.239 Y194.504 Z5.1387 E5544.60103
G1 X195.997 Y195.115 Z5.1393 E5545.29651
G1 X193.291 Y195.428 Z5.1401 E5546.11219
G1 X190.103 Y195.386 Z5.1409 E5547.06648
G1 X186.448 Y194.929 Z5.1419 E5548.16913
G1 X182.375 Y194.011 Z5.1431 E5549.41879
G1 X177.976 Y192.604 Z5.1443 E5550.80140
G1 X173.378 Y190.712 Z5.1457 E5552.28980
G1 X168.739 Y188.369 Z5.1471 E5553.84525
G1 X164.234 Y185.648 Z5.1485 E5555.42087
G1 X160.031 Y182.647 Z5.1499 E5556.96673
G1 X156.280 Y179.484 Z5.1513 E5558.43559
G1 X153.091 Y176.282 Z5.1525 E5559.78837
G1 X150.528 Y173.156 Z5.1536 E5560.99826
G1 X148.609 Y170.202 Z5.1545 E5562.05272
G1 X147.309 Y167.489 Z5.1554 E5562.95349
G1 X146.624 Y165.228 Z5.1560 E5563.66059
G1 X146.579 Y165.053 Z5.1561 E5563.71465
G1 X146.551 Y164.874 Z5.1561 E5563.76871
G1 X146.349 Y163.107 Z5.1566 E5564.30113
G1 X146.337 Y162.911 Z5.1566 E5564.36009
G1 X146.344 Y162.714 Z5.1567 E5564.41905
G1 X146.450 Y161.440 Z5.1570 E5564.80156
G1 X146.476 Y161.248 Z5.1571 E5564.85964
G1 X146.520 Y161.059 Z5.1571 E5564.91772
G1 X146.793 Y160.101 Z5.1574 E5565.21607
G1 X146.853 Y159.922 Z5.1575 E5565.27235
G1 X146.930 Y159.751 Z5.1575 E5565.32863
G1 X147.325 Y158.963 Z5.1578 E5565.59254
G1 X147.415 Y158.804 Z5.1578 E5565.64726
G1 X147.519 Y158.653 Z5.1579 E5565.70198
G1 X148.048 Y157.954 Z5.1581 E5565.96447
G1 X148.162 Y157.817 Z5.1581 E5566.01779
G1 X148.288 Y157.691 Z5.1582 E5566.07110
G1 X149.129 Y156.916 Z5.1585 E5566.41357
G1 X150.408 Y156.096 Z5.1589 E5566.86832
G1 X152.132 Y155.366 Z5.1594 E5567.42855
G1 X154.455 Y154.805 Z5.1601 E5568.14401
G1 X157.248 Y154.551 Z5.1608 E5568.98351
G1 X160.522 Y154.664 Z5.1617 E5569.96410
G1 X164.257 Y155.201 Z5.1628 E5571.09367
G1 X168.396 Y156.206 Z5.1639 E5572.36871
G1 X172.842 Y157.701 Z5.1652 E5573.77274
G1 X177.459 Y159.679 Z5.1666 E5575.27637
G1 X182.087 Y162.095 Z5.1680 E5576.83907
G1 X186.550 Y164.875 Z5.1694 E5578.41302
G1 X190.681 Y167.914 Z5.1708 E5579.94833
G1 X194.339 Y171.094 Z5.1721 E5581.39885
G1 X197.418 Y174.290 Z5.1733 E5582.72748
G1 X199.865 Y177.391 Z5.1744 E5583.90988
G1 X201.669 Y180.306 Z5.1753 E5584.93613
G1 X202.864 Y182.971 Z5.1761 E5585.81041
G1 X203.458 Y185.173 Z5.1768 E5586.49312
G1 X203.498 Y185.354 Z5.1768 E5586.54876
G1 X203.521 Y185.539 Z5.1769 E5586.60440
G1 X203.655 Y187.246 Z5.1773 E5587.11684
G1 X203.660 Y187.445 Z5.1774 E5587.17647
G1 X203.646 Y187.643 Z5.1774 E5587.23609
G1 X203.500 Y188.838 Z5.1778 E5587.59641
G1 X203.467 Y189.028 Z5.1778 E5587.65413
G1 X203.417 Y189.214 Z5.1779 E5587.71184
G1 X203.061 Y190.310 Z5.1782 E5588.05664
G1 X202.713 Y191.000 Z5.1784 E5588.28800
G1 X202.236 Y191.799 Z5.1786 E5588.56663
G1 X201.736 Y192.584 Z5.1789 E5588.84525
G1 X201.213 Y193.354 Z5.1791 E5589.12388
G1 X200.668 Y194.109 Z5.1794 E5589.40251
G1 X200.101 Y194.848 Z5.1797 E5589.68114
G1 X199.513 Y195.569 Z5.1799 E5589.95977
G1 X198.905 Y196.273 Z5.1802 E5590.23840
G1 X198.276 Y196.960 Z5.1804 E5590.51703
G1 X196.817 Y198.303 Z5.1810 E5591.11053
G1 X196.675 Y198.411 Z5.1810 E5591.16410
G1 X196.523 Y198.506 Z5.1810 E5591.21767
G1 X195.702 Y198.972 Z5.1813 E5591.50036
G1 X195.546 Y199.051 Z5.1814 E5591.55261
G1 X195.384 Y199.117 Z5.1814 E5591.60487
G1 X194.163 Y199.550 Z5.1818 E5591.99298
G1 X192.399 Y199.854 Z5.1822 E5592.52860
G1 X190.076 Y199.864 Z5.1829 E5593.22409
G1 X187.380 Y199.466 Z5.1836 E5594.03977
G1 X184.312 Y198.600 Z5.1845 E5594.99406
G1 X180.900 Y197.213 Z5.1855 E5596.09670
G1 X177.204 Y195.272 Z5.1866 E5597.34637
G1 X173.318 Y192.775 Z5.1879 E5598.72898
G1 X169.367 Y189.756 Z5.1892 E5600.21738
G1 X165.493 Y186.294 Z5.1906 E5601.77283
G1 X161.845 Y182.499 Z5.1921 E5603.34845
G1 X158.562 Y178.512 Z5.1935 E5604.89430
G1 X155.757 Y174.486 Z5.1948 E5606.36316
G1 X153.505 Y170.568 Z5.1960 E5607.71595
G1 X151.839 Y166.885 Z5.1971 E5608.92584
G1 X150.750 Y163.535 Z5.1981 E5609.98029
G1 X150.196 Y160.577 Z5.1989 E5610.88106
G1 X150.120 Y158.216 Z5.1996 E5611.58816
G1 X150.122 Y158.036 Z5.1996 E5611.64223
G1 X150.141 Y157.856 Z5.1997 E5611.69629
G1 X150.404 Y156.097 Z5.2001 E5612.22871
G1 X150.442 Y155.904 Z5.2002 E5612.28767
G1 X150.500 Y155.716 Z5.2002 E5612.34662
G1 X150.933 Y154.513 Z5.2006 E5612.72913
G1 X151.007 Y154.334 Z5.2006 E5612.78721
G1 X151.098 Y154.163 Z5.2007 E5612.84529
G1 X151.610 Y153.308 Z5.2010 E5613.14365
G1 X151.715 Y153.151 Z5.2010 E5613.19993
G1 X151.833 Y153.005 Z5.2011 E5613.25621
G1 X152.419 Y152.347 Z5.2013 E5613.52012
G1 X152.547 Y152.216 Z5.2014 E5613.57484
G1 X152.686 Y152.097 Z5.2014 E5613.62956
G1 X153.378 Y151.559 Z5.2017 E5613.89205
G1 X153.524 Y151.457 Z5.2017 E5613.94536
G1 X153.678 Y151.367 Z5.2017 E5613.99868
G1 X154.691 Y150.836 Z5.2021 E5614.34115
G1 X156.139 Y150.375 Z5.2025 E5614.79589
G1 X157.993 Y150.117 Z5.2030 E5615.35612
G1 X160.382 Y150.176 Z5.2036 E5616.07159
G1 X163.145 Y150.653 Z5.2044 E5616.91109
G1 X166.278 Y151.610 Z5.2053 E5617.89167
G1 X169.747 Y153.095 Z5.2063 E5619.02125
G1 X173.485 Y155.137 Z5.2075 E5620.29628
G1 X177.393 Y157.732 Z5.2087 E5621.70032
G1 X181.341 Y160.837 Z5.2101 E5623.20395
G1 X185.185 Y164.369 Z5.2115 E5624.76665
G1 X188.777 Y168.209 Z5.2130 E5626.34060
G1 X191.981 Y172.214 Z5.2144 E5627.87590
G1 X194.691 Y176.232 Z5.2157 E5629.32643
G1 X196.838 Y180.116 Z5.2169 E5630.65506
G1 X198.399 Y183.745 Z5.2180 E5631.83745
G1 X199.387 Y187.028 Z5.2189 E5632.86371
G1 X199.851 Y189.911 Z5.2197 E5633.73799
G1 X199.856 Y192.192 Z5.2203 E5634.42070
G1 X199.847 Y192.378 Z5.2204 E5634.47634
G1 X199.822 Y192.562 Z5.2204 E5634.53197
G1 X199.509 Y194.245 Z5.2209 E5635.04441
G1 X199.463 Y194.438 Z5.2209 E5635.10404
G1 X199.397 Y194.627 Z5.2210 E5635.16367
G1 X198.947 Y195.743 Z5.2213 E5635.52399
G1 X198.867 Y195.918 Z5.2214 E5635.58170
G1 X198.769 Y196.085 Z5.2214 E5635.63942
G1 X198.142 Y197.051 Z5.2217 E5635.98421
G1 X197.627 Y197.627 Z5.2219 E5636.21557
G1 X196.960 Y198.276 Z5.2222 E5636.49420
G1 X196.273 Y198.905 Z5.2224 E5636.77283
G1 X195.569 Y199.513 Z5.2227 E5637.05146
G1 X194.848 Y200.101 Z5.2230 E5637.33009
G1 X194.109 Y200.668 Z5.2232 E5637.60872
G1 X193.354 Y201.213 Z5.2235 E5637.88735
G1 X192.584 Y201.736 Z5.2237 E5638.16598
G1 X191.799 Y202.236 Z5.2240 E5638.44461
G1 X190.043 Y203.155 Z5.2245 E5639.03811
G1 X189.877 Y203.223 Z5.2246 E5639.09168
G1 X189.706 Y203.276 Z5.2246 E5639.14525
G1 X188.792 Y203.513 Z5.2249 E5639.42794
G1 X188.621 Y203.549 Z5.2249 E5639.48019
G1 X188.448 Y203.571 Z5.2250 E5639.53244
G1 X187.155 Y203.673 Z5.2253 E5639.92056
G1 X185.374 Y203.511 Z5.2258 E5640.45618
G1 X183.127 Y202.919 Z5.2264 E5641.15167
G1 X180.626 Y201.837 Z5.2272 E5641.96734
G1 X177.887 Y200.206 Z5.2280 E5642.92164
G1 X174.949 Y197.983 Z5.2290 E5644.02428
G1 X171.882 Y195.152 Z5.2302 E5645.27395
G1 X168.775 Y191.734 Z5.2314 E5646.65656
G1 X165.739 Y187.796 Z5.2328 E5648.14496
G1 X162.894 Y183.448 Z5.2342 E5649.70040
G1 X160.352 Y178.838 Z5.2356 E5651.27603
G1 X158.213 Y174.138 Z5.2370 E5652.82188
G1 X156.546 Y169.523 Z5.2384 E5654.29074
G1 X155.385 Y165.155 Z5.2396 E5655.64353
G1 X154.729 Y161.167 Z5.2407 E5656.85341
G1 X154.544 Y157.650 Z5.2417 E5657.90787
G1 X154.774 Y154.649 Z5.2425 E5658.80864
G1 X155.312 Y152.349 Z5.2431 E5659.51574
G1 X155.361 Y152.175 Z5.2432 E5659.56980
G1 X155.425 Y152.006 Z5.2432 E5659.62387
G1 X156.134 Y150.375 Z5.2437 E5660.15629
G1 X156.222 Y150.199 Z5.2437 E5660.21524
G1 X156.326 Y150.032 Z5.2438 E5660.27420
G1 X157.055 Y148.982 Z5.2442 E5660.65671
G1 X157.173 Y148.828 Z5.2442 E5660.71479
G1 X157.306 Y148.687 Z5.2443 E5660.77287
G1 X158.022 Y147.993 Z5.2445 E5661.07123
G1 X158.163 Y147.869 Z5.2446 E5661.12751
G1 X158.315 Y147.758 Z5.2446 E5661.18379
G1 X159.052 Y147.274 Z5.2449 E5661.44770
G1 X159.209 Y147.181 Z5.2449 E5661.50242
G1 X159.374 Y147.102 Z5.2450 E5661.55713
G1 X160.182 Y146.762 Z5.2452 E5661.81963
G1 X160.349 Y146.700 Z5.2453 E5661.87294
G1 X160.521 Y146.654 Z5.2453 E5661.92625
G1 X161.637 Y146.404 Z5.2456 E5662.26873
G1 X163.155 Y146.333 Z5.2460 E5662.72347
G1 X165.012 Y146.563 Z5.2465 E5663.28370
G1 X167.305 Y147.238 Z5.2472 E5663.99916
G1 X169.851 Y148.415 Z5.2480 E5664.83867
G1 X172.629 Y150.150 Z5.2488 E5665.81925
G1 X175.596 Y152.482 Z5.2499 E5666.94883
G1 X178.678 Y155.422 Z5.2510 E5668.22386
G1 X181.780 Y158.940 Z5.2523 E5669.62790
G1 X184.791 Y162.961 Z5.2537 E5671.13153
G1 X187.590 Y167.368 Z5.2551 E5672.69423
G1 X190.065 Y172.007 Z5.2565 E5674.26818
G1 X192.123 Y176.704 Z5.2579 E5675.80348
G1 X193.701 Y181.286 Z5.2592 E5677.25401
G1 X194.770 Y185.594 Z5.2604 E5678.58264
G1 X195.338 Y189.503 Z5.2615 E5679.76503
G1 X195.443 Y192.930 Z5.2624 E5680.79128
G1 X195.145 Y195.835 Z5.2632 E5681.66556
G1 X194.559 Y198.039 Z5.2639 E5682.34828
G1 X194.503 Y198.216 Z5.2639 E5682.40391
G1 X194.431 Y198.388 Z5.2640 E5682.45955
G1 X193.693 Y199.932 Z5.2644 E5682.97199
G1 X193.598 Y200.108 Z5.2645 E5683.03162
G1 X193.486 Y200.272 Z5.2645 E5683.09125
G1 X192.763 Y201.234 Z5.2649 E5683.45157
G1 X192.639 Y201.383 Z5.2649 E5683.50928
G1 X192.502 Y201.518 Z5.2650 E5683.56699
G1 X191.646 Y202.289 Z5.2653 E5683.91179
G1 X191.000 Y202.713 Z5.2655 E5684.14315
G1 X190.187 Y203.166 Z5.2657 E5684.42178
G1 X189.362 Y203.596 Z5.2660 E5684.70041
G1 X188.524 Y204.002 Z5.2663 E5684.97904
G1 X187.675 Y204.383 Z5.2665 E5685.25767
G1 X186.815 Y204.739 Z5.2668 E5685.53630
G1 X185.945 Y205.070 Z5.2670 E5685.81493
G1 X185.065 Y205.376 Z5.2673 E5686.09356
G1 X184.178 Y205.656 Z5.2675 E5686.37219
G1 X182.243 Y206.089 Z5.2681 E5686.96569
G1 X182.065 Y206.112 Z5.2681 E5687.01926
G1 X181.887 Y206.118 Z5.2682 E5687.07283
G1 X180.942 Y206.111 Z5.2684 E5687.35552
G1 X180.768 Y206.102 Z5.2685 E5687.40777
G1 X180.595 Y206.078 Z5.2685 E5687.46002
G1 X179.320 Y205.842 Z5.2689 E5687.84814
G1 X177.641 Y205.224 Z5.2693 E5688.38376
G1 X175.624 Y204.071 Z5.2700 E5689.07924
G1 X173.488 Y202.378 Z5.2707 E5689.89492
G1 X171.264 Y200.094 Z5.2716 E5690.84921
G1 X169.003 Y197.187 Z5.2726 E5691.95186
G1 X166.772 Y193.658 Z5.2737 E5693.20152
G1 X164.656 Y189.552 Z5.2750 E5694.58414
G1 X162.743 Y184.963 Z5.2763 E5696.07254
G1 X161.120 Y180.027 Z5.2777 E5697.62798
G1 X159.858 Y174.917 Z5.2792 E5699.20360
G1 X159.008 Y169.823 Z5.2806 E5700.74946
G1 X158.592 Y164.933 Z5.2819 E5702.21832
G1 X158.601 Y160.414 Z5.2831 E5703.57111
G1 X159.000 Y156.392 Z5.2842 E5704.78099
G1 X159.732 Y152.946 Z5.2852 E5705.83545
G1 X160.731 Y150.108 Z5.2860 E5706.73622
G1 X161.845 Y148.025 Z5.2867 E5707.44332
G1 X161.937 Y147.870 Z5.2867 E5707.49738
G1 X162.043 Y147.724 Z5.2868 E5707.55145
G1 X163.150 Y146.332 Z5.2873 E5708.08386
G1 X163.280 Y146.184 Z5.2873 E5708.14282
G1 X163.424 Y146.049 Z5.2874 E5708.20178
G1 X164.400 Y145.224 Z5.2877 E5708.58429
G1 X164.554 Y145.106 Z5.2878 E5708.64237
G1 X164.719 Y145.004 Z5.2878 E5708.70045
G1 X165.590 Y144.519 Z5.2881 E5708.99880
G1 X165.759 Y144.436 Z5.2881 E5709.05508
G1 X165.934 Y144.368 Z5.2882 E5709.11137
G1 X166.771 Y144.091 Z5.2884 E5709.37528
G1 X166.947 Y144.042 Z5.2885 E5709.42999
G1 X167.127 Y144.009 Z5.2885 E5709.48471
G1 X167.996 Y143.889 Z5.2888 E5709.74720
G1 X168.173 Y143.873 Z5.2888 E5709.80052
G1 X168.351 Y143.872 Z5.2889 E5709.85383
G1 X169.494 Y143.919 Z5.2892 E5710.19630
G1 X170.978 Y144.244 Z5.2896 E5710.65105
G1 X172.713 Y144.947 Z5.2901 E5711.21128
G1 X174.753 Y146.192 Z5.2907 E5711.92674
G1 X176.907 Y147.988 Z5.2915 E5712.76624
G1 X179.142 Y150.383 Z5.2924 E5713.74683
G1 X181.404 Y153.404 Z5.2934 E5714.87640
G1 X183.620 Y157.041 Z5.2946 E5716.15144
G1 X185.706 Y161.242 Z5.2959 E5717.55547
G1 X187.573 Y165.905 Z5.2972 E5719.05910
G1 X189.136 Y170.886 Z5.2986 E5720.62181
G1 X190.327 Y176.008 Z5.3001 E5722.19575
G1 X191.099 Y181.078 Z5.3015 E5723.73106
G1 X191.437 Y185.912 Z5.3028 E5725.18158
G1 X191.354 Y190.350 Z5.3040 E5726.51022
G1 X190.891 Y194.273 Z5.3051 E5727.69261
G1 X190.106 Y197.610 Z5.3060 E5728.71886
G1 X189.066 Y200.339 Z5.3068 E5729.59314
G1 X187.930 Y202.316 Z5.3074 E5730.27585
G1 X187.830 Y202.473 Z5.3075 E5730.33149
G1 X187.716 Y202.620 Z5.3075 E5730.38713
G1 X186.603 Y203.921 Z5.3080 E5730.89957
G1 X186.466 Y204.066 Z5.3080 E5730.95920
G1 X186.315 Y204.196 Z5.3081 E5731.01882
G1 X185.367 Y204.938 Z5.3084 E5731.37915
G1 X185.210 Y205.049 Z5.3085 E5731.43686
G1 X185.043 Y205.145 Z5.3085 E5731.49457
G1 X184.016 Y205.667 Z5.3088 E5731.83937
G1 X183.282 Y205.910 Z5.3090 E5732.07073
G1 X182.380 Y206.137 Z5.3093 E5732.34936
G1 X181.471 Y206.339 Z5.3096 E5732.62799
G1 X180.557 Y206.514 Z5.3098 E5732.90662
G1 X179.638 Y206.662 Z5.3101 E5733.18525
G1 X178.715 Y206.784 Z5.3103 E5733.46387
G1 X177.789 Y206.878 Z5.3106 E5733.74250
G1 X176.861 Y206.946 Z5.3108 E5734.02113
G1 X175.931 Y206.986 Z5.3111 E5734.29976
G1 X173.950 Y206.905 Z5.3116 E5734.89326
G1 X173.772 Y206.880 Z5.3117 E5734.94683
G1 X173.598 Y206.840 Z5.3117 E5735.00041
G1 X172.688 Y206.589 Z5.3120 E5735.28309
G1 X172.522 Y206.535 Z5.3120 E5735.33535
G1 X172.361 Y206.467 Z5.3121 E5735.38760
G1 X171.190 Y205.910 Z5.3124 E5735.77571
G1 X169.728 Y204.878 Z5.3129 E5736.31134
G1 X168.079 Y203.242 Z5.3135 E5737.00682
G1 X166.454 Y201.054 Z5.3143 E5737.82250
G1 X164.897 Y198.272 Z5.3151 E5738.77679
G1 X163.465 Y194.879 Z5.3161 E5739.87943
G1 X162.224 Y190.893 Z5.3173 E5741.12910
G1 X161.242 Y186.379 Z5.3185 E5742.51171
G1 X160.582 Y181.451 Z5.3199 E5744.00011
G1 X160.291 Y176.263 Z5.3213 E5745.55556
G1 X160.395 Y171.000 Z5.3227 E5747.13118
G1 X160.893 Y165.860 Z5.3241 E5748.67704
G1 X161.757 Y161.030 Z5.3255 E5750.14589
G1 X162.935 Y156.667 Z5.3267 E5751.49868
G1 X164.361 Y152.885 Z5.3278 E5752.70857
G1 X165.960 Y149.746 Z5.3288 E5753.76302
G1 X167.659 Y147.263 Z5.3296 E5754.66379
G1 X169.275 Y145.539 Z5.3302 E5755.37090
G1 X169.404 Y145.413 Z5.3303 E5755.42496
G1 X169.544 Y145.299 Z5.3303 E5755.47902
G1 X170.974 Y144.242 Z5.3308 E5756.01144
G1 X171.138 Y144.132 Z5.3309 E5756.07040
G1 X171.312 Y144.040 Z5.3309 E5756.12935
G1 X172.468 Y143.495 Z5.3313 E5756.51186
G1 X172.647 Y143.421 Z5.3313 E5756.56994
G1 X172.833 Y143.365 Z5.3314 E5756.62803
G1 X173.800 Y143.122 Z5.3316 E5756.92638
G1 X173.984 Y143.085 Z5.3317 E5756.98266
G1 X174.171 Y143.066 Z5.3317 E5757.03894
G1 X175.051 Y143.015 Z5.3320 E5757.30285
G1 X175.234 Y143.012 Z5.3320 E5757.35757
G1 X175.416 Y143.027 Z5.3321 E5757.41229
G1 X176.286 Y143.136 Z5.3323 E5757.67478
G1 X176.462 Y143.166 Z5.3324 E5757.72809
G1 X176.634 Y143.212 Z5.3324 E5757.78141
G1 X177.726 Y143.553 Z5.3327 E5758.12388
G1 X179.075 Y144.251 Z5.3331 E5758.57863
G1 X180.569 Y145.379 Z5.3336 E5759.13885
G1 X182.217 Y147.110 Z5.3343 E5759.85432
G1 X183.833 Y149.402 Z5.3351 E5760.69382
G1 X185.372 Y152.294 Z5.3360 E5761.67440
G1 X186.775 Y155.797 Z5.3370 E5762.80398
G1 X187.974 Y159.884 Z5.3381 E5764.07901
G1 X188.902 Y164.482 Z5.3394 E5765.48305
G1 X189.498 Y169.469 Z5.3408 E5766.98668
G1 X189.719 Y174.685 Z5.3422 E5768.54938
G1 X189.544 Y179.940 Z5.3436 E5770.12333
G1 X188.977 Y185.038 Z5.3450 E5771.65863
G1 X188.052 Y189.794 Z5.3463 E5773.10916
G1 X186.824 Y194.060 Z5.3475 E5774.43779
G1 X185.362 Y197.729 Z5.3486 E5775.62018
G1 X183.740 Y200.749 Z5.3496 E5776.64644
G1 X182.029 Y203.116 Z5.3504 E5777.52072
G1 X180.419 Y204.732 Z5.3510 E5778.20343
G1 X180.282 Y204.858 Z5.3510 E5778.25907
G1 X180.134 Y204.970 Z5.3511 E5778.31470
G1 X178.722 Y205.938 Z5.3515 E5778.82714
G1 X178.553 Y206.043 Z5.3516 E5778.88677
G1 X178.373 Y206.130 Z5.3516 E5778.94640
G1 X177.266 Y206.601 Z5.3520 E5779.30672
G1 X177.085 Y206.668 Z5.3520 E5779.36443
G1 X176.898 Y206.717 Z5.3521 E5779.42215
G1 X175.772 Y206.956 Z5.3524 E5779.76694
G1 X175.000 Y207.000 Z5.3526 E5779.99830
G1 X174.069 Y206.986 Z5.3529 E5780.27693
G1 X173.139 Y206.946 Z5.3531 E5780.55556
G1 X172.211 Y206.878 Z5.3534 E5780.83419
G1 X171.285 Y206.784 Z5.3536 E5781.11282
G1 X170.362 Y206.662 Z5.3539 E5781.39145
G1 X169.443 Y206.514 Z5.3541 E5781.67008
G1 X168.529 Y206.339 Z5.3544 E5781.94871
G1 X167.620 Y206.137 Z5.3546 E5782.22734
G1 X165.728 Y205.546 Z5.3552 E5782.82084
G1 X165.563 Y205.476 Z5.3552 E5782.87441
G1 X165.405 Y205.393 Z5.3553 E5782.92798
G1 X164.591 Y204.914 Z5.3555 E5783.21067
G1 X164.444 Y204.819 Z5.3556 E5783.26292
G1 X164.307 Y204.712 Z5.3556 E5783.31517
G1 X163.320 Y203.870 Z5.3560 E5783.70329
G1 X162.175 Y202.495 Z5.3565 E5784.23891
G1 X161.005 Y200.488 Z5.3571 E5784.93440
G1 X160.002 Y197.955 Z5.3578 E5785.75008
G1 X159.218 Y194.865 Z5.3587 E5786.70437
G1 X158.713 Y191.216 Z5.3597 E5787.80701
G1 X158.546 Y187.044 Z5.3608 E5789.05668
G1 X158.766 Y182.431 Z5.3621 E5790.43929
G1 X159.404 Y177.500 Z5.3634 E5791.92769
G1 X160.466 Y172.413 Z5.3649 E5793.48313
G1 X161.928 Y167.357 Z5.3663 E5795.05876
G1 X163.739 Y162.520 Z5.3677 E5796.60461
G1 X165.824 Y158.078 Z5.3690 E5798.07347
G1 X168.091 Y154.169 Z5.3703 E5799.42626
G1 X170.447 Y150.885 Z5.3714 E5800.63615
G1 X172.804 Y148.267 Z5.3723 E5801.69060
G1 X175.088 Y146.308 Z5.3731 E5802.59137
G1 X177.095 Y145.061 Z5.3738 E5803.29847
G1 X177.252 Y144.973 Z5.3738 E5803.35254
G1 X177.417 Y144.899 Z5.3739 E5803.40660
G1 X179.072 Y144.248 Z5.3744 E5803.93902
G1 X179.259 Y144.185 Z5.3744 E5803.99797
G1 X179.451 Y144.140 Z5.3745 E5804.05693
G1 X180.708 Y143.914 Z5.3748 E5804.43944
G1 X180.901 Y143.888 Z5.3749 E5804.49752
G1 X181.095 Y143.882 Z5.3749 E5804.55560
G1 X182.091 Y143.898 Z5.3752 E5804.85396
G1 X182.279 Y143.910 Z5.3752 E5804.91024
G1 X182.465 Y143.939 Z5.3753 E5804.96652
G1 X183.328 Y144.118 Z5.3755 E5805.23043
G1 X183.505 Y144.163 Z5.3756 E5805.28515
G1 X183.677 Y144.224 Z5.3756 E5805.33987
G1 X184.489 Y144.555 Z5.3759 E5805.60236
G1 X184.651 Y144.629 Z5.3759 E5805.65567
G1 X184.806 Y144.718 Z5.3760 E5805.70898
G1 X185.772 Y145.331 Z5.3763 E5806.05146
G1 X186.895 Y146.354 Z5.3767 E5806.50620
G1 X188.046 Y147.829 Z5.3772 E5807.06643
G1 X189.190 Y149.928 Z5.3779 E5807.78189
G1 X190.157 Y152.560 Z5.3786 E5808.62140
G1 X190.896 Y155.752 Z5.3795 E5809.60198
G1 X191.344 Y159.499 Z5.3805 E5810.73156
G1 X191.444 Y163.757 Z5.3817 E5812.00659
G1 X191.151 Y168.438 Z5.3830 E5813.41063
G1 X190.436 Y173.410 Z5.3843 E5814.91426
G1 X189.299 Y178.505 Z5.3858 E5816.47696
G1 X187.769 Y183.536 Z5.3872 E5818.05091
G1 X185.903 Y188.313 Z5.3886 E5819.58621
G1 X183.779 Y192.669 Z5.3899 E5821.03674
G1 X181.488 Y196.471 Z5.3911 E5822.36537
G1 X179.126 Y199.636 Z5.3922 E5823.54776
G1 X176.777 Y202.134 Z5.3931 E5824.57401
G1 X174.512 Y203.977 Z5.3939 E5825.44830
G1 X172.539 Y205.122 Z5.3945 E5826.13101
G1 X172.374 Y205.207 Z5.3946 E5826.18664
G1 X172.202 Y205.277 Z5.3946 E5826.24228
G1 X170.588 Y205.848 Z5.3951 E5826.75472
G1 X170.397 Y205.904 Z5.3951 E5826.81435
G1 X170.201 Y205.942 Z5.3952 E5826.87398
G1 X169.010 Y206.110 Z5.3955 E5827.23430
G1 X168.818 Y206.128 Z5.3956 E5827.29201
G1 X168.625 Y206.127 Z5.3956 E5827.34972
G1 X167.475 Y206.067 Z5.3959 E5827.69452
G1 X166.718 Y205.910 Z5.3962 E5827.92588
G1 X165.822 Y205.656 Z5.3964 E5828.20451
G1 X164.935 Y205.376 Z5.3967 E5828.48314
G1 X164.055 Y205.070 Z5.3969 E5828.76177
G1 X163.185 Y204.739 Z5.3972 E5829.04040
G1 X162.325 Y204.383 Z5.3974 E5829.31903
G1 X161.476 Y204.002 Z5.3977 E5829.59766
G1 X160.638 Y203.596 Z5.3979 E5829.87629
G1 X159.813 Y203.166 Z5.3982 E5830.15492
G1 X158.138 Y202.105 Z5.3987 E5830.74842
G1 X157.997 Y201.995 Z5.3988 E5830.80199
G1 X157.866 Y201.874 Z5.3988 E5830.85556
G1 X157.203 Y201.201 Z5.3991 E5831.13825
G1 X157.086 Y201.071 Z5.3991 E5831.19050
G1 X156.981 Y200.932 Z5.3992 E5831.24275
G1 X156.246 Y199.864 Z5.3995 E5831.63087
G1 X155.496 Y198.239 Z5.4000 E5832.16649
G1 X154.885 Y195.997 Z5.4006 E5832.86197
G1 X154.572 Y193.291 Z5.4014 E5833.67765
G1 X154.614 Y190.103 Z5.4023 E5834.63195
G1 X155.071 Y186.448 Z5.4033 E5835.73459
G1 X155.989 Y182.375 Z5.4044 E5836.98425
G1 X157.396 Y177.976 Z5.4056 E5838.36687
G1 X159.288 Y173.378 Z5.4070 E5839.85527
G1 X161.631 Y168.739 Z5.4084 E5841.41071
G1 X164.352 Y164.234 Z5.4098 E5842.98633
G1 X167.353 Y160.031 Z5.4112 E5844.53219
G1 X170.516 Y156.280 Z5.4126 E5846.00105
G1 X173.718 Y153.091 Z5.4138 E5847.35384
G1 X176.844 Y150.528 Z5.4149 E5848.56372
G1 X179.798 Y148.609 Z5.4159 E5849.61818
G1 X182.511 Y147.309 Z5.4167 E5850.51895
G1 X184.772 Y146.624 Z5.4173 E5851.22605
G1 X184.947 Y146.579 Z5.4174 E5851.28011
G1 X185.126 Y146.551 Z5.4174 E5851.33418
G1 X186.893 Y146.349 Z5.4179 E5851.86659
G1 X187.089 Y146.337 Z5.4180 E5851.92555
G1 X187.286 Y146.344 Z5.4180 E5851.98451
G1 X188.560 Y146.450 Z5.4184 E5852.36702
G1 X188.752 Y146.476 Z5.4184 E5852.42510
G1 X188.941 Y146.520 Z5.4185 E5852.48318
G1 X189.899 Y146.793 Z5.4187 E5852.78153
G1 X190.078 Y146.853 Z5.4188 E5852.83782
G1 X190.249 Y146.930 Z5.4188 E5852.89410
G1 X191.037 Y147.325 Z5.4191 E5853.15801
G1 X191.196 Y147.415 Z5.4191 E5853.21272
G1 X191.347 Y147.519 Z5.4192 E5853.26744
G1 X192.046 Y148.048 Z5.4194 E5853.52993
G1 X192.183 Y148.162 Z5.4195 E5853.58325
G1 X192.309 Y148.288 Z5.4195 E5853.63656
G1 X193.084 Y149.129 Z5.4198 E5853.97904
G1 X193.904 Y150.408 Z5.4202 E5854.43378
G1 X194.634 Y152.132 Z5.4208 E5854.99401
G1 X195.195 Y154.455 Z5.4214 E5855.70947
G1 X195.449 Y157.248 Z5.4222 E5856.54897
G1 X195.336 Y160.522 Z5.4231 E5857.52956
G1 X194.799 Y164.257 Z5.4241 E5858.65913
G1 X193.794 Y168.396 Z5.4252 E5859.93417
G1 X192.299 Y172.842 Z5.4265 E5861.33821
G1 X190.321 Y177.459 Z5.4279 E5862.84183
G1 X187.905 Y182.087 Z5.4293 E5864.40454
G1 X185.125 Y186.550 Z5.4307 E5865.97848
G1 X182.086 Y190.681 Z5.4321 E5867.51379
G1 X178.906 Y194.339 Z5.4335 E5868.96431
G1 X175.710 Y197.418 Z5.4347 E5870.29295
G1 X172.609 Y199.865 Z5.4357 E5871.47534
G1 X169.694 Y201.669 Z5.4367 E5872.50159
G1 X167.029 Y202.864 Z5.4375 E5873.37587
G1 X164.827 Y203.458 Z5.4381 E5874.05858
G1 X164.646 Y203.498 Z5.4381 E5874.11422
G1 X164.461 Y203.521 Z5.4382 E5874.16986
G1 X162.754 Y203.655 Z5.4386 E5874.68230
G1 X162.555 Y203.660 Z5.4387 E5874.74193
G1 X162.357 Y203.646 Z5.4388 E5874.80156
G1 X161.162 Y203.500 Z5.4391 E5875.16188
G1 X160.972 Y203.467 Z5.4391 E5875.21959
G1 X160.786 Y203.417 Z5.4392 E5875.27730
G1 X159.690 Y203.061 Z5.4395 E5875.62210
G1 X159.000 Y202.713 Z5.4397 E5875.85346
G1 X158.201 Y202.236 Z5.4400 E5876.13209
G1 X157.416 Y201.736 Z5.4402 E5876.41072
G1 X156.646 Y201.213 Z5.4405 E5876.68935
G1 X155.891 Y200.668 Z5.4407 E5876.96798
G1 X155.152 Y200.101 Z5.4410 E5877.24661
G1 X154.431 Y199.513 Z5.4412 E5877.52524
G1 X153.727 Y198.905 Z5.4415 E5877.80387
G1 X153.040 Y198.276 Z5.4417 E5878.08249
G1 X151.697 Y196.817 Z5.4423 E5878.67600
G1 X151.589 Y196.675 Z5.4423 E5878.72957
G1 X151.494 Y196.523 Z5.4424 E5878.78314
G1 X151.028 Y195.702 Z5.4426 E5879.06582
G1 X150.949 Y195.546 Z5.4427 E5879.11808
G1 X150.883 Y195.384 Z5.4427 E5879.17033
G1 X150.450 Y194.163 Z5.4431 E5879.55845
G1 X150.146 Y192.399 Z5.4436 E5880.09407
G1 X150.136 Y190.076 Z5.4442 E5880.78955
G1 X150.534 Y187.380 Z5.4449 E5881.60523
G1 X151.400 Y184.312 Z5.4458 E5882.55952
G1 X152.787 Y180.900 Z5.4468 E5883.66217
G1 X154.728 Y177.204 Z5.4479 E5884.91183
G1 X157.225 Y173.318 Z5.4492 E5886.29444
G1 X160.244 Y169.367 Z5.4506 E5887.78284
G1 X163.706 Y165.493 Z5.4520 E5889.33829
G1 X167.501 Y161.845 Z5.4534 E5890.91391
G1 X171.488 Y158.562 Z5.4548 E5892.45977
G1 X175.514 Y155.757 Z5.4561 E5893.92862
G1 X179.432 Y153.505 Z5.4574 E5895.28141
G1 X183.115 Y151.839 Z5.4585 E5896.49130
G1 X186.465 Y150.750 Z5.4594 E5897.54576
G1 X189.423 Y150.196 Z5.4602 E5898.44653
G1 X191.784 Y150.120 Z5.4609 E5899.15363
G1 X191.964 Y150.122 Z5.4609 E5899.20769
G1 X192.144 Y150.141 Z5.4610 E5899.26175
G1 X193.903 Y150.404 Z5.4615 E5899.79417
G1 X194.096 Y150.442 Z5.4615 E5899.85313
G1 X194.284 Y150.500 Z5.4616 E5899.91209
G1 X195.487 Y150.933 Z5.4619 E5900.29459
G1 X195.666 Y151.007 Z5.4620 E5900.35268
G1 X195.837 Y151.098 Z5.4620 E5900.41076
G1 X196.692 Y151.610 Z5.4623 E5900.70911
G1 X196.849 Y151.715 Z5.4624 E5900.76539
G1 X196.995 Y151.833 Z5.4624 E5900.82167
G1 X197.653 Y152.419 Z5.4626 E5901.08558
G1 X197.784 Y152.547 Z5.4627 E5901.14030
G1 X197.903 Y152.686 Z5.4627 E5901.19502
G1 X198.441 Y153.378 Z5.4630 E5901.45751
G1 X198.543 Y153.524 Z5.4630 E5901.51082
G1 X198.633 Y153.678 Z5.4631 E5901.56414
G1 X199.164 Y154.691 Z5.4634 E5901.90661
G1 X199.625 Y156.139 Z5.4638 E5902.36136
G1 X199.883 Y157.993 Z5.4643 E5902.92159
G1 X199.824 Y160.382 Z5.4650 E5903.63705
G1 X199.347 Y163.145 Z5.4657 E5904.47655
G1 X198.390 Y166.278 Z5.4666 E5905.45714
G1 X196.905 Y169.747 Z5.4676 E5906.58671
G1 X194.863 Y173.485 Z5.4688 E5907.86174
G1 X192.268 Y177.393 Z5.4701 E5909.26578
G1 X189.163 Y181.341 Z5.4714 E5910.76941
G1 X185.631 Y185.185 Z5.4729 E5912.33211
G1 X181.791 Y188.777 Z5.4743 E5913.90606
G1 X177.786 Y191.981 Z5.4757 E5915.44137
G1 X173.768 Y194.691 Z5.4770 E5916.89189
G1 X169.884 Y196.838 Z5.4782 E5918.22052
G1 X166.255 Y198.399 Z5.4793 E5919.40291
G1 X162.972 Y199.387 Z5.4802 E5920.42917
G1 X160.089 Y199.851 Z5.4810 E5921.30345
G1 X157.808 Y199.856 Z5.4816 E5921.98616
G1 X157.622 Y199.847 Z5.4817 E5922.04180
G1 X157.438 Y199.822 Z5.4817 E5922.09743
G1 X155.755 Y199.509 Z5.4822 E5922.60988
G1 X155.562 Y199.463 Z5.4823 E5922.66950
G1 X155.373 Y199.397 Z5.4823 E5922.72913
G1 X154.257 Y198.947 Z5.4826 E5923.08945
G1 X154.082 Y198.867 Z5.4827 E5923.14717
G1 X153.915 Y198.769 Z5.4827 E5923.20488
G1 X152.949 Y198.142 Z5.4831 E5923.54968
G1 X152.373 Y197.627 Z5.4833 E5923.78103
G1 X151.724 Y196.960 Z5.4835 E5924.05966
G1 X151.095 Y196.273 Z5.4838 E5924.33829
G1 X150.487 Y195.569 Z5.4840 E5924.61692
G1 X149.899 Y194.848 Z5.4843 E5924.89555
G1 X149.332 Y194.109 Z5.4845 E5925.17418
G1 X148.787 Y193.354 Z5.4848 E5925.45281
G1 X148.264 Y192.584 Z5.4850 E5925.73144
G1 X147.764 Y191.799 Z5.4853 E5926.01007
G1 X146.845 Y190.043 Z5.4858 E5926.60357
G1 X146.777 Y189.877 Z5.4859 E5926.65714
G1 X146.724 Y189.706 Z5.4859 E5926.71071
G1 X146.487 Y188.792 Z5.4862 E5926.99340
G1 X146.451 Y188.621 Z5.4862 E5927.04565
G1 X146.429 Y188.448 Z5.4863 E5927.09791
G1 X146.327 Y187.155 Z5.4866 E5927.48602
G1 X146.489 Y185.374 Z5.4871 E5928.02164
G1 X147.081 Y183.127 Z5.4878 E5928.71713
G1 X148.163 Y180.626 Z5.4885 E5929.53281
G1 X149.794 Y177.887 Z5.4894 E5930.48710
G1 X152.017 Y174.949 Z5.4904 E5931.58974
G1 X154.848 Y171.882 Z5.4915 E5932.83941
G1 X158.266 Y168.775 Z5.4928 E5934.22202
G1 X162.204 Y165.739 Z5.4941 E5935.71042
G1 X166.552 Y162.894 Z5.4955 E5937.26587
G1 X171.162 Y160.352 Z5.4970 E5938.84149
G1 X175.862 Y158.213 Z5.4984 E5940.38734
G1 X180.477 Y156.546 Z5.4997 E5941.85620
G1 X184.845 Y155.385 Z5.5009 E5943.20899
G1 X188.833 Y154.729 Z5.5020 E5944.41888
G1 X192.350 Y154.544 Z5.5030 E5945.47333
G1 X195.351 Y154.774 Z5.5038 E5946.37410
G1 X197.651 Y155.312 Z5.5044 E5947.08120
G1 X197.825 Y155.361 Z5.5045 E5947.13527
G1 X197.994 Y155.425 Z5.5045 E5947.18933
G1 X199.625 Y156.134 Z5.5050 E5947.72175
G1 X199.801 Y156.222 Z5.5051 E5947.78071
G1 X199.968 Y156.326 Z5.5051 E5947.83966
G1 X201.018 Y157.055 Z5.5055 E5948.22217
G1 X201.172 Y157.173 Z5.5055 E5948.28025
G1 X201.313 Y157.306 Z5.5056 E5948.33833
G1 X202.007 Y158.022 Z5.5059 E5948.63669
G1 X202.131 Y158.163 Z5.5059 E5948.69297
G1 X202.242 Y158.315 Z5.5060 E5948.74925
G1 X202.726 Y159.052 Z5.5062 E5949.01316
G1 X202.819 Y159.209 Z5.5062 E5949.06788
G1 X202.898 Y159.374 Z5.5063 E5949.12260
G1 X203.238 Y160.182 Z5.5065 E5949.38509
G1 X203.300 Y160.349 Z5.5066 E5949.43840
G1 X203.346 Y160.521 Z5.5066 E5949.49171
G1 X203.596 Y161.637 Z5.5069 E5949.83419
G1 X203.667 Y163.155 Z5.5074 E5950.28893
G1 X203.437 Y165.012 Z5.5079 E5950.84916
G1 X202.762 Y167.305 Z5.5085 E5951.56462
G1 X201.585 Y169.851 Z5.5093 E5952.40413
G1 X199.850 Y172.629 Z5.5102 E5953.38471
G1 X197.518 Y175.596 Z5.5112 E5954.51429
G1 X194.578 Y178.678 Z5.5124 E5955.78932
G1 X191.060 Y181.780 Z5.5136 E5957.19336
G1 X187.039 Y184.791 Z5.5150 E5958.69699
G1 X182.632 Y187.590 Z5.5164 E5960.25969
G1 X177.993 Y190.065 Z5.5178 E5961.83364
G1 X173.296 Y192.123 Z5.5192 E5963.36894
G1 X168.714 Y193.701 Z5.5206 E5964.81947
G1 X164.406 Y194.770 Z5.5218 E5966.14810
G1 X160.497 Y195.338 Z5.5228 E5967.33049
G1 X157.070 Y195.443 Z5.5238 E5968.35674
G1 X154.165 Y195.145 Z5.5246 E5969.23103
G1 X151.961 Y194.559 Z5.5252 E5969.91374
G1 X151.784 Y194.503 Z5.5252 E5969.96937
G1 X151.612 Y194.431 Z5.5253 E5970.02501
G1 X150.068 Y193.693 Z5.5258 E5970.53745
G1 X149.892 Y193.598 Z5.5258 E5970.59708
G1 X149.728 Y193.486 Z5.5259 E5970.65671
G1 X148.766 Y192.763 Z5.5262 E5971.01703
G1 X148.617 Y192.639 Z5.5262 E5971.07474
G1 X148.482 Y192.502 Z5.5263 E5971.13245
G1 X147.711 Y191.646 Z5.5266 E5971.47725
G1 X147.287 Y191.000 Z5.5268 E5971.70861
G1 X146.834 Y190.187 Z5.5271 E5971.98724
G1 X146.404 Y189.362 Z5.5273 E5972.26587
G1 X145.998 Y188.524 Z5.5276 E5972.54450
G1 X145.617 Y187.675 Z5.5278 E5972.82313
G1 X145.261 Y186.815 Z5.5281 E5973.10176
G1 X144.930 Y185.945 Z5.5283 E5973.38039
G1 X144.624 Y185.065 Z5.5286 E5973.65902
G1 X144.344 Y184.178 Z5.5288 E5973.93765
G1 X143.911 Y182.243 Z5.5294 E5974.53115
G1 X143.888 Y182.065 Z5.5294 E5974.58472
G1 X143.882 Y181.887 Z5.5295 E5974.63829
G1 X143.889 Y180.942 Z5.5297 E5974.92098
G1 X143.898 Y180.768 Z5.5298 E5974.97323
G1 X143.922 Y180.595 Z5.5298 E5975.02548
G1 X144.158 Y179.320 Z5.5302 E5975.41360
G1 X144.776 Y177.641 Z5.5307 E5975.94922
G1 X145.929 Y175.624 Z5.5313 E5976.64470
G1 X147.622 Y173.488 Z5.5320 E5977.46038
G1 X149.906 Y171.264 Z5.5329 E5978.41468
G1 X152.813 Y169.003 Z5.5339 E5979.51732
G1 X156.342 Y166.772 Z5.5351 E5980.76698
G1 X160.448 Y164.656 Z5.5363 E5982.14960
G1 X165.037 Y162.743 Z5.5377 E5983.63800
G1 X169.973 Y161.120 Z5.5391 E5985.19344
G1 X175.083 Y159.858 Z5.5405 E5986.76907
G1 X180.177 Y159.008 Z5.5419 E5988.31492
G1 X185.067 Y158.592 Z5.5432 E5989.78378
G1 X189.586 Y158.601 Z5.5445 E5991.13657
G1 X193.608 Y159.000 Z5.5456 E5992.34645
G1 X197.054 Y159.732 Z5.5465 E5993.40091
G1 X199.892 Y160.731 Z5.5474 E5994.30168
G1 X201.975 Y161.845 Z5.5480 E5995.00878
G1 X202.130 Y161.937 Z5.5480 E5995.06284
G1 X202.276 Y162.043 Z5.5481 E5995.11691
G1 X203.668 Y163.150 Z5.5486 E5995.64933
G1 X203.816 Y163.280 Z5.5486 E5995.70828
G1 X203.951 Y163.424 Z5.5487 E5995.76724
G1 X204.776 Y164.400 Z5.5490 E5996.14975
G1 X204.894 Y164.554 Z5.5491 E5996.20783
G1 X204.996 Y164.719 Z5.5491 E5996.26591
G1 X205.481 Y165.590 Z5.5494 E5996.56426
G1 X205.564 Y165.759 Z5.5495 E5996.62055
G1 X205.632 Y165.934 Z5.5495 E5996.67683
G1 X205.909 Y166.771 Z5.5498 E5996.94074
G1 X205.958 Y166.947 Z5.5498 E5996.99546
G1 X205.991 Y167.127 Z5.5498 E5997.05017
G1 X206.111 Y167.996 Z5.5501 E5997.31267
G1 X206.127 Y168.173 Z5.5501 E5997.36598
G1 X206.128 Y168.351 Z5.5502 E5997.41929
G1 X206.081 Y169.494 Z5.5505 E5997.76177
G1 X205.756 Y170.978 Z5.5509 E5998.21651
G1 X205.053 Y172.713 Z5.5514 E5998.77674
G1 X203.808 Y174.753 Z5.5521 E5999.49220
G1 X202.012 Y176.907 Z5.5528 E6000.33170
G1 X199.617 Y179.142 Z5.5537 E6001.31229
G1 X196.596 Y181.404 Z5.5547 E6002.44186
G1 X192.959 Y183.620 Z5.5559 E6003.71690
G1 X188.758 Y185.706 Z5.5572 E6005.12094
G1 X184.095 Y187.573 Z5.5586 E6006.62456
G1 X179.114 Y189.136 Z5.5600 E6008.18727
G1 X173.992 Y190.327 Z5.5614 E6009.76121
G1 X168.922 Y191.099 Z5.5628 E6011.29652
G1 X164.088 Y191.437 Z5.5641 E6012.74705
G1 X159.650 Y191.354 Z5.5653 E6014.07568
G1 X155.727 Y190.891 Z5.5664 E6015.25807
G1 X152.390 Y190.106 Z5.5673 E6016.28432
G1 X149.661 Y189.066 Z5.5681 E6017.15860
G1 X147.684 Y187.930 Z5.5687 E6017.84131
G1 X147.527 Y187.830 Z5.5688 E6017.89695
G1 X147.380 Y187.716 Z5.5688 E6017.95259
G1 X146.079 Y186.603 Z5.5693 E6018.46503
G1 X145.934 Y186.466 Z5.5694 E6018.52466
G1 X145.804 Y186.315 Z5.5694 E6018.58429
G1 X145.062 Y185.367 Z5.5697 E6018.94461
G1 X144.951 Y185.210 Z5.5698 E6019.00232
G1 X144.855 Y185.043 Z5.5699 E6019.06003
G1 X144.333 Y184.016 Z5.5702 E6019.40483
G1 X144.090 Y183.282 Z5.5704 E6019.63619
G1 X143.847 Y182.313 Z5.5706 E6019.93527
G1 X143.634 Y181.337 Z5.5709 E6020.23434
G1 X143.451 Y180.355 Z5.5712 E6020.53342
G1 X143.299 Y179.367 Z5.5715 E6020.83250
G1 X143.179 Y178.375 Z5.5717 E6021.13158
G1 X143.089 Y177.380 Z5.5720 E6021.43066
G1 X143.030 Y176.383 Z5.5723 E6021.72973
G1 X143.002 Y175.384 Z5.5725 E6022.02881
G1 X143.006 Y174.385 Z5.5728 E6022.32789
G1 X143.041 Y173.387 Z5.5731 E6022.62697
G1 X143.107 Y172.390 Z5.5734 E6022.92605
G1 X143.204 Y171.395 Z5.5736 E6023.22512
G1 X143.332 Y170.404 Z5.5739 E6023.52420
G1 X143.491 Y169.418 Z5.5742 E6023.82328
G1 X143.680 Y168.437 Z5.5745 E6024.12236
G1 X143.900 Y167.463 Z5.5747 E6024.42144
G1 X144.151 Y166.495 Z5.5750 E6024.72051
G1 X144.431 Y165.536 Z5.5753 E6025.01959
G1 X144.742 Y164.587 Z5.5755 E6025.31867
G1 X145.082 Y163.647 Z5.5758 E6025.61775
G1 X145.451 Y162.719 Z5.5761 E6025.91682
G1 X145.848 Y161.802 Z5.5764 E6026.21590
G1 X146.275 Y160.898 Z5.5766 E6026.51498
G1 X146.729 Y160.009 Z5.5769 E6026.81406
G1 X147.211 Y159.133 Z5.5772 E6027.11314
G1 X147.720 Y158.273 Z5.5774 E6027.41221
G1 X148.255 Y157.430 Z5.5777 E6027.71129
G1 X148.817 Y156.604 Z5.5780 E6028.01037
G1 X149.404 Y155.795 Z5.5783 E6028.30945
G1 X150.016 Y155.005 Z5.5785 E6028.60853
G1 X150.652 Y154.235 Z5.5788 E6028.90760
G1 X151.312 Y153.485 Z5.5791 E6029.20668
G1 X151.995 Y152.756 Z5.5793 E6029.50576
G1 X152.701 Y152.049 Z5.5796 E6029.80484
G1 X153.428 Y151.364 Z5.5799 E6030.10392
G1 X154.177 Y150.702 Z5.5802 E6030.40299
G1 X154.945 Y150.064 Z5.5804 E6030.70207
G1 X155.734 Y149.450 Z5.5807 E6031.00115
G1 X156.541 Y148.861 Z5.5810 E6031.30023
G1 X157.366 Y148.297 Z5.5812 E6031.59930
G1 X158.208 Y147.760 Z5.5815 E6031.89838
G1 X159.067 Y147.249 Z5.5818 E6032.19746
G1 X159.941 Y146.765 Z5.5821 E6032.49654
G1 X160.830 Y146.309 Z5.5823 E6032.79562
G1 X161.732 Y145.880 Z5.5826 E6033.09469
G1 X162.648 Y145.480 Z5.5829 E6033.39377
G1 X163.575 Y145.109 Z5.5831 E6033.69285
G1 X164.514 Y144.767 Z5.5834 E6033.99193
G1 X165.463 Y144.454 Z5.5837 E6034.29101
G1 X166.421 Y144.171 Z5.5840 E6034.59008
G1 X167.388 Y143.919 Z5.5842 E6034.88916
G1 X168.362 Y143.696 Z5.5845 E6035.18824
G1 X169.342 Y143.504 Z5.5848 E6035.48732
G1 X170.328 Y143.343 Z5.5851 E6035.78640
G1 X171.319 Y143.212 Z5.5853 E6036.08547
G1 X172.313 Y143.113 Z5.5856 E6036.38455
G1 X173.310 Y143.045 Z5.5859 E6036.68363
G1 X174.308 Y143.007 Z5.5861 E6036.98271
G1 X175.307 Y143.001 Z5.5864 E6037.28179
G1 X176.306 Y143.027 Z5.5867 E6037.58086
G1 X177.304 Y143.083 Z5.5870 E6037.87994
G1 X178.299 Y143.171 Z5.5872 E6038.17902
G1 X179.291 Y143.289 Z5.5875 E6038.47810
G1 X180.279 Y143.438 Z5.5878 E6038.77717
G1 X181.262 Y143.619 Z5.5880 E6039.07625
G1 X182.238 Y143.829 Z5.5883 E6039.37533
G1 X183.208 Y144.071 Z5.5886 E6039.67441
G1 X184.170 Y144.342 Z5.5889 E6039.97349
G1 X185.122 Y144.643 Z5.5891 E6040.27256
G1 X186.065 Y144.974 Z5.5894 E6040.57164
G1 X186.997 Y145.334 Z5.5897 E6040.87072
G1 X187.917 Y145.723 Z5.5899 E6041.16980
G1 X188.825 Y146.140 Z5.5902 E6041.46888
G1 X189.719 Y146.586 Z5.5905 E6041.76795
G1 X190.599 Y147.059 Z5.5908 E6042.06703
G1 X191.464 Y147.560 Z5.5910 E6042.36611
G1 X192.312 Y148.087 Z5.5913 E6042.66519
G1 X193.144 Y148.641 Z5.5916 E6042.96427
G1 X193.958 Y149.220 Z5.5918 E6043.26334
G1 X194.754 Y149.825 Z5.5921 E6043.56242
G1 X195.530 Y150.454 Z5.5924 E6043.86150
G1 X196.286 Y151.107 Z5.5927 E6044.16058
G1 X197.022 Y151.783 Z5.5929 E6044.45965
G1 X197.736 Y152.482 Z5.5932 E6044.75873
G1 X198.428 Y153.202 Z5.5935 E6045.05781
G1 X199.097 Y153.944 Z5.5937 E6045.35689
G1 X199.742 Y154.707 Z5.5940 E6045.65597
G1 X200.364 Y155.489 Z5.5943 E6045.95504
G1 X200.961 Y156.290 Z5.5946 E6046.25412
G1 X201.532 Y157.110 Z5.5948 E6046.55320
G1 X202.078 Y157.947 Z5.5951 E6046.85228
G1 X202.597 Y158.801 Z5.5954 E6047.15136
G1 X203.089 Y159.670 Z5.5957 E6047.45043
G1 X203.554 Y160.555 Z5.5959 E6047.74951
G1 X203.991 Y161.453 Z5.5962 E6048.04859
G1 X204.400 Y162.365 Z5.5965 E6048.34767
G1 X204.780 Y163.289 Z5.5967 E6048.64675
G1 X205.131 Y164.224 Z5.5970 E6048.94582
G1 X205.453 Y165.170 Z5.5973 E6049.24490
G1 X205.745 Y166.125 Z5.5976 E6049.54398
G1 X206.007 Y167.090 Z5.5978 E6049.84306
G1 X206.239 Y168.061 Z5.5981 E6050.14214
G1 X206.440 Y169.040 Z5.5984 E6050.44121
G1 X206.611 Y170.024 Z5.5986 E6050.74029
G1 X206.751 Y171.014 Z5.5989 E6051.03937
G1 X206.860 Y172.007 Z5.5992 E6051.33845
G1 X206.938 Y173.003 Z5.5995 E6051.63752
G1 X206.984 Y174.001 Z5.5997 E6051.93660
G1 X207.000 Y175.000 Z5.6000 E6052.23568
G1 X206.905 Y176.050 Z5.6003 E6052.55137
G1 X206.880 Y176.228 Z5.6003 E6052.60494
G1 X206.840 Y176.402 Z5.6004 E6052.65851
G1 X206.589 Y177.312 Z5.6006 E6052.94120
G1 X206.535 Y177.478 Z5.6007 E6052.99345
G1 X206.467 Y177.639 Z5.6007 E6053.04570
G1 X205.910 Y178.810 Z5.6011 E6053.43382
G1 X204.878 Y180.272 Z5.6016 E6053.96944
G1 X203.242 Y181.921 Z5.6022 E6054.66493
G1 X201.054 Y183.546 Z5.6029 E6055.48060
G1 X198.272 Y185.103 Z5.6038 E6056.43490
G1 X194.879 Y186.535 Z5.6048 E6057.53754
G1 X190.893 Y187.776 Z5.6060 E6058.78721
G1 X186.379 Y188.758 Z5.6072 E6060.16982
G1 X181.451 Y189.418 Z5.6086 E6061.65822
G1 X176.263 Y189.709 Z5.6100 E6063.21366
G1 X171.000 Y189.605 Z5.6114 E6064.78929
G1 X165.860 Y189.107 Z5.6128 E6066.33514
G1 X161.030 Y188.243 Z5.6141 E6067.80400
G1 X156.667 Y187.065 Z5.6154 E6069.15679
G1 X152.885 Y185.639 Z5.6165 E6070.36667
G1 X149.746 Y184.040 Z5.6174 E6071.42113
G1 X147.263 Y182.341 Z5.6183 E6072.32190
G1 X145.539 Y180.725 Z5.6189 E6073.02900
G1 X145.413 Y180.596 Z5.6189 E6073.08307
G1 X145.299 Y180.456 Z5.6190 E6073.13713
G1 X144.242 Y179.026 Z5.6195 E6073.66955
G1 X144.132 Y178.862 Z5.6195 E6073.72850
G1 X144.040 Y178.688 Z5.6196 E6073.78746
G1 X143.495 Y177.532 Z5.6199 E6074.16997
G1 X143.421 Y177.353 Z5.6200 E6074.22805
G1 X143.365 Y177.167 Z5.6200 E6074.28613
G1 X143.122 Y176.200 Z5.6203 E6074.58449
G1 X143.085 Y176.016 Z5.6204 E6074.64077
G1 X143.066 Y175.829 Z5.6204 E6074.69705
G1 X143.015 Y174.949 Z5.6207 E6074.96096
G1 X143.012 Y174.766 Z5.6207 E6075.01568
G1 X143.027 Y174.584 Z5.6208 E6075.07039
G1 X143.136 Y173.714 Z5.6210 E6075.33289
G1 X143.166 Y173.538 Z5.6210 E6075.38620
G1 X143.212 Y173.366 Z5.6211 E6075.43951
G1 X143.553 Y172.274 Z5.6214 E6075.78199
G1 X144.251 Y170.925 Z5.6218 E6076.23673
G1 X145.379 Y169.431 Z5.6223 E6076.79696
G1 X147.110 Y167.783 Z5.6230 E6077.51242
G1 X149.402 Y166.167 Z5.6237 E6078.35193
G1 X152.294 Y164.628 Z5.6246 E6079.33251
G1 X155.797 Y163.225 Z5.6257 E6080.46209
G1 X159.884 Y162.026 Z5.6268 E6081.73712
G1 X164.482 Y161.098 Z5.6281 E6083.14116
G1 X169.469 Y160.502 Z5.6295 E6084.64479
G1 X174.685 Y160.281 Z5.6309 E6086.20749
G1 X179.940 Y160.456 Z5.6323 E6087.78144
G1 X185.038 Y161.023 Z5.6337 E6089.31674
G1 X189.794 Y161.948 Z5.6350 E6090.76727
G1 X194.060 Y163.176 Z5.6362 E6092.09590
G1 X197.729 Y164.638 Z5.6373 E6093.27829
G1 X200.749 Y166.260 Z5.6382 E6094.30454
G1 X203.116 Y167.971 Z5.6390 E6095.17882
G1 X204.732 Y169.581 Z5.6396 E6095.86154
G1 X204.858 Y169.718 Z5.6397 E6095.91717
G1 X204.970 Y169.866 Z5.6397 E6095.97281
G1 X205.938 Y171.278 Z5.6402 E6096.48525
G1 X206.043 Y171.447 Z5.6403 E6096.54488
G1 X206.130 Y171.627 Z5.6403 E6096.60451
G1 X206.601 Y172.734 Z5.6406 E6096.96483
G1 X206.668 Y172.915 Z5.6407 E6097.02254
G1 X206.717 Y173.102 Z5.6408 E6097.08025
G1 X206.956 Y174.228 Z5.6411 E6097.42505
G1 X207.000 Y175.000 Z5.6413 E6097.65641
G1 X206.986 Y175.931 Z5.6415 E6097.93504
G1 X206.946 Y176.861 Z5.6418 E6098.21367
G1 X206.878 Y177.789 Z5.6420 E6098.49230
G1 X206.784 Y178.715 Z5.6423 E6098.77093
G1 X206.662 Y179.638 Z5.6425 E6099.04956
G1 X206.514 Y180.557 Z5.6428 E6099.32819
G1 X206.339 Y181.471 Z5.6430 E6099.60682
G1 X206.137 Y182.380 Z5.6433 E6099.88545
G1 X205.546 Y184.272 Z5.6438 E6100.47895
G1 X205.476 Y184.437 Z5.6439 E6100.53252
G1 X205.393 Y184.595 Z5.6439 E6100.58609
G1 X204.914 Y185.409 Z5.6442 E6100.86878
G1 X204.819 Y185.556 Z5.6442 E6100.92103
G1 X204.712 Y185.693 Z5.6443 E6100.97328
G1 X203.870 Y186.680 Z5.6446 E6101.36140
G1 X202.495 Y187.825 Z5.6451 E6101.89702
G1 X200.488 Y188.995 Z5.6458 E6102.59250
G1 X197.955 Y189.998 Z5.6465 E6103.40818
G1 X194.865 Y190.782 Z5.6474 E6104.36247
G1 X191.216 Y191.287 Z5.6484 E6105.46512
G1 X187.044 Y191.454 Z5.6495 E6106.71478
G1 X182.431 Y191.234 Z5.6508 E6108.09740
G1 X177.500 Y190.596 Z5.6521 E6109.58580
G1 X172.413 Y189.534 Z5.6535 E6111.14124
G1 X167.357 Y188.072 Z5.6550 E6112.71686
G1 X162.520 Y186.261 Z5.6564 E6114.26272
G1 X158.078 Y184.176 Z5.6577 E6115.73158
G1 X154.169 Y181.909 Z5.6589 E6117.08437
G1 X150.885 Y179.553 Z5.6600 E6118.29425
G1 X148.267 Y177.196 Z5.6610 E6119.34871
G1 X146.308 Y174.912 Z5.6618 E6120.24948
G1 X145.061 Y172.905 Z5.6625 E6120.95658
G1 X144.973 Y172.748 Z5.6625 E6121.01064
G1 X144.899 Y172.583 Z5.6625 E6121.06471
G1 X144.248 Y170.928 Z5.6630 E6121.59712
G1 X144.185 Y170.741 Z5.6631 E6121.65608
G1 X144.140 Y170.549 Z5.6631 E6121.71504
G1 X143.914 Y169.292 Z5.6635 E6122.09755
G1 X143.888 Y169.099 Z5.6635 E6122.15563
G1 X143.882 Y168.905 Z5.6636 E6122.21371
G1 X143.898 Y167.909 Z5.6639 E6122.51206
G1 X143.910 Y167.721 Z5.6639 E6122.56834
G1 X143.939 Y167.535 Z5.6640 E6122.62463
G1 X144.118 Y166.672 Z5.6642 E6122.88854
G1 X144.163 Y166.495 Z5.6643 E6122.94325
G1 X144.224 Y166.323 Z5.6643 E6122.99797
G1 X144.555 Y165.511 Z5.6645 E6123.26046
G1 X144.629 Y165.349 Z5.6646 E6123.31378
G1 X144.718 Y165.194 Z5.6646 E6123.36709
G1 X145.331 Y164.228 Z5.6650 E6123.70956
G1 X146.354 Y163.105 Z5.6654 E6124.16431
G1 X147.829 Y161.954 Z5.6659 E6124.72454
G1 X149.928 Y160.810 Z5.6665 E6125.44000
G1 X152.560 Y159.843 Z5.6673 E6126.27950
G1 X155.752 Y159.104 Z5.6682 E6127.26009
G1 X159.499 Y158.656 Z5.6692 E6128.38966
G1 X163.757 Y158.556 Z5.6704 E6129.66470
G1 X168.438 Y158.849 Z5.6716 E6131.06873
G1 X173.410 Y159.564 Z5.6730 E6132.57236
G1 X178.505 Y160.701 Z5.6744 E6134.13507
G1 X183.536 Y162.231 Z5.6759 E6135.70901
G1 X188.313 Y164.097 Z5.6773 E6137.24432
G1 X192.669 Y166.221 Z5.6786 E6138.69484
G1 X196.471 Y168.512 Z5.6798 E6140.02348
G1 X199.636 Y170.874 Z5.6809 E6141.20587
G1 X202.134 Y173.223 Z5.6818 E6142.23212
G1 X203.977 Y175.488 Z5.6826 E6143.10640
G1 X205.122 Y177.461 Z5.6832 E6143.78911
G1 X205.207 Y177.626 Z5.6833 E6143.84475
G1 X205.277 Y177.798 Z5.6833 E6143.90039
G1 X205.848 Y179.412 Z5.6838 E6144.41283
G1 X205.904 Y179.603 Z5.6838 E6144.47246
G1 X205.942 Y179.799 Z5.6839 E6144.53208
G1 X206.110 Y180.990 Z5.6842 E6144.89241
G1 X206.128 Y181.182 Z5.6843 E6144.95012
G1 X206.127 Y181.375 Z5.6843 E6145.00783
G1 X206.067 Y182.525 Z5.6846 E6145.35263
G1 X205.910 Y183.282 Z5.6848 E6145.58399
G1 X205.656 Y184.178 Z5.6851 E6145.86262
G1 X205.376 Y185.065 Z5.6853 E6146.14125
G1 X205.070 Y185.945 Z5.6856 E6146.41988
G1 X204.739 Y186.815 Z5.6858 E6146.69851
G1 X204.383 Y187.675 Z5.6861 E6146.97713
G1 X204.002 Y188.524 Z5.6863 E6147.25576
G1 X203.596 Y189.362 Z5.6866 E6147.53439
G1 X203.166 Y190.187 Z5.6869 E6147.81302
G1 X202.105 Y191.862 Z5.6874 E6148.40652
G1 X201.995 Y192.003 Z5.6874 E6148.46009
G1 X201.874 Y192.134 Z5.6875 E6148.51367
G1 X201.201 Y192.797 Z5.6878 E6148.79635
G1 X201.071 Y192.914 Z5.6878 E6148.84861
G1 X200.932 Y193.019 Z5.6878 E6148.90086
G1 X199.864 Y193.754 Z5.6882 E6149.28897
G1 X198.239 Y194.504 Z5.6887 E6149.82460
G1 X195.997 Y195.115 Z5.6893 E6150.52008
G1 X193.291 Y195.428 Z5.6901 E6151.33576
G1 X190.103 Y195.386 Z5.6909 E6152.29005
G1 X186.448 Y194.929 Z5.6919 E6153.39269
G1 X182.375 Y194.011 Z5.6931 E6154.64236
G1 X177.976 Y192.604 Z5.6943 E6156.02497
G1 X173.378 Y190.712 Z5.6957 E6157.51337
G1 X168.739 Y188.369 Z5.6971 E6159.06882
G1 X164.234 Y185.648 Z5.6985 E6160.64444
G1 X160.031 Y182.647 Z5.6999 E6162.19030
G1 X156.280 Y179.484 Z5.7013 E6163.65915
G1 X153.091 Y176.282 Z5.7025 E6165.01194
G1 X150.528 Y173.156 Z5.7036 E6166.22183
G1 X148.609 Y170.202 Z5.7045 E6167.27628
G1 X147.309 Y167.489 Z5.7054 E6168.17705
G1 X146.624 Y165.228 Z5.7060 E6168.88416
G1 X146.579 Y165.053 Z5.7061 E6168.93822
G1 X146.551 Y164.874 Z5.7061 E6168.99228
G1 X146.349 Y163.107 Z5.7066 E6169.52470
G1 X146.337 Y162.911 Z5.7066 E6169.58366
G1 X146.344 Y162.714 Z5.7067 E6169.64262
G1 X146.450 Y161.440 Z5.7070 E6170.02512
G1 X146.476 Y161.248 Z5.7071 E6170.08320
G1 X146.520 Y161.059 Z5.7071 E6170.14129
G1 X146.793 Y160.101 Z5.7074 E6170.43964
G1 X146.853 Y159.922 Z5.7075 E6170.49592
G1 X146.930 Y159.751 Z5.7075 E6170.55220
G1 X147.325 Y158.963 Z5.7078 E6170.81611
G1 X147.415 Y158.804 Z5.7078 E6170.87083
G1 X147.519 Y158.653 Z5.7079 E6170.92555
G1 X148.048 Y157.954 Z5.7081 E6171.18804
G1 X148.162 Y157.817 Z5.7081 E6171.24135
G1 X148.288 Y157.691 Z5.7082 E6171.29467
G1 X149.129 Y156.916 Z5.7085 E6171.63714
G1 X150.408 Y156.096 Z5.7089 E6172.09189
G1 X152.132 Y155.366 Z5.7094 E6172.65211
G1 X154.455 Y154.805 Z5.7101 E6173.36758
G1 X157.248 Y154.551 Z5.7108 E6174.20708
G1 X160.522 Y154.664 Z5.7117 E6175.18766
G1 X164.257 Y155.201 Z5.7128 E6176.31724
G1 X168.396 Y156.206 Z5.7139 E6177.59227
G1 X172.842 Y157.701 Z5.7152 E6178.99631
G1 X177.459 Y159.679 Z5.7166 E6180.49994
G1 X182.087 Y162.095 Z5.7180 E6182.06264
G1 X186.550 Y164.875 Z5.7194 E6183.63659
G1 X190.681 Y167.914 Z5.7208 E6185.17189
G1 X194.339 Y171.094 Z5.7221 E6186.62242
G1 X197.418 Y174.290 Z5.7233 E6187.95105
G1 X199.865 Y177.391 Z5.7244 E6189.13344
G1 X201.669 Y180.306 Z5.7253 E6190.15970
G1 X202.864 Y182.971 Z5.7261 E6191.03398
G1 X203.458 Y185.173 Z5.7268 E6191.71669
G1 X203.498 Y185.354 Z5.7268 E6191.77233
G1 X203.521 Y185.539 Z5.7269 E6191.82796
G1 X203.655 Y187.246 Z5.7273 E6192.34040
G1 X203.660 Y187.445 Z5.7274 E6192.40003
G1 X203.646 Y187.643 Z5.7274 E6192.45966
G1 X203.500 Y188.838 Z5.7278 E6192.81998
G1 X203.467 Y189.028 Z5.7278 E6192.87769
G1 X203.417 Y189.214 Z5.7279 E6192.93541
G1 X203.061 Y190.310 Z5.7282 E6193.28020
G1 X202.713 Y191.000 Z5.7284 E6193.51156
G1 X202.236 Y191.799 Z5.7286 E6193.79019
G1 X201.736 Y192.584 Z5.7289 E6194.06882
G1 X201.213 Y193.354 Z5.7291 E6194.34745
G1 X200.668 Y194.109 Z5.7294 E6194.62608
G1 X200.101 Y194.848 Z5.7297 E6194.90471
G1 X199.513 Y195.569 Z5.7299 E6195.18334
G1 X198.905 Y196.273 Z5.7302 E6195.46197
G1 X198.276 Y196.960 Z5.7304 E6195.74060
G1 X196.817 Y198.303 Z5.7310 E6196.33410
G1 X196.675 Y198.411 Z5.7310 E6196.38767
G1 X196.523 Y198.506 Z5.7310 E6196.44124
G1 X195.702 Y198.972 Z5.7313 E6196.72393
G1 X195.546 Y199.051 Z5.7314 E6196.77618
G1 X195.384 Y199.117 Z5.7314 E6196.82843
G1 X194.163 Y199.550 Z5.7318 E6197.21655
G1 X192.399 Y199.854 Z5.7322 E6197.75217
G1 X190.076 Y199.864 Z5.7329 E6198.44766
G1 X187.380 Y199.466 Z5.7336 E6199.26334
G1 X184.312 Y198.600 Z5.7345 E6200.21763
G1 X180.900 Y197.213 Z5.7355 E6201.32027
G1 X177.204 Y195.272 Z5.7366 E6202.56994
G1 X173.318 Y192.775 Z5.7379 E6203.95255
G1 X169.367 Y189.756 Z5.7392 E6205.44095
G1 X165.493 Y186.294 Z5.7406 E6206.99639
G1 X161.845 Y182.499 Z5.7421 E6208.57202
G1 X158.562 Y178.512 Z5.7435 E6210.11787
G1 X155.757 Y174.486 Z5.7448 E6211.58673
G1 X153.505 Y170.568 Z5.7460 E6212.93952
G1 X151.839 Y166.885 Z5.7471 E6214.14941
G1 X150.750 Y163.535 Z5.7481 E6215.20386
G1 X150.196 Y160.577 Z5.7489 E6216.10463
G1 X150.120 Y158.216 Z5.7496 E6216.81173
G1 X150.122 Y158.036 Z5.7496 E6216.86580
G1 X150.141 Y157.856 Z5.7497 E6216.91986
G1 X150.404 Y156.097 Z5.7501 E6217.45228
G1 X150.442 Y155.904 Z5.7502 E6217.51123
G1 X150.500 Y155.716 Z5.7502 E6217.57019
G1 X150.933 Y154.513 Z5.7506 E6217.95270
G1 X151.007 Y154.334 Z5.7506 E6218.01078
G1 X151.098 Y154.163 Z5.7507 E6218.06886
G1 X151.610 Y153.308 Z5.7510 E6218.36722
G1 X151.715 Y153.151 Z5.7510 E6218.42350
G1 X151.833 Y153.005 Z5.7511 E6218.47978
G1 X152.419 Y152.347 Z5.7513 E6218.74369
G1 X152.547 Y152.216 Z5.7514 E6218.79841
G1 X152.686 Y152.097 Z5.7514 E6218.85313
G1 X153.378 Y151.559 Z5.7517 E6219.11562
G1 X153.524 Y151.457 Z5.7517 E6219.16893
G1 X153.678 Y151.367 Z5.7517 E6219.22224
G1 X154.691 Y150.836 Z5.7521 E6219.56472
G1 X156.139 Y150.375 Z5.7525 E6220.01946
G1 X157.993 Y150.117 Z5.7530 E6220.57969
G1 X160.382 Y150.176 Z5.7536 E6221.29515
G1 X163.145 Y150.653 Z5.7544 E6222.13466
G1 X166.278 Y151.610 Z5.7553 E6223.11524
G1 X169.747 Y153.095 Z5.7563 E6224.24482
G1 X173.485 Y155.137 Z5.7575 E6225.51985
G1 X177.393 Y157.732 Z5.7587 E6226.92389
G1 X181.341 Y160.837 Z5.7601 E6228.42752
G1 X185.185 Y164.369 Z5.7615 E6229.99022
G1 X188.777 Y168.209 Z5.7630 E6231.56417
G1 X191.981 Y172.214 Z5.7644 E6233.09947
G1 X194.691 Y176.232 Z5.7657 E6234.55000
G1 X196.838 Y180.116 Z5.7669 E6235.87863
G1 X198.399 Y183.745 Z5.7680 E6237.06102
G1 X199.387 Y187.028 Z5.7689 E6238.08727
G1 X199.851 Y189.911 Z5.7697 E6238.96156
G1 X199.856 Y192.192 Z5.7703 E6239.64427
G1 X199.847 Y192.378 Z5.7704 E6239.69990
G1 X199.822 Y192.562 Z5.7704 E6239.75554
G1 X199.509 Y194.245 Z5.7709 E6240.26798
G1 X199.463 Y194.438 Z5.7709 E6240.32761
G1 X199.397 Y194.627 Z5.7710 E6240.38724
G1 X198.947 Y195.743 Z5.7713 E6240.74756
G1 X198.867 Y195.918 Z5.7714 E6240.80527
G1 X198.769 Y196.085 Z5.7714 E6240.86298
G1 X198.142 Y197.051 Z5.7717 E6241.20778
G1 X197.627 Y197.627 Z5.7719 E6241.43914
G1 X196.960 Y198.276 Z5.7722 E6241.71777
G1 X196.273 Y198.905 Z5.7724 E6241.99640
G1 X195.569 Y199.513 Z5.7727 E6242.27503
G1 X194.848 Y200.101 Z5.7730 E6242.55366
G1 X194.109 Y200.668 Z5.7732 E6242.83229
G1 X193.354 Y201.213 Z5.7735 E6243.11092
G1 X192.584 Y201.736 Z5.7737 E6243.38955
G1 X191.799 Y202.236 Z5.7740 E6243.66818
G1 X190.043 Y203.155 Z5.7745 E6244.26168
G1 X189.877 Y203.223 Z5.7746 E6244.31525
G1 X189.706 Y203.276 Z5.7746 E6244.36882
G1 X188.792 Y203.513 Z5.7749 E6244.65151
G1 X188.621 Y203.549 Z5.7749 E6244.70376
G1 X188.448 Y203.571 Z5.7750 E6244.75601
G1 X187.155 Y203.673 Z5.7753 E6245.14413
G1 X185.374 Y203.511 Z5.7758 E6245.67975
G1 X183.127 Y202.919 Z5.7764 E6246.37523
G1 X180.626 Y201.837 Z5.7772 E6247.19091
G1 X177.887 Y200.206 Z5.7780 E6248.14521
G1 X174.949 Y197.983 Z5.7790 E6249.24785
G1 X171.882 Y195.152 Z5.7802 E6250.49751
G1 X168.775 Y191.734 Z5.7814 E6251.88013
G1 X165.739 Y187.796 Z5.7828 E6253.36853
G1 X162.894 Y183.448 Z5.7842 E6254.92397
G1 X160.352 Y178.838 Z5.7856 E6256.49959
G1 X158.213 Y174.138 Z5.7870 E6258.04545
G1 X156.546 Y169.523 Z5.7884 E6259.51431
G1 X155.385 Y165.155 Z5.7896 E6260.86710
G1 X154.729 Y161.167 Z5.7907 E6262.07698
G1 X154.544 Y157.650 Z5.7917 E6263.13144
G1 X154.774 Y154.649 Z5.7925 E6264.03221
G1 X155.312 Y152.349 Z5.7931 E6264.73931
G1 X155.361 Y152.175 Z5.7932 E6264.79337
G1 X155.425 Y152.006 Z5.7932 E6264.84744
G1 X156.134 Y150.375 Z5.7937 E6265.37985
G1 X156.222 Y150.199 Z5.7937 E6265.43881
G1 X156.326 Y150.032 Z5.7938 E6265.49777
G1 X157.055 Y148.982 Z5.7942 E6265.88028
G1 X157.173 Y148.828 Z5.7942 E6265.93836
G1 X157.306 Y148.687 Z5.7943 E6265.99644
G1 X158.022 Y147.993 Z5.7945 E6266.29479
G1 X158.163 Y147.869 Z5.7946 E6266.35108
G1 X158.315 Y147.758 Z5.7946 E6266.40736
G1 X159.052 Y147.274 Z5.7949 E6266.67127
G1 X159.209 Y147.181 Z5.7949 E6266.72598
G1 X159.374 Y147.102 Z5.7950 E6266.78070
G1 X160.182 Y146.762 Z5.7952 E6267.04320
G1 X160.349 Y146.700 Z5.7953 E6267.09651
G1 X160.521 Y146.654 Z5.7953 E6267.14982
G1 X161.637 Y146.404 Z5.7956 E6267.49230
G1 X163.155 Y146.333 Z5.7960 E6267.94704
G1 X165.012 Y146.563 Z5.7965 E6268.50727
G1 X167.305 Y147.238 Z5.7972 E6269.22273
G1 X169.851 Y148.415 Z5.7980 E6270.06223
G1 X172.629 Y150.150 Z5.7988 E6271.04282
G1 X175.596 Y152.482 Z5.7999 E6272.17239
G1 X178.678 Y155.422 Z5.8010 E6273.44743
G1 X181.780 Y158.940 Z5.8023 E6274.85147
G1 X184.791 Y162.961 Z5.8037 E6276.35509
G1 X187.590 Y167.368 Z5.8051 E6277.91780
G1 X190.065 Y172.007 Z5.8065 E6279.49174
G1 X192.123 Y176.704 Z5.8079 E6281.02705
G1 X193.701 Y181.286 Z5.8092 E6282.47757
G1 X194.770 Y185.594 Z5.8104 E6283.80621
G1 X195.338 Y189.503 Z5.8115 E6284.98860
G1 X195.443 Y192.930 Z5.8124 E6286.01485
G1 X195.145 Y195.835 Z5.8132 E6286.88913
G1 X194.559 Y198.039 Z5.8139 E6287.57184
G1 X194.503 Y198.216 Z5.8139 E6287.62748
G1 X194.431 Y198.388 Z5.8140 E6287.68312
G1 X193.693 Y199.932 Z5.8144 E6288.19556
G1 X193.598 Y200.108 Z5.8145 E6288.25519
G1 X193.486 Y200.272 Z5.8145 E6288.31482
G1 X192.763 Y201.234 Z5.8149 E6288.67514
G1 X192.639 Y201.383 Z5.8149 E6288.73285
G1 X192.502 Y201.518 Z5.8150 E6288.79056
G1 X191.646 Y202.289 Z5.8153 E6289.13536
G1 X191.000 Y202.713 Z5.8155 E6289.36672
G1 X190.187 Y203.166 Z5.8157 E6289.64535
G1 X189.362 Y203.596 Z5.8160 E6289.92398
G1 X188.524 Y204.002 Z5.8163 E6290.20261
G1 X187.675 Y204.383 Z5.8165 E6290.48124
G1 X186.815 Y204.739 Z5.8168 E6290.75987
G1 X185.945 Y205.070 Z5.8170 E6291.03850
G1 X185.065 Y205.376 Z5.8173 E6291.31713
G1 X184.178 Y205.656 Z5.8175 E6291.59575
G1 X182.243 Y206.089 Z5.8181 E6292.18926
G1 X182.065 Y206.112 Z5.8181 E6292.24283
G1 X181.887 Y206.118 Z5.8182 E6292.29640
G1 X180.942 Y206.111 Z5.8184 E6292.57908
G1 X180.768 Y206.102 Z5.8185 E6292.63134
G1 X180.595 Y206.078 Z5.8185 E6292.68359
G1 X179.320 Y205.842 Z5.8189 E6293.07171
G1 X177.641 Y205.224 Z5.8193 E6293.60733
G1 X175.624 Y204.071 Z5.8200 E6294.30281
G1 X173.488 Y202.378 Z5.8207 E6295.11849
G1 X171.264 Y200.094 Z5.8216 E6296.07278
G1 X169.003 Y197.187 Z5.8226 E6297.17543
G1 X166.772 Y193.658 Z5.8237 E6298.42509
G1 X164.656 Y189.552 Z5.8250 E6299.80770
G1 X162.743 Y184.963 Z5.8263 E6301.29610
G1 X161.120 Y180.027 Z5.8277 E6302.85155
G1 X159.858 Y174.917 Z5.8292 E6304.42717
G1 X159.008 Y169.823 Z5.8306 E6305.97303
G1 X158.592 Y164.933 Z5.8319 E6307.44188
G1 X158.601 Y160.414 Z5.8331 E6308.79467
G1 X159.000 Y156.392 Z5.8342 E6310.00456
G1 X159.732 Y152.946 Z5.8352 E6311.05902
G1 X160.731 Y150.108 Z5.8360 E6311.95979
G1 X161.845 Y148.025 Z5.8367 E6312.66689
G1 X161.937 Y147.870 Z5.8367 E6312.72095
G1 X162.043 Y147.724 Z5.8368 E6312.77501
G1 X163.150 Y146.332 Z5.8373 E6313.30743
G1 X163.280 Y146.184 Z5.8373 E6313.36639
G1 X163.424 Y146.049 Z5.8374 E6313.42535
G1 X164.400 Y145.224 Z5.8377 E6313.80785
G1 X164.554 Y145.106 Z5.8378 E6313.86594
G1 X164.719 Y145.004 Z5.8378 E6313.92402
G1 X165.590 Y144.519 Z5.8381 E6314.22237
G1 X165.759 Y144.436 Z5.8381 E6314.27865
G1 X165.934 Y144.368 Z5.8382 E6314.33493
G1 X166.771 Y144.091 Z5.8384 E6314.59884
G1 X166.947 Y144.042 Z5.8385 E6314.65356
G1 X167.127 Y144.009 Z5.8385 E6314.70828
G1 X167.996 Y143.889 Z5.8388 E6314.97077
G1 X168.173 Y143.873 Z5.8388 E6315.02408
G1 X168.351 Y143.872 Z5.8389 E6315.07740
G1 X169.494 Y143.919 Z5.8392 E6315.41987
G1 X170.978 Y144.244 Z5.8396 E6315.87462
G1 X172.713 Y144.947 Z5.8401 E6316.43485
G1 X174.753 Y146.192 Z5.8407 E6317.15031
G1 X176.907 Y147.988 Z5.8415 E6317.98981
G1 X179.142 Y150.383 Z5.8424 E6318.97040
G1 X181.404 Y153.404 Z5.8434 E6320.09997
G1 X183.620 Y157.041 Z5.8446 E6321.37500
G1 X185.706 Y161.242 Z5.8459 E6322.77904
G1 X187.573 Y165.905 Z5.8472 E6324.28267
G1 X189.136 Y170.886 Z5.8486 E6325.84537
G1 X190.327 Y176.008 Z5.8501 E6327.41932
G1 X191.099 Y181.078 Z5.8515 E6328.95463
G1 X191.437 Y185.912 Z5.8528 E6330.40515
G1 X191.354 Y190.350 Z5.8540 E6331.73378
G1 X190.891 Y194.273 Z5.8551 E6332.91617
G1 X190.106 Y197.610 Z5.8560 E6333.94243
G1 X189.066 Y200.339 Z5.8568 E6334.81671
G1 X187.930 Y202.316 Z5.8574 E6335.49942
G1 X187.830 Y202.473 Z5.8575 E6335.55506
G1 X187.716 Y202.620 Z5.8575 E6335.61069
G1 X186.603 Y203.921 Z5.8580 E6336.12314
G1 X186.466 Y204.066 Z5.8580 E6336.18276
G1 X186.315 Y204.196 Z5.8581 E6336.24239
G1 X185.367 Y204.938 Z5.8584 E6336.60271
G1 X185.210 Y205.049 Z5.8585 E6336.66043
G1 X185.043 Y205.145 Z5.8585 E6336.71814
G1 X184.016 Y205.667 Z5.8588 E6337.06294
G1 X183.282 Y205.910 Z5.8590 E6337.29429
G1 X182.380 Y206.137 Z5.8593 E6337.57292
G1 X181.471 Y206.339 Z5.8596 E6337.85155
G1 X180.557 Y206.514 Z5.8598 E6338.13018
G1 X179.638 Y206.662 Z5.8601 E6338.40881
G1 X178.715 Y206.784 Z5.8603 E6338.68744
G1 X177.789 Y206.878 Z5.8606 E6338.96607
G1 X176.861 Y206.946 Z5.8608 E6339.24470
G1 X175.931 Y206.986 Z5.8611 E6339.52333
G1 X173.950 Y206.905 Z5.8616 E6340.11683
G1 X173.772 Y206.880 Z5.8617 E6340.17040
G1 X173.598 Y206.840 Z5.8617 E6340.22397
G1 X172.688 Y206.589 Z5.8620 E6340.50666
G1 X172.522 Y206.535 Z5.8620 E6340.55891
G1 X172.361 Y206.467 Z5.8621 E6340.61117
G1 X171.190 Y205.910 Z5.8624 E6340.99928
G1 X169.728 Y204.878 Z5.8629 E6341.53490
G1 X168.079 Y203.242 Z5.8635 E6342.23039
G1 X166.454 Y201.054 Z5.8643 E6343.04607
G1 X164.897 Y198.272 Z5.8651 E6344.00036
G1 X163.465 Y194.879 Z5.8661 E6345.10300
G1 X162.224 Y190.893 Z5.8673 E6346.35267
G1 X161.242 Y186.379 Z5.8685 E6347.73528
G1 X160.582 Y181.451 Z5.8699 E6349.22368
G1 X160.291 Y176.263 Z5.8713 E6350.77913
G1 X160.395 Y171.000 Z5.8727 E6352.35475
G1 X160.893 Y165.860 Z5.8741 E6353.90060
G1 X161.757 Y161.030 Z5.8755 E6355.36946
G1 X162.935 Y156.667 Z5.8767 E6356.72225
G1 X164.361 Y152.885 Z5.8778 E6357.93214
G1 X165.960 Y149.746 Z5.8788 E6358.98659
G1 X167.659 Y147.263 Z5.8796 E6359.88736
G1 X169.275 Y145.539 Z5.8802 E6360.59446
G1 X169.404 Y145.413 Z5.8803 E6360.64853
G1 X169.544 Y145.299 Z5.8803 E6360.70259
G1 X170.974 Y144.242 Z5.8808 E6361.23501
G1 X171.138 Y144.132 Z5.8809 E6361.29397
G1 X171.312 Y144.040 Z5.8809 E6361.35292
G1 X172.468 Y143.495 Z5.8813 E6361.73543
G1 X172.647 Y143.421 Z5.8813 E6361.79351
G1 X172.833 Y143.365 Z5.8814 E6361.85159
G1 X173.800 Y143.122 Z5.8816 E6362.14995
G1 X173.984 Y143.085 Z5.8817 E6362.20623
G1 X174.171 Y143.066 Z5.8817 E6362.26251
G1 X175.051 Y143.015 Z5.8820 E6362.52642
G1 X175.234 Y143.012 Z5.8820 E6362.58114
G1 X175.416 Y143.027 Z5.8821 E6362.63586
G1 X176.286 Y143.136 Z5.8823 E6362.89835
G1 X176.462 Y143.166 Z5.8824 E6362.95166
G1 X176.634 Y143.212 Z5.8824 E6363.00497
G1 X177.726 Y143.553 Z5.8827 E6363.34745
G1 X179.075 Y144.251 Z5.8831 E6363.80219
G1 X180.569 Y145.379 Z5.8836 E6364.36242
G1 X182.217 Y147.110 Z5.8843 E6365.07788
G1 X183.833 Y149.402 Z5.8851 E6365.91739
G1 X185.372 Y152.294 Z5.8860 E6366.89797
G1 X186.775 Y155.797 Z5.8870 E6368.02755
G1 X187.974 Y159.884 Z5.8881 E6369.30258
G1 X188.902 Y164.482 Z5.8894 E6370.70662
G1 X189.498 Y169.469 Z5.8908 E6372.21025
G1 X189.719 Y174.685 Z5.8922 E6373.77295
G1 X189.544 Y179.940 Z5.8936 E6375.34690
G1 X188.977 Y185.038 Z5.8950 E6376.88220
G1 X188.052 Y189.794 Z5.8963 E6378.33273
G1 X186.824 Y194.060 Z5.8975 E6379.66136
G1 X185.362 Y197.729 Z5.8986 E6380.84375
G1 X183.740 Y200.749 Z5.8996 E6381.87000
G1 X182.029 Y203.116 Z5.9004 E6382.74429
G1 X180.419 Y204.732 Z5.9010 E6383.42700
G1 X180.282 Y204.858 Z5.9010 E6383.48263
G1 X180.134 Y204.970 Z5.9011 E6383.53827
G1 X178.722 Y205.938 Z5.9015 E6384.05071
G1 X178.553 Y206.043 Z5.9016 E6384.11034
G1 X178.373 Y206.130 Z5.9016 E6384.16997
G1 X177.266 Y206.601 Z5.9020 E6384.53029
G1 X177.085 Y206.668 Z5.9020 E6384.58800
G1 X176.898 Y206.717 Z5.9021 E6384.64571
G1 X175.772 Y206.956 Z5.9024 E6384.99051
G1 X175.000 Y207.000 Z5.9026 E6385.22187
G1 X174.069 Y206.986 Z5.9029 E6385.50050
G1 X173.139 Y206.946 Z5.9031 E6385.77913
G1 X172.211 Y206.878 Z5.9034 E6386.05776
G1 X171.285 Y206.784 Z5.9036 E6386.33639
G1 X170.362 Y206.662 Z5.9039 E6386.61502
G1 X169.443 Y206.514 Z5.9041 E6386.89365
G1 X168.529 Y206.339 Z5.9044 E6387.17228
G1 X167.620 Y206.137 Z5.9046 E6387.45091
G1 X165.728 Y205.546 Z5.9052 E6388.04441
G1 X165.563 Y205.476 Z5.9052 E6388.09798
G1 X165.405 Y205.393 Z5.9053 E6388.15155
G1 X164.591 Y204.914 Z5.9055 E6388.43424
G1 X164.444 Y204.819 Z5.9056 E6388.48649
G1 X164.307 Y204.712 Z5.9056 E6388.53874
G1 X163.320 Y203.870 Z5.9060 E6388.92686
G1 X162.175 Y202.495 Z5.9065 E6389.46248
G1 X161.005 Y200.488 Z5.9071 E6390.15796
G1 X160.002 Y197.955 Z5.9078 E6390.97364
G1 X159.218 Y194.865 Z5.9087 E6391.92794
G1 X158.713 Y191.216 Z5.9097 E6393.03058
G1 X158.546 Y187.044 Z5.9108 E6394.28025
G1 X158.766 Y182.431 Z5.9121 E6395.66286
G1 X159.404 Y177.500 Z5.9134 E6397.15126
G1 X160.466 Y172.413 Z5.9149 E6398.70670
G1 X161.928 Y167.357 Z5.9163 E6400.28233
G1 X163.739 Y162.520 Z5.9177 E6401.82818
G1 X165.824 Y158.078 Z5.9190 E6403.29704
G1 X168.091 Y154.169 Z5.9203 E6404.64983
G1 X170.447 Y150.885 Z5.9214 E6405.85971
G1 X172.804 Y148.267 Z5.9223 E6406.91417
G1 X175.088 Y146.308 Z5.9231 E6407.81494
G1 X177.095 Y145.061 Z5.9238 E6408.52204
G1 X177.252 Y144.973 Z5.9238 E6408.57610
G1 X177.417 Y144.899 Z5.9239 E6408.63017
G1 X179.072 Y144.248 Z5.9244 E6409.16259
G1 X179.259 Y144.185 Z5.9244 E6409.22154
G1 X179.451 Y144.140 Z5.9245 E6409.28050
G1 X180.708 Y143.914 Z5.9248 E6409.66301
G1 X180.901 Y143.888 Z5.9249 E6409.72109
G1 X181.095 Y143.882 Z5.9249 E6409.77917
G1 X182.091 Y143.898 Z5.9252 E6410.07752
G1 X182.279 Y143.910 Z5.9252 E6410.13381
G1 X182.465 Y143.939 Z5.9253 E6410.19009
G1 X183.328 Y144.118 Z5.9255 E6410.45400
G1 X183.505 Y144.163 Z5.9256 E6410.50872
G1 X183.677 Y144.224 Z5.9256 E6410.56343
G1 X184.489 Y144.555 Z5.9259 E6410.82593
G1 X184.651 Y144.629 Z5.9259 E6410.87924
G1 X184.806 Y144.718 Z5.9260 E6410.93255
G1 X185.772 Y145.331 Z5.9263 E6411.27503
G1 X186.895 Y146.354 Z5.9267 E6411.72977
G1 X188.046 Y147.829 Z5.9272 E6412.29000
G1 X189.190 Y149.928 Z5.9279 E6413.00546
G1 X190.157 Y152.560 Z5.9286 E6413.84496
G1 X190.896 Y155.752 Z5.9295 E6414.82555
G1 X191.344 Y159.499 Z5.9305 E6415.95512
G1 X191.444 Y163.757 Z5.9317 E6417.23016
G1 X191.151 Y168.438 Z5.9330 E6418.63420
G1 X190.436 Y173.410 Z5.9343 E6420.13782
G1 X189.299 Y178.505 Z5.9358 E6421.70053
G1 X187.769 Y183.536 Z5.9372 E6423.27447
G1 X185.903 Y188.313 Z5.9386 E6424.80978
G1 X183.779 Y192.669 Z5.9399 E6426.26031
G1 X181.488 Y196.471 Z5.9411 E6427.58894
G1 X179.126 Y199.636 Z5.9422 E6428.77133
G1 X176.777 Y202.134 Z5.9431 E6429.79758
G1 X174.512 Y203.977 Z5.9439 E6430.67186
G1 X172.539 Y205.122 Z5.9445 E6431.35457
G1 X172.374 Y205.207 Z5.9446 E6431.41021
G1 X172.202 Y205.277 Z5.9446 E6431.46585
G1 X170.588 Y205.848 Z5.9451 E6431.97829
G1 X170.397 Y205.904 Z5.9451 E6432.03792
G1 X170.201 Y205.942 Z5.9452 E6432.09755
G1 X169.010 Y206.110 Z5.9455 E6432.45787
G1 X168.818 Y206.128 Z5.9456 E6432.51558
G1 X168.625 Y206.127 Z5.9456 E6432.57329
G1 X167.475 Y206.067 Z5.9459 E6432.91809
G1 X166.718 Y205.910 Z5.9462 E6433.14945
G1 X165.822 Y205.656 Z5.9464 E6433.42808
G1 X164.935 Y205.376 Z5.9467 E6433.70671
G1 X164.055 Y205.070 Z5.9469 E6433.98534
G1 X163.185 Y204.739 Z5.9472 E6434.26397
G1 X162.325 Y204.383 Z5.9474 E6434.54260
G1 X161.476 Y204.002 Z5.9477 E6434.82123
G1 X160.638 Y203.596 Z5.9479 E6435.09986
G1 X159.813 Y203.166 Z5.9482 E6435.37849
G1 X158.138 Y202.105 Z5.9487 E6435.97199
G1 X157.997 Y201.995 Z5.9488 E6436.02556
G1 X157.866 Y201.874 Z5.9488 E6436.07913
G1 X157.203 Y201.201 Z5.9491 E6436.36182
G1 X157.086 Y201.071 Z5.9491 E6436.41407
G1 X156.981 Y200.932 Z5.9492 E6436.46632
G1 X156.246 Y199.864 Z5.9495 E6436.85444
G1 X155.496 Y198.239 Z5.9500 E6437.39006
G1 X154.885 Y195.997 Z5.9506 E6438.08554
G1 X154.572 Y193.291 Z5.9514 E6438.90122
G1 X154.614 Y190.103 Z5.9523 E6439.85551
G1 X155.071 Y186.448 Z5.9533 E6440.95816
G1 X155.989 Y182.375 Z5.9544 E6442.20782
G1 X157.396 Y177.976 Z5.9556 E6443.59043
G1 X159.288 Y173.378 Z5.9570 E6445.07883
G1 X161.631 Y168.739 Z5.9584 E6446.63428
G1 X164.352 Y164.234 Z5.9598 E6448.20990
G1 X167.353 Y160.031 Z5.9612 E6449.75576
G1 X170.516 Y156.280 Z5.9626 E6451.22462
G1 X173.718 Y153.091 Z5.9638 E6452.57740
G1 X176.844 Y150.528 Z5.9649 E6453.78729
G1 X179.798 Y148.609 Z5.9659 E6454.84175
G1 X182.511 Y147.309 Z5.9667 E6455.74252
G1 X184.772 Y146.624 Z5.9673 E6456.44962
G1 X184.947 Y146.579 Z5.9674 E6456.50368
G1 X185.126 Y146.551 Z5.9674 E6456.55774
G1 X186.893 Y146.349 Z5.9679 E6457.09016
G1 X187.089 Y146.337 Z5.9680 E6457.14912
G1 X187.286 Y146.344 Z5.9680 E6457.20808
G1 X188.560 Y146.450 Z5.9684 E6457.59059
G1 X188.752 Y146.476 Z5.9684 E6457.64867
G1 X188.941 Y146.520 Z5.9685 E6457.70675
G1 X189.899 Y146.793 Z5.9687 E6458.00510
G1 X190.078 Y146.853 Z5.9688 E6458.06138
G1 X190.249 Y146.930 Z5.9688 E6458.11766
G1 X191.037 Y147.325 Z5.9691 E6458.38157
G1 X191.196 Y147.415 Z5.9691 E6458.43629
G1 X191.347 Y147.519 Z5.9692 E6458.49101
G1 X192.046 Y148.048 Z5.9694 E6458.75350
G1 X192.183 Y148.162 Z5.9695 E6458.80682
G1 X192.309 Y148.288 Z5.9695 E6458.86013
G1 X193.084 Y149.129 Z5.9698 E6459.20260
G1 X193.904 Y150.408 Z5.9702 E6459.65735
G1 X194.634 Y152.132 Z5.9708 E6460.21758
G1 X195.195 Y154.455 Z5.9714 E6460.93304
G1 X195.449 Y157.248 Z5.9722 E6461.77254
G1 X195.336 Y160.522 Z5.9731 E6462.75313
G1 X194.799 Y164.257 Z5.9741 E6463.88270
G1 X193.794 Y168.396 Z5.9752 E6465.15774
G1 X192.299 Y172.842 Z5.9765 E6466.56177
G1 X190.321 Y177.459 Z5.9779 E6468.06540
G1 X187.905 Y182.087 Z5.9793 E6469.62810
G1 X185.125 Y186.550 Z5.9807 E6471.20205
G1 X182.086 Y190.681 Z5.9821 E6472.73736
G1 X178.906 Y194.339 Z5.9835 E6474.18788
G1 X175.710 Y197.418 Z5.9847 E6475.51651
G1 X172.609 Y199.865 Z5.9857 E6476.69891
G1 X169.694 Y201.669 Z5.9867 E6477.72516
G1 X167.029 Y202.864 Z5.9875 E6478.59944
G1 X164.827 Y203.458 Z5.9881 E6479.28215
G1 X164.646 Y203.498 Z5.9881 E6479.33779
G1 X164.461 Y203.521 Z5.9882 E6479.39343
G1 X162.754 Y203.655 Z5.9886 E6479.90587
G1 X162.555 Y203.660 Z5.9887 E6479.96549
G1 X162.357 Y203.646 Z5.9888 E6480.02512
G1 X161.162 Y203.500 Z5.9891 E6480.38544
G1 X160.972 Y203.467 Z5.9891 E6480.44316
G1 X160.786 Y203.417 Z5.9892 E6480.50087
G1 X159.690 Y203.061 Z5.9895 E6480.84567
G1 X159.000 Y202.713 Z5.9897 E6481.07703
G1 X158.201 Y202.236 Z5.9900 E6481.35566
G1 X157.416 Y201.736 Z5.9902 E6481.63428
G1 X156.646 Y201.213 Z5.9905 E6481.91291
G1 X155.891 Y200.668 Z5.9907 E6482.19154
G1 X155.152 Y200.101 Z5.9910 E6482.47017
G1 X154.431 Y199.513 Z5.9912 E6482.74880
G1 X153.727 Y198.905 Z5.9915 E6483.02743
G1 X153.040 Y198.276 Z5.9917 E6483.30606
G1 X151.697 Y196.817 Z5.9923 E6483.89956
G1 X151.589 Y196.675 Z5.9923 E6483.95313
G1 X151.494 Y196.523 Z5.9924 E6484.00670
G1 X151.028 Y195.702 Z5.9926 E6484.28939
G1 X150.949 Y195.546 Z5.9927 E6484.34164
G1 X150.883 Y195.384 Z5.9927 E6484.39390
G1 X150.450 Y194.163 Z5.9931 E6484.78201
G1 X150.146 Y192.399 Z5.9936 E6485.31763
G1 X150.136 Y190.076 Z5.9942 E6486.01312
G1 X150.534 Y187.380 Z5.9949 E6486.82880
G1 X151.400 Y184.312 Z5.9958 E6487.78309
G1 X152.787 Y180.900 Z5.9968 E6488.88573
G1 X154.728 Y177.204 Z5.9979 E6490.13540
G1 X157.225 Y173.318 Z5.9992 E6491.51801
G1 X160.244 Y169.367 Z6.0006 E6493.00641
G1 X163.706 Y165.493 Z6.0020 E6494.56186
G1 X167.501 Y161.845 Z6.0034 E6496.13748
G1 X171.488 Y158.562 Z6.0048 E6497.68333
G1 X175.514 Y155.757 Z6.0061 E6499.15219
G1 X179.432 Y153.505 Z6.0074 E6500.50498
G1 X183.115 Y151.839 Z6.0085 E6501.71487
G1 X186.465 Y150.750 Z6.0094 E6502.76932
G1 X189.423 Y150.196 Z6.0102 E6503.67009
G1 X191.784 Y150.120 Z6.0109 E6504.37719
G1 X191.964 Y150.122 Z6.0109 E6504.43126
G1 X192.144 Y150.141 Z6.0110 E6504.48532
G1 X193.903 Y150.404 Z6.0115 E6505.01774
G1 X194.096 Y150.442 Z6.0115 E6505.07670
G1 X194.284 Y150.500 Z6.0116 E6505.13565
G1 X195.487 Y150.933 Z6.0119 E6505.51816
G1 X195.666 Y151.007 Z6.0120 E6505.57624
G1 X195.837 Y151.098 Z6.0120 E6505.63432
G1 X196.692 Y151.610 Z6.0123 E6505.93268
G1 X196.849 Y151.715 Z6.0124 E6505.98896
G1 X196.995 Y151.833 Z6.0124 E6506.04524
G1 X197.653 Y152.419 Z6.0126 E6506.30915
G1 X197.784 Y152.547 Z6.0127 E6506.36387
G1 X197.903 Y152.686 Z6.0127 E6506.41859
G1 X198.441 Y153.378 Z6.0130 E6506.68108
G1 X198.543 Y153.524 Z6.0130 E6506.73439
G1 X198.633 Y153.678 Z6.0131 E6506.78771
G1 X199.164 Y154.691 Z6.0134 E6507.13018
G1 X199.625 Y156.139 Z6.0138 E6507.58492
G1 X199.883 Y157.993 Z6.0143 E6508.14515
G1 X199.824 Y160.382 Z6.0150 E6508.86062
G1 X199.347 Y163.145 Z6.0157 E6509.70012
G1 X198.390 Y166.278 Z6.0166 E6510.68070
G1 X196.905 Y169.747 Z6.0176 E6511.81028
G1 X194.863 Y173.485 Z6.0188 E6513.08531
G1 X192.268 Y177.393 Z6.0201 E6514.48935
G1 X189.163 Y181.341 Z6.0214 E6515.99298
G1 X185.631 Y185.185 Z6.0229 E6517.55568
G1 X181.791 Y188.777 Z6.0243 E6519.12963
G1 X177.786 Y191.981 Z6.0257 E6520.66493
G1 X173.768 Y194.691 Z6.0270 E6522.11546
G1 X169.884 Y196.838 Z6.0282 E6523.44409
G1 X166.255 Y198.399 Z6.0293 E6524.62648
G1 X162.972 Y199.387 Z6.0302 E6525.65274
G1 X160.089 Y199.851 Z6.0310 E6526.52702
G1 X157.808 Y199.856 Z6.0316 E6527.20973
G1 X157.622 Y199.847 Z6.0317 E6527.26537
G1 X157.438 Y199.822 Z6.0317 E6527.32100
G1 X155.755 Y199.509 Z6.0322 E6527.83344
G1 X155.562 Y199.463 Z6.0323 E6527.89307
G1 X155.373 Y199.397 Z6.0323 E6527.95270
G1 X154.257 Y198.947 Z6.0326 E6528.31302
G1 X154.082 Y198.867 Z6.0327 E6528.37073
G1 X153.915 Y198.769 Z6.0327 E6528.42844
G1 X152.949 Y198.142 Z6.0331 E6528.77324
G1 X152.373 Y197.627 Z6.0333 E6529.00460
G1 X151.724 Y196.960 Z6.0335 E6529.28323
G1 X151.095 Y196.273 Z6.0338 E6529.56186
G1 X150.487 Y195.569 Z6.0340 E6529.84049
G1 X149.899 Y194.848 Z6.0343 E6530.11912
G1 X149.332 Y194.109 Z6.0345 E6530.39775
G1 X148.787 Y193.354 Z6.0348 E6530.67638
G1 X148.264 Y192.584 Z6.0350 E6530.95501
G1 X147.764 Y191.799 Z6.0353 E6531.23364
G1 X146.845 Y190.043 Z6.0358 E6531.82714
G1 X146.777 Y189.877 Z6.0359 E6531.88071
G1 X146.724 Y189.706 Z6.0359 E6531.93428
G1 X146.487 Y188.792 Z6.0362 E6532.21697
G1 X146.451 Y188.621 Z6.0362 E6532.26922
G1 X146.429 Y188.448 Z6.0363 E6532.32147
G1 X146.327 Y187.155 Z6.0366 E6532.70959
G1 X146.489 Y185.374 Z6.0371 E6533.24521
G1 X147.081 Y183.127 Z6.0378 E6533.94070
G1 X148.163 Y180.626 Z6.0385 E6534.75637
G1 X149.794 Y177.887 Z6.0394 E6535.71067
G1 X152.017 Y174.949 Z6.0404 E6536.81331
G1 X154.848 Y171.882 Z6.0415 E6538.06298
G1 X158.266 Y168.775 Z6.0428 E6539.44559
G1 X162.204 Y165.739 Z6.0441 E6540.93399
G1 X166.552 Y162.894 Z6.0455 E6542.48943
G1 X171.162 Y160.352 Z6.0470 E6544.06506
G1 X175.862 Y158.213 Z6.0484 E6545.61091
G1 X180.477 Y156.546 Z6.0497 E6547.07977
G1 X184.845 Y155.385 Z6.0509 E6548.43256
G1 X188.833 Y154.729 Z6.0520 E6549.64244
G1 X192.350 Y154.544 Z6.0530 E6550.69690
G1 X195.351 Y154.774 Z6.0538 E6551.59767
G1 X197.651 Y155.312 Z6.0544 E6552.30477
G1 X197.825 Y155.361 Z6.0545 E6552.35883
G1 X197.994 Y155.425 Z6.0545 E6552.41290
G1 X199.625 Y156.134 Z6.0550 E6552.94532
G1 X199.801 Y156.222 Z6.0551 E6553.00427
G1 X199.968 Y156.326 Z6.0551 E6553.06323
G1 X201.018 Y157.055 Z6.0555 E6553.44574
G1 X201.172 Y157.173 Z6.0555 E6553.50382
G1 X201.313 Y157.306 Z6.0556 E6553.56190
G1 X202.007 Y158.022 Z6.0559 E6553.86026
G1 X202.131 Y158.163 Z6.0559 E6553.91654
G1 X202.242 Y158.315 Z6.0560 E6553.97282
G1 X202.726 Y159.052 Z6.0562 E6554.23673
G1 X202.819 Y159.209 Z6.0562 E6554.29145
G1 X202.898 Y159.374 Z6.0563 E6554.34616
G1 X203.238 Y160.182 Z6.0565 E6554.60866
G1 X203.300 Y160.349 Z6.0566 E6554.66197
G1 X203.346 Y160.521 Z6.0566 E6554.71528
G1 X203.596 Y161.637 Z6.0569 E6555.05776
G1 X203.667 Y163.155 Z6.0574 E6555.51250
G1 X203.437 Y165.012 Z6.0579 E6556.07273
G1 X202.762 Y167.305 Z6.0585 E6556.78819
G1 X201.585 Y169.851 Z6.0593 E6557.62770
G1 X199.850 Y172.629 Z6.0602 E6558.60828
G1 X197.518 Y175.596 Z6.0612 E6559.73786
G1 X194.578 Y178.678 Z6.0624 E6561.01289
G1 X191.060 Y181.780 Z6.0636 E6562.41693
G1 X187.039 Y184.791 Z6.0650 E6563.92056
G1 X182.632 Y187.590 Z6.0664 E6565.48326
G1 X177.993 Y190.065 Z6.0678 E6567.05721
G1 X173.296 Y192.123 Z6.0692 E6568.59251
G1 X168.714 Y193.701 Z6.0706 E6570.04304
G1 X164.406 Y194.770 Z6.0718 E6571.37167
G1 X160.497 Y195.338 Z6.0728 E6572.55406
G1 X157.070 Y195.443 Z6.0738 E6573.58031
G1 X154.165 Y195.145 Z6.0746 E6574.45459
G1 X151.961 Y194.559 Z6.0752 E6575.13731
G1 X151.784 Y194.503 Z6.0752 E6575.19294
G1 X151.612 Y194.431 Z6.0753 E6575.24858
G1 X150.068 Y193.693 Z6.0758 E6575.76102
G1 X149.892 Y193.598 Z6.0758 E6575.82065
G1 X149.728 Y193.486 Z6.0759 E6575.88028
G1 X148.766 Y192.763 Z6.0762 E6576.24060
G1 X148.617 Y192.639 Z6.0762 E6576.29831
G1 X148.482 Y192.502 Z6.0763 E6576.35602
G1 X147.711 Y191.646 Z6.0766 E6576.70082
G1 X147.287 Y191.000 Z6.0768 E6576.93218
G1 X146.834 Y190.187 Z6.0771 E6577.21081
G1 X146.404 Y189.362 Z6.0773 E6577.48944
G1 X145.998 Y188.524 Z6.0776 E6577.76807
G1 X145.617 Y187.675 Z6.0778 E6578.04670
G1 X145.261 Y186.815 Z6.0781 E6578.32533
G1 X144.930 Y185.945 Z6.0783 E6578.60396
G1 X144.624 Y185.065 Z6.0786 E6578.88259
G1 X144.344 Y184.178 Z6.0788 E6579.16122
G1 X143.911 Y182.243 Z6.0794 E6579.75472
G1 X143.888 Y182.065 Z6.0794 E6579.80829
G1 X143.882 Y181.887 Z6.0795 E6579.86186
G1 X143.889 Y180.942 Z6.0797 E6580.14455
G1 X143.898 Y180.768 Z6.0798 E6580.19680
G1 X143.922 Y180.595 Z6.0798 E6580.24905
G1 X144.158 Y179.320 Z6.0802 E6580.63717
G1 X144.776 Y177.641 Z6.0807 E6581.17279
G1 X145.929 Y175.624 Z6.0813 E6581.86827
G1 X147.622 Y173.488 Z6.0820 E6582.68395
G1 X149.906 Y171.264 Z6.0829 E6583.63824
G1 X152.813 Y169.003 Z6.0839 E6584.74089
G1 X156.342 Y166.772 Z6.0851 E6585.99055
G1 X160.448 Y164.656 Z6.0863 E6587.37317
G1 X165.037 Y162.743 Z6.0877 E6588.86157
G1 X169.973 Y161.120 Z6.0891 E6590.41701
G1 X175.083 Y159.858 Z6.0905 E6591.99263
G1 X180.177 Y159.008 Z6.0919 E6593.53849
G1 X185.067 Y158.592 Z6.0932 E6595.00735
G1 X189.586 Y158.601 Z6.0945 E6596.36014
G1 X193.608 Y159.000 Z6.0956 E6597.57002
G1 X197.054 Y159.732 Z6.0965 E6598.62448
G1 X199.892 Y160.731 Z6.0974 E6599.52525
G1 X201.975 Y161.845 Z6.0980 E6600.23235
G1 X202.130 Y161.937 Z6.0980 E6600.28641
G1 X202.276 Y162.043 Z6.0981 E6600.34048
G1 X203.668 Y163.150 Z6.0986 E6600.87289
G1 X203.816 Y163.280 Z6.0986 E6600.93185
G1 X203.951 Y163.424 Z6.0987 E6600.99081
G1 X204.776 Y164.400 Z6.0990 E6601.37332
G1 X204.894 Y164.554 Z6.0991 E6601.43140
G1 X204.996 Y164.719 Z6.0991 E6601.48948
G1 X205.481 Y165.590 Z6.0994 E6601.78783
G1 X205.564 Y165.759 Z6.0995 E6601.84411
G1 X205.632 Y165.934 Z6.0995 E6601.90040
G1 X205.909 Y166.771 Z6.0998 E6602.16431
G1 X205.958 Y166.947 Z6.0998 E6602.21902
G1 X205.991 Y167.127 Z6.0998 E6602.27374
G1 X206.111 Y167.996 Z6.1001 E6602.53623
G1 X206.127 Y168.173 Z6.1001 E6602.58955
G1 X206.128 Y168.351 Z6.1002 E6602.64286
G1 X206.081 Y169.494 Z6.1005 E6602.98533
G1 X205.756 Y170.978 Z6.1009 E6603.44008
G1 X205.053 Y172.713 Z6.1014 E6604.00031
G1 X203.808 Y174.753 Z6.1021 E6604.71577
G1 X202.012 Y176.907 Z6.1028 E6605.55527
G1 X199.617 Y179.142 Z6.1037 E6606.53586
G1 X196.596 Y181.404 Z6.1047 E6607.66543
G1 X192.959 Y183.620 Z6.1059 E6608.94047
G1 X188.758 Y185.706 Z6.1072 E6610.34450
G1 X184.095 Y187.573 Z6.1086 E6611.84813
G1 X179.114 Y189.136 Z6.1100 E6613.41084
G1 X173.992 Y190.327 Z6.1114 E6614.98478
G1 X168.922 Y191.099 Z6.1128 E6616.52009
G1 X164.088 Y191.437 Z6.1141 E6617.97061
G1 X159.650 Y191.354 Z6.1153 E6619.29925
G1 X155.727 Y190.891 Z6.1164 E6620.48164
G1 X152.390 Y190.106 Z6.1173 E6621.50789
G1 X149.661 Y189.066 Z6.1181 E6622.38217
G1 X147.684 Y187.930 Z6.1187 E6623.06488
G1 X147.527 Y187.830 Z6.1188 E6623.12052
G1 X147.380 Y187.716 Z6.1188 E6623.17616
G1 X146.079 Y186.603 Z6.1193 E6623.68860
G1 X145.934 Y186.466 Z6.1194 E6623.74823
G1 X145.804 Y186.315 Z6.1194 E6623.80785
G1 X145.062 Y185.367 Z6.1197 E6624.16818
G1 X144.951 Y185.210 Z6.1198 E6624.22589
G1 X144.855 Y185.043 Z6.1199 E6624.28360
G1 X144.333 Y184.016 Z6.1202 E6624.62840
G1 X144.090 Y183.282 Z6.1204 E6624.85976
G1 X143.847 Y182.313 Z6.1206 E6625.15883
G1 X143.634 Y181.337 Z6.1209 E6625.45791
G1 X143.451 Y180.355 Z6.1212 E6625.75699
G1 X143.299 Y179.367 Z6.1215 E6626.05607
G1 X143.179 Y178.375 Z6.1217 E6626.35515
G1 X143.089 Y177.380 Z6.1220 E6626.65422
G1 X143.030 Y176.383 Z6.1223 E6626.95330
G1 X143.002 Y175.384 Z6.1225 E6627.25238
G1 X143.006 Y174.385 Z6.1228 E6627.55146
G1 X143.041 Y173.387 Z6.1231 E6627.85054
G1 X143.107 Y172.390 Z6.1234 E6628.14961
G1 X143.204 Y171.395 Z6.1236 E6628.44869
G1 X143.332 Y170.404 Z6.1239 E6628.74777
G1 X143.491 Y169.418 Z6.1242 E6629.04685
G1 X143.680 Y168.437 Z6.1245 E6629.34593
G1 X143.900 Y167.463 Z6.1247 E6629.64500
G1 X144.151 Y166.495 Z6.1250 E6629.94408
G1 X144.431 Y165.536 Z6.1253 E6630.24316
G1 X144.742 Y164.587 Z6.1255 E6630.54224
G1 X145.082 Y163.647 Z6.1258 E6630.84131
G1 X145.451 Y162.719 Z6.1261 E6631.14039
G1 X145.848 Y161.802 Z6.1264 E6631.43947
G1 X146.275 Y160.898 Z6.1266 E6631.73855
G1 X146.729 Y160.009 Z6.1269 E6632.03763
G1 X147.211 Y159.133 Z6.1272 E6632.33670
G1 X147.720 Y158.273 Z6.1274 E6632.63578
G1 X148.255 Y157.430 Z6.1277 E6632.93486
G1 X148.817 Y156.604 Z6.1280 E6633.23394
G1 X149.404 Y155.795 Z6.1283 E6633.53302
G1 X150.016 Y155.005 Z6.1285 E6633.83209
G1 X150.652 Y154.235 Z6.1288 E6634.13117
G1 X151.312 Y153.485 Z6.1291 E6634.43025
G1 X151.995 Y152.756 Z6.1293 E6634.72933
G1 X152.701 Y152.049 Z6.1296 E6635.02841
G1 X153.428 Y151.364 Z6.1299 E6635.32748
G1 X154.177 Y150.702 Z6.1302 E6635.62656
G1 X154.945 Y150.064 Z6.1304 E6635.92564
G1 X155.734 Y149.450 Z6.1307 E6636.22472
G1 X156.541 Y148.861 Z6.1310 E6636.52380
G1 X157.366 Y148.297 Z6.1312 E6636.82287
G1 X158.208 Y147.760 Z6.1315 E6637.12195
G1 X159.067 Y147.249 Z6.1318 E6637.42103
G1 X159.941 Y146.765 Z6.1321 E6637.72011
G1 X160.830 Y146.309 Z6.1323 E6638.01918
G1 X161.732 Y145.880 Z6.1326 E6638.31826
G1 X162.648 Y145.480 Z6.1329 E6638.61734
G1 X163.575 Y145.109 Z6.1331 E6638.91642
G1 X164.514 Y144.767 Z6.1334 E6639.21550
G1 X165.463 Y144.454 Z6.1337 E6639.51457
G1 X166.421 Y144.171 Z6.1340 E6639.81365
G1 X167.388 Y143.919 Z6.1342 E6640.11273
G1 X168.362 Y143.696 Z6.1345 E6640.41181
G1 X169.342 Y143.504 Z6.1348 E6640.71089
G1 X170.328 Y143.343 Z6.1351 E6641.00996
G1 X171.319 Y143.212 Z6.1353 E6641.30904
G1 X172.313 Y143.113 Z6.1356 E6641.60812
G1 X173.310 Y143.045 Z6.1359 E6641.90720
G1 X174.308 Y143.007 Z6.1361 E6642.20628
G1 X175.307 Y143.001 Z6.1364 E6642.50535
G1 X176.306 Y143.027 Z6.1367 E6642.80443
G1 X177.304 Y143.083 Z6.1370 E6643.10351
G1 X178.299 Y143.171 Z6.1372 E6643.40259
G1 X179.291 Y143.289 Z6.1375 E6643.70166
G1 X180.279 Y143.438 Z6.1378 E6644.00074
G1 X181.262 Y143.619 Z6.1380 E6644.29982
G1 X182.238 Y143.829 Z6.1383 E6644.59890
G1 X183.208 Y144.071 Z6.1386 E6644.89798
G1 X184.170 Y144.342 Z6.1389 E6645.19705
G1 X185.122 Y144.643 Z6.1391 E6645.49613
G1 X186.065 Y144.974 Z6.1394 E6645.79521
G1 X186.997 Y145.334 Z6.1397 E6646.09429
G1 X187.917 Y145.723 Z6.1399 E6646.39337
G1 X188.825 Y146.140 Z6.1402 E6646.69244
G1 X189.719 Y146.586 Z6.1405 E6646.99152
G1 X190.599 Y147.059 Z6.1408 E6647.29060
G1 X191.464 Y147.560 Z6.1410 E6647.58968
G1 X192.312 Y148.087 Z6.1413 E6647.88876
G1 X193.144 Y148.641 Z6.1416 E6648.18783
G1 X193.958 Y149.220 Z6.1418 E6648.48691
G1 X194.754 Y149.825 Z6.1421 E6648.78599
G1 X195.530 Y150.454 Z6.1424 E6649.08507
G1 X196.286 Y151.107 Z6.1427 E6649.38415
G1 X197.022 Y151.783 Z6.1429 E6649.68322
G1 X197.736 Y152.482 Z6.1432 E6649.98230
G1 X198.428 Y153.202 Z6.1435 E6650.28138
G1 X199.097 Y153.944 Z6.1437 E6650.58046
G1 X199.742 Y154.707 Z6.1440 E6650.87953
G1 X200.364 Y155.489 Z6.1443 E6651.17861
G1 X200.961 Y156.290 Z6.1446 E6651.47769
G1 X201.532 Y157.110 Z6.1448 E6651.77677
G1 X202.078 Y157.947 Z6.1451 E6652.07585
G1 X202.597 Y158.801 Z6.1454 E6652.37492
G1 X203.089 Y159.670 Z6.1457 E6652.67400
G1 X203.554 Y160.555 Z6.1459 E6652.97308
G1 X203.991 Y161.453 Z6.1462 E6653.27216
G1 X204.400 Y162.365 Z6.1465 E6653.57124
G1 X204.780 Y163.289 Z6.1467 E6653.87031
G1 X205.131 Y164.224 Z6.1470 E6654.16939
G1 X205.453 Y165.170 Z6.1473 E6654.46847
G1 X205.745 Y166.125 Z6.1476 E6654.76755
G1 X206.007 Y167.090 Z6.1478 E6655.06663
G1 X206.239 Y168.061 Z6.1481 E6655.36570
G1 X206.440 Y169.040 Z6.1484 E6655.66478
G1 X206.611 Y170.024 Z6.1486 E6655.96386
G1 X206.751 Y171.014 Z6.1489 E6656.26294
G1 X206.860 Y172.007 Z6.1492 E6656.56201
G1 X206.938 Y173.003 Z6.1495 E6656.86109
G1 X206.984 Y174.001 Z6.1497 E6657.16017
G1 X207.000 Y175.000 Z6.1500 E6657.45925
G1 X206.905 Y176.050 Z6.1503 E6657.77494
G1 X206.880 Y176.228 Z6.1503 E6657.82851
G1 X206.840 Y176.402 Z6.1504 E6657.88208
G1 X206.589 Y177.312 Z6.1506 E6658.16477
G1 X206.535 Y177.478 Z6.1507 E6658.21702
G1 X206.467 Y177.639 Z6.1507 E6658.26927
G1 X205.910 Y178.810 Z6.1511 E6658.65739
G1 X204.878 Y180.272 Z6.1516 E6659.19301
G1 X203.242 Y181.921 Z6.1522 E6659.88849
G1 X201.054 Y183.546 Z6.1529 E6660.70417
G1 X198.272 Y185.103 Z6.1538 E6661.65847
G1 X194.879 Y186.535 Z6.1548 E6662.76111
G1 X190.893 Y187.776 Z6.1560 E6664.01077
G1 X186.379 Y188.758 Z6.1572 E6665.39339
G1 X181.451 Y189.418 Z6.1586 E6666.88179
G1 X176.263 Y189.709 Z6.1600 E6668.43723
G1 X171.000 Y189.605 Z6.1614 E6670.01285
G1 X165.860 Y189.107 Z6.1628 E6671.55871
G1 X161.030 Y188.243 Z6.1641 E6673.02757
G1 X156.667 Y187.065 Z6.1654 E6674.38036
G1 X152.885 Y185.639 Z6.1665 E6675.59024
G1 X149.746 Y184.040 Z6.1674 E6676.64470
G1 X147.263 Y182.341 Z6.1683 E6677.54547
G1 X145.539 Y180.725 Z6.1689 E6678.25257
G1 X145.413 Y180.596 Z6.1689 E6678.30663
G1 X145.299 Y180.456 Z6.1690 E6678.36070
G1 X144.242 Y179.026 Z6.1695 E6678.89311
G1 X144.132 Y178.862 Z6.1695 E6678.95207
G1 X144.040 Y178.688 Z6.1696 E6679.01103
G1 X143.495 Y177.532 Z6.1699 E6679.39354
G1 X143.421 Y177.353 Z6.1700 E6679.45162
G1 X143.365 Y177.167 Z6.1700 E6679.50970
G1 X143.122 Y176.200 Z6.1703 E6679.80805
G1 X143.085 Y176.016 Z6.1704 E6679.86434
G1 X143.066 Y175.829 Z6.1704 E6679.92062
G1 X143.015 Y174.949 Z6.1707 E6680.18453
G1 X143.012 Y174.766 Z6.1707 E6680.23924
G1 X143.027 Y174.584 Z6.1708 E6680.29396
G1 X143.136 Y173.714 Z6.1710 E6680.55646
G1 X143.166 Y173.538 Z6.1710 E6680.60977
G1 X143.212 Y173.366 Z6.1711 E6680.66308
G1 X143.553 Y172.274 Z6.1714 E6681.00556
G1 X144.251 Y170.925 Z6.1718 E6681.46030
G1 X145.379 Y169.431 Z6.1723 E6682.02053
G1 X147.110 Y167.783 Z6.1730 E6682.73599
G1 X149.402 Y166.167 Z6.1737 E6683.57549
G1 X152.294 Y164.628 Z6.1746 E6684.55608
G1 X155.797 Y163.225 Z6.1757 E6685.68565
G1 X159.884 Y162.026 Z6.1768 E6686.96069
G1 X164.482 Y161.098 Z6.1781 E6688.36473
G1 X169.469 Y160.502 Z6.1795 E6689.86835
G1 X174.685 Y160.281 Z6.1809 E6691.43106
G1 X179.940 Y160.456 Z6.1823 E6693.00500
G1 X185.038 Y161.023 Z6.1837 E6694.54031
G1 X189.794 Y161.948 Z6.1850 E6695.99083
G1 X194.060 Y163.176 Z6.1862 E6697.31947
G1 X197.729 Y164.638 Z6.1873 E6698.50186
G1 X200.749 Y166.260 Z6.1882 E6699.52811
G1 X203.116 Y167.971 Z6.1890 E6700.40239
G1 X204.732 Y169.581 Z6.1896 E6701.08510
G1 X204.858 Y169.718 Z6.1897 E6701.14074
G1 X204.970 Y169.866 Z6.1897 E6701.19638
G1 X205.938 Y171.278 Z6.1902 E6701.70882
G1 X206.043 Y171.447 Z6.1903 E6701.76845
G1 X206.130 Y171.627 Z6.1903 E6701.82808
G1 X206.601 Y172.734 Z6.1906 E6702.18840
G1 X206.668 Y172.915 Z6.1907 E6702.24611
G1 X206.717 Y173.102 Z6.1908 E6702.30382
G1 X206.956 Y174.228 Z6.1911 E6702.64862
G1 X207.000 Y175.000 Z6.1913 E6702.87998
G1 X206.986 Y175.931 Z6.1915 E6703.15861
G1 X206.946 Y176.861 Z6.1918 E6703.43724
G1 X206.878 Y177.789 Z6.1920 E6703.71587
G1 X206.784 Y178.715 Z6.1923 E6703.99450
G1 X206.662 Y179.638 Z6.1925 E6704.27313
G1 X206.514 Y180.557 Z6.1928 E6704.55176
G1 X206.339 Y181.471 Z6.1930 E6704.83039
G1 X206.137 Y182.380 Z6.1933 E6705.10901
G1 X205.546 Y184.272 Z6.1938 E6705.70252
G1 X205.476 Y184.437 Z6.1939 E6705.75609
G1 X205.393 Y184.595 Z6.1939 E6705.80966
G1 X204.914 Y185.409 Z6.1942 E6706.09234
G1 X204.819 Y185.556 Z6.1942 E6706.14460
G1 X204.712 Y185.693 Z6.1943 E6706.19685
G1 X203.870 Y186.680 Z6.1946 E6706.58497
G1 X202.495 Y187.825 Z6.1951 E6707.12059
G1 X200.488 Y188.995 Z6.1958 E6707.81607
G1 X197.955 Y189.998 Z6.1965 E6708.63175
G1 X194.865 Y190.782 Z6.1974 E6709.58604
G1 X191.216 Y191.287 Z6.1984 E6710.68869
G1 X187.044 Y191.454 Z6.1995 E6711.93835
G1 X182.431 Y191.234 Z6.2008 E6713.32096
G1 X177.500 Y190.596 Z6.2021 E6714.80936
G1 X172.413 Y189.534 Z6.2035 E6716.36481
G1 X167.357 Y188.072 Z6.2050 E6717.94043
G1 X162.520 Y186.261 Z6.2064 E6719.48629
G1 X158.078 Y184.176 Z6.2077 E6720.95514
G1 X154.169 Y181.909 Z6.2089 E6722.30793
G1 X150.885 Y179.553 Z6.2100 E6723.51782
G1 X148.267 Y177.196 Z6.2110 E6724.57228
G1 X146.308 Y174.912 Z6.2118 E6725.47305
G1 X145.061 Y172.905 Z6.2125 E6726.18015
G1 X144.973 Y172.748 Z6.2125 E6726.23421
G1 X144.899 Y172.583 Z6.2125 E6726.28827
G1 X144.248 Y170.928 Z6.2130 E6726.82069
G1 X144.185 Y170.741 Z6.2131 E6726.87965
G1 X144.140 Y170.549 Z6.2131 E6726.93861
G1 X143.914 Y169.292 Z6.2135 E6727.32111
G1 X143.888 Y169.099 Z6.2135 E6727.37920
G1 X143.882 Y168.905 Z6.2136 E6727.43728
G1 X143.898 Y167.909 Z6.2139 E6727.73563
G1 X143.910 Y167.721 Z6.2139 E6727.79191
G1 X143.939 Y167.535 Z6.2140 E6727.84819
G1 X144.118 Y166.672 Z6.2142 E6728.11210
G1 X144.163 Y166.495 Z6.2143 E6728.16682
G1 X144.224 Y166.323 Z6.2143 E6728.22154
G1 X144.555 Y165.511 Z6.2145 E6728.48403
G1 X144.629 Y165.349 Z6.2146 E6728.53734
G1 X144.718 Y165.194 Z6.2146 E6728.59066
G1 X145.331 Y164.228 Z6.2150 E6728.93313
G1 X146.354 Y163.105 Z6.2154 E6729.38788
G1 X147.829 Y161.954 Z6.2159 E6729.94811
G1 X149.928 Y160.810 Z6.2165 E6730.66357
G1 X152.560 Y159.843 Z6.2173 E6731.50307
G1 X155.752 Y159.104 Z6.2182 E6732.48366
G1 X159.499 Y158.656 Z6.2192 E6733.61323
G1 X163.757 Y158.556 Z6.2204 E6734.88826
G1 X168.438 Y158.849 Z6.2216 E6736.29230
G1 X173.410 Y159.564 Z6.2230 E6737.79593
G1 X178.505 Y160.701 Z6.2244 E6739.35863
G1 X183.536 Y162.231 Z6.2259 E6740.93258
G1 X188.313 Y164.097 Z6.2273 E6742.46789
G1 X192.669 Y166.221 Z6.2286 E6743.91841
G1 X196.471 Y168.512 Z6.2298 E6745.24704
G1 X199.636 Y170.874 Z6.2309 E6746.42943
G1 X202.134 Y173.223 Z6.2318 E6747.45569
G1 X203.977 Y175.488 Z6.2326 E6748.32997
G1 X205.122 Y177.461 Z6.2332 E6749.01268
G1 X205.207 Y177.626 Z6.2333 E6749.06832
G1 X205.277 Y177.798 Z6.2333 E6749.12395
G1 X205.848 Y179.412 Z6.2338 E6749.63640
G1 X205.904 Y179.603 Z6.2338 E6749.69602
G1 X205.942 Y179.799 Z6.2339 E6749.75565
G1 X206.110 Y180.990 Z6.2342 E6750.11597
G1 X206.128 Y181.182 Z6.2343 E6750.17369
G1 X206.127 Y181.375 Z6.2343 E6750.23140
G1 X206.067 Y182.525 Z6.2346 E6750.57620
G1 X205.910 Y183.282 Z6.2348 E6750.80755
G1 X205.656 Y184.178 Z6.2351 E6751.08618
G1 X205.376 Y185.065 Z6.2353 E6751.36481
G1 X205.070 Y185.945 Z6.2356 E6751.64344
G1 X204.739 Y186.815 Z6.2358 E6751.92207
G1 X204.383 Y187.675 Z6.2361 E6752.20070
G1 X204.002 Y188.524 Z6.2363 E6752.47933
G1 X203.596 Y189.362 Z6.2366 E6752.75796
G1 X203.166 Y190.187 Z6.2369 E6753.03659
G1 X202.105 Y191.862 Z6.2374 E6753.63009
G1 X201.995 Y192.003 Z6.2374 E6753.68366
G1 X201.874 Y192.134 Z6.2375 E6753.73723
G1 X201.201 Y192.797 Z6.2378 E6754.01992
G1 X201.071 Y192.914 Z6.2378 E6754.07217
G1 X200.932 Y193.019 Z6.2378 E6754.12443
G1 X199.864 Y193.754 Z6.2382 E6754.51254
G1 X198.239 Y194.504 Z6.2387 E6755.04816
G1 X195.997 Y195.115 Z6.2393 E6755.74365
G1 X193.291 Y195.428 Z6.2401 E6756.55933
G1 X190.103 Y195.386 Z6.2409 E6757.51362
G1 X186.448 Y194.929 Z6.2419 E6758.61626
G1 X182.375 Y194.011 Z6.2431 E6759.86593
G1 X177.976 Y192.604 Z6.2443 E6761.24854
G1 X173.378 Y190.712 Z6.2457 E6762.73694
G1 X168.739 Y188.369 Z6.2471 E6764.29239
G1 X164.234 Y185.648 Z6.2485 E6765.86801
G1 X160.031 Y182.647 Z6.2499 E6767.41386
G1 X156.280 Y179.484 Z6.2513 E6768.88272
G1 X153.091 Y176.282 Z6.2525 E6770.23551
G1 X150.528 Y173.156 Z6.2536 E6771.44540
G1 X148.609 Y170.202 Z6.2545 E6772.49985
G1 X147.309 Y167.489 Z6.2554 E6773.40062
G1 X146.624 Y165.228 Z6.2560 E6774.10772
G1 X146.579 Y165.053 Z6.2561 E6774.16179
G1 X146.551 Y164.874 Z6.2561 E6774.21585
G1 X146.349 Y163.107 Z6.2566 E6774.74827
G1 X146.337 Y162.911 Z6.2566 E6774.80723
G1 X146.344 Y162.714 Z6.2567 E6774.86618
G1 X146.450 Y161.440 Z6.2570 E6775.24869
G1 X146.476 Y161.248 Z6.2571 E6775.30677
G1 X146.520 Y161.059 Z6.2571 E6775.36485
G1 X146.793 Y160.101 Z6.2574 E6775.66321
G1 X146.853 Y159.922 Z6.2575 E6775.71949
G1 X146.930 Y159.751 Z6.2575 E6775.77577
G1 X147.325 Y158.963 Z6.2578 E6776.03968
G1 X147.415 Y158.804 Z6.2578 E6776.09440
G1 X147.519 Y158.653 Z6.2579 E6776.14912
G1 X148.048 Y157.954 Z6.2581 E6776.41161
G1 X148.162 Y157.817 Z6.2581 E6776.46492
G1 X148.288 Y157.691 Z6.2582 E6776.51823
G1 X149.129 Y156.916 Z6.2585 E6776.86071
G1 X150.408 Y156.096 Z6.2589 E6777.31545
G1 X152.132 Y155.366 Z6.2594 E6777.87568
G1 X154.455 Y154.805 Z6.2601 E6778.59114
G1 X157.248 Y154.551 Z6.2608 E6779.43065
G1 X160.522 Y154.664 Z6.2617 E6780.41123
G1 X164.257 Y155.201 Z6.2628 E6781.54081
G1 X168.396 Y156.206 Z6.2639 E6782.81584
G1 X172.842 Y157.701 Z6.2652 E6784.21988
G1 X177.459 Y159.679 Z6.2666 E6785.72351
G1 X182.087 Y162.095 Z6.2680 E6787.28621
G1 X186.550 Y164.875 Z6.2694 E6788.86016
G1 X190.681 Y167.914 Z6.2708 E6790.39546
G1 X194.339 Y171.094 Z6.2721 E6791.84599
G1 X197.418 Y174.290 Z6.2733 E6793.17462
G1 X199.865 Y177.391 Z6.2744 E6794.35701
G1 X201.669 Y180.306 Z6.2753 E6795.38327
G1 X202.864 Y182.971 Z6.2761 E6796.25755
G1 X203.458 Y185.173 Z6.2768 E6796.94026
G1 X203.498 Y185.354 Z6.2768 E6796.99589
G1 X203.521 Y185.539 Z6.2769 E6797.05153
G1 X203.655 Y187.246 Z6.2773 E6797.56397
G1 X203.660 Y187.445 Z6.2774 E6797.62360
G1 X203.646 Y187.643 Z6.2774 E6797.68323
G1 X203.500 Y188.838 Z6.2778 E6798.04355
G1 X203.467 Y189.028 Z6.2778 E6798.10126
G1 X203.417 Y189.214 Z6.2779 E6798.15897
G1 X203.061 Y190.310 Z6.2782 E6798.50377
G1 X202.713 Y191.000 Z6.2784 E6798.73513
G1 X202.236 Y191.799 Z6.2786 E6799.01376
G1 X201.736 Y192.584 Z6.2789 E6799.29239
G1 X201.213 Y193.354 Z6.2791 E6799.57102
G1 X200.668 Y194.109 Z6.2794 E6799.84965
G1 X200.101 Y194.848 Z6.2797 E6800.12828
G1 X199.513 Y195.569 Z6.2799 E6800.40691
G1 X198.905 Y196.273 Z6.2802 E6800.68554
G1 X198.276 Y196.960 Z6.2804 E6800.96417
G1 X196.817 Y198.303 Z6.2810 E6801.55767
G1 X196.675 Y198.411 Z6.2810 E6801.61124
G1 X196.523 Y198.506 Z6.2810 E6801.66481
G1 X195.702 Y198.972 Z6.2813 E6801.94750
G1 X195.546 Y199.051 Z6.2814 E6801.99975
G1 X195.384 Y199.117 Z6.2814 E6802.05200
G1 X194.163 Y199.550 Z6.2818 E6802.44012
G1 X192.399 Y199.854 Z6.2822 E6802.97574
G1 X190.076 Y199.864 Z6.2829 E6803.67122
G1 X187.380 Y199.466 Z6.2836 E6804.48690
G1 X184.312 Y198.600 Z6.2845 E6805.44120
G1 X180.900 Y197.213 Z6.2855 E6806.54384
G1 X177.204 Y195.272 Z6.2866 E6807.79351
G1 X173.318 Y192.775 Z6.2879 E6809.17612
G1 X169.367 Y189.756 Z6.2892 E6810.66452
G1 X165.493 Y186.294 Z6.2906 E6812.21996
G1 X161.845 Y182.499 Z6.2921 E6813.79559
G1 X158.562 Y178.512 Z6.2935 E6815.34144
G1 X155.757 Y174.486 Z6.2948 E6816.81030
G1 X153.505 Y170.568 Z6.2960 E6818.16309
G1 X151.839 Y166.885 Z6.2971 E6819.37297
G1 X150.750 Y163.535 Z6.2981 E6820.42743
G1 X150.196 Y160.577 Z6.2989 E6821.32820
G1 X150.120 Y158.216 Z6.2996 E6822.03530
G1 X150.122 Y158.036 Z6.2996 E6822.08936
G1 X150.141 Y157.856 Z6.2997 E6822.14343
G1 X150.404 Y156.097 Z6.3001 E6822.67585
G1 X150.442 Y155.904 Z6.3002 E6822.73480
G1 X150.500 Y155.716 Z6.3002 E6822.79376
G1 X150.933 Y154.513 Z6.3006 E6823.17627
G1 X151.007 Y154.334 Z6.3006 E6823.23435
G1 X151.098 Y154.163 Z6.3007 E6823.29243
G1 X151.610 Y153.308 Z6.3010 E6823.59078
G1 X151.715 Y153.151 Z6.3010 E6823.64707
G1 X151.833 Y153.005 Z6.3011 E6823.70335
G1 X152.419 Y152.347 Z6.3013 E6823.96726
G1 X152.547 Y152.216 Z6.3014 E6824.02198
G1 X152.686 Y152.097 Z6.3014 E6824.07669
G1 X153.378 Y151.559 Z6.3017 E6824.33919
G1 X153.524 Y151.457 Z6.3017 E6824.39250
G1 X153.678 Y151.367 Z6.3017 E6824.44581
G1 X154.691 Y150.836 Z6.3021 E6824.78829
G1 X156.139 Y150.375 Z6.3025 E6825.24303
G1 X157.993 Y150.117 Z6.3030 E6825.80326
G1 X160.382 Y150.176 Z6.3036 E6826.51872
G1 X163.145 Y150.653 Z6.3044 E6827.35822
G1 X166.278 Y151.610 Z6.3053 E6828.33881
G1 X169.747 Y153.095 Z6.3063 E6829.46838
G1 X173.485 Y155.137 Z6.3075 E6830.74342
G1 X177.393 Y157.732 Z6.3087 E6832.14746
G1 X181.341 Y160.837 Z6.3101 E6833.65108
G1 X185.185 Y164.369 Z6.3115 E6835.21379
G1 X188.777 Y168.209 Z6.3130 E6836.78774
G1 X191.981 Y172.214 Z6.3144 E6838.32304
G1 X194.691 Y176.232 Z6.3157 E6839.77357
G1 X196.838 Y180.116 Z6.3169 E6841.10220
G1 X198.399 Y183.745 Z6.3180 E6842.28459
G1 X199.387 Y187.028 Z6.3189 E6843.31084
G1 X199.851 Y189.911 Z6.3197 E6844.18512
G1 X199.856 Y192.192 Z6.3203 E6844.86783
G1 X199.847 Y192.378 Z6.3204 E6844.92347
G1 X199.822 Y192.562 Z6.3204 E6844.97911
G1 X199.509 Y194.245 Z6.3209 E6845.49155
G1 X199.463 Y194.438 Z6.3209 E6845.55118
G1 X199.397 Y194.627 Z6.3210 E6845.61081
G1 X198.947 Y195.743 Z6.3213 E6845.97113
G1 X198.867 Y195.918 Z6.3214 E6846.02884
G1 X198.769 Y196.085 Z6.3214 E6846.08655
G1 X198.142 Y197.051 Z6.3217 E6846.43135
G1 X197.627 Y197.627 Z6.3219 E6846.66271
G1 X196.960 Y198.276 Z6.3222 E6846.94134
G1 X196.273 Y198.905 Z6.3224 E6847.21997
G1 X195.569 Y199.513 Z6.3227 E6847.49860
G1 X194.848 Y200.101 Z6.3230 E6847.77723
G1 X194.109 Y200.668 Z6.3232 E6848.05586
G1 X193.354 Y201.213 Z6.3235 E6848.33449
G1 X192.584 Y201.736 Z6.3237 E6848.61312
G1 X191.799 Y202.236 Z6.3240 E6848.89175
G1 X190.043 Y203.155 Z6.3245 E6849.48525
G1 X189.877 Y203.223 Z6.3246 E6849.53882
G1 X189.706 Y203.276 Z6.3246 E6849.59239
G1 X188.792 Y203.513 Z6.3249 E6849.87508
G1 X188.621 Y203.549 Z6.3249 E6849.92733
G1 X188.448 Y203.571 Z6.3250 E6849.97958
G1 X187.155 Y203.673 Z6.3253 E6850.36770
G1 X185.374 Y203.511 Z6.3258 E6850.90332
G1 X183.127 Y202.919 Z6.3264 E6851.59880
G1 X180.626 Y201.837 Z6.3272 E6852.41448
G1 X177.887 Y200.206 Z6.3280 E6853.36877
G1 X174.949 Y197.983 Z6.3290 E6854.47142
G1 X171.882 Y195.152 Z6.3302 E6855.72108
G1 X168.775 Y191.734 Z6.3314 E6857.10369
G1 X165.739 Y187.796 Z6.3328 E6858.59209
G1 X162.894 Y183.448 Z6.3342 E6860.14754
G1 X160.352 Y178.838 Z6.3356 E6861.72316
G1 X158.213 Y174.138 Z6.3370 E6863.26902
G1 X156.546 Y169.523 Z6.3384 E6864.73788
G1 X155.385 Y165.155 Z6.3396 E6866.09066
G1 X154.729 Y161.167 Z6.3407 E6867.30055
G1 X154.544 Y157.650 Z6.3417 E6868.35501
G1 X154.774 Y154.649 Z6.3425 E6869.25578
G1 X155.312 Y152.349 Z6.3431 E6869.96288
G1 X155.361 Y152.175 Z6.3432 E6870.01694
G1 X155.425 Y152.006 Z6.3432 E6870.07100
G1 X156.134 Y150.375 Z6.3437 E6870.60342
G1 X156.222 Y150.199 Z6.3437 E6870.66238
G1 X156.326 Y150.032 Z6.3438 E6870.72134
G1 X157.055 Y148.982 Z6.3442 E6871.10385
G1 X157.173 Y148.828 Z6.3442 E6871.16193
G1 X157.306 Y148.687 Z6.3443 E6871.22001
G1 X158.022 Y147.993 Z6.3445 E6871.51836
G1 X158.163 Y147.869 Z6.3446 E6871.57464
G1 X158.315 Y147.758 Z6.3446 E6871.63092
G1 X159.052 Y147.274 Z6.3449 E6871.89483
G1 X159.209 Y147.181 Z6.3449 E6871.94955
G1 X159.374 Y147.102 Z6.3450 E6872.00427
G1 X160.182 Y146.762 Z6.3452 E6872.26676
G1 X160.349 Y146.700 Z6.3453 E6872.32008
G1 X160.521 Y146.654 Z6.3453 E6872.37339
G1 X161.637 Y146.404 Z6.3456 E6872.71586
G1 X163.155 Y146.333 Z6.3460 E6873.17061
G1 X165.012 Y146.563 Z6.3465 E6873.73084
G1 X167.305 Y147.238 Z6.3472 E6874.44630
G1 X169.851 Y148.415 Z6.3480 E6875.28580
G1 X172.629 Y150.150 Z6.3488 E6876.26639
G1 X175.596 Y152.482 Z6.3499 E6877.39596
G1 X178.678 Y155.422 Z6.3510 E6878.67100
G1 X181.780 Y158.940 Z6.3523 E6880.07503
G1 X184.791 Y162.961 Z6.3537 E6881.57866
G1 X187.590 Y167.368 Z6.3551 E6883.14136
G1 X190.065 Y172.007 Z6.3565 E6884.71531
G1 X192.123 Y176.704 Z6.3579 E6886.25062
G1 X193.701 Y181.286 Z6.3592 E6887.70114
G1 X194.770 Y185.594 Z6.3604 E6889.02977
G1 X195.338 Y189.503 Z6.3615 E6890.21217
G1 X195.443 Y192.930 Z6.3624 E6891.23842
G1 X195.145 Y195.835 Z6.3632 E6892.11270
G1 X194.559 Y198.039 Z6.3639 E6892.79541
G1 X194.503 Y198.216 Z6.3639 E6892.85105
G1 X194.431 Y198.388 Z6.3640 E6892.90669
G1 X193.693 Y199.932 Z6.3644 E6893.41913
G1 X193.598 Y200.108 Z6.3645 E6893.47876
G1 X193.486 Y200.272 Z6.3645 E6893.53838
G1 X192.763 Y201.234 Z6.3649 E6893.89870
G1 X192.639 Y201.383 Z6.3649 E6893.95642
G1 X192.502 Y201.518 Z6.3650 E6894.01413
G1 X191.646 Y202.289 Z6.3653 E6894.35893
G1 X191.000 Y202.713 Z6.3655 E6894.59029
G1 X190.187 Y203.166 Z6.3657 E6894.86892
G1 X189.362 Y203.596 Z6.3660 E6895.14755
G1 X188.524 Y204.002 Z6.3663 E6895.42617
G1 X187.675 Y204.383 Z6.3665 E6895.70480
G1 X186.815 Y204.739 Z6.3668 E6895.98343
G1 X185.945 Y205.070 Z6.3670 E6896.26206
G1 X185.065 Y205.376 Z6.3673 E6896.54069
G1 X184.178 Y205.656 Z6.3675 E6896.81932
G1 X182.243 Y206.089 Z6.3681 E6897.41282
G1 X182.065 Y206.112 Z6.3681 E6897.46639
G1 X181.887 Y206.118 Z6.3682 E6897.51996
G1 X180.942 Y206.111 Z6.3684 E6897.80265
G1 X180.768 Y206.102 Z6.3685 E6897.85490
G1 X180.595 Y206.078 Z6.3685 E6897.90716
G1 X179.320 Y205.842 Z6.3689 E6898.29527
G1 X177.641 Y205.224 Z6.3693 E6898.83089
G1 X175.624 Y204.071 Z6.3700 E6899.52638
G1 X173.488 Y202.378 Z6.3707 E6900.34206
G1 X171.264 Y200.094 Z6.3716 E6901.29635
G1 X169.003 Y197.187 Z6.3726 E6902.39899
G1 X166.772 Y193.658 Z6.3737 E6903.64866
G1 X164.656 Y189.552 Z6.3750 E6905.03127
G1 X162.743 Y184.963 Z6.3763 E6906.51967
G1 X161.120 Y180.027 Z6.3777 E6908.07512
G1 X159.858 Y174.917 Z6.3792 E6909.65074
G1 X159.008 Y169.823 Z6.3806 E6911.19659
G1 X158.592 Y164.933 Z6.3819 E6912.66545
G1 X158.601 Y160.414 Z6.3831 E6914.01824
G1 X159.000 Y156.392 Z6.3842 E6915.22813
G1 X159.732 Y152.946 Z6.3852 E6916.28258
G1 X160.731 Y150.108 Z6.3860 E6917.18335
G1 X161.845 Y148.025 Z6.3867 E6917.89045
G1 X161.937 Y147.870 Z6.3867 E6917.94452
G1 X162.043 Y147.724 Z6.3868 E6917.99858
G1 X163.150 Y146.332 Z6.3873 E6918.53100
G1 X163.280 Y146.184 Z6.3873 E6918.58996
G1 X163.424 Y146.049 Z6.3874 E6918.64891
G1 X164.400 Y145.224 Z6.3877 E6919.03142
G1 X164.554 Y145.106 Z6.3878 E6919.08950
G1 X164.719 Y145.004 Z6.3878 E6919.14758
G1 X165.590 Y144.519 Z6.3881 E6919.44594
G1 X165.759 Y144.436 Z6.3881 E6919.50222
G1 X165.934 Y144.368 Z6.3882 E6919.55850
G1 X166.771 Y144.091 Z6.3884 E6919.82241
G1 X166.947 Y144.042 Z6.3885 E6919.87713
G1 X167.127 Y144.009 Z6.3885 E6919.93185
G1 X167.996 Y143.889 Z6.3888 E6920.19434
G1 X168.173 Y143.873 Z6.3888 E6920.24765
G1 X168.351 Y143.872 Z6.3889 E6920.30097
G1 X169.494 Y143.919 Z6.3892 E6920.64344
G1 X170.978 Y144.244 Z6.3896 E6921.09818
G1 X172.713 Y144.947 Z6.3901 E6921.65841
G1 X174.753 Y146.192 Z6.3907 E6922.37388
G1 X176.907 Y147.988 Z6.3915 E6923.21338
G1 X179.142 Y150.383 Z6.3924 E6924.19396
G1 X181.404 Y153.404 Z6.3934 E6925.32354
G1 X183.620 Y157.041 Z6.3946 E6926.59857
G1 X185.706 Y161.242 Z6.3959 E6928.00261
G1 X187.573 Y165.905 Z6.3972 E6929.50624
G1 X189.136 Y170.886 Z6.3986 E6931.06894
G1 X190.327 Y176.008 Z6.4001 E6932.64289
G1 X191.099 Y181.078 Z6.4015 E6934.17819
G1 X191.437 Y185.912 Z6.4028 E6935.62872
G1 X191.354 Y190.350 Z6.4040 E6936.95735
G1 X190.891 Y194.273 Z6.4051 E6938.13974
G1 X190.106 Y197.610 Z6.4060 E6939.16600
G1 X189.066 Y200.339 Z6.4068 E6940.04028
G1 X187.930 Y202.316 Z6.4074 E6940.72299
G1 X187.830 Y202.473 Z6.4075 E6940.77863
G1 X187.716 Y202.620 Z6.4075 E6940.83426
G1 X186.603 Y203.921 Z6.4080 E6941.34670
G1 X186.466 Y204.066 Z6.4080 E6941.40633
G1 X186.315 Y204.196 Z6.4081 E6941.46596
G1 X185.367 Y204.938 Z6.4084 E6941.82628
G1 X185.210 Y205.049 Z6.4085 E6941.88399
G1 X185.043 Y205.145 Z6.4085 E6941.94171
G1 X184.016 Y205.667 Z6.4088 E6942.28650
G1 X183.282 Y205.910 Z6.4090 E6942.51786
G1 X182.380 Y206.137 Z6.4093 E6942.79649
G1 X181.471 Y206.339 Z6.4096 E6943.07512
G1 X180.557 Y206.514 Z6.4098 E6943.35375
G1 X179.638 Y206.662 Z6.4101 E6943.63238
G1 X178.715 Y206.784 Z6.4103 E6943.91101
G1 X177.789 Y206.878 Z6.4106 E6944.18964
G1 X176.861 Y206.946 Z6.4108 E6944.46827
G1 X175.931 Y206.986 Z6.4111 E6944.74690
G1 X173.950 Y206.905 Z6.4116 E6945.34040
G1 X173.772 Y206.880 Z6.4117 E6945.39397
G1 X173.598 Y206.840 Z6.4117 E6945.44754
G1 X172.688 Y206.589 Z6.4120 E6945.73023
G1 X172.522 Y206.535 Z6.4120 E6945.78248
G1 X172.361 Y206.467 Z6.4121 E6945.83473
G1 X171.190 Y205.910 Z6.4124 E6946.22285
G1 X169.728 Y204.878 Z6.4129 E6946.75847
G1 X168.079 Y203.242 Z6.4135 E6947.45396
G1 X166.454 Y201.054 Z6.4143 E6948.26963
G1 X164.897 Y198.272 Z6.4151 E6949.22393
G1 X163.465 Y194.879 Z6.4161 E6950.32657
G1 X162.224 Y190.893 Z6.4173 E6951.57624
G1 X161.242 Y186.379 Z6.4185 E6952.95885
G1 X160.582 Y181.451 Z6.4199 E6954.44725
G1 X160.291 Y176.263 Z6.4213 E6956.00269
G1 X160.395 Y171.000 Z6.4227 E6957.57832
G1 X160.893 Y165.860 Z6.4241 E6959.12417
G1 X161.757 Y161.030 Z6.4255 E6960.59303
G1 X162.935 Y156.667 Z6.4267 E6961.94582
G1 X164.361 Y152.885 Z6.4278 E6963.15570
G1 X165.960 Y149.746 Z6.4288 E6964.21016
G1 X167.659 Y147.263 Z6.4296 E6965.11093
G1 X169.275 Y145.539 Z6.4302 E6965.81803
G1 X169.404 Y145.413 Z6.4303 E6965.87209
G1 X169.544 Y145.299 Z6.4303 E6965.92616
G1 X170.974 Y144.242 Z6.4308 E6966.45858
G1 X171.138 Y144.132 Z6.4309 E6966.51753
G1 X171.312 Y144.040 Z6.4309 E6966.57649
G1 X172.468 Y143.495 Z6.4313 E6966.95900
G1 X172.647 Y143.421 Z6.4313 E6967.01708
G1 X172.833 Y143.365 Z6.4314 E6967.07516
G1 X173.800 Y143.122 Z6.4316 E6967.37352
G1 X173.984 Y143.085 Z6.4317 E6967.42980
G1 X174.171 Y143.066 Z6.4317 E6967.48608
G1 X175.051 Y143.015 Z6.4320 E6967.74999
G1 X175.234 Y143.012 Z6.4320 E6967.80471
G1 X175.416 Y143.027 Z6.4321 E6967.85942
G1 X176.286 Y143.136 Z6.4323 E6968.12192
G1 X176.462 Y143.166 Z6.4324 E6968.17523
G1 X176.634 Y143.212 Z6.4324 E6968.22854
G1 X177.726 Y143.553 Z6.4327 E6968.57102
G1 X179.075 Y144.251 Z6.4331 E6969.02576
G1 X180.569 Y145.379 Z6.4336 E6969.58599
G1 X182.217 Y147.110 Z6.4343 E6970.30145
G1 X183.833 Y149.402 Z6.4351 E6971.14096
G1 X185.372 Y152.294 Z6.4360 E6972.12154
G1 X186.775 Y155.797 Z6.4370 E6973.25112
G1 X187.974 Y159.884 Z6.4381 E6974.52615
G1 X188.902 Y164.482 Z6.4394 E6975.93019
G1 X189.498 Y169.469 Z6.4408 E6977.43382
G1 X189.719 Y174.685 Z6.4422 E6978.99652
G1 X189.544 Y179.940 Z6.4436 E6980.57047
G1 X188.977 Y185.038 Z6.4450 E6982.10577
G1 X188.052 Y189.794 Z6.4463 E6983.55630
G1 X186.824 Y194.060 Z6.4475 E6984.88493
G1 X185.362 Y197.729 Z6.4486 E6986.06732
G1 X183.740 Y200.749 Z6.4496 E6987.09357
G1 X182.029 Y203.116 Z6.4504 E6987.96785
G1 X180.419 Y204.732 Z6.4510 E6988.65057
G1 X180.282 Y204.858 Z6.4510 E6988.70620
G1 X180.134 Y204.970 Z6.4511 E6988.76184
G1 X178.722 Y205.938 Z6.4515 E6989.27428
G1 X178.553 Y206.043 Z6.4516 E6989.33391
G1 X178.373 Y206.130 Z6.4516 E6989.39354
G1 X177.266 Y206.601 Z6.4520 E6989.75386
G1 X177.085 Y206.668 Z6.4520 E6989.81157
G1 X176.898 Y206.717 Z6.4521 E6989.86928
G1 X175.772 Y206.956 Z6.4524 E6990.21408
G1 X175.000 Y207.000 Z6.4526 E6990.44544
G1 X174.069 Y206.986 Z6.4529 E6990.72407
G1 X173.139 Y206.946 Z6.4531 E6991.00270
G1 X172.211 Y206.878 Z6.4534 E6991.28133
G1 X171.285 Y206.784 Z6.4536 E6991.55996
G1 X170.362 Y206.662 Z6.4539 E6991.83859
G1 X169.443 Y206.514 Z6.4541 E6992.11722
G1 X168.529 Y206.339 Z6.4544 E6992.39585
G1 X167.620 Y206.137 Z6.4546 E6992.67448
G1 X165.728 Y205.546 Z6.4552 E6993.26798
G1 X165.563 Y205.476 Z6.4552 E6993.32155
G1 X165.405 Y205.393 Z6.4553 E6993.37512
G1 X164.591 Y204.914 Z6.4555 E6993.65781
G1 X164.444 Y204.819 Z6.4556 E6993.71006
G1 X164.307 Y204.712 Z6.4556 E6993.76231
G1 X163.320 Y203.870 Z6.4560 E6994.15043
G1 X162.175 Y202.495 Z6.4565 E6994.68605
G1 X161.005 Y200.488 Z6.4571 E6995.38153
G1 X160.002 Y197.955 Z6.4578 E6996.19721
G1 X159.218 Y194.865 Z6.4587 E6997.15150
G1 X158.713 Y191.216 Z6.4597 E6998.25415
G1 X158.546 Y187.044 Z6.4608 E6999.50381
G1 X158.766 Y182.431 Z6.4621 E7000.88643
G1 X159.404 Y177.500 Z6.4634 E7002.37483
G1 X160.466 Y172.413 Z6.4649 E7003.93027
G1 X161.928 Y167.357 Z6.4663 E7005.50589
G1 X163.739 Y162.520 Z6.4677 E7007.05175
G1 X165.824 Y158.078 Z6.4690 E7008.52061
G1 X168.091 Y154.169 Z6.4703 E7009.87340
G1 X170.447 Y150.885 Z6.4714 E7011.08328
G1 X172.804 Y148.267 Z6.4723 E7012.13774
G1 X175.088 Y146.308 Z6.4731 E7013.03851
G1 X177.095 Y145.061 Z6.4738 E7013.74561
G1 X177.252 Y144.973 Z6.4738 E7013.79967
G1 X177.417 Y144.899 Z6.4739 E7013.85374
G1 X179.072 Y144.248 Z6.4744 E7014.38615
G1 X179.259 Y144.185 Z6.4744 E7014.44511
G1 X179.451 Y144.140 Z6.4745 E7014.50407
G1 X180.708 Y143.914 Z6.4748 E7014.88658
G1 X180.901 Y143.888 Z6.4749 E7014.94466
G1 X181.095 Y143.882 Z6.4749 E7015.00274
G1 X182.091 Y143.898 Z6.4752 E7015.30109
G1 X182.279 Y143.910 Z6.4752 E7015.35737
G1 X182.465 Y143.939 Z6.4753 E7015.41366
G1 X183.328 Y144.118 Z6.4755 E7015.67757
G1 X183.505 Y144.163 Z6.4756 E7015.73228
G1 X183.677 Y144.224 Z6.4756 E7015.78700
G1 X184.489 Y144.555 Z6.4759 E7016.04949
G1 X184.651 Y144.629 Z6.4759 E7016.10281
G1 X184.806 Y144.718 Z6.4760 E7016.15612
G1 X185.772 Y145.331 Z6.4763 E7016.49859
G1 X186.895 Y146.354 Z6.4767 E7016.95334
G1 X188.046 Y147.829 Z6.4772 E7017.51357
G1 X189.190 Y149.928 Z6.4779 E7018.22903
G1 X190.157 Y152.560 Z6.4786 E7019.06853
G1 X190.896 Y155.752 Z6.4795 E7020.04912
G1 X191.344 Y159.499 Z6.4805 E7021.17869
G1 X191.444 Y163.757 Z6.4817 E7022.45373
G1 X191.151 Y168.438 Z6.4830 E7023.85776
G1 X190.436 Y173.410 Z6.4843 E7025.36139
G1 X189.299 Y178.505 Z6.4858 E7026.92410
G1 X187.769 Y183.536 Z6.4872 E7028.49804
G1 X185.903 Y188.313 Z6.4886 E7030.03335
G1 X183.779 Y192.669 Z6.4899 E7031.48387
G1 X181.488 Y196.471 Z6.4911 E7032.81251
G1 X179.126 Y199.636 Z6.4922 E7033.99490
G1 X176.777 Y202.134 Z6.4931 E7035.02115
G1 X174.512 Y203.977 Z6.4939 E7035.89543
G1 X172.539 Y205.122 Z6.4945 E7036.57814
G1 X172.374 Y205.207 Z6.4946 E7036.63378
G1 X172.202 Y205.277 Z6.4946 E7036.68942
G1 X170.588 Y205.848 Z6.4951 E7037.20186
G1 X170.397 Y205.904 Z6.4951 E7037.26149
G1 X170.201 Y205.942 Z6.4952 E7037.32111
G1 X169.010 Y206.110 Z6.4955 E7037.68144
G1 X168.818 Y206.128 Z6.4956 E7037.73915
G1 X168.625 Y206.127 Z6.4956 E7037.79686
G1 X167.475 Y206.067 Z6.4959 E7038.14166
G1 X166.718 Y205.910 Z6.4962 E7038.37302
G1 X165.822 Y205.656 Z6.4964 E7038.65165
G1 X164.935 Y205.376 Z6.4967 E7038.93028
G1 X164.055 Y205.070 Z6.4969 E7039.20891
G1 X163.185 Y204.739 Z6.4972 E7039.48754
G1 X162.325 Y204.383 Z6.4974 E7039.76616
G1 X161.476 Y204.002 Z6.4977 E7040.04479
G1 X160.638 Y203.596 Z6.4979 E7040.32342
G1 X159.813 Y203.166 Z6.4982 E7040.60205
G1 X158.138 Y202.105 Z6.4987 E7041.19555
G1 X157.997 Y201.995 Z6.4988 E7041.24912
G1 X157.866 Y201.874 Z6.4988 E7041.30270
G1 X157.203 Y201.201 Z6.4991 E7041.58538
G1 X157.086 Y201.071 Z6.4991 E7041.63764
G1 X156.981 Y200.932 Z6.4992 E7041.68989
G1 X156.246 Y199.864 Z6.4995 E7042.07800
G1 X155.496 Y198.239 Z6.5000 E7042.61363
G1 X154.885 Y195.997 Z6.5006 E7043.30911
G1 X154.572 Y193.291 Z6.5014 E7044.12479
G1 X154.614 Y190.103 Z6.5023 E7045.07908
G1 X155.071 Y186.448 Z6.5033 E7046.18172
G1 X155.989 Y182.375 Z6.5044 E7047.43139
G1 X157.396 Y177.976 Z6.5056 E7048.81400
G1 X159.288 Y173.378 Z6.5070 E7050.30240
G1 X161.631 Y168.739 Z6.5084 E7051.85785
G1 X164.352 Y164.234 Z6.5098 E7053.43347
G1 X167.353 Y160.031 Z6.5112 E7054.97933
G1 X170.516 Y156.280 Z6.5126 E7056.44818
G1 X173.718 Y153.091 Z6.5138 E7057.80097
G1 X176.844 Y150.528 Z6.5149 E7059.01086
G1 X179.798 Y148.609 Z6.5159 E7060.06531
G1 X182.511 Y147.309 Z6.5167 E7060.96608
G1 X184.772 Y146.624 Z6.5173 E7061.67319
G1 X184.947 Y146.579 Z6.5174 E7061.72725
G1 X185.126 Y146.551 Z6.5174 E7061.78131
G1 X186.893 Y146.349 Z6.5179 E7062.31373
G1 X187.089 Y146.337 Z6.5180 E7062.37269
G1 X187.286 Y146.344 Z6.5180 E7062.43165
G1 X188.560 Y146.450 Z6.5184 E7062.81415
G1 X188.752 Y146.476 Z6.5184 E7062.87223
G1 X188.941 Y146.520 Z6.5185 E7062.93032
G1 X189.899 Y146.793 Z6.5187 E7063.22867
G1 X190.078 Y146.853 Z6.5188 E7063.28495
G1 X190.249 Y146.930 Z6.5188 E7063.34123
G1 X191.037 Y147.325 Z6.5191 E7063.60514
G1 X191.196 Y147.415 Z6.5191 E7063.65986
G1 X191.347 Y147.519 Z6.5192 E7063.71458
G1 X192.046 Y148.048 Z6.5194 E7063.97707
G1 X192.183 Y148.162 Z6.5195 E7064.03038
G1 X192.309 Y148.288 Z6.5195 E7064.08370
G1 X193.084 Y149.129 Z6.5198 E7064.42617
G1 X193.904 Y150.408 Z6.5202 E7064.88092
G1 X194.634 Y152.132 Z6.5208 E7065.44114
G1 X195.195 Y154.455 Z6.5214 E7066.15661
G1 X195.449 Y157.248 Z6.5222 E7066.99611
G1 X195.336 Y160.522 Z6.5231 E7067.97669
G1 X194.799 Y164.257 Z6.5241 E7069.10627
G1 X193.794 Y168.396 Z6.5252 E7070.38130
G1 X192.299 Y172.842 Z6.5265 E7071.78534
G1 X190.321 Y177.459 Z6.5279 E7073.28897
G1 X187.905 Y182.087 Z6.5293 E7074.85167
G1 X185.125 Y186.550 Z6.5307 E7076.42562
G1 X182.086 Y190.681 Z6.5321 E7077.96092
G1 X178.906 Y194.339 Z6.5335 E7079.41145
G1 X175.710 Y197.418 Z6.5347 E7080.74008
G1 X172.609 Y199.865 Z6.5357 E7081.92247
G1 X169.694 Y201.669 Z6.5367 E7082.94873
G1 X167.029 Y202.864 Z6.5375 E7083.82301
G1 X164.827 Y203.458 Z6.5381 E7084.50572
G1 X164.646 Y203.498 Z6.5381 E7084.56136
G1 X164.461 Y203.521 Z6.5382 E7084.61699
G1 X162.754 Y203.655 Z6.5386 E7085.12943
G1 X162.555 Y203.660 Z6.5387 E7085.18906
G1 X162.357 Y203.646 Z6.5388 E7085.24869
G1 X161.162 Y203.500 Z6.5391 E7085.60901
G1 X160.972 Y203.467 Z6.5391 E7085.66672
G1 X160.786 Y203.417 Z6.5392 E7085.72444
G1 X159.690 Y203.061 Z6.5395 E7086.06923
G1 X159.000 Y202.713 Z6.5397 E7086.30059
G1 X158.201 Y202.236 Z6.5400 E7086.57922
G1 X157.416 Y201.736 Z6.5402 E7086.85785
G1 X156.646 Y201.213 Z6.5405 E7087.13648
G1 X155.891 Y200.668 Z6.5407 E7087.41511
G1 X155.152 Y200.101 Z6.5410 E7087.69374
G1 X154.431 Y199.513 Z6.5412 E7087.97237
G1 X153.727 Y198.905 Z6.5415 E7088.25100
G1 X153.040 Y198.276 Z6.5417 E7088.52963
G1 X151.697 Y196.817 Z6.5423 E7089.12313
G1 X151.589 Y196.675 Z6.5423 E7089.17670
G1 X151.494 Y196.523 Z6.5424 E7089.23027
G1 X151.028 Y195.702 Z6.5426 E7089.51296
G1 X150.949 Y195.546 Z6.5427 E7089.56521
G1 X150.883 Y195.384 Z6.5427 E7089.61746
G1 X150.450 Y194.163 Z6.5431 E7090.00558
G1 X150.146 Y192.399 Z6.5436 E7090.54120
G1 X150.136 Y190.076 Z6.5442 E7091.23669
G1 X150.534 Y187.380 Z6.5449 E7092.05237
G1 X151.400 Y184.312 Z6.5458 E7093.00666
G1 X152.787 Y180.900 Z6.5468 E7094.10930
G1 X154.728 Y177.204 Z6.5479 E7095.35897
G1 X157.225 Y173.318 Z6.5492 E7096.74158
G1 X160.244 Y169.367 Z6.5506 E7098.22998
G1 X163.706 Y165.493 Z6.5520 E7099.78542
G1 X167.501 Y161.845 Z6.5534 E7101.36105
G1 X171.488 Y158.562 Z6.5548 E7102.90690
G1 X175.514 Y155.757 Z6.5561 E7104.37576
G1 X179.432 Y153.505 Z6.5574 E7105.72855
G1 X183.115 Y151.839 Z6.5585 E7106.93844
G1 X186.465 Y150.750 Z6.5594 E7107.99289
G1 X189.423 Y150.196 Z6.5602 E7108.89366
G1 X191.784 Y150.120 Z6.5609 E7109.60076
G1 X191.964 Y150.122 Z6.5609 E7109.65483
G1 X192.144 Y150.141 Z6.5610 E7109.70889
G1 X193.903 Y150.404 Z6.5615 E7110.24131
G1 X194.096 Y150.442 Z6.5615 E7110.30026
G1 X194.284 Y150.500 Z6.5616 E7110.35922
G1 X195.487 Y150.933 Z6.5619 E7110.74173
G1 X195.666 Y151.007 Z6.5620 E7110.79981
G1 X195.837 Y151.098 Z6.5620 E7110.85789
G1 X196.692 Y151.610 Z6.5623 E7111.15625
G1 X196.849 Y151.715 Z6.5624 E7111.21253
G1 X196.995 Y151.833 Z6.5624 E7111.26881
G1 X197.653 Y152.419 Z6.5626 E7111.53272
G1 X197.784 Y152.547 Z6.5627 E7111.58744
G1 X197.903 Y152.686 Z6.5627 E7111.64216
G1 X198.441 Y153.378 Z6.5630 E7111.90465
G1 X198.543 Y153.524 Z6.5630 E7111.95796
G1 X198.633 Y153.678 Z6.5631 E7112.01127
G1 X199.164 Y154.691 Z6.5634 E7112.35375
G1 X199.625 Y156.139 Z6.5638 E7112.80849
G1 X199.883 Y157.993 Z6.5643 E7113.36872
G1 X199.824 Y160.382 Z6.5650 E7114.08418
G1 X199.347 Y163.145 Z6.5657 E7114.92369
G1 X198.390 Y166.278 Z6.5666 E7115.90427
G1 X196.905 Y169.747 Z6.5676 E7117.03385
G1 X194.863 Y173.485 Z6.5688 E7118.30888
G1 X192.268 Y177.393 Z6.5701 E7119.71292
G1 X189.163 Y181.341 Z6.5714 E7121.21655
G1 X185.631 Y185.185 Z6.5729 E7122.77925
G1 X181.791 Y188.777 Z6.5743 E7124.35320
G1 X177.786 Y191.981 Z6.5757 E7125.88850
G1 X173.768 Y194.691 Z6.5770 E7127.33903
G1 X169.884 Y196.838 Z6.5782 E7128.66766
G1 X166.255 Y198.399 Z6.5793 E7129.85005
G1 X162.972 Y199.387 Z6.5802 E7130.87630
G1 X160.089 Y199.851 Z6.5810 E7131.75059
G1 X157.808 Y199.856 Z6.5816 E7132.43330
G1 X157.622 Y199.847 Z6.5817 E7132.48893
G1 X157.438 Y199.822 Z6.5817 E7132.54457
G1 X155.755 Y199.509 Z6.5822 E7133.05701
G1 X155.562 Y199.463 Z6.5823 E7133.11664
G1 X155.373 Y199.397 Z6.5823 E7133.17627
G1 X154.257 Y198.947 Z6.5826 E7133.53659
G1 X154.082 Y198.867 Z6.5827 E7133.59430
G1 X153.915 Y198.769 Z6.5827 E7133.65201
G1 X152.949 Y198.142 Z6.5831 E7133.99681
G1 X152.373 Y197.627 Z6.5833 E7134.22817
G1 X151.724 Y196.960 Z6.5835 E7134.50680
G1 X151.095 Y196.273 Z6.5838 E7134.78543
G1 X150.487 Y195.569 Z6.5840 E7135.06406
G1 X149.899 Y194.848 Z6.5843 E7135.34269
G1 X149.332 Y194.109 Z6.5845 E7135.62132
G1 X148.787 Y193.354 Z6.5848 E7135.89995
G1 X148.264 Y192.584 Z6.5850 E7136.17858
G1 X147.764 Y191.799 Z6.5853 E7136.45721
G1 X146.845 Y190.043 Z6.5858 E7137.05071
G1 X146.777 Y189.877 Z6.5859 E7137.10428
G1 X146.724 Y189.706 Z6.5859 E7137.15785
G1 X146.487 Y188.792 Z6.5862 E7137.44054
G1 X146.451 Y188.621 Z6.5862 E7137.49279
G1 X146.429 Y188.448 Z6.5863 E7137.54504
G1 X146.327 Y187.155 Z6.5866 E7137.93316
G1 X146.489 Y185.374 Z6.5871 E7138.46878
G1 X147.081 Y183.127 Z6.5878 E7139.16426
G1 X148.163 Y180.626 Z6.5885 E7139.97994
G1 X149.794 Y177.887 Z6.5894 E7140.93424
G1 X152.017 Y174.949 Z6.5904 E7142.03688
G1 X154.848 Y171.882 Z6.5915 E7143.28654
G1 X158.266 Y168.775 Z6.5928 E7144.66916
G1 X162.204 Y165.739 Z6.5941 E7146.15756
G1 X166.552 Y162.894 Z6.5955 E7147.71300
G1 X171.162 Y160.352 Z6.5970 E7149.28862
G1 X175.862 Y158.213 Z6.5984 E7150.83448
G1 X180.477 Y156.546 Z6.5997 E7152.30334
G1 X184.845 Y155.385 Z6.6009 E7153.65613
G1 X188.833 Y154.729 Z6.6020 E7154.86601
G1 X192.350 Y154.544 Z6.6030 E7155.92047
G1 X195.351 Y154.774 Z6.6038 E7156.82124
G1 X197.651 Y155.312 Z6.6044 E7157.52834
G1 X197.825 Y155.361 Z6.6045 E7157.58240
G1 X197.994 Y155.425 Z6.6045 E7157.63647
G1 X199.625 Y156.134 Z6.6050 E7158.16888
G1 X199.801 Y156.222 Z6.6051 E7158.22784
G1 X199.968 Y156.326 Z6.6051 E7158.28680
G1 X201.018 Y157.055 Z6.6055 E7158.66931
G1 X201.172 Y157.173 Z6.6055 E7158.72739
G1 X201.313 Y157.306 Z6.6056 E7158.78547
G1 X202.007 Y158.022 Z6.6059 E7159.08382
G1 X202.131 Y158.163 Z6.6059 E7159.14011
G1 X202.242 Y158.315 Z6.6060 E7159.19639
G1 X202.726 Y159.052 Z6.6062 E7159.46030
G1 X202.819 Y159.209 Z6.6062 E7159.51501
G1 X202.898 Y159.374 Z6.6063 E7159.56973
G1 X203.238 Y160.182 Z6.6065 E7159.83223
G1 X203.300 Y160.349 Z6.6066 E7159.88554
G1 X203.346 Y160.521 Z6.6066 E7159.93885
G1 X203.596 Y161.637 Z6.6069 E7160.28133
G1 X203.667 Y163.155 Z6.6074 E7160.73607
G1 X203.437 Y165.012 Z6.6079 E7161.29630
G1 X202.762 Y167.305 Z6.6085 E7162.01176
G1 X201.585 Y169.851 Z6.6093 E7162.85126
G1 X199.850 Y172.629 Z6.6102 E7163.83185
G1 X197.518 Y175.596 Z6.6112 E7164.96142
G1 X194.578 Y178.678 Z6.6124 E7166.23646
G1 X191.060 Y181.780 Z6.6136 E7167.64050
G1 X187.039 Y184.791 Z6.6150 E7169.14412
G1 X182.632 Y187.590 Z6.6164 E7170.70683
G1 X177.993 Y190.065 Z6.6178 E7172.28077
G1 X173.296 Y192.123 Z6.6192 E7173.81608
G1 X168.714 Y193.701 Z6.6206 E7175.26660
G1 X164.406 Y194.770 Z6.6218 E7176.59524
G1 X160.497 Y195.338 Z6.6228 E7177.77763
G1 X157.070 Y195.443 Z6.6238 E7178.80388
G1 X154.165 Y195.145 Z6.6246 E7179.67816
G1 X151.961 Y194.559 Z6.6252 E7180.36087
G1 X151.784 Y194.503 Z6.6252 E7180.41651
G1 X151.612 Y194.431 Z6.6253 E7180.47215
G1 X150.068 Y193.693 Z6.6258 E7180.98459
G1 X149.892 Y193.598 Z6.6258 E7181.04422
G1 X149.728 Y193.486 Z6.6259 E7181.10385
G1 X148.766 Y192.763 Z6.6262 E7181.46417
G1 X148.617 Y192.639 Z6.6262 E7181.52188
G1 X148.482 Y192.502 Z6.6263 E7181.57959
G1 X147.711 Y191.646 Z6.6266 E7181.92439
G1 X147.287 Y191.000 Z6.6268 E7182.15575
G1 X146.834 Y190.187 Z6.6271 E7182.43438
G1 X146.404 Y189.362 Z6.6273 E7182.71301
G1 X145.998 Y188.524 Z6.6276 E7182.99164
G1 X145.617 Y187.675 Z6.6278 E7183.27027
G1 X145.261 Y186.815 Z6.6281 E7183.54890
G1 X144.930 Y185.945 Z6.6283 E7183.82753
G1 X144.624 Y185.065 Z6.6286 E7184.10616
G1 X144.344 Y184.178 Z6.6288 E7184.38478
G1 X143.911 Y182.243 Z6.6294 E7184.97829
G1 X143.888 Y182.065 Z6.6294 E7185.03186
G1 X143.882 Y181.887 Z6.6295 E7185.08543
G1 X143.889 Y180.942 Z6.6297 E7185.36811
G1 X143.898 Y180.768 Z6.6298 E7185.42037
G1 X143.922 Y180.595 Z6.6298 E7185.47262
G1 X144.158 Y179.320 Z6.6302 E7185.86074
G1 X144.776 Y177.641 Z6.6307 E7186.39636
G1 X145.929 Y175.624 Z6.6313 E7187.09184
G1 X147.622 Y173.488 Z6.6320 E7187.90752
G1 X149.906 Y171.264 Z6.6329 E7188.86181
G1 X152.813 Y169.003 Z6.6339 E7189.96446
G1 X156.342 Y166.772 Z6.6351 E7191.21412
G1 X160.448 Y164.656 Z6.6363 E7192.59673
G1 X165.037 Y162.743 Z6.6377 E7194.08513
G1 X169.973 Y161.120 Z6.6391 E7195.64058
G1 X175.083 Y159.858 Z6.6405 E7197.21620
G1 X180.177 Y159.008 Z6.6419 E7198.76206
G1 X185.067 Y158.592 Z6.6432 E7200.23091
G1 X189.586 Y158.601 Z6.6445 E7201.58370
G1 X193.608 Y159.000 Z6.6456 E7202.79359
G1 X197.054 Y159.732 Z6.6465 E7203.84805
G1 X199.892 Y160.731 Z6.6474 E7204.74882
G1 X201.975 Y161.845 Z6.6480 E7205.45592
G1 X202.130 Y161.937 Z6.6480 E7205.50998
G1 X202.276 Y162.043 Z6.6481 E7205.56404
G1 X203.668 Y163.150 Z6.6486 E7206.09646
G1 X203.816 Y163.280 Z6.6486 E7206.15542
G1 X203.951 Y163.424 Z6.6487 E7206.21438
G1 X204.776 Y164.400 Z6.6490 E7206.59688
G1 X204.894 Y164.554 Z6.6491 E7206.65497
G1 X204.996 Y164.719 Z6.6491 E7206.71305
G1 X205.481 Y165.590 Z6.6494 E7207.01140
G1 X205.564 Y165.759 Z6.6495 E7207.06768
G1 X205.632 Y165.934 Z6.6495 E7207.12396
G1 X205.909 Y166.771 Z6.6498 E7207.38787
G1 X205.958 Y166.947 Z6.6498 E7207.44259
G1 X205.991 Y167.127 Z6.6498 E7207.49731
G1 X206.111 Y167.996 Z6.6501 E7207.75980
G1 X206.127 Y168.173 Z6.6501 E7207.81311
G1 X206.128 Y168.351 Z6.6502 E7207.86643
G1 X206.081 Y169.494 Z6.6505 E7208.20890
G1 X205.756 Y170.978 Z6.6509 E7208.66365
G1 X205.053 Y172.713 Z6.6514 E7209.22388
G1 X203.808 Y174.753 Z6.6521 E7209.93934
G1 X202.012 Y176.907 Z6.6528 E7210.77884
G1 X199.617 Y179.142 Z6.6537 E7211.75943
G1 X196.596 Y181.404 Z6.6547 E7212.88900
G1 X192.959 Y183.620 Z6.6559 E7214.16403
G1 X188.758 Y185.706 Z6.6572 E7215.56807
G1 X184.095 Y187.573 Z6.6586 E7217.07170
G1 X179.114 Y189.136 Z6.6600 E7218.63440
G1 X173.992 Y190.327 Z6.6614 E7220.20835
G1 X168.922 Y191.099 Z6.6628 E7221.74366
G1 X164.088 Y191.437 Z6.6641 E7223.19418
G1 X159.650 Y191.354 Z6.6653 E7224.52281
G1 X155.727 Y190.891 Z6.6664 E7225.70520
G1 X152.390 Y190.106 Z6.6673 E7226.73146
G1 X149.661 Y189.066 Z6.6681 E7227.60574
G1 X147.684 Y187.930 Z6.6687 E7228.28845
G1 X147.527 Y187.830 Z6.6688 E7228.34409
G1 X147.380 Y187.716 Z6.6688 E7228.39972
G1 X146.079 Y186.603 Z6.6693 E7228.91217
G1 X145.934 Y186.466 Z6.6694 E7228.97179
G1 X145.804 Y186.315 Z6.6694 E7229.03142
G1 X145.062 Y185.367 Z6.6697 E7229.39174
G1 X144.951 Y185.210 Z6.6698 E7229.44946
G1 X144.855 Y185.043 Z6.6699 E7229.50717
G1 X144.333 Y184.016 Z6.6702 E7229.85197
G1 X144.090 Y183.282 Z6.6704 E7230.08332
G1 X143.847 Y182.313 Z6.6706 E7230.38240
G1 X143.634 Y181.337 Z6.6709 E7230.68148
G1 X143.451 Y180.355 Z6.6712 E7230.98056
G1 X143.299 Y179.367 Z6.6715 E7231.27964
G1 X143.179 Y178.375 Z6.6717 E7231.57871
G1 X143.089 Y177.380 Z6.6720 E7231.87779
G1 X143.030 Y176.383 Z6.6723 E7232.17687
G1 X143.002 Y175.384 Z6.6725 E7232.47595
G1 X143.006 Y174.385 Z6.6728 E7232.77503
G1 X143.041 Y173.387 Z6.6731 E7233.07410
G1 X143.107 Y172.390 Z6.6734 E7233.37318
G1 X143.204 Y171.395 Z6.6736 E7233.67226
G1 X143.332 Y170.404 Z6.6739 E7233.97134
G1 X143.491 Y169.418 Z6.6742 E7234.27042
G1 X143.680 Y168.437 Z6.6745 E7234.56949
G1 X143.900 Y167.463 Z6.6747 E7234.86857
G1 X144.151 Y166.495 Z6.6750 E7235.16765
G1 X144.431 Y165.536 Z6.6753 E7235.46673
G1 X144.742 Y164.587 Z6.6755 E7235.76580
G1 X145.082 Y163.647 Z6.6758 E7236.06488
G1 X145.451 Y162.719 Z6.6761 E7236.36396
G1 X145.848 Y161.802 Z6.6764 E7236.66304
G1 X146.275 Y160.898 Z6.6766 E7236.96212
G1 X146.729 Y160.009 Z6.6769 E7237.26119
G1 X147.211 Y159.133 Z6.6772 E7237.56027
G1 X147.720 Y158.273 Z6.6774 E7237.85935
G1 X148.255 Y157.430 Z6.6777 E7238.15843
G1 X148.817 Y156.604 Z6.6780 E7238.45751
G1 X149.404 Y155.795 Z6.6783 E7238.75658
G1 X150.016 Y155.005 Z6.6785 E7239.05566
G1 X150.652 Y154.235 Z6.6788 E7239.35474
G1 X151.312 Y153.485 Z6.6791 E7239.65382
G1 X151.995 Y152.756 Z6.6793 E7239.95290
G1 X152.701 Y152.049 Z6.6796 E7240.25197
G1 X153.428 Y151.364 Z6.6799 E7240.55105
G1 X154.177 Y150.702 Z6.6802 E7240.85013
G1 X154.945 Y150.064 Z6.6804 E7241.14921
G1 X155.734 Y149.450 Z6.6807 E7241.44829
G1 X156.541 Y148.861 Z6.6810 E7241.74736
G1 X157.366 Y148.297 Z6.6812 E7242.04644
G1 X158.208 Y147.760 Z6.6815 E7242.34552
G1 X159.067 Y147.249 Z6.6818 E7242.64460
G1 X159.941 Y146.765 Z6.6821 E7242.94367
G1 X160.830 Y146.309 Z6.6823 E7243.24275
G1 X161.732 Y145.880 Z6.6826 E7243.54183
G1 X162.648 Y145.480 Z6.6829 E7243.84091
G1 X163.575 Y145.109 Z6.6831 E7244.13999
G1 X164.514 Y144.767 Z6.6834 E7244.43906
G1 X165.463 Y144.454 Z6.6837 E7244.73814
G1 X166.421 Y144.171 Z6.6840 E7245.03722
G1 X167.388 Y143.919 Z6.6842 E7245.33630
G1 X168.362 Y143.696 Z6.6845 E7245.63538
G1 X169.342 Y143.504 Z6.6848 E7245.93445
G1 X170.328 Y143.343 Z6.6851 E7246.23353
G1 X171.319 Y143.212 Z6.6853 E7246.53261
G1 X172.313 Y143.113 Z6.6856 E7246.83169
G1 X173.310 Y143.045 Z6.6859 E7247.13077
G1 X174.308 Y143.007 Z6.6861 E7247.42984
G1 X175.307 Y143.001 Z6.6864 E7247.72892
G1 X176.306 Y143.027 Z6.6867 E7248.02800
G1 X177.304 Y143.083 Z6.6870 E7248.32708
G1 X178.299 Y143.171 Z6.6872 E7248.62615
G1 X179.291 Y143.289 Z6.6875 E7248.92523
G1 X180.279 Y143.438 Z6.6878 E7249.22431
G1 X181.262 Y143.619 Z6.6880 E7249.52339
G1 X182.238 Y143.829 Z6.6883 E7249.82247
G1 X183.208 Y144.071 Z6.6886 E7250.12154
G1 X184.170 Y144.342 Z6.6889 E7250.42062
G1 X185.122 Y144.643 Z6.6891 E7250.71970
G1 X186.065 Y144.974 Z6.6894 E7251.01878
G1 X186.997 Y145.334 Z6.6897 E7251.31786
G1 X187.917 Y145.723 Z6.6899 E7251.61693
G1 X188.825 Y146.140 Z6.6902 E7251.91601
G1 X189.719 Y146.586 Z6.6905 E7252.21509
G1 X190.599 Y147.059 Z6.6908 E7252.51417
G1 X191.464 Y147.560 Z6.6910 E7252.81325
G1 X192.312 Y148.087 Z6.6913 E7253.11232
G1 X193.144 Y148.641 Z6.6916 E7253.41140
G1 X193.958 Y149.220 Z6.6918 E7253.71048
G1 X194.754 Y149.825 Z6.6921 E7254.00956
G1 X195.530 Y150.454 Z6.6924 E7254.30864
G1 X196.286 Y151.107 Z6.6927 E7254.60771
G1 X197.022 Y151.783 Z6.6929 E7254.90679
G1 X197.736 Y152.482 Z6.6932 E7255.20587
G1 X198.428 Y153.202 Z6.6935 E7255.50495
G1 X199.097 Y153.944 Z6.6937 E7255.80402
G1 X199.742 Y154.707 Z6.6940 E7256.10310
G1 X200.364 Y155.489 Z6.6943 E7256.40218
G1 X200.961 Y156.290 Z6.6946 E7256.70126
G1 X201.532 Y157.110 Z6.6948 E7257.00034
G1 X202.078 Y157.947 Z6.6951 E7257.29941
G1 X202.597 Y158.801 Z6.6954 E7257.59849
G1 X203.089 Y159.670 Z6.6957 E7257.89757
G1 X203.554 Y160.555 Z6.6959 E7258.19665
G1 X203.991 Y161.453 Z6.6962 E7258.49573
G1 X204.400 Y162.365 Z6.6965 E7258.79480
G1 X204.780 Y163.289 Z6.6967 E7259.09388
G1 X205.131 Y164.224 Z6.6970 E7259.39296
G1 X205.453 Y165.170 Z6.6973 E7259.69204
G1 X205.745 Y166.125 Z6.6976 E7259.99112
G1 X206.007 Y167.090 Z6.6978 E7260.29019
G1 X206.239 Y168.061 Z6.6981 E7260.58927
G1 X206.440 Y169.040 Z6.6984 E7260.88835
G1 X206.611 Y170.024 Z6.6986 E7261.18743
G1 X206.751 Y171.014 Z6.6989 E7261.48651
G1 X206.860 Y172.007 Z6.6992 E7261.78558
G1 X206.938 Y173.003 Z6.6995 E7262.08466
G1 X206.984 Y174.001 Z6.6997 E7262.38374
G1 X207.000 Y175.000 Z6.7000 E7262.68282
M107
SET_PIN PIN=fan1 VALUE=0
SET_PIN PIN=fan2 VALUE=0
M104 S0
M140 S0
G0 Z46.7 F900
G0 X10 Y340 F9000
