; WAVES — rippled ribbons to shape by hand, 12x10 of 8.0mm
; bead 1.5x0.9 = 1.35mm2 at 41 mm/s -> flow=55.0 mm3/s
; 166 x 76mm on a 229x225 bed, pressed to 0.55mm
; HEADER_BLOCK_START
; total layer number: 1
; HEADER_BLOCK_END
M140 S95
M104 S210
G90
; NO HOME — assumes the machine is ALREADY homed; push.py verifies and homes if not
M190 S95
M109 S210
M204 S8000
M107
M82
G92 E0
G1 Z0.550 F600
G0 F9000 X6.000 Y65.167
G1 E25 F300                      ; stationary purge — pressure before motion
G1 F1200 X31.362 Y77.167 E37   ; prime ends where the comb begins
G92 E0
; BODY_START
G1 F2444 X31.367 Y76.910 Z0.550 E0.14409
G1 X31.385 Y76.673 Z0.550 E0.27728
G1 X31.414 Y76.457 Z0.550 E0.39996
G1 X31.454 Y76.260 Z0.550 E0.51265
G1 X31.506 Y76.083 Z0.550 E0.61601
G1 X31.569 Y75.927 Z0.550 E0.71089
G1 X31.644 Y75.790 Z0.550 E0.79840
G1 X31.731 Y75.673 Z0.550 E0.87995
G1 X31.829 Y75.577 Z0.550 E0.95727
G1 X31.939 Y75.500 Z0.550 E1.03239
G1 X32.060 Y75.443 Z0.550 E1.10750
G1 X32.193 Y75.407 Z0.550 E1.18482
G1 X32.337 Y75.390 Z0.550 E1.26637
G1 X32.493 Y75.393 Z0.550 E1.35389
G1 X32.661 Y75.417 Z0.550 E1.44877
G1 X32.840 Y75.460 Z0.550 E1.55212
G1 X33.030 Y75.523 Z0.550 E1.66481
G1 X33.232 Y75.607 Z0.550 E1.78750
G1 X33.446 Y75.710 Z0.550 E1.92068
G1 X33.671 Y75.833 Z0.550 E2.06478
G1 X35.980 Y77.167 Z0.550 E3.56148
G1 X36.400 Y77.387 Z0.550 E3.82764
G1 X36.820 Y77.563 Z0.550 E4.08325
G1 X37.240 Y77.696 Z0.550 E4.33033
G1 X37.660 Y77.784 Z0.550 E4.57113
G1 X38.080 Y77.828 Z0.550 E4.80810
G1 X38.500 Y77.828 Z0.550 E5.04377
G1 X38.920 Y77.784 Z0.550 E5.28073
G1 X39.339 Y77.696 Z0.550 E5.52154
G1 X39.759 Y77.563 Z0.550 E5.76862
G1 X40.179 Y77.387 Z0.550 E6.02422
G1 X40.599 Y77.167 Z0.550 E6.29038
G1 X42.909 Y75.833 Z0.550 E7.78709
G1 X43.370 Y75.593 Z0.550 E8.07923
G1 X43.832 Y75.407 Z0.550 E8.35884
G1 X44.294 Y75.273 Z0.550 E8.62867
G1 X44.756 Y75.193 Z0.550 E8.89176
G1 X45.218 Y75.167 Z0.550 E9.15143
G1 X45.680 Y75.193 Z0.550 E9.41110
G1 X46.142 Y75.273 Z0.550 E9.67420
G1 X46.604 Y75.407 Z0.550 E9.94402
G1 X47.065 Y75.593 Z0.550 E10.22363
G1 X47.527 Y75.833 Z0.550 E10.51577
G1 X49.837 Y77.167 Z0.550 E12.01248
G1 X50.299 Y77.407 Z0.550 E12.30462
G1 X50.761 Y77.593 Z0.550 E12.58423
G1 X51.222 Y77.727 Z0.550 E12.85405
G1 X51.684 Y77.807 Z0.550 E13.11715
G1 X52.146 Y77.833 Z0.550 E13.37682
G1 X52.608 Y77.807 Z0.550 E13.63649
G1 X53.070 Y77.727 Z0.550 E13.89959
G1 X53.532 Y77.593 Z0.550 E14.16941
G1 X53.994 Y77.407 Z0.550 E14.44902
G1 X54.456 Y77.167 Z0.550 E14.74116
G1 X56.765 Y75.833 Z0.550 E16.23787
G1 X57.185 Y75.613 Z0.550 E16.50403
G1 X57.605 Y75.437 Z0.550 E16.75963
G1 X58.025 Y75.304 Z0.550 E17.00671
G1 X58.445 Y75.216 Z0.550 E17.24752
G1 X58.864 Y75.172 Z0.550 E17.48448
G1 X59.284 Y75.172 Z0.550 E17.72015
G1 X59.704 Y75.216 Z0.550 E17.95712
G1 X60.124 Y75.304 Z0.550 E18.19792
G1 X60.544 Y75.437 Z0.550 E18.44500
G1 X60.964 Y75.613 Z0.550 E18.70061
G1 X61.384 Y75.833 Z0.550 E18.96677
G1 X63.693 Y77.167 Z0.550 E20.46347
G1 X64.155 Y77.407 Z0.550 E20.75562
G1 X64.617 Y77.593 Z0.550 E21.03523
G1 X65.079 Y77.727 Z0.550 E21.30505
G1 X65.541 Y77.807 Z0.550 E21.56815
G1 X66.003 Y77.833 Z0.550 E21.82781
G1 X66.464 Y77.807 Z0.550 E22.08748
G1 X66.926 Y77.727 Z0.550 E22.35058
G1 X67.388 Y77.593 Z0.550 E22.62040
G1 X67.850 Y77.407 Z0.550 E22.90001
G1 X68.312 Y77.167 Z0.550 E23.19216
G1 X70.621 Y75.833 Z0.550 E24.68886
G1 X71.041 Y75.613 Z0.550 E24.95502
G1 X71.461 Y75.437 Z0.550 E25.21062
G1 X71.881 Y75.304 Z0.550 E25.45770
G1 X72.301 Y75.216 Z0.550 E25.69851
G1 X72.721 Y75.172 Z0.550 E25.93548
G1 X73.141 Y75.172 Z0.550 E26.17115
G1 X73.561 Y75.216 Z0.550 E26.40811
G1 X73.981 Y75.304 Z0.550 E26.64892
G1 X74.400 Y75.437 Z0.550 E26.89600
G1 X74.820 Y75.613 Z0.550 E27.15160
G1 X75.240 Y75.833 Z0.550 E27.41776
G1 X77.550 Y77.167 Z0.550 E28.91447
G1 X77.969 Y77.387 Z0.550 E29.18063
G1 X78.389 Y77.563 Z0.550 E29.43623
G1 X78.809 Y77.696 Z0.550 E29.68331
G1 X79.229 Y77.784 Z0.550 E29.92412
G1 X79.649 Y77.828 Z0.550 E30.16108
G1 X80.069 Y77.828 Z0.550 E30.39675
G1 X80.489 Y77.784 Z0.550 E30.63372
G1 X80.909 Y77.696 Z0.550 E30.87452
G1 X81.329 Y77.563 Z0.550 E31.12160
G1 X81.748 Y77.387 Z0.550 E31.37721
G1 X82.168 Y77.167 Z0.550 E31.64337
G1 X84.478 Y75.833 Z0.550 E33.14007
G1 X84.940 Y75.593 Z0.550 E33.43222
G1 X85.402 Y75.407 Z0.550 E33.71183
G1 X85.863 Y75.273 Z0.550 E33.98165
G1 X86.325 Y75.193 Z0.550 E34.24475
G1 X86.787 Y75.167 Z0.550 E34.50441
G1 X87.249 Y75.193 Z0.550 E34.76408
G1 X87.711 Y75.273 Z0.550 E35.02718
G1 X88.173 Y75.407 Z0.550 E35.29700
G1 X88.635 Y75.593 Z0.550 E35.57661
G1 X89.097 Y75.833 Z0.550 E35.86876
G1 X91.406 Y77.167 Z0.550 E37.36546
G1 X91.826 Y77.387 Z0.550 E37.63162
G1 X92.246 Y77.563 Z0.550 E37.88722
G1 X92.666 Y77.696 Z0.550 E38.13430
G1 X93.086 Y77.784 Z0.550 E38.37511
G1 X93.505 Y77.828 Z0.550 E38.61208
G1 X93.925 Y77.828 Z0.550 E38.84775
G1 X94.345 Y77.784 Z0.550 E39.08471
G1 X94.765 Y77.696 Z0.550 E39.32552
G1 X95.185 Y77.563 Z0.550 E39.57260
G1 X95.605 Y77.387 Z0.550 E39.82820
G1 X96.025 Y77.167 Z0.550 E40.09436
G1 X98.334 Y75.833 Z0.550 E41.59107
G1 X98.754 Y75.613 Z0.550 E41.85723
G1 X99.174 Y75.437 Z0.550 E42.11283
G1 X99.594 Y75.304 Z0.550 E42.35991
G1 X100.014 Y75.216 Z0.550 E42.60072
G1 X100.434 Y75.172 Z0.550 E42.83768
G1 X100.854 Y75.172 Z0.550 E43.07335
G1 X101.273 Y75.216 Z0.550 E43.31032
G1 X101.693 Y75.304 Z0.550 E43.55112
G1 X102.113 Y75.437 Z0.550 E43.79820
G1 X102.533 Y75.613 Z0.550 E44.05381
G1 X102.953 Y75.833 Z0.550 E44.31997
G1 X105.262 Y77.167 Z0.550 E45.81667
G1 X105.724 Y77.407 Z0.550 E46.10882
G1 X106.186 Y77.593 Z0.550 E46.38843
G1 X106.648 Y77.727 Z0.550 E46.65825
G1 X107.110 Y77.807 Z0.550 E46.92135
G1 X107.572 Y77.833 Z0.550 E47.18101
G1 X108.034 Y77.807 Z0.550 E47.44068
G1 X108.496 Y77.727 Z0.550 E47.70378
G1 X108.957 Y77.593 Z0.550 E47.97360
G1 X109.419 Y77.407 Z0.550 E48.25321
G1 X109.881 Y77.167 Z0.550 E48.54536
G1 X112.191 Y75.833 Z0.550 E50.04206
G1 X112.610 Y75.613 Z0.550 E50.30822
G1 X113.030 Y75.437 Z0.550 E50.56382
G1 X113.450 Y75.304 Z0.550 E50.81090
G1 X113.870 Y75.216 Z0.550 E51.05171
G1 X114.290 Y75.172 Z0.550 E51.28868
G1 X114.710 Y75.172 Z0.550 E51.52435
G1 X115.130 Y75.216 Z0.550 E51.76131
G1 X115.550 Y75.304 Z0.550 E52.00212
G1 X115.970 Y75.437 Z0.550 E52.24920
G1 X116.390 Y75.613 Z0.550 E52.50480
G1 X116.809 Y75.833 Z0.550 E52.77096
G1 X119.119 Y77.167 Z0.550 E54.26767
G1 X119.539 Y77.387 Z0.550 E54.53383
G1 X119.959 Y77.563 Z0.550 E54.78943
G1 X120.378 Y77.696 Z0.550 E55.03651
G1 X120.798 Y77.784 Z0.550 E55.27732
G1 X121.218 Y77.828 Z0.550 E55.51428
G1 X121.638 Y77.828 Z0.550 E55.74995
G1 X122.058 Y77.784 Z0.550 E55.98692
G1 X122.478 Y77.696 Z0.550 E56.22772
G1 X122.898 Y77.563 Z0.550 E56.47480
G1 X123.318 Y77.387 Z0.550 E56.73041
G1 X123.738 Y77.167 Z0.550 E56.99657
G1 X126.047 Y75.833 Z0.550 E58.49327
G1 X126.509 Y75.593 Z0.550 E58.78542
G1 X126.971 Y75.407 Z0.550 E59.06503
G1 X127.433 Y75.273 Z0.550 E59.33485
G1 X127.895 Y75.193 Z0.550 E59.59795
G1 X128.356 Y75.167 Z0.550 E59.85761
G1 X128.818 Y75.193 Z0.550 E60.11728
G1 X129.280 Y75.273 Z0.550 E60.38038
G1 X129.742 Y75.407 Z0.550 E60.65020
G1 X130.204 Y75.593 Z0.550 E60.92981
G1 X130.666 Y75.833 Z0.550 E61.22196
G1 X132.975 Y77.167 Z0.550 E62.71866
G1 X133.437 Y77.407 Z0.550 E63.01081
G1 X133.899 Y77.593 Z0.550 E63.29041
G1 X134.361 Y77.727 Z0.550 E63.56024
G1 X134.823 Y77.807 Z0.550 E63.82333
G1 X135.285 Y77.833 Z0.550 E64.08300
G1 X135.746 Y77.807 Z0.550 E64.34267
G1 X136.208 Y77.727 Z0.550 E64.60577
G1 X136.670 Y77.593 Z0.550 E64.87559
G1 X137.132 Y77.407 Z0.550 E65.15520
G1 X137.594 Y77.167 Z0.550 E65.44734
G1 X139.903 Y75.833 Z0.550 E66.94405
G1 X140.323 Y75.613 Z0.550 E67.21021
G1 X140.743 Y75.437 Z0.550 E67.46581
G1 X141.163 Y75.304 Z0.550 E67.71289
G1 X141.583 Y75.216 Z0.550 E67.95370
G1 X142.003 Y75.172 Z0.550 E68.19066
G1 X142.423 Y75.172 Z0.550 E68.42634
G1 X142.843 Y75.216 Z0.550 E68.66330
G1 X143.263 Y75.304 Z0.550 E68.90411
G1 X143.682 Y75.437 Z0.550 E69.15119
G1 X144.102 Y75.613 Z0.550 E69.40679
G1 X144.522 Y75.833 Z0.550 E69.67295
G1 X146.832 Y77.167 Z0.550 E71.16966
G1 X147.293 Y77.407 Z0.550 E71.46180
G1 X147.755 Y77.593 Z0.550 E71.74141
G1 X148.217 Y77.727 Z0.550 E72.01123
G1 X148.679 Y77.807 Z0.550 E72.27433
G1 X149.141 Y77.833 Z0.550 E72.53400
G1 X149.603 Y77.807 Z0.550 E72.79367
G1 X150.065 Y77.727 Z0.550 E73.05676
G1 X150.527 Y77.593 Z0.550 E73.32659
G1 X150.989 Y77.407 Z0.550 E73.60619
G1 X151.450 Y77.167 Z0.550 E73.89834
G1 X153.760 Y75.833 Z0.550 E75.39504
G1 X154.222 Y75.593 Z0.550 E75.68719
G1 X154.684 Y75.407 Z0.550 E75.96680
G1 X155.145 Y75.273 Z0.550 E76.23662
G1 X155.607 Y75.193 Z0.550 E76.49972
G1 X156.069 Y75.167 Z0.550 E76.75939
G1 X156.531 Y75.193 Z0.550 E77.01905
G1 X156.993 Y75.273 Z0.550 E77.28215
G1 X157.455 Y75.407 Z0.550 E77.55197
G1 X157.917 Y75.593 Z0.550 E77.83158
G1 X158.379 Y75.833 Z0.550 E78.12373
G1 X160.688 Y77.167 Z0.550 E79.62043
G1 X161.108 Y77.387 Z0.550 E79.88659
G1 X161.528 Y77.563 Z0.550 E80.14220
G1 X161.948 Y77.696 Z0.550 E80.38928
G1 X162.368 Y77.784 Z0.550 E80.63008
G1 X162.787 Y77.828 Z0.550 E80.86705
G1 X163.207 Y77.828 Z0.550 E81.10272
G1 X163.627 Y77.784 Z0.550 E81.33968
G1 X164.047 Y77.696 Z0.550 E81.58049
G1 X164.467 Y77.563 Z0.550 E81.82757
G1 X164.887 Y77.387 Z0.550 E82.08317
G1 X165.307 Y77.167 Z0.550 E82.34933
G1 X167.616 Y75.833 Z0.550 E83.84604
G1 X168.078 Y75.593 Z0.550 E84.13818
G1 X168.540 Y75.407 Z0.550 E84.41779
G1 X169.002 Y75.273 Z0.550 E84.68761
G1 X169.464 Y75.193 Z0.550 E84.95071
G1 X169.926 Y75.167 Z0.550 E85.21038
G1 X170.388 Y75.193 Z0.550 E85.47005
G1 X170.849 Y75.273 Z0.550 E85.73315
G1 X171.311 Y75.407 Z0.550 E86.00297
G1 X171.773 Y75.593 Z0.550 E86.28258
G1 X172.235 Y75.833 Z0.550 E86.57472
G1 X174.544 Y77.167 Z0.550 E88.07143
G1 X175.006 Y77.407 Z0.550 E88.36357
G1 X175.468 Y77.593 Z0.550 E88.64318
G1 X175.930 Y77.727 Z0.550 E88.91300
G1 X176.392 Y77.807 Z0.550 E89.17610
G1 X176.854 Y77.833 Z0.550 E89.43577
G1 X177.316 Y77.807 Z0.550 E89.69544
G1 X177.778 Y77.727 Z0.550 E89.95854
G1 X178.239 Y77.593 Z0.550 E90.22836
G1 X178.701 Y77.407 Z0.550 E90.50797
G1 X179.163 Y77.167 Z0.550 E90.80011
G1 X181.473 Y75.833 Z0.550 E92.29682
G1 X181.893 Y75.613 Z0.550 E92.56298
G1 X182.312 Y75.437 Z0.550 E92.81858
G1 X182.732 Y75.304 Z0.550 E93.06566
G1 X183.152 Y75.216 Z0.550 E93.30647
G1 X183.572 Y75.172 Z0.550 E93.54343
G1 X183.992 Y75.172 Z0.550 E93.77910
G1 X184.412 Y75.216 Z0.550 E94.01607
G1 X184.832 Y75.304 Z0.550 E94.25687
G1 X185.252 Y75.437 Z0.550 E94.50395
G1 X185.672 Y75.613 Z0.550 E94.75956
G1 X186.091 Y75.833 Z0.550 E95.02572
G1 X188.401 Y77.167 Z0.550 E96.52242
G1 X188.863 Y77.407 Z0.550 E96.81457
G1 X189.325 Y77.593 Z0.550 E97.09418
G1 X189.786 Y77.727 Z0.550 E97.36400
G1 X190.248 Y77.807 Z0.550 E97.62709
G1 X190.710 Y77.833 Z0.550 E97.88676
G1 X191.172 Y77.807 Z0.550 E98.14643
G1 X191.634 Y77.727 Z0.550 E98.40953
G1 X192.096 Y77.593 Z0.550 E98.67935
G1 X192.558 Y77.407 Z0.550 E98.95896
G1 X193.020 Y77.167 Z0.550 E99.25111
G1 X195.329 Y75.833 Z0.550 E100.74781
G1 X195.554 Y75.710 Z0.550 E100.89191
G1 X195.768 Y75.607 Z0.550 E101.02509
G1 X195.970 Y75.523 Z0.550 E101.14778
G1 X196.160 Y75.460 Z0.550 E101.26046
G1 X196.339 Y75.417 Z0.550 E101.36382
G1 X196.507 Y75.393 Z0.550 E101.45870
G1 X196.663 Y75.390 Z0.550 E101.54622
G1 X196.807 Y75.407 Z0.550 E101.62776
G1 X196.940 Y75.443 Z0.550 E101.70508
G1 X197.061 Y75.500 Z0.550 E101.78020
G1 X197.171 Y75.577 Z0.550 E101.85532
G1 X197.269 Y75.673 Z0.550 E101.93264
G1 X197.356 Y75.790 Z0.550 E102.01419
G1 X197.431 Y75.927 Z0.550 E102.10170
G1 X197.494 Y76.083 Z0.550 E102.19658
G1 X197.546 Y76.260 Z0.550 E102.29994
G1 X197.586 Y76.457 Z0.550 E102.41262
G1 X197.615 Y76.673 Z0.550 E102.53531
G1 X197.633 Y76.910 Z0.550 E102.66849
G1 X197.638 Y77.167 Z0.550 E102.81259
G1 X197.638 Y79.833 Z0.550 E104.30930
G1 X197.619 Y80.307 Z0.550 E104.57545
G1 X197.562 Y80.759 Z0.550 E104.83106
G1 X197.467 Y81.189 Z0.550 E105.07814
G1 X197.333 Y81.596 Z0.550 E105.31894
G1 X197.161 Y81.982 Z0.550 E105.55591
G1 X196.951 Y82.346 Z0.550 E105.79158
G1 X196.703 Y82.687 Z0.550 E106.02854
G1 X196.417 Y83.007 Z0.550 E106.26935
G1 X196.092 Y83.304 Z0.550 E106.51643
G1 X195.730 Y83.580 Z0.550 E106.77204
G1 X195.329 Y83.833 Z0.550 E107.03819
G1 X193.020 Y85.167 Z0.550 E108.53490
G1 X192.558 Y85.407 Z0.550 E108.82705
G1 X192.096 Y85.593 Z0.550 E109.10665
G1 X191.634 Y85.727 Z0.550 E109.37648
G1 X191.172 Y85.807 Z0.550 E109.63957
G1 X190.710 Y85.833 Z0.550 E109.89924
G1 X190.248 Y85.807 Z0.550 E110.15891
G1 X189.786 Y85.727 Z0.550 E110.42201
G1 X189.325 Y85.593 Z0.550 E110.69183
G1 X188.863 Y85.407 Z0.550 E110.97144
G1 X188.401 Y85.167 Z0.550 E111.26358
G1 X186.091 Y83.833 Z0.550 E112.76029
G1 X185.672 Y83.613 Z0.550 E113.02645
G1 X185.252 Y83.437 Z0.550 E113.28205
G1 X184.832 Y83.304 Z0.550 E113.52913
G1 X184.412 Y83.216 Z0.550 E113.76994
G1 X183.992 Y83.172 Z0.550 E114.00690
G1 X183.572 Y83.172 Z0.550 E114.24257
G1 X183.152 Y83.216 Z0.550 E114.47954
G1 X182.732 Y83.304 Z0.550 E114.72035
G1 X182.312 Y83.437 Z0.550 E114.96743
G1 X181.893 Y83.613 Z0.550 E115.22303
G1 X181.473 Y83.833 Z0.550 E115.48919
G1 X179.163 Y85.167 Z0.550 E116.98590
G1 X178.701 Y85.407 Z0.550 E117.27804
G1 X178.239 Y85.593 Z0.550 E117.55765
G1 X177.778 Y85.727 Z0.550 E117.82747
G1 X177.316 Y85.807 Z0.550 E118.09057
G1 X176.854 Y85.833 Z0.550 E118.35024
G1 X176.392 Y85.807 Z0.550 E118.60991
G1 X175.930 Y85.727 Z0.550 E118.87300
G1 X175.468 Y85.593 Z0.550 E119.14282
G1 X175.006 Y85.407 Z0.550 E119.42243
G1 X174.544 Y85.167 Z0.550 E119.71458
G1 X172.235 Y83.833 Z0.550 E121.21128
G1 X171.773 Y83.593 Z0.550 E121.50343
G1 X171.311 Y83.407 Z0.550 E121.78304
G1 X170.849 Y83.273 Z0.550 E122.05286
G1 X170.388 Y83.193 Z0.550 E122.31596
G1 X169.926 Y83.167 Z0.550 E122.57563
G1 X169.464 Y83.193 Z0.550 E122.83529
G1 X169.002 Y83.273 Z0.550 E123.09839
G1 X168.540 Y83.407 Z0.550 E123.36821
G1 X168.078 Y83.593 Z0.550 E123.64782
G1 X167.616 Y83.833 Z0.550 E123.93997
G1 X165.307 Y85.167 Z0.550 E125.43667
G1 X164.887 Y85.387 Z0.550 E125.70283
G1 X164.467 Y85.563 Z0.550 E125.95843
G1 X164.047 Y85.696 Z0.550 E126.20551
G1 X163.627 Y85.784 Z0.550 E126.44632
G1 X163.207 Y85.828 Z0.550 E126.68329
G1 X162.787 Y85.828 Z0.550 E126.91896
G1 X162.368 Y85.784 Z0.550 E127.15592
G1 X161.948 Y85.696 Z0.550 E127.39673
G1 X161.528 Y85.563 Z0.550 E127.64381
G1 X161.108 Y85.387 Z0.550 E127.89941
G1 X160.688 Y85.167 Z0.550 E128.16557
G1 X158.379 Y83.833 Z0.550 E129.66228
G1 X157.917 Y83.593 Z0.550 E129.95442
G1 X157.455 Y83.407 Z0.550 E130.23403
G1 X156.993 Y83.273 Z0.550 E130.50385
G1 X156.531 Y83.193 Z0.550 E130.76695
G1 X156.069 Y83.167 Z0.550 E131.02662
G1 X155.607 Y83.193 Z0.550 E131.28629
G1 X155.145 Y83.273 Z0.550 E131.54939
G1 X154.684 Y83.407 Z0.550 E131.81921
G1 X154.222 Y83.593 Z0.550 E132.09882
G1 X153.760 Y83.833 Z0.550 E132.39096
G1 X151.450 Y85.167 Z0.550 E133.88767
G1 X150.989 Y85.407 Z0.550 E134.17981
G1 X150.527 Y85.593 Z0.550 E134.45942
G1 X150.065 Y85.727 Z0.550 E134.72924
G1 X149.603 Y85.807 Z0.550 E134.99234
G1 X149.141 Y85.833 Z0.550 E135.25201
G1 X148.679 Y85.807 Z0.550 E135.51168
G1 X148.217 Y85.727 Z0.550 E135.77477
G1 X147.755 Y85.593 Z0.550 E136.04460
G1 X147.293 Y85.407 Z0.550 E136.32420
G1 X146.832 Y85.167 Z0.550 E136.61635
G1 X144.522 Y83.833 Z0.550 E138.11306
G1 X144.102 Y83.613 Z0.550 E138.37922
G1 X143.682 Y83.437 Z0.550 E138.63482
G1 X143.263 Y83.304 Z0.550 E138.88190
G1 X142.843 Y83.216 Z0.550 E139.12271
G1 X142.423 Y83.172 Z0.550 E139.35967
G1 X142.003 Y83.172 Z0.550 E139.59534
G1 X141.583 Y83.216 Z0.550 E139.83231
G1 X141.163 Y83.304 Z0.550 E140.07311
G1 X140.743 Y83.437 Z0.550 E140.32019
G1 X140.323 Y83.613 Z0.550 E140.57580
G1 X139.903 Y83.833 Z0.550 E140.84196
G1 X137.594 Y85.167 Z0.550 E142.33866
G1 X137.132 Y85.407 Z0.550 E142.63081
G1 X136.670 Y85.593 Z0.550 E142.91041
G1 X136.208 Y85.727 Z0.550 E143.18024
G1 X135.746 Y85.807 Z0.550 E143.44333
G1 X135.285 Y85.833 Z0.550 E143.70300
G1 X134.823 Y85.807 Z0.550 E143.96267
G1 X134.361 Y85.727 Z0.550 E144.22577
G1 X133.899 Y85.593 Z0.550 E144.49559
G1 X133.437 Y85.407 Z0.550 E144.77520
G1 X132.975 Y85.167 Z0.550 E145.06734
G1 X130.666 Y83.833 Z0.550 E146.56405
G1 X130.204 Y83.593 Z0.550 E146.85620
G1 X129.742 Y83.407 Z0.550 E147.13580
G1 X129.280 Y83.273 Z0.550 E147.40563
G1 X128.818 Y83.193 Z0.550 E147.66872
G1 X128.356 Y83.167 Z0.550 E147.92839
G1 X127.895 Y83.193 Z0.550 E148.18806
G1 X127.433 Y83.273 Z0.550 E148.45116
G1 X126.971 Y83.407 Z0.550 E148.72098
G1 X126.509 Y83.593 Z0.550 E149.00059
G1 X126.047 Y83.833 Z0.550 E149.29273
G1 X123.738 Y85.167 Z0.550 E150.78944
G1 X123.318 Y85.387 Z0.550 E151.05560
G1 X122.898 Y85.563 Z0.550 E151.31120
G1 X122.478 Y85.696 Z0.550 E151.55828
G1 X122.058 Y85.784 Z0.550 E151.79909
G1 X121.638 Y85.828 Z0.550 E152.03605
G1 X121.218 Y85.828 Z0.550 E152.27172
G1 X120.798 Y85.784 Z0.550 E152.50869
G1 X120.378 Y85.696 Z0.550 E152.74950
G1 X119.959 Y85.563 Z0.550 E152.99658
G1 X119.539 Y85.387 Z0.550 E153.25218
G1 X119.119 Y85.167 Z0.550 E153.51834
G1 X116.809 Y83.833 Z0.550 E155.01504
G1 X116.390 Y83.613 Z0.550 E155.28120
G1 X115.970 Y83.437 Z0.550 E155.53681
G1 X115.550 Y83.304 Z0.550 E155.78389
G1 X115.130 Y83.216 Z0.550 E156.02469
G1 X114.710 Y83.172 Z0.550 E156.26166
G1 X114.290 Y83.172 Z0.550 E156.49733
G1 X113.870 Y83.216 Z0.550 E156.73429
G1 X113.450 Y83.304 Z0.550 E156.97510
G1 X113.030 Y83.437 Z0.550 E157.22218
G1 X112.610 Y83.613 Z0.550 E157.47779
G1 X112.191 Y83.833 Z0.550 E157.74394
G1 X109.881 Y85.167 Z0.550 E159.24065
G1 X109.419 Y85.407 Z0.550 E159.53280
G1 X108.957 Y85.593 Z0.550 E159.81240
G1 X108.496 Y85.727 Z0.550 E160.08223
G1 X108.034 Y85.807 Z0.550 E160.34532
G1 X107.572 Y85.833 Z0.550 E160.60499
G1 X107.110 Y85.807 Z0.550 E160.86466
G1 X106.648 Y85.727 Z0.550 E161.12776
G1 X106.186 Y85.593 Z0.550 E161.39758
G1 X105.724 Y85.407 Z0.550 E161.67719
G1 X105.262 Y85.167 Z0.550 E161.96933
G1 X102.953 Y83.833 Z0.550 E163.46604
G1 X102.533 Y83.613 Z0.550 E163.73220
G1 X102.113 Y83.437 Z0.550 E163.98780
G1 X101.693 Y83.304 Z0.550 E164.23488
G1 X101.273 Y83.216 Z0.550 E164.47569
G1 X100.854 Y83.172 Z0.550 E164.71265
G1 X100.434 Y83.172 Z0.550 E164.94832
G1 X100.014 Y83.216 Z0.550 E165.18529
G1 X99.594 Y83.304 Z0.550 E165.42610
G1 X99.174 Y83.437 Z0.550 E165.67318
G1 X98.754 Y83.613 Z0.550 E165.92878
G1 X98.334 Y83.833 Z0.550 E166.19494
G1 X96.025 Y85.167 Z0.550 E167.69164
G1 X95.605 Y85.387 Z0.550 E167.95780
G1 X95.185 Y85.563 Z0.550 E168.21341
G1 X94.765 Y85.696 Z0.550 E168.46049
G1 X94.345 Y85.784 Z0.550 E168.70129
G1 X93.925 Y85.828 Z0.550 E168.93826
G1 X93.505 Y85.828 Z0.550 E169.17393
G1 X93.086 Y85.784 Z0.550 E169.41089
G1 X92.666 Y85.696 Z0.550 E169.65170
G1 X92.246 Y85.563 Z0.550 E169.89878
G1 X91.826 Y85.387 Z0.550 E170.15438
G1 X91.406 Y85.167 Z0.550 E170.42054
G1 X89.097 Y83.833 Z0.550 E171.91725
G1 X88.635 Y83.593 Z0.550 E172.20940
G1 X88.173 Y83.407 Z0.550 E172.48900
G1 X87.711 Y83.273 Z0.550 E172.75883
G1 X87.249 Y83.193 Z0.550 E173.02192
G1 X86.787 Y83.167 Z0.550 E173.28159
G1 X86.325 Y83.193 Z0.550 E173.54126
G1 X85.863 Y83.273 Z0.550 E173.80436
G1 X85.402 Y83.407 Z0.550 E174.07418
G1 X84.940 Y83.593 Z0.550 E174.35379
G1 X84.478 Y83.833 Z0.550 E174.64593
G1 X82.168 Y85.167 Z0.550 E176.14264
G1 X81.748 Y85.387 Z0.550 E176.40880
G1 X81.329 Y85.563 Z0.550 E176.66440
G1 X80.909 Y85.696 Z0.550 E176.91148
G1 X80.489 Y85.784 Z0.550 E177.15229
G1 X80.069 Y85.828 Z0.550 E177.38925
G1 X79.649 Y85.828 Z0.550 E177.62492
G1 X79.229 Y85.784 Z0.550 E177.86189
G1 X78.809 Y85.696 Z0.550 E178.10270
G1 X78.389 Y85.563 Z0.550 E178.34978
G1 X77.969 Y85.387 Z0.550 E178.60538
G1 X77.550 Y85.167 Z0.550 E178.87154
G1 X75.240 Y83.833 Z0.550 E180.36824
G1 X74.820 Y83.613 Z0.550 E180.63440
G1 X74.400 Y83.437 Z0.550 E180.89001
G1 X73.981 Y83.304 Z0.550 E181.13709
G1 X73.561 Y83.216 Z0.550 E181.37789
G1 X73.141 Y83.172 Z0.550 E181.61486
G1 X72.721 Y83.172 Z0.550 E181.85053
G1 X72.301 Y83.216 Z0.550 E182.08749
G1 X71.881 Y83.304 Z0.550 E182.32830
G1 X71.461 Y83.437 Z0.550 E182.57538
G1 X71.041 Y83.613 Z0.550 E182.83098
G1 X70.621 Y83.833 Z0.550 E183.09714
G1 X68.312 Y85.167 Z0.550 E184.59385
G1 X67.850 Y85.407 Z0.550 E184.88600
G1 X67.388 Y85.593 Z0.550 E185.16560
G1 X66.926 Y85.727 Z0.550 E185.43543
G1 X66.464 Y85.807 Z0.550 E185.69852
G1 X66.003 Y85.833 Z0.550 E185.95819
G1 X65.541 Y85.807 Z0.550 E186.21786
G1 X65.079 Y85.727 Z0.550 E186.48096
G1 X64.617 Y85.593 Z0.550 E186.75078
G1 X64.155 Y85.407 Z0.550 E187.03039
G1 X63.693 Y85.167 Z0.550 E187.32253
G1 X61.384 Y83.833 Z0.550 E188.81924
G1 X60.964 Y83.613 Z0.550 E189.08540
G1 X60.544 Y83.437 Z0.550 E189.34100
G1 X60.124 Y83.304 Z0.550 E189.58808
G1 X59.704 Y83.216 Z0.550 E189.82889
G1 X59.284 Y83.172 Z0.550 E190.06585
G1 X58.864 Y83.172 Z0.550 E190.30152
G1 X58.445 Y83.216 Z0.550 E190.53849
G1 X58.025 Y83.304 Z0.550 E190.77930
G1 X57.605 Y83.437 Z0.550 E191.02638
G1 X57.185 Y83.613 Z0.550 E191.28198
G1 X56.765 Y83.833 Z0.550 E191.54814
G1 X54.456 Y85.167 Z0.550 E193.04484
G1 X53.994 Y85.407 Z0.550 E193.33699
G1 X53.532 Y85.593 Z0.550 E193.61660
G1 X53.070 Y85.727 Z0.550 E193.88642
G1 X52.608 Y85.807 Z0.550 E194.14952
G1 X52.146 Y85.833 Z0.550 E194.40919
G1 X51.684 Y85.807 Z0.550 E194.66885
G1 X51.222 Y85.727 Z0.550 E194.93195
G1 X50.761 Y85.593 Z0.550 E195.20177
G1 X50.299 Y85.407 Z0.550 E195.48138
G1 X49.837 Y85.167 Z0.550 E195.77353
G1 X47.527 Y83.833 Z0.550 E197.27023
G1 X47.065 Y83.593 Z0.550 E197.56238
G1 X46.604 Y83.407 Z0.550 E197.84199
G1 X46.142 Y83.273 Z0.550 E198.11181
G1 X45.680 Y83.193 Z0.550 E198.37491
G1 X45.218 Y83.167 Z0.550 E198.63458
G1 X44.756 Y83.193 Z0.550 E198.89424
G1 X44.294 Y83.273 Z0.550 E199.15734
G1 X43.832 Y83.407 Z0.550 E199.42716
G1 X43.370 Y83.593 Z0.550 E199.70677
G1 X42.909 Y83.833 Z0.550 E199.99892
G1 X40.599 Y85.167 Z0.550 E201.49562
G1 X40.179 Y85.387 Z0.550 E201.76178
G1 X39.759 Y85.563 Z0.550 E202.01738
G1 X39.339 Y85.696 Z0.550 E202.26446
G1 X38.920 Y85.784 Z0.550 E202.50527
G1 X38.500 Y85.828 Z0.550 E202.74224
G1 X38.080 Y85.828 Z0.550 E202.97791
G1 X37.660 Y85.784 Z0.550 E203.21487
G1 X37.240 Y85.696 Z0.550 E203.45568
G1 X36.820 Y85.563 Z0.550 E203.70276
G1 X36.400 Y85.387 Z0.550 E203.95836
G1 X35.980 Y85.167 Z0.550 E204.22452
G1 X33.671 Y83.833 Z0.550 E205.72123
G1 X33.446 Y83.710 Z0.550 E205.86532
G1 X33.232 Y83.607 Z0.550 E205.99851
G1 X33.030 Y83.523 Z0.550 E206.12119
G1 X32.840 Y83.460 Z0.550 E206.23388
G1 X32.661 Y83.417 Z0.550 E206.33724
G1 X32.493 Y83.393 Z0.550 E206.43212
G1 X32.337 Y83.390 Z0.550 E206.51963
G1 X32.193 Y83.407 Z0.550 E206.60118
G1 X32.060 Y83.443 Z0.550 E206.67850
G1 X31.939 Y83.500 Z0.550 E206.75362
G1 X31.829 Y83.577 Z0.550 E206.82873
G1 X31.731 Y83.673 Z0.550 E206.90605
G1 X31.644 Y83.790 Z0.550 E206.98760
G1 X31.569 Y83.927 Z0.550 E207.07511
G1 X31.506 Y84.083 Z0.550 E207.17000
G1 X31.454 Y84.260 Z0.550 E207.27335
G1 X31.414 Y84.457 Z0.550 E207.38604
G1 X31.385 Y84.673 Z0.550 E207.50872
G1 X31.367 Y84.910 Z0.550 E207.64191
G1 X31.362 Y85.167 Z0.550 E207.78601
G1 X31.362 Y87.833 Z0.550 E209.28271
G1 X31.385 Y88.353 Z0.550 E209.57486
G1 X31.454 Y88.847 Z0.550 E209.85446
G1 X31.569 Y89.313 Z0.550 E210.12429
G1 X31.731 Y89.753 Z0.550 E210.38738
G1 X31.939 Y90.167 Z0.550 E210.64705
G1 X32.193 Y90.553 Z0.550 E210.90672
G1 X32.493 Y90.913 Z0.550 E211.16982
G1 X32.840 Y91.247 Z0.550 E211.43964
G1 X33.232 Y91.553 Z0.550 E211.71925
G1 X33.671 Y91.833 Z0.550 E212.01139
G1 X35.980 Y93.167 Z0.550 E213.50810
G1 X36.400 Y93.387 Z0.550 E213.77426
G1 X36.820 Y93.563 Z0.550 E214.02986
G1 X37.240 Y93.696 Z0.550 E214.27694
G1 X37.660 Y93.784 Z0.550 E214.51775
G1 X38.080 Y93.828 Z0.550 E214.75472
G1 X38.500 Y93.828 Z0.550 E214.99039
G1 X38.920 Y93.784 Z0.550 E215.22735
G1 X39.339 Y93.696 Z0.550 E215.46816
G1 X39.759 Y93.563 Z0.550 E215.71524
G1 X40.179 Y93.387 Z0.550 E215.97084
G1 X40.599 Y93.167 Z0.550 E216.23700
G1 X42.909 Y91.833 Z0.550 E217.73371
G1 X43.370 Y91.593 Z0.550 E218.02585
G1 X43.832 Y91.407 Z0.550 E218.30546
G1 X44.294 Y91.273 Z0.550 E218.57528
G1 X44.756 Y91.193 Z0.550 E218.83838
G1 X45.218 Y91.167 Z0.550 E219.09805
G1 X45.680 Y91.193 Z0.550 E219.35772
G1 X46.142 Y91.273 Z0.550 E219.62081
G1 X46.604 Y91.407 Z0.550 E219.89064
G1 X47.065 Y91.593 Z0.550 E220.17024
G1 X47.527 Y91.833 Z0.550 E220.46239
G1 X49.837 Y93.167 Z0.550 E221.95910
G1 X50.299 Y93.407 Z0.550 E222.25124
G1 X50.761 Y93.593 Z0.550 E222.53085
G1 X51.222 Y93.727 Z0.550 E222.80067
G1 X51.684 Y93.807 Z0.550 E223.06377
G1 X52.146 Y93.833 Z0.550 E223.32344
G1 X52.608 Y93.807 Z0.550 E223.58311
G1 X53.070 Y93.727 Z0.550 E223.84620
G1 X53.532 Y93.593 Z0.550 E224.11602
G1 X53.994 Y93.407 Z0.550 E224.39563
G1 X54.456 Y93.167 Z0.550 E224.68778
G1 X56.765 Y91.833 Z0.550 E226.18448
G1 X57.185 Y91.613 Z0.550 E226.45064
G1 X57.605 Y91.437 Z0.550 E226.70625
G1 X58.025 Y91.304 Z0.550 E226.95333
G1 X58.445 Y91.216 Z0.550 E227.19413
G1 X58.864 Y91.172 Z0.550 E227.43110
G1 X59.284 Y91.172 Z0.550 E227.66677
G1 X59.704 Y91.216 Z0.550 E227.90373
G1 X60.124 Y91.304 Z0.550 E228.14454
G1 X60.544 Y91.437 Z0.550 E228.39162
G1 X60.964 Y91.613 Z0.550 E228.64722
G1 X61.384 Y91.833 Z0.550 E228.91338
G1 X63.693 Y93.167 Z0.550 E230.41009
G1 X64.155 Y93.407 Z0.550 E230.70223
G1 X64.617 Y93.593 Z0.550 E230.98184
G1 X65.079 Y93.727 Z0.550 E231.25167
G1 X65.541 Y93.807 Z0.550 E231.51476
G1 X66.003 Y93.833 Z0.550 E231.77443
G1 X66.464 Y93.807 Z0.550 E232.03410
G1 X66.926 Y93.727 Z0.550 E232.29720
G1 X67.388 Y93.593 Z0.550 E232.56702
G1 X67.850 Y93.407 Z0.550 E232.84663
G1 X68.312 Y93.167 Z0.550 E233.13877
G1 X70.621 Y91.833 Z0.550 E234.63548
G1 X71.041 Y91.613 Z0.550 E234.90164
G1 X71.461 Y91.437 Z0.550 E235.15724
G1 X71.881 Y91.304 Z0.550 E235.40432
G1 X72.301 Y91.216 Z0.550 E235.64513
G1 X72.721 Y91.172 Z0.550 E235.88209
G1 X73.141 Y91.172 Z0.550 E236.11776
G1 X73.561 Y91.216 Z0.550 E236.35473
G1 X73.981 Y91.304 Z0.550 E236.59554
G1 X74.400 Y91.437 Z0.550 E236.84262
G1 X74.820 Y91.613 Z0.550 E237.09822
G1 X75.240 Y91.833 Z0.550 E237.36438
G1 X77.550 Y93.167 Z0.550 E238.86108
G1 X77.969 Y93.387 Z0.550 E239.12724
G1 X78.389 Y93.563 Z0.550 E239.38285
G1 X78.809 Y93.696 Z0.550 E239.62993
G1 X79.229 Y93.784 Z0.550 E239.87073
G1 X79.649 Y93.828 Z0.550 E240.10770
G1 X80.069 Y93.828 Z0.550 E240.34337
G1 X80.489 Y93.784 Z0.550 E240.58033
G1 X80.909 Y93.696 Z0.550 E240.82114
G1 X81.329 Y93.563 Z0.550 E241.06822
G1 X81.748 Y93.387 Z0.550 E241.32382
G1 X82.168 Y93.167 Z0.550 E241.58998
G1 X84.478 Y91.833 Z0.550 E243.08669
G1 X84.940 Y91.593 Z0.550 E243.37883
G1 X85.402 Y91.407 Z0.550 E243.65844
G1 X85.863 Y91.273 Z0.550 E243.92827
G1 X86.325 Y91.193 Z0.550 E244.19136
G1 X86.787 Y91.167 Z0.550 E244.45103
G1 X87.249 Y91.193 Z0.550 E244.71070
G1 X87.711 Y91.273 Z0.550 E244.97380
G1 X88.173 Y91.407 Z0.550 E245.24362
G1 X88.635 Y91.593 Z0.550 E245.52323
G1 X89.097 Y91.833 Z0.550 E245.81537
G1 X91.406 Y93.167 Z0.550 E247.31208
G1 X91.826 Y93.387 Z0.550 E247.57824
G1 X92.246 Y93.563 Z0.550 E247.83384
G1 X92.666 Y93.696 Z0.550 E248.08092
G1 X93.086 Y93.784 Z0.550 E248.32173
G1 X93.505 Y93.828 Z0.550 E248.55869
G1 X93.925 Y93.828 Z0.550 E248.79436
G1 X94.345 Y93.784 Z0.550 E249.03133
G1 X94.765 Y93.696 Z0.550 E249.27214
G1 X95.185 Y93.563 Z0.550 E249.51922
G1 X95.605 Y93.387 Z0.550 E249.77482
G1 X96.025 Y93.167 Z0.550 E250.04098
G1 X98.334 Y91.833 Z0.550 E251.53768
G1 X98.754 Y91.613 Z0.550 E251.80384
G1 X99.174 Y91.437 Z0.550 E252.05945
G1 X99.594 Y91.304 Z0.550 E252.30653
G1 X100.014 Y91.216 Z0.550 E252.54733
G1 X100.434 Y91.172 Z0.550 E252.78430
G1 X100.854 Y91.172 Z0.550 E253.01997
G1 X101.273 Y91.216 Z0.550 E253.25693
G1 X101.693 Y91.304 Z0.550 E253.49774
G1 X102.113 Y91.437 Z0.550 E253.74482
G1 X102.533 Y91.613 Z0.550 E254.00042
G1 X102.953 Y91.833 Z0.550 E254.26658
G1 X105.262 Y93.167 Z0.550 E255.76329
G1 X105.724 Y93.407 Z0.550 E256.05543
G1 X106.186 Y93.593 Z0.550 E256.33504
G1 X106.648 Y93.727 Z0.550 E256.60487
G1 X107.110 Y93.807 Z0.550 E256.86796
G1 X107.572 Y93.833 Z0.550 E257.12763
G1 X108.034 Y93.807 Z0.550 E257.38730
G1 X108.496 Y93.727 Z0.550 E257.65040
G1 X108.957 Y93.593 Z0.550 E257.92022
G1 X109.419 Y93.407 Z0.550 E258.19983
G1 X109.881 Y93.167 Z0.550 E258.49197
G1 X112.191 Y91.833 Z0.550 E259.98868
G1 X112.610 Y91.613 Z0.550 E260.25484
G1 X113.030 Y91.437 Z0.550 E260.51044
G1 X113.450 Y91.304 Z0.550 E260.75752
G1 X113.870 Y91.216 Z0.550 E260.99833
G1 X114.290 Y91.172 Z0.550 E261.23529
G1 X114.710 Y91.172 Z0.550 E261.47096
G1 X115.130 Y91.216 Z0.550 E261.70793
G1 X115.550 Y91.304 Z0.550 E261.94874
G1 X115.970 Y91.437 Z0.550 E262.19582
G1 X116.390 Y91.613 Z0.550 E262.45142
G1 X116.809 Y91.833 Z0.550 E262.71758
G1 X119.119 Y93.167 Z0.550 E264.21428
G1 X119.539 Y93.387 Z0.550 E264.48044
G1 X119.959 Y93.563 Z0.550 E264.73605
G1 X120.378 Y93.696 Z0.550 E264.98313
G1 X120.798 Y93.784 Z0.550 E265.22393
G1 X121.218 Y93.828 Z0.550 E265.46090
G1 X121.638 Y93.828 Z0.550 E265.69657
G1 X122.058 Y93.784 Z0.550 E265.93353
G1 X122.478 Y93.696 Z0.550 E266.17434
G1 X122.898 Y93.563 Z0.550 E266.42142
G1 X123.318 Y93.387 Z0.550 E266.67702
G1 X123.738 Y93.167 Z0.550 E266.94318
G1 X126.047 Y91.833 Z0.550 E268.43989
G1 X126.509 Y91.593 Z0.550 E268.73203
G1 X126.971 Y91.407 Z0.550 E269.01164
G1 X127.433 Y91.273 Z0.550 E269.28147
G1 X127.895 Y91.193 Z0.550 E269.54456
G1 X128.356 Y91.167 Z0.550 E269.80423
G1 X128.818 Y91.193 Z0.550 E270.06390
G1 X129.280 Y91.273 Z0.550 E270.32700
G1 X129.742 Y91.407 Z0.550 E270.59682
G1 X130.204 Y91.593 Z0.550 E270.87643
G1 X130.666 Y91.833 Z0.550 E271.16857
G1 X132.975 Y93.167 Z0.550 E272.66528
G1 X133.437 Y93.407 Z0.550 E272.95742
G1 X133.899 Y93.593 Z0.550 E273.23703
G1 X134.361 Y93.727 Z0.550 E273.50685
G1 X134.823 Y93.807 Z0.550 E273.76995
G1 X135.285 Y93.833 Z0.550 E274.02962
G1 X135.746 Y93.807 Z0.550 E274.28929
G1 X136.208 Y93.727 Z0.550 E274.55239
G1 X136.670 Y93.593 Z0.550 E274.82221
G1 X137.132 Y93.407 Z0.550 E275.10182
G1 X137.594 Y93.167 Z0.550 E275.39396
G1 X139.903 Y91.833 Z0.550 E276.89067
G1 X140.323 Y91.613 Z0.550 E277.15683
G1 X140.743 Y91.437 Z0.550 E277.41243
G1 X141.163 Y91.304 Z0.550 E277.65951
G1 X141.583 Y91.216 Z0.550 E277.90032
G1 X142.003 Y91.172 Z0.550 E278.13728
G1 X142.423 Y91.172 Z0.550 E278.37295
G1 X142.843 Y91.216 Z0.550 E278.60992
G1 X143.263 Y91.304 Z0.550 E278.85072
G1 X143.682 Y91.437 Z0.550 E279.09780
G1 X144.102 Y91.613 Z0.550 E279.35341
G1 X144.522 Y91.833 Z0.550 E279.61957
G1 X146.832 Y93.167 Z0.550 E281.11627
G1 X147.293 Y93.407 Z0.550 E281.40842
G1 X147.755 Y93.593 Z0.550 E281.68803
G1 X148.217 Y93.727 Z0.550 E281.95785
G1 X148.679 Y93.807 Z0.550 E282.22095
G1 X149.141 Y93.833 Z0.550 E282.48061
G1 X149.603 Y93.807 Z0.550 E282.74028
G1 X150.065 Y93.727 Z0.550 E283.00338
G1 X150.527 Y93.593 Z0.550 E283.27320
G1 X150.989 Y93.407 Z0.550 E283.55281
G1 X151.450 Y93.167 Z0.550 E283.84496
G1 X153.760 Y91.833 Z0.550 E285.34166
G1 X154.222 Y91.593 Z0.550 E285.63381
G1 X154.684 Y91.407 Z0.550 E285.91341
G1 X155.145 Y91.273 Z0.550 E286.18324
G1 X155.607 Y91.193 Z0.550 E286.44633
G1 X156.069 Y91.167 Z0.550 E286.70600
G1 X156.531 Y91.193 Z0.550 E286.96567
G1 X156.993 Y91.273 Z0.550 E287.22877
G1 X157.455 Y91.407 Z0.550 E287.49859
G1 X157.917 Y91.593 Z0.550 E287.77820
G1 X158.379 Y91.833 Z0.550 E288.07034
G1 X160.688 Y93.167 Z0.550 E289.56705
G1 X161.108 Y93.387 Z0.550 E289.83321
G1 X161.528 Y93.563 Z0.550 E290.08881
G1 X161.948 Y93.696 Z0.550 E290.33589
G1 X162.368 Y93.784 Z0.550 E290.57670
G1 X162.787 Y93.828 Z0.550 E290.81367
G1 X163.207 Y93.828 Z0.550 E291.04934
G1 X163.627 Y93.784 Z0.550 E291.28630
G1 X164.047 Y93.696 Z0.550 E291.52711
G1 X164.467 Y93.563 Z0.550 E291.77419
G1 X164.887 Y93.387 Z0.550 E292.02979
G1 X165.307 Y93.167 Z0.550 E292.29595
G1 X167.616 Y91.833 Z0.550 E293.79266
G1 X168.078 Y91.593 Z0.550 E294.08480
G1 X168.540 Y91.407 Z0.550 E294.36441
G1 X169.002 Y91.273 Z0.550 E294.63423
G1 X169.464 Y91.193 Z0.550 E294.89733
G1 X169.926 Y91.167 Z0.550 E295.15700
G1 X170.388 Y91.193 Z0.550 E295.41667
G1 X170.849 Y91.273 Z0.550 E295.67976
G1 X171.311 Y91.407 Z0.550 E295.94959
G1 X171.773 Y91.593 Z0.550 E296.22919
G1 X172.235 Y91.833 Z0.550 E296.52134
G1 X174.544 Y93.167 Z0.550 E298.01804
G1 X175.006 Y93.407 Z0.550 E298.31019
G1 X175.468 Y93.593 Z0.550 E298.58980
G1 X175.930 Y93.727 Z0.550 E298.85962
G1 X176.392 Y93.807 Z0.550 E299.12272
G1 X176.854 Y93.833 Z0.550 E299.38239
G1 X177.316 Y93.807 Z0.550 E299.64206
G1 X177.778 Y93.727 Z0.550 E299.90515
G1 X178.239 Y93.593 Z0.550 E300.17497
G1 X178.701 Y93.407 Z0.550 E300.45458
G1 X179.163 Y93.167 Z0.550 E300.74673
G1 X181.473 Y91.833 Z0.550 E302.24343
G1 X181.893 Y91.613 Z0.550 E302.50959
G1 X182.312 Y91.437 Z0.550 E302.76520
G1 X182.732 Y91.304 Z0.550 E303.01228
G1 X183.152 Y91.216 Z0.550 E303.25308
G1 X183.572 Y91.172 Z0.550 E303.49005
G1 X183.992 Y91.172 Z0.550 E303.72572
G1 X184.412 Y91.216 Z0.550 E303.96268
G1 X184.832 Y91.304 Z0.550 E304.20349
G1 X185.252 Y91.437 Z0.550 E304.45057
G1 X185.672 Y91.613 Z0.550 E304.70617
G1 X186.091 Y91.833 Z0.550 E304.97233
G1 X188.401 Y93.167 Z0.550 E306.46904
G1 X188.863 Y93.407 Z0.550 E306.76118
G1 X189.325 Y93.593 Z0.550 E307.04079
G1 X189.786 Y93.727 Z0.550 E307.31061
G1 X190.248 Y93.807 Z0.550 E307.57371
G1 X190.710 Y93.833 Z0.550 E307.83338
G1 X191.172 Y93.807 Z0.550 E308.09305
G1 X191.634 Y93.727 Z0.550 E308.35615
G1 X192.096 Y93.593 Z0.550 E308.62597
G1 X192.558 Y93.407 Z0.550 E308.90558
G1 X193.020 Y93.167 Z0.550 E309.19772
G1 X195.329 Y91.833 Z0.550 E310.69443
G1 X195.554 Y91.710 Z0.550 E310.83852
G1 X195.768 Y91.607 Z0.550 E310.97171
G1 X195.970 Y91.523 Z0.550 E311.09439
G1 X196.160 Y91.460 Z0.550 E311.20708
G1 X196.339 Y91.417 Z0.550 E311.31044
G1 X196.507 Y91.393 Z0.550 E311.40532
G1 X196.663 Y91.390 Z0.550 E311.49283
G1 X196.807 Y91.407 Z0.550 E311.57438
G1 X196.940 Y91.443 Z0.550 E311.65170
G1 X197.061 Y91.500 Z0.550 E311.72682
G1 X197.171 Y91.577 Z0.550 E311.80193
G1 X197.269 Y91.673 Z0.550 E311.87925
G1 X197.356 Y91.790 Z0.550 E311.96080
G1 X197.431 Y91.927 Z0.550 E312.04831
G1 X197.494 Y92.083 Z0.550 E312.14320
G1 X197.546 Y92.260 Z0.550 E312.24655
G1 X197.586 Y92.457 Z0.550 E312.35924
G1 X197.615 Y92.673 Z0.550 E312.48192
G1 X197.633 Y92.910 Z0.550 E312.61511
G1 X197.638 Y93.167 Z0.550 E312.75921
G1 X197.638 Y95.833 Z0.550 E314.25591
G1 X197.619 Y96.307 Z0.550 E314.52207
G1 X197.562 Y96.759 Z0.550 E314.77767
G1 X197.467 Y97.189 Z0.550 E315.02475
G1 X197.333 Y97.596 Z0.550 E315.26556
G1 X197.161 Y97.982 Z0.550 E315.50253
G1 X196.951 Y98.346 Z0.550 E315.73820
G1 X196.703 Y98.687 Z0.550 E315.97516
G1 X196.417 Y99.007 Z0.550 E316.21597
G1 X196.092 Y99.304 Z0.550 E316.46305
G1 X195.730 Y99.580 Z0.550 E316.71865
G1 X195.329 Y99.833 Z0.550 E316.98481
G1 X193.020 Y101.167 Z0.550 E318.48152
G1 X192.558 Y101.407 Z0.550 E318.77366
G1 X192.096 Y101.593 Z0.550 E319.05327
G1 X191.634 Y101.727 Z0.550 E319.32309
G1 X191.172 Y101.807 Z0.550 E319.58619
G1 X190.710 Y101.833 Z0.550 E319.84586
G1 X190.248 Y101.807 Z0.550 E320.10553
G1 X189.786 Y101.727 Z0.550 E320.36862
G1 X189.325 Y101.593 Z0.550 E320.63845
G1 X188.863 Y101.407 Z0.550 E320.91805
G1 X188.401 Y101.167 Z0.550 E321.21020
G1 X186.091 Y99.833 Z0.550 E322.70691
G1 X185.672 Y99.613 Z0.550 E322.97307
G1 X185.252 Y99.437 Z0.550 E323.22867
G1 X184.832 Y99.304 Z0.550 E323.47575
G1 X184.412 Y99.216 Z0.550 E323.71656
G1 X183.992 Y99.172 Z0.550 E323.95352
G1 X183.572 Y99.172 Z0.550 E324.18919
G1 X183.152 Y99.216 Z0.550 E324.42616
G1 X182.732 Y99.304 Z0.550 E324.66696
G1 X182.312 Y99.437 Z0.550 E324.91404
G1 X181.893 Y99.613 Z0.550 E325.16965
G1 X181.473 Y99.833 Z0.550 E325.43581
G1 X179.163 Y101.167 Z0.550 E326.93251
G1 X178.701 Y101.407 Z0.550 E327.22466
G1 X178.239 Y101.593 Z0.550 E327.50427
G1 X177.778 Y101.727 Z0.550 E327.77409
G1 X177.316 Y101.807 Z0.550 E328.03718
G1 X176.854 Y101.833 Z0.550 E328.29685
G1 X176.392 Y101.807 Z0.550 E328.55652
G1 X175.930 Y101.727 Z0.550 E328.81962
G1 X175.468 Y101.593 Z0.550 E329.08944
G1 X175.006 Y101.407 Z0.550 E329.36905
G1 X174.544 Y101.167 Z0.550 E329.66119
G1 X172.235 Y99.833 Z0.550 E331.15790
G1 X171.773 Y99.593 Z0.550 E331.45005
G1 X171.311 Y99.407 Z0.550 E331.72965
G1 X170.849 Y99.273 Z0.550 E331.99948
G1 X170.388 Y99.193 Z0.550 E332.26257
G1 X169.926 Y99.167 Z0.550 E332.52224
G1 X169.464 Y99.193 Z0.550 E332.78191
G1 X169.002 Y99.273 Z0.550 E333.04501
G1 X168.540 Y99.407 Z0.550 E333.31483
G1 X168.078 Y99.593 Z0.550 E333.59444
G1 X167.616 Y99.833 Z0.550 E333.88658
G1 X165.307 Y101.167 Z0.550 E335.38329
G1 X164.887 Y101.387 Z0.550 E335.64945
G1 X164.467 Y101.563 Z0.550 E335.90505
G1 X164.047 Y101.696 Z0.550 E336.15213
G1 X163.627 Y101.784 Z0.550 E336.39294
G1 X163.207 Y101.828 Z0.550 E336.62990
G1 X162.787 Y101.828 Z0.550 E336.86557
G1 X162.368 Y101.784 Z0.550 E337.10254
G1 X161.948 Y101.696 Z0.550 E337.34335
G1 X161.528 Y101.563 Z0.550 E337.59043
G1 X161.108 Y101.387 Z0.550 E337.84603
G1 X160.688 Y101.167 Z0.550 E338.11219
G1 X158.379 Y99.833 Z0.550 E339.60890
G1 X157.917 Y99.593 Z0.550 E339.90104
G1 X157.455 Y99.407 Z0.550 E340.18065
G1 X156.993 Y99.273 Z0.550 E340.45047
G1 X156.531 Y99.193 Z0.550 E340.71357
G1 X156.069 Y99.167 Z0.550 E340.97324
G1 X155.607 Y99.193 Z0.550 E341.23291
G1 X155.145 Y99.273 Z0.550 E341.49600
G1 X154.684 Y99.407 Z0.550 E341.76582
G1 X154.222 Y99.593 Z0.550 E342.04543
G1 X153.760 Y99.833 Z0.550 E342.33758
G1 X151.450 Y101.167 Z0.550 E343.83428
G1 X150.989 Y101.407 Z0.550 E344.12643
G1 X150.527 Y101.593 Z0.550 E344.40604
G1 X150.065 Y101.727 Z0.550 E344.67586
G1 X149.603 Y101.807 Z0.550 E344.93896
G1 X149.141 Y101.833 Z0.550 E345.19863
G1 X148.679 Y101.807 Z0.550 E345.45829
G1 X148.217 Y101.727 Z0.550 E345.72139
G1 X147.755 Y101.593 Z0.550 E345.99121
G1 X147.293 Y101.407 Z0.550 E346.27082
G1 X146.832 Y101.167 Z0.550 E346.56297
G1 X144.522 Y99.833 Z0.550 E348.05967
G1 X144.102 Y99.613 Z0.550 E348.32583
G1 X143.682 Y99.437 Z0.550 E348.58143
G1 X143.263 Y99.304 Z0.550 E348.82851
G1 X142.843 Y99.216 Z0.550 E349.06932
G1 X142.423 Y99.172 Z0.550 E349.30629
G1 X142.003 Y99.172 Z0.550 E349.54196
G1 X141.583 Y99.216 Z0.550 E349.77892
G1 X141.163 Y99.304 Z0.550 E350.01973
G1 X140.743 Y99.437 Z0.550 E350.26681
G1 X140.323 Y99.613 Z0.550 E350.52241
G1 X139.903 Y99.833 Z0.550 E350.78857
G1 X137.594 Y101.167 Z0.550 E352.28528
G1 X137.132 Y101.407 Z0.550 E352.57742
G1 X136.670 Y101.593 Z0.550 E352.85703
G1 X136.208 Y101.727 Z0.550 E353.12685
G1 X135.746 Y101.807 Z0.550 E353.38995
G1 X135.285 Y101.833 Z0.550 E353.64962
G1 X134.823 Y101.807 Z0.550 E353.90929
G1 X134.361 Y101.727 Z0.550 E354.17239
G1 X133.899 Y101.593 Z0.550 E354.44221
G1 X133.437 Y101.407 Z0.550 E354.72182
G1 X132.975 Y101.167 Z0.550 E355.01396
G1 X130.666 Y99.833 Z0.550 E356.51067
G1 X130.204 Y99.593 Z0.550 E356.80281
G1 X129.742 Y99.407 Z0.550 E357.08242
G1 X129.280 Y99.273 Z0.550 E357.35224
G1 X128.818 Y99.193 Z0.550 E357.61534
G1 X128.356 Y99.167 Z0.550 E357.87501
G1 X127.895 Y99.193 Z0.550 E358.13468
G1 X127.433 Y99.273 Z0.550 E358.39777
G1 X126.971 Y99.407 Z0.550 E358.66760
G1 X126.509 Y99.593 Z0.550 E358.94720
G1 X126.047 Y99.833 Z0.550 E359.23935
G1 X123.738 Y101.167 Z0.550 E360.73606
G1 X123.318 Y101.387 Z0.550 E361.00222
G1 X122.898 Y101.563 Z0.550 E361.25782
G1 X122.478 Y101.696 Z0.550 E361.50490
G1 X122.058 Y101.784 Z0.550 E361.74571
G1 X121.638 Y101.828 Z0.550 E361.98267
G1 X121.218 Y101.828 Z0.550 E362.21834
G1 X120.798 Y101.784 Z0.550 E362.45531
G1 X120.378 Y101.696 Z0.550 E362.69611
G1 X119.959 Y101.563 Z0.550 E362.94319
G1 X119.539 Y101.387 Z0.550 E363.19880
G1 X119.119 Y101.167 Z0.550 E363.46496
G1 X116.809 Y99.833 Z0.550 E364.96166
G1 X116.390 Y99.613 Z0.550 E365.22782
G1 X115.970 Y99.437 Z0.550 E365.48342
G1 X115.550 Y99.304 Z0.550 E365.73050
G1 X115.130 Y99.216 Z0.550 E365.97131
G1 X114.710 Y99.172 Z0.550 E366.20828
G1 X114.290 Y99.172 Z0.550 E366.44395
G1 X113.870 Y99.216 Z0.550 E366.68091
G1 X113.450 Y99.304 Z0.550 E366.92172
G1 X113.030 Y99.437 Z0.550 E367.16880
G1 X112.610 Y99.613 Z0.550 E367.42440
G1 X112.191 Y99.833 Z0.550 E367.69056
G1 X109.881 Y101.167 Z0.550 E369.18727
G1 X109.419 Y101.407 Z0.550 E369.47941
G1 X108.957 Y101.593 Z0.550 E369.75902
G1 X108.496 Y101.727 Z0.550 E370.02884
G1 X108.034 Y101.807 Z0.550 E370.29194
G1 X107.572 Y101.833 Z0.550 E370.55161
G1 X107.110 Y101.807 Z0.550 E370.81128
G1 X106.648 Y101.727 Z0.550 E371.07437
G1 X106.186 Y101.593 Z0.550 E371.34420
G1 X105.724 Y101.407 Z0.550 E371.62380
G1 X105.262 Y101.167 Z0.550 E371.91595
G1 X102.953 Y99.833 Z0.550 E373.41266
G1 X102.533 Y99.613 Z0.550 E373.67882
G1 X102.113 Y99.437 Z0.550 E373.93442
G1 X101.693 Y99.304 Z0.550 E374.18150
G1 X101.273 Y99.216 Z0.550 E374.42231
G1 X100.854 Y99.172 Z0.550 E374.65927
G1 X100.434 Y99.172 Z0.550 E374.89494
G1 X100.014 Y99.216 Z0.550 E375.13191
G1 X99.594 Y99.304 Z0.550 E375.37271
G1 X99.174 Y99.437 Z0.550 E375.61979
G1 X98.754 Y99.613 Z0.550 E375.87540
G1 X98.334 Y99.833 Z0.550 E376.14156
G1 X96.025 Y101.167 Z0.550 E377.63826
G1 X95.605 Y101.387 Z0.550 E377.90442
G1 X95.185 Y101.563 Z0.550 E378.16002
G1 X94.765 Y101.696 Z0.550 E378.40710
G1 X94.345 Y101.784 Z0.550 E378.64791
G1 X93.925 Y101.828 Z0.550 E378.88488
G1 X93.505 Y101.828 Z0.550 E379.12055
G1 X93.086 Y101.784 Z0.550 E379.35751
G1 X92.666 Y101.696 Z0.550 E379.59832
G1 X92.246 Y101.563 Z0.550 E379.84540
G1 X91.826 Y101.387 Z0.550 E380.10100
G1 X91.406 Y101.167 Z0.550 E380.36716
G1 X89.097 Y99.833 Z0.550 E381.86387
G1 X88.635 Y99.593 Z0.550 E382.15601
G1 X88.173 Y99.407 Z0.550 E382.43562
G1 X87.711 Y99.273 Z0.550 E382.70544
G1 X87.249 Y99.193 Z0.550 E382.96854
G1 X86.787 Y99.167 Z0.550 E383.22821
G1 X86.325 Y99.193 Z0.550 E383.48788
G1 X85.863 Y99.273 Z0.550 E383.75097
G1 X85.402 Y99.407 Z0.550 E384.02080
G1 X84.940 Y99.593 Z0.550 E384.30040
G1 X84.478 Y99.833 Z0.550 E384.59255
G1 X82.168 Y101.167 Z0.550 E386.08926
G1 X81.748 Y101.387 Z0.550 E386.35542
G1 X81.329 Y101.563 Z0.550 E386.61102
G1 X80.909 Y101.696 Z0.550 E386.85810
G1 X80.489 Y101.784 Z0.550 E387.09891
G1 X80.069 Y101.828 Z0.550 E387.33587
G1 X79.649 Y101.828 Z0.550 E387.57154
G1 X79.229 Y101.784 Z0.550 E387.80851
G1 X78.809 Y101.696 Z0.550 E388.04931
G1 X78.389 Y101.563 Z0.550 E388.29639
G1 X77.969 Y101.387 Z0.550 E388.55200
G1 X77.550 Y101.167 Z0.550 E388.81816
G1 X75.240 Y99.833 Z0.550 E390.31486
G1 X74.820 Y99.613 Z0.550 E390.58102
G1 X74.400 Y99.437 Z0.550 E390.83662
G1 X73.981 Y99.304 Z0.550 E391.08370
G1 X73.561 Y99.216 Z0.550 E391.32451
G1 X73.141 Y99.172 Z0.550 E391.56148
G1 X72.721 Y99.172 Z0.550 E391.79715
G1 X72.301 Y99.216 Z0.550 E392.03411
G1 X71.881 Y99.304 Z0.550 E392.27492
G1 X71.461 Y99.437 Z0.550 E392.52200
G1 X71.041 Y99.613 Z0.550 E392.77760
G1 X70.621 Y99.833 Z0.550 E393.04376
G1 X68.312 Y101.167 Z0.550 E394.54047
G1 X67.850 Y101.407 Z0.550 E394.83261
G1 X67.388 Y101.593 Z0.550 E395.11222
G1 X66.926 Y101.727 Z0.550 E395.38204
G1 X66.464 Y101.807 Z0.550 E395.64514
G1 X66.003 Y101.833 Z0.550 E395.90481
G1 X65.541 Y101.807 Z0.550 E396.16448
G1 X65.079 Y101.727 Z0.550 E396.42757
G1 X64.617 Y101.593 Z0.550 E396.69740
G1 X64.155 Y101.407 Z0.550 E396.97700
G1 X63.693 Y101.167 Z0.550 E397.26915
G1 X61.384 Y99.833 Z0.550 E398.76586
G1 X60.964 Y99.613 Z0.550 E399.03202
G1 X60.544 Y99.437 Z0.550 E399.28762
G1 X60.124 Y99.304 Z0.550 E399.53470
G1 X59.704 Y99.216 Z0.550 E399.77551
G1 X59.284 Y99.172 Z0.550 E400.01247
G1 X58.864 Y99.172 Z0.550 E400.24814
G1 X58.445 Y99.216 Z0.550 E400.48511
G1 X58.025 Y99.304 Z0.550 E400.72591
G1 X57.605 Y99.437 Z0.550 E400.97299
G1 X57.185 Y99.613 Z0.550 E401.22860
G1 X56.765 Y99.833 Z0.550 E401.49476
G1 X54.456 Y101.167 Z0.550 E402.99146
G1 X53.994 Y101.407 Z0.550 E403.28361
G1 X53.532 Y101.593 Z0.550 E403.56321
G1 X53.070 Y101.727 Z0.550 E403.83304
G1 X52.608 Y101.807 Z0.550 E404.09613
G1 X52.146 Y101.833 Z0.550 E404.35580
G1 X51.684 Y101.807 Z0.550 E404.61547
G1 X51.222 Y101.727 Z0.550 E404.87857
G1 X50.761 Y101.593 Z0.550 E405.14839
G1 X50.299 Y101.407 Z0.550 E405.42800
G1 X49.837 Y101.167 Z0.550 E405.72014
G1 X47.527 Y99.833 Z0.550 E407.21685
G1 X47.065 Y99.593 Z0.550 E407.50900
G1 X46.604 Y99.407 Z0.550 E407.78860
G1 X46.142 Y99.273 Z0.550 E408.05843
G1 X45.680 Y99.193 Z0.550 E408.32152
G1 X45.218 Y99.167 Z0.550 E408.58119
G1 X44.756 Y99.193 Z0.550 E408.84086
G1 X44.294 Y99.273 Z0.550 E409.10396
G1 X43.832 Y99.407 Z0.550 E409.37378
G1 X43.370 Y99.593 Z0.550 E409.65339
G1 X42.909 Y99.833 Z0.550 E409.94553
G1 X40.599 Y101.167 Z0.550 E411.44224
G1 X40.179 Y101.387 Z0.550 E411.70840
G1 X39.759 Y101.563 Z0.550 E411.96400
G1 X39.339 Y101.696 Z0.550 E412.21108
G1 X38.920 Y101.784 Z0.550 E412.45189
G1 X38.500 Y101.828 Z0.550 E412.68885
G1 X38.080 Y101.828 Z0.550 E412.92452
G1 X37.660 Y101.784 Z0.550 E413.16149
G1 X37.240 Y101.696 Z0.550 E413.40230
G1 X36.820 Y101.563 Z0.550 E413.64938
G1 X36.400 Y101.387 Z0.550 E413.90498
G1 X35.980 Y101.167 Z0.550 E414.17114
G1 X33.671 Y99.833 Z0.550 E415.66784
G1 X33.446 Y99.710 Z0.550 E415.81194
G1 X33.232 Y99.607 Z0.550 E415.94513
G1 X33.030 Y99.523 Z0.550 E416.06781
G1 X32.840 Y99.460 Z0.550 E416.18050
G1 X32.661 Y99.417 Z0.550 E416.28385
G1 X32.493 Y99.393 Z0.550 E416.37874
G1 X32.337 Y99.390 Z0.550 E416.46625
G1 X32.193 Y99.407 Z0.550 E416.54780
G1 X32.060 Y99.443 Z0.550 E416.62512
G1 X31.939 Y99.500 Z0.550 E416.70023
G1 X31.829 Y99.577 Z0.550 E416.77535
G1 X31.731 Y99.673 Z0.550 E416.85267
G1 X31.644 Y99.790 Z0.550 E416.93422
G1 X31.569 Y99.927 Z0.550 E417.02173
G1 X31.506 Y100.083 Z0.550 E417.11661
G1 X31.454 Y100.260 Z0.550 E417.21997
G1 X31.414 Y100.457 Z0.550 E417.33266
G1 X31.385 Y100.673 Z0.550 E417.45534
G1 X31.367 Y100.910 Z0.550 E417.58853
G1 X31.362 Y101.167 Z0.550 E417.73262
G1 X31.362 Y103.833 Z0.550 E419.22933
G1 X31.385 Y104.353 Z0.550 E419.52147
G1 X31.454 Y104.847 Z0.550 E419.80108
G1 X31.569 Y105.313 Z0.550 E420.07090
G1 X31.731 Y105.753 Z0.550 E420.33400
G1 X31.939 Y106.167 Z0.550 E420.59367
G1 X32.193 Y106.553 Z0.550 E420.85334
G1 X32.493 Y106.913 Z0.550 E421.11644
G1 X32.840 Y107.247 Z0.550 E421.38626
G1 X33.232 Y107.553 Z0.550 E421.66587
G1 X33.671 Y107.833 Z0.550 E421.95801
G1 X35.980 Y109.167 Z0.550 E423.45472
G1 X36.400 Y109.387 Z0.550 E423.72088
G1 X36.820 Y109.563 Z0.550 E423.97648
G1 X37.240 Y109.696 Z0.550 E424.22356
G1 X37.660 Y109.784 Z0.550 E424.46437
G1 X38.080 Y109.828 Z0.550 E424.70133
G1 X38.500 Y109.828 Z0.550 E424.93700
G1 X38.920 Y109.784 Z0.550 E425.17397
G1 X39.339 Y109.696 Z0.550 E425.41478
G1 X39.759 Y109.563 Z0.550 E425.66186
G1 X40.179 Y109.387 Z0.550 E425.91746
G1 X40.599 Y109.167 Z0.550 E426.18362
G1 X42.909 Y107.833 Z0.550 E427.68032
G1 X43.370 Y107.593 Z0.550 E427.97247
G1 X43.832 Y107.407 Z0.550 E428.25208
G1 X44.294 Y107.273 Z0.550 E428.52190
G1 X44.756 Y107.193 Z0.550 E428.78500
G1 X45.218 Y107.167 Z0.550 E429.04466
G1 X45.680 Y107.193 Z0.550 E429.30433
G1 X46.142 Y107.273 Z0.550 E429.56743
G1 X46.604 Y107.407 Z0.550 E429.83725
G1 X47.065 Y107.593 Z0.550 E430.11686
G1 X47.527 Y107.833 Z0.550 E430.40901
G1 X49.837 Y109.167 Z0.550 E431.90571
G1 X50.299 Y109.407 Z0.550 E432.19786
G1 X50.761 Y109.593 Z0.550 E432.47747
G1 X51.222 Y109.727 Z0.550 E432.74729
G1 X51.684 Y109.807 Z0.550 E433.01038
G1 X52.146 Y109.833 Z0.550 E433.27005
G1 X52.608 Y109.807 Z0.550 E433.52972
G1 X53.070 Y109.727 Z0.550 E433.79282
G1 X53.532 Y109.593 Z0.550 E434.06264
G1 X53.994 Y109.407 Z0.550 E434.34225
G1 X54.456 Y109.167 Z0.550 E434.63439
G1 X56.765 Y107.833 Z0.550 E436.13110
G1 X57.185 Y107.613 Z0.550 E436.39726
G1 X57.605 Y107.437 Z0.550 E436.65286
G1 X58.025 Y107.304 Z0.550 E436.89994
G1 X58.445 Y107.216 Z0.550 E437.14075
G1 X58.864 Y107.172 Z0.550 E437.37772
G1 X59.284 Y107.172 Z0.550 E437.61339
G1 X59.704 Y107.216 Z0.550 E437.85035
G1 X60.124 Y107.304 Z0.550 E438.09116
G1 X60.544 Y107.437 Z0.550 E438.33824
G1 X60.964 Y107.613 Z0.550 E438.59384
G1 X61.384 Y107.833 Z0.550 E438.86000
G1 X63.693 Y109.167 Z0.550 E440.35671
G1 X64.155 Y109.407 Z0.550 E440.64885
G1 X64.617 Y109.593 Z0.550 E440.92846
G1 X65.079 Y109.727 Z0.550 E441.19828
G1 X65.541 Y109.807 Z0.550 E441.46138
G1 X66.003 Y109.833 Z0.550 E441.72105
G1 X66.464 Y109.807 Z0.550 E441.98072
G1 X66.926 Y109.727 Z0.550 E442.24381
G1 X67.388 Y109.593 Z0.550 E442.51364
G1 X67.850 Y109.407 Z0.550 E442.79324
G1 X68.312 Y109.167 Z0.550 E443.08539
G1 X70.621 Y107.833 Z0.550 E444.58210
G1 X71.041 Y107.613 Z0.550 E444.84825
G1 X71.461 Y107.437 Z0.550 E445.10386
G1 X71.881 Y107.304 Z0.550 E445.35094
G1 X72.301 Y107.216 Z0.550 E445.59174
G1 X72.721 Y107.172 Z0.550 E445.82871
G1 X73.141 Y107.172 Z0.550 E446.06438
G1 X73.561 Y107.216 Z0.550 E446.30135
G1 X73.981 Y107.304 Z0.550 E446.54215
G1 X74.400 Y107.437 Z0.550 E446.78923
G1 X74.820 Y107.613 Z0.550 E447.04484
G1 X75.240 Y107.833 Z0.550 E447.31099
G1 X77.550 Y109.167 Z0.550 E448.80770
G1 X77.969 Y109.387 Z0.550 E449.07386
G1 X78.389 Y109.563 Z0.550 E449.32946
G1 X78.809 Y109.696 Z0.550 E449.57654
G1 X79.229 Y109.784 Z0.550 E449.81735
G1 X79.649 Y109.828 Z0.550 E450.05432
G1 X80.069 Y109.828 Z0.550 E450.28999
G1 X80.489 Y109.784 Z0.550 E450.52695
G1 X80.909 Y109.696 Z0.550 E450.76776
G1 X81.329 Y109.563 Z0.550 E451.01484
G1 X81.748 Y109.387 Z0.550 E451.27044
G1 X82.168 Y109.167 Z0.550 E451.53660
G1 X84.478 Y107.833 Z0.550 E453.03331
G1 X84.940 Y107.593 Z0.550 E453.32545
G1 X85.402 Y107.407 Z0.550 E453.60506
G1 X85.863 Y107.273 Z0.550 E453.87488
G1 X86.325 Y107.193 Z0.550 E454.13798
G1 X86.787 Y107.167 Z0.550 E454.39765
G1 X87.249 Y107.193 Z0.550 E454.65732
G1 X87.711 Y107.273 Z0.550 E454.92041
G1 X88.173 Y107.407 Z0.550 E455.19024
G1 X88.635 Y107.593 Z0.550 E455.46984
G1 X89.097 Y107.833 Z0.550 E455.76199
G1 X91.406 Y109.167 Z0.550 E457.25870
G1 X91.826 Y109.387 Z0.550 E457.52485
G1 X92.246 Y109.563 Z0.550 E457.78046
G1 X92.666 Y109.696 Z0.550 E458.02754
G1 X93.086 Y109.784 Z0.550 E458.26834
G1 X93.505 Y109.828 Z0.550 E458.50531
G1 X93.925 Y109.828 Z0.550 E458.74098
G1 X94.345 Y109.784 Z0.550 E458.97795
G1 X94.765 Y109.696 Z0.550 E459.21875
G1 X95.185 Y109.563 Z0.550 E459.46583
G1 X95.605 Y109.387 Z0.550 E459.72144
G1 X96.025 Y109.167 Z0.550 E459.98759
G1 X98.334 Y107.833 Z0.550 E461.48430
G1 X98.754 Y107.613 Z0.550 E461.75046
G1 X99.174 Y107.437 Z0.550 E462.00606
G1 X99.594 Y107.304 Z0.550 E462.25314
G1 X100.014 Y107.216 Z0.550 E462.49395
G1 X100.434 Y107.172 Z0.550 E462.73092
G1 X100.854 Y107.172 Z0.550 E462.96659
G1 X101.273 Y107.216 Z0.550 E463.20355
G1 X101.693 Y107.304 Z0.550 E463.44436
G1 X102.113 Y107.437 Z0.550 E463.69144
G1 X102.533 Y107.613 Z0.550 E463.94704
G1 X102.953 Y107.833 Z0.550 E464.21320
G1 X105.262 Y109.167 Z0.550 E465.70991
G1 X105.724 Y109.407 Z0.550 E466.00205
G1 X106.186 Y109.593 Z0.550 E466.28166
G1 X106.648 Y109.727 Z0.550 E466.55148
G1 X107.110 Y109.807 Z0.550 E466.81458
G1 X107.572 Y109.833 Z0.550 E467.07425
G1 X108.034 Y109.807 Z0.550 E467.33392
G1 X108.496 Y109.727 Z0.550 E467.59701
G1 X108.957 Y109.593 Z0.550 E467.86684
G1 X109.419 Y109.407 Z0.550 E468.14644
G1 X109.881 Y109.167 Z0.550 E468.43859
G1 X112.191 Y107.833 Z0.550 E469.93530
G1 X112.610 Y107.613 Z0.550 E470.20145
G1 X113.030 Y107.437 Z0.550 E470.45706
G1 X113.450 Y107.304 Z0.550 E470.70414
G1 X113.870 Y107.216 Z0.550 E470.94494
G1 X114.290 Y107.172 Z0.550 E471.18191
G1 X114.710 Y107.172 Z0.550 E471.41758
G1 X115.130 Y107.216 Z0.550 E471.65455
G1 X115.550 Y107.304 Z0.550 E471.89535
G1 X115.970 Y107.437 Z0.550 E472.14243
G1 X116.390 Y107.613 Z0.550 E472.39804
G1 X116.809 Y107.833 Z0.550 E472.66419
G1 X119.119 Y109.167 Z0.550 E474.16090
G1 X119.539 Y109.387 Z0.550 E474.42706
G1 X119.959 Y109.563 Z0.550 E474.68266
G1 X120.378 Y109.696 Z0.550 E474.92974
G1 X120.798 Y109.784 Z0.550 E475.17055
G1 X121.218 Y109.828 Z0.550 E475.40752
G1 X121.638 Y109.828 Z0.550 E475.64319
G1 X122.058 Y109.784 Z0.550 E475.88015
G1 X122.478 Y109.696 Z0.550 E476.12096
G1 X122.898 Y109.563 Z0.550 E476.36804
G1 X123.318 Y109.387 Z0.550 E476.62364
G1 X123.738 Y109.167 Z0.550 E476.88980
G1 X126.047 Y107.833 Z0.550 E478.38651
G1 X126.509 Y107.593 Z0.550 E478.67865
G1 X126.971 Y107.407 Z0.550 E478.95826
G1 X127.433 Y107.273 Z0.550 E479.22808
G1 X127.895 Y107.193 Z0.550 E479.49118
G1 X128.356 Y107.167 Z0.550 E479.75085
G1 X128.818 Y107.193 Z0.550 E480.01052
G1 X129.280 Y107.273 Z0.550 E480.27361
G1 X129.742 Y107.407 Z0.550 E480.54344
G1 X130.204 Y107.593 Z0.550 E480.82304
G1 X130.666 Y107.833 Z0.550 E481.11519
G1 X132.975 Y109.167 Z0.550 E482.61190
G1 X133.437 Y109.407 Z0.550 E482.90404
G1 X133.899 Y109.593 Z0.550 E483.18365
G1 X134.361 Y109.727 Z0.550 E483.45347
G1 X134.823 Y109.807 Z0.550 E483.71657
G1 X135.285 Y109.833 Z0.550 E483.97624
G1 X135.746 Y109.807 Z0.550 E484.23591
G1 X136.208 Y109.727 Z0.550 E484.49900
G1 X136.670 Y109.593 Z0.550 E484.76882
G1 X137.132 Y109.407 Z0.550 E485.04843
G1 X137.594 Y109.167 Z0.550 E485.34058
G1 X139.903 Y107.833 Z0.550 E486.83728
G1 X140.323 Y107.613 Z0.550 E487.10344
G1 X140.743 Y107.437 Z0.550 E487.35905
G1 X141.163 Y107.304 Z0.550 E487.60613
G1 X141.583 Y107.216 Z0.550 E487.84693
G1 X142.003 Y107.172 Z0.550 E488.08390
G1 X142.423 Y107.172 Z0.550 E488.31957
G1 X142.843 Y107.216 Z0.550 E488.55653
G1 X143.263 Y107.304 Z0.550 E488.79734
G1 X143.682 Y107.437 Z0.550 E489.04442
G1 X144.102 Y107.613 Z0.550 E489.30002
G1 X144.522 Y107.833 Z0.550 E489.56618
G1 X146.832 Y109.167 Z0.550 E491.06289
G1 X147.293 Y109.407 Z0.550 E491.35504
G1 X147.755 Y109.593 Z0.550 E491.63464
G1 X148.217 Y109.727 Z0.550 E491.90447
G1 X148.679 Y109.807 Z0.550 E492.16756
G1 X149.141 Y109.833 Z0.550 E492.42723
G1 X149.603 Y109.807 Z0.550 E492.68690
G1 X150.065 Y109.727 Z0.550 E492.95000
G1 X150.527 Y109.593 Z0.550 E493.21982
G1 X150.989 Y109.407 Z0.550 E493.49943
G1 X151.450 Y109.167 Z0.550 E493.79157
G1 X153.760 Y107.833 Z0.550 E495.28828
G1 X154.222 Y107.593 Z0.550 E495.58042
G1 X154.684 Y107.407 Z0.550 E495.86003
G1 X155.145 Y107.273 Z0.550 E496.12985
G1 X155.607 Y107.193 Z0.550 E496.39295
G1 X156.069 Y107.167 Z0.550 E496.65262
G1 X156.531 Y107.193 Z0.550 E496.91229
G1 X156.993 Y107.273 Z0.550 E497.17539
G1 X157.455 Y107.407 Z0.550 E497.44521
G1 X157.917 Y107.593 Z0.550 E497.72482
G1 X158.379 Y107.833 Z0.550 E498.01696
G1 X160.688 Y109.167 Z0.550 E499.51367
G1 X161.108 Y109.387 Z0.550 E499.77983
G1 X161.528 Y109.563 Z0.550 E500.03543
G1 X161.948 Y109.696 Z0.550 E500.28251
G1 X162.368 Y109.784 Z0.550 E500.52332
G1 X162.787 Y109.828 Z0.550 E500.76028
G1 X163.207 Y109.828 Z0.550 E500.99595
G1 X163.627 Y109.784 Z0.550 E501.23292
G1 X164.047 Y109.696 Z0.550 E501.47373
G1 X164.467 Y109.563 Z0.550 E501.72081
G1 X164.887 Y109.387 Z0.550 E501.97641
G1 X165.307 Y109.167 Z0.550 E502.24257
G1 X167.616 Y107.833 Z0.550 E503.73927
G1 X168.078 Y107.593 Z0.550 E504.03142
G1 X168.540 Y107.407 Z0.550 E504.31103
G1 X169.002 Y107.273 Z0.550 E504.58085
G1 X169.464 Y107.193 Z0.550 E504.84395
G1 X169.926 Y107.167 Z0.550 E505.10361
G1 X170.388 Y107.193 Z0.550 E505.36328
G1 X170.849 Y107.273 Z0.550 E505.62638
G1 X171.311 Y107.407 Z0.550 E505.89620
G1 X171.773 Y107.593 Z0.550 E506.17581
G1 X172.235 Y107.833 Z0.550 E506.46796
G1 X174.544 Y109.167 Z0.550 E507.96466
G1 X175.006 Y109.407 Z0.550 E508.25681
G1 X175.468 Y109.593 Z0.550 E508.53641
G1 X175.930 Y109.727 Z0.550 E508.80624
G1 X176.392 Y109.807 Z0.550 E509.06933
G1 X176.854 Y109.833 Z0.550 E509.32900
G1 X177.316 Y109.807 Z0.550 E509.58867
G1 X177.778 Y109.727 Z0.550 E509.85177
G1 X178.239 Y109.593 Z0.550 E510.12159
G1 X178.701 Y109.407 Z0.550 E510.40120
G1 X179.163 Y109.167 Z0.550 E510.69334
G1 X181.473 Y107.833 Z0.550 E512.19005
G1 X181.893 Y107.613 Z0.550 E512.45621
G1 X182.312 Y107.437 Z0.550 E512.71181
G1 X182.732 Y107.304 Z0.550 E512.95889
G1 X183.152 Y107.216 Z0.550 E513.19970
G1 X183.572 Y107.172 Z0.550 E513.43667
G1 X183.992 Y107.172 Z0.550 E513.67234
G1 X184.412 Y107.216 Z0.550 E513.90930
G1 X184.832 Y107.304 Z0.550 E514.15011
G1 X185.252 Y107.437 Z0.550 E514.39719
G1 X185.672 Y107.613 Z0.550 E514.65279
G1 X186.091 Y107.833 Z0.550 E514.91895
G1 X188.401 Y109.167 Z0.550 E516.41566
G1 X188.863 Y109.407 Z0.550 E516.70780
G1 X189.325 Y109.593 Z0.550 E516.98741
G1 X189.786 Y109.727 Z0.550 E517.25723
G1 X190.248 Y109.807 Z0.550 E517.52033
G1 X190.710 Y109.833 Z0.550 E517.78000
G1 X191.172 Y109.807 Z0.550 E518.03967
G1 X191.634 Y109.727 Z0.550 E518.30276
G1 X192.096 Y109.593 Z0.550 E518.57259
G1 X192.558 Y109.407 Z0.550 E518.85219
G1 X193.020 Y109.167 Z0.550 E519.14434
G1 X195.329 Y107.833 Z0.550 E520.64105
G1 X195.554 Y107.710 Z0.550 E520.78514
G1 X195.768 Y107.607 Z0.550 E520.91833
G1 X195.970 Y107.523 Z0.550 E521.04101
G1 X196.160 Y107.460 Z0.550 E521.15370
G1 X196.339 Y107.417 Z0.550 E521.25705
G1 X196.507 Y107.393 Z0.550 E521.35194
G1 X196.663 Y107.390 Z0.550 E521.43945
G1 X196.807 Y107.407 Z0.550 E521.52100
G1 X196.940 Y107.443 Z0.550 E521.59832
G1 X197.061 Y107.500 Z0.550 E521.67343
G1 X197.171 Y107.577 Z0.550 E521.74855
G1 X197.269 Y107.673 Z0.550 E521.82587
G1 X197.356 Y107.790 Z0.550 E521.90742
G1 X197.431 Y107.927 Z0.550 E521.99493
G1 X197.494 Y108.083 Z0.550 E522.08981
G1 X197.546 Y108.260 Z0.550 E522.19317
G1 X197.586 Y108.457 Z0.550 E522.30586
G1 X197.615 Y108.673 Z0.550 E522.42854
G1 X197.633 Y108.910 Z0.550 E522.56173
G1 X197.638 Y109.167 Z0.550 E522.70582
G1 X197.638 Y111.833 Z0.550 E524.20253
G1 X197.619 Y112.307 Z0.550 E524.46869
G1 X197.562 Y112.759 Z0.550 E524.72429
G1 X197.467 Y113.189 Z0.550 E524.97137
G1 X197.333 Y113.596 Z0.550 E525.21218
G1 X197.161 Y113.982 Z0.550 E525.44914
G1 X196.951 Y114.346 Z0.550 E525.68481
G1 X196.703 Y114.687 Z0.550 E525.92178
G1 X196.417 Y115.007 Z0.550 E526.16259
G1 X196.092 Y115.304 Z0.550 E526.40967
G1 X195.730 Y115.580 Z0.550 E526.66527
G1 X195.329 Y115.833 Z0.550 E526.93143
G1 X193.020 Y117.167 Z0.550 E528.42813
G1 X192.558 Y117.407 Z0.550 E528.72028
G1 X192.096 Y117.593 Z0.550 E528.99989
G1 X191.634 Y117.727 Z0.550 E529.26971
G1 X191.172 Y117.807 Z0.550 E529.53281
G1 X190.710 Y117.833 Z0.550 E529.79248
G1 X190.248 Y117.807 Z0.550 E530.05214
G1 X189.786 Y117.727 Z0.550 E530.31524
G1 X189.325 Y117.593 Z0.550 E530.58506
G1 X188.863 Y117.407 Z0.550 E530.86467
G1 X188.401 Y117.167 Z0.550 E531.15682
G1 X186.091 Y115.833 Z0.550 E532.65352
G1 X185.672 Y115.613 Z0.550 E532.91968
G1 X185.252 Y115.437 Z0.550 E533.17529
G1 X184.832 Y115.304 Z0.550 E533.42237
G1 X184.412 Y115.216 Z0.550 E533.66317
G1 X183.992 Y115.172 Z0.550 E533.90014
G1 X183.572 Y115.172 Z0.550 E534.13581
G1 X183.152 Y115.216 Z0.550 E534.37277
G1 X182.732 Y115.304 Z0.550 E534.61358
G1 X182.312 Y115.437 Z0.550 E534.86066
G1 X181.893 Y115.613 Z0.550 E535.11626
G1 X181.473 Y115.833 Z0.550 E535.38242
G1 X179.163 Y117.167 Z0.550 E536.87913
G1 X178.701 Y117.407 Z0.550 E537.17127
G1 X178.239 Y117.593 Z0.550 E537.45088
G1 X177.778 Y117.727 Z0.550 E537.72070
G1 X177.316 Y117.807 Z0.550 E537.98380
G1 X176.854 Y117.833 Z0.550 E538.24347
G1 X176.392 Y117.807 Z0.550 E538.50314
G1 X175.930 Y117.727 Z0.550 E538.76624
G1 X175.468 Y117.593 Z0.550 E539.03606
G1 X175.006 Y117.407 Z0.550 E539.31567
G1 X174.544 Y117.167 Z0.550 E539.60781
G1 X172.235 Y115.833 Z0.550 E541.10452
G1 X171.773 Y115.593 Z0.550 E541.39666
G1 X171.311 Y115.407 Z0.550 E541.67627
G1 X170.849 Y115.273 Z0.550 E541.94609
G1 X170.388 Y115.193 Z0.550 E542.20919
G1 X169.926 Y115.167 Z0.550 E542.46886
G1 X169.464 Y115.193 Z0.550 E542.72853
G1 X169.002 Y115.273 Z0.550 E542.99162
G1 X168.540 Y115.407 Z0.550 E543.26145
G1 X168.078 Y115.593 Z0.550 E543.54106
G1 X167.616 Y115.833 Z0.550 E543.83320
G1 X165.307 Y117.167 Z0.550 E545.32991
G1 X164.887 Y117.387 Z0.550 E545.59607
G1 X164.467 Y117.563 Z0.550 E545.85167
G1 X164.047 Y117.696 Z0.550 E546.09875
G1 X163.627 Y117.784 Z0.550 E546.33956
G1 X163.207 Y117.828 Z0.550 E546.57652
G1 X162.787 Y117.828 Z0.550 E546.81219
G1 X162.368 Y117.784 Z0.550 E547.04916
G1 X161.948 Y117.696 Z0.550 E547.28996
G1 X161.528 Y117.563 Z0.550 E547.53704
G1 X161.108 Y117.387 Z0.550 E547.79265
G1 X160.688 Y117.167 Z0.550 E548.05881
G1 X158.379 Y115.833 Z0.550 E549.55551
G1 X157.917 Y115.593 Z0.550 E549.84766
G1 X157.455 Y115.407 Z0.550 E550.12727
G1 X156.993 Y115.273 Z0.550 E550.39709
G1 X156.531 Y115.193 Z0.550 E550.66018
G1 X156.069 Y115.167 Z0.550 E550.91985
G1 X155.607 Y115.193 Z0.550 E551.17952
G1 X155.145 Y115.273 Z0.550 E551.44262
G1 X154.684 Y115.407 Z0.550 E551.71244
G1 X154.222 Y115.593 Z0.550 E551.99205
G1 X153.760 Y115.833 Z0.550 E552.28419
G1 X151.450 Y117.167 Z0.550 E553.78090
G1 X150.989 Y117.407 Z0.550 E554.07305
G1 X150.527 Y117.593 Z0.550 E554.35265
G1 X150.065 Y117.727 Z0.550 E554.62248
G1 X149.603 Y117.807 Z0.550 E554.88557
G1 X149.141 Y117.833 Z0.550 E555.14524
G1 X148.679 Y117.807 Z0.550 E555.40491
G1 X148.217 Y117.727 Z0.550 E555.66801
G1 X147.755 Y117.593 Z0.550 E555.93783
G1 X147.293 Y117.407 Z0.550 E556.21744
G1 X146.832 Y117.167 Z0.550 E556.50958
G1 X144.522 Y115.833 Z0.550 E558.00629
G1 X144.102 Y115.613 Z0.550 E558.27245
G1 X143.682 Y115.437 Z0.550 E558.52805
G1 X143.263 Y115.304 Z0.550 E558.77513
G1 X142.843 Y115.216 Z0.550 E559.01594
G1 X142.423 Y115.172 Z0.550 E559.25290
G1 X142.003 Y115.172 Z0.550 E559.48857
G1 X141.583 Y115.216 Z0.550 E559.72554
G1 X141.163 Y115.304 Z0.550 E559.96635
G1 X140.743 Y115.437 Z0.550 E560.21343
G1 X140.323 Y115.613 Z0.550 E560.46903
G1 X139.903 Y115.833 Z0.550 E560.73519
G1 X137.594 Y117.167 Z0.550 E562.23190
G1 X137.132 Y117.407 Z0.550 E562.52404
G1 X136.670 Y117.593 Z0.550 E562.80365
G1 X136.208 Y117.727 Z0.550 E563.07347
G1 X135.746 Y117.807 Z0.550 E563.33657
G1 X135.285 Y117.833 Z0.550 E563.59624
G1 X134.823 Y117.807 Z0.550 E563.85591
G1 X134.361 Y117.727 Z0.550 E564.11900
G1 X133.899 Y117.593 Z0.550 E564.38882
G1 X133.437 Y117.407 Z0.550 E564.66843
G1 X132.975 Y117.167 Z0.550 E564.96058
G1 X130.666 Y115.833 Z0.550 E566.45728
G1 X130.204 Y115.593 Z0.550 E566.74943
G1 X129.742 Y115.407 Z0.550 E567.02904
G1 X129.280 Y115.273 Z0.550 E567.29886
G1 X128.818 Y115.193 Z0.550 E567.56196
G1 X128.356 Y115.167 Z0.550 E567.82163
G1 X127.895 Y115.193 Z0.550 E568.08129
G1 X127.433 Y115.273 Z0.550 E568.34439
G1 X126.971 Y115.407 Z0.550 E568.61421
G1 X126.509 Y115.593 Z0.550 E568.89382
G1 X126.047 Y115.833 Z0.550 E569.18597
G1 X123.738 Y117.167 Z0.550 E570.68267
G1 X123.318 Y117.387 Z0.550 E570.94883
G1 X122.898 Y117.563 Z0.550 E571.20443
G1 X122.478 Y117.696 Z0.550 E571.45151
G1 X122.058 Y117.784 Z0.550 E571.69232
G1 X121.638 Y117.828 Z0.550 E571.92929
G1 X121.218 Y117.828 Z0.550 E572.16496
G1 X120.798 Y117.784 Z0.550 E572.40192
G1 X120.378 Y117.696 Z0.550 E572.64273
G1 X119.959 Y117.563 Z0.550 E572.88981
G1 X119.539 Y117.387 Z0.550 E573.14541
G1 X119.119 Y117.167 Z0.550 E573.41157
G1 X116.809 Y115.833 Z0.550 E574.90828
G1 X116.390 Y115.613 Z0.550 E575.17444
G1 X115.970 Y115.437 Z0.550 E575.43004
G1 X115.550 Y115.304 Z0.550 E575.67712
G1 X115.130 Y115.216 Z0.550 E575.91793
G1 X114.710 Y115.172 Z0.550 E576.15489
G1 X114.290 Y115.172 Z0.550 E576.39056
G1 X113.870 Y115.216 Z0.550 E576.62753
G1 X113.450 Y115.304 Z0.550 E576.86834
G1 X113.030 Y115.437 Z0.550 E577.11542
G1 X112.610 Y115.613 Z0.550 E577.37102
G1 X112.191 Y115.833 Z0.550 E577.63718
G1 X109.881 Y117.167 Z0.550 E579.13388
G1 X109.419 Y117.407 Z0.550 E579.42603
G1 X108.957 Y117.593 Z0.550 E579.70564
G1 X108.496 Y117.727 Z0.550 E579.97546
G1 X108.034 Y117.807 Z0.550 E580.23856
G1 X107.572 Y117.833 Z0.550 E580.49823
G1 X107.110 Y117.807 Z0.550 E580.75789
G1 X106.648 Y117.727 Z0.550 E581.02099
G1 X106.186 Y117.593 Z0.550 E581.29081
G1 X105.724 Y117.407 Z0.550 E581.57042
G1 X105.262 Y117.167 Z0.550 E581.86257
G1 X102.953 Y115.833 Z0.550 E583.35927
G1 X102.533 Y115.613 Z0.550 E583.62543
G1 X102.113 Y115.437 Z0.550 E583.88103
G1 X101.693 Y115.304 Z0.550 E584.12811
G1 X101.273 Y115.216 Z0.550 E584.36892
G1 X100.854 Y115.172 Z0.550 E584.60589
G1 X100.434 Y115.172 Z0.550 E584.84156
G1 X100.014 Y115.216 Z0.550 E585.07852
G1 X99.594 Y115.304 Z0.550 E585.31933
G1 X99.174 Y115.437 Z0.550 E585.56641
G1 X98.754 Y115.613 Z0.550 E585.82201
G1 X98.334 Y115.833 Z0.550 E586.08817
G1 X96.025 Y117.167 Z0.550 E587.58488
G1 X95.605 Y117.387 Z0.550 E587.85104
G1 X95.185 Y117.563 Z0.550 E588.10664
G1 X94.765 Y117.696 Z0.550 E588.35372
G1 X94.345 Y117.784 Z0.550 E588.59453
G1 X93.925 Y117.828 Z0.550 E588.83149
G1 X93.505 Y117.828 Z0.550 E589.06716
G1 X93.086 Y117.784 Z0.550 E589.30413
G1 X92.666 Y117.696 Z0.550 E589.54494
G1 X92.246 Y117.563 Z0.550 E589.79202
G1 X91.826 Y117.387 Z0.550 E590.04762
G1 X91.406 Y117.167 Z0.550 E590.31378
G1 X89.097 Y115.833 Z0.550 E591.81048
G1 X88.635 Y115.593 Z0.550 E592.10263
G1 X88.173 Y115.407 Z0.550 E592.38224
G1 X87.711 Y115.273 Z0.550 E592.65206
G1 X87.249 Y115.193 Z0.550 E592.91516
G1 X86.787 Y115.167 Z0.550 E593.17483
G1 X86.325 Y115.193 Z0.550 E593.43449
G1 X85.863 Y115.273 Z0.550 E593.69759
G1 X85.402 Y115.407 Z0.550 E593.96741
G1 X84.940 Y115.593 Z0.550 E594.24702
G1 X84.478 Y115.833 Z0.550 E594.53917
G1 X82.168 Y117.167 Z0.550 E596.03587
G1 X81.748 Y117.387 Z0.550 E596.30203
G1 X81.329 Y117.563 Z0.550 E596.55763
G1 X80.909 Y117.696 Z0.550 E596.80471
G1 X80.489 Y117.784 Z0.550 E597.04552
G1 X80.069 Y117.828 Z0.550 E597.28249
G1 X79.649 Y117.828 Z0.550 E597.51816
G1 X79.229 Y117.784 Z0.550 E597.75512
G1 X78.809 Y117.696 Z0.550 E597.99593
G1 X78.389 Y117.563 Z0.550 E598.24301
G1 X77.969 Y117.387 Z0.550 E598.49861
G1 X77.550 Y117.167 Z0.550 E598.76477
G1 X75.240 Y115.833 Z0.550 E600.26148
G1 X74.820 Y115.613 Z0.550 E600.52764
G1 X74.400 Y115.437 Z0.550 E600.78324
G1 X73.981 Y115.304 Z0.550 E601.03032
G1 X73.561 Y115.216 Z0.550 E601.27113
G1 X73.141 Y115.172 Z0.550 E601.50809
G1 X72.721 Y115.172 Z0.550 E601.74376
G1 X72.301 Y115.216 Z0.550 E601.98073
G1 X71.881 Y115.304 Z0.550 E602.22154
G1 X71.461 Y115.437 Z0.550 E602.46862
G1 X71.041 Y115.613 Z0.550 E602.72422
G1 X70.621 Y115.833 Z0.550 E602.99038
G1 X68.312 Y117.167 Z0.550 E604.48708
G1 X67.850 Y117.407 Z0.550 E604.77923
G1 X67.388 Y117.593 Z0.550 E605.05884
G1 X66.926 Y117.727 Z0.550 E605.32866
G1 X66.464 Y117.807 Z0.550 E605.59176
G1 X66.003 Y117.833 Z0.550 E605.85143
G1 X65.541 Y117.807 Z0.550 E606.11109
G1 X65.079 Y117.727 Z0.550 E606.37419
G1 X64.617 Y117.593 Z0.550 E606.64401
G1 X64.155 Y117.407 Z0.550 E606.92362
G1 X63.693 Y117.167 Z0.550 E607.21577
G1 X61.384 Y115.833 Z0.550 E608.71247
G1 X60.964 Y115.613 Z0.550 E608.97863
G1 X60.544 Y115.437 Z0.550 E609.23423
G1 X60.124 Y115.304 Z0.550 E609.48131
G1 X59.704 Y115.216 Z0.550 E609.72212
G1 X59.284 Y115.172 Z0.550 E609.95909
G1 X58.864 Y115.172 Z0.550 E610.19476
G1 X58.445 Y115.216 Z0.550 E610.43172
G1 X58.025 Y115.304 Z0.550 E610.67253
G1 X57.605 Y115.437 Z0.550 E610.91961
G1 X57.185 Y115.613 Z0.550 E611.17521
G1 X56.765 Y115.833 Z0.550 E611.44137
G1 X54.456 Y117.167 Z0.550 E612.93808
G1 X53.994 Y117.407 Z0.550 E613.23022
G1 X53.532 Y117.593 Z0.550 E613.50983
G1 X53.070 Y117.727 Z0.550 E613.77965
G1 X52.608 Y117.807 Z0.550 E614.04275
G1 X52.146 Y117.833 Z0.550 E614.30242
G1 X51.684 Y117.807 Z0.550 E614.56209
G1 X51.222 Y117.727 Z0.550 E614.82519
G1 X50.761 Y117.593 Z0.550 E615.09501
G1 X50.299 Y117.407 Z0.550 E615.37462
G1 X49.837 Y117.167 Z0.550 E615.66676
G1 X47.527 Y115.833 Z0.550 E617.16347
G1 X47.065 Y115.593 Z0.550 E617.45561
G1 X46.604 Y115.407 Z0.550 E617.73522
G1 X46.142 Y115.273 Z0.550 E618.00504
G1 X45.680 Y115.193 Z0.550 E618.26814
G1 X45.218 Y115.167 Z0.550 E618.52781
G1 X44.756 Y115.193 Z0.550 E618.78748
G1 X44.294 Y115.273 Z0.550 E619.05057
G1 X43.832 Y115.407 Z0.550 E619.32040
G1 X43.370 Y115.593 Z0.550 E619.60000
G1 X42.909 Y115.833 Z0.550 E619.89215
G1 X40.599 Y117.167 Z0.550 E621.38886
G1 X40.179 Y117.387 Z0.550 E621.65502
G1 X39.759 Y117.563 Z0.550 E621.91062
G1 X39.339 Y117.696 Z0.550 E622.15770
G1 X38.920 Y117.784 Z0.550 E622.39851
G1 X38.500 Y117.828 Z0.550 E622.63547
G1 X38.080 Y117.828 Z0.550 E622.87114
G1 X37.660 Y117.784 Z0.550 E623.10811
G1 X37.240 Y117.696 Z0.550 E623.34891
G1 X36.820 Y117.563 Z0.550 E623.59599
G1 X36.400 Y117.387 Z0.550 E623.85160
G1 X35.980 Y117.167 Z0.550 E624.11776
G1 X33.671 Y115.833 Z0.550 E625.61446
G1 X33.446 Y115.710 Z0.550 E625.75856
G1 X33.232 Y115.607 Z0.550 E625.89174
G1 X33.030 Y115.523 Z0.550 E626.01443
G1 X32.840 Y115.460 Z0.550 E626.12711
G1 X32.661 Y115.417 Z0.550 E626.23047
G1 X32.493 Y115.393 Z0.550 E626.32535
G1 X32.337 Y115.390 Z0.550 E626.41287
G1 X32.193 Y115.407 Z0.550 E626.49442
G1 X32.060 Y115.443 Z0.550 E626.57174
G1 X31.939 Y115.500 Z0.550 E626.64685
G1 X31.829 Y115.577 Z0.550 E626.72197
G1 X31.731 Y115.673 Z0.550 E626.79929
G1 X31.644 Y115.790 Z0.550 E626.88084
G1 X31.569 Y115.927 Z0.550 E626.96835
G1 X31.506 Y116.083 Z0.550 E627.06323
G1 X31.454 Y116.260 Z0.550 E627.16659
G1 X31.414 Y116.457 Z0.550 E627.27928
G1 X31.385 Y116.673 Z0.550 E627.40196
G1 X31.367 Y116.910 Z0.550 E627.53515
G1 X31.362 Y117.167 Z0.550 E627.67924
G1 X31.362 Y119.833 Z0.550 E629.17595
G1 X31.385 Y120.353 Z0.550 E629.46809
G1 X31.454 Y120.847 Z0.550 E629.74770
G1 X31.569 Y121.313 Z0.550 E630.01752
G1 X31.731 Y121.753 Z0.550 E630.28062
G1 X31.939 Y122.167 Z0.550 E630.54029
G1 X32.193 Y122.553 Z0.550 E630.79996
G1 X32.493 Y122.913 Z0.550 E631.06305
G1 X32.840 Y123.247 Z0.550 E631.33288
G1 X33.232 Y123.553 Z0.550 E631.61248
G1 X33.671 Y123.833 Z0.550 E631.90463
G1 X35.980 Y125.167 Z0.550 E633.40133
G1 X36.400 Y125.387 Z0.550 E633.66749
G1 X36.820 Y125.563 Z0.550 E633.92310
G1 X37.240 Y125.696 Z0.550 E634.17018
G1 X37.660 Y125.784 Z0.550 E634.41098
G1 X38.080 Y125.828 Z0.550 E634.64795
G1 X38.500 Y125.828 Z0.550 E634.88362
G1 X38.920 Y125.784 Z0.550 E635.12058
G1 X39.339 Y125.696 Z0.550 E635.36139
G1 X39.759 Y125.563 Z0.550 E635.60847
G1 X40.179 Y125.387 Z0.550 E635.86407
G1 X40.599 Y125.167 Z0.550 E636.13023
G1 X42.909 Y123.833 Z0.550 E637.62694
G1 X43.370 Y123.593 Z0.550 E637.91909
G1 X43.832 Y123.407 Z0.550 E638.19869
G1 X44.294 Y123.273 Z0.550 E638.46852
G1 X44.756 Y123.193 Z0.550 E638.73161
G1 X45.218 Y123.167 Z0.550 E638.99128
G1 X45.680 Y123.193 Z0.550 E639.25095
G1 X46.142 Y123.273 Z0.550 E639.51405
G1 X46.604 Y123.407 Z0.550 E639.78387
G1 X47.065 Y123.593 Z0.550 E640.06348
G1 X47.527 Y123.833 Z0.550 E640.35562
G1 X49.837 Y125.167 Z0.550 E641.85233
G1 X50.299 Y125.407 Z0.550 E642.14447
G1 X50.761 Y125.593 Z0.550 E642.42408
G1 X51.222 Y125.727 Z0.550 E642.69390
G1 X51.684 Y125.807 Z0.550 E642.95700
G1 X52.146 Y125.833 Z0.550 E643.21667
G1 X52.608 Y125.807 Z0.550 E643.47634
G1 X53.070 Y125.727 Z0.550 E643.73944
G1 X53.532 Y125.593 Z0.550 E644.00926
G1 X53.994 Y125.407 Z0.550 E644.28887
G1 X54.456 Y125.167 Z0.550 E644.58101
G1 X56.765 Y123.833 Z0.550 E646.07772
G1 X57.185 Y123.613 Z0.550 E646.34388
G1 X57.605 Y123.437 Z0.550 E646.59948
G1 X58.025 Y123.304 Z0.550 E646.84656
G1 X58.445 Y123.216 Z0.550 E647.08737
G1 X58.864 Y123.172 Z0.550 E647.32433
G1 X59.284 Y123.172 Z0.550 E647.56000
G1 X59.704 Y123.216 Z0.550 E647.79697
G1 X60.124 Y123.304 Z0.550 E648.03778
G1 X60.544 Y123.437 Z0.550 E648.28486
G1 X60.964 Y123.613 Z0.550 E648.54046
G1 X61.384 Y123.833 Z0.550 E648.80662
G1 X63.693 Y125.167 Z0.550 E650.30332
G1 X64.155 Y125.407 Z0.550 E650.59547
G1 X64.617 Y125.593 Z0.550 E650.87508
G1 X65.079 Y125.727 Z0.550 E651.14490
G1 X65.541 Y125.807 Z0.550 E651.40800
G1 X66.003 Y125.833 Z0.550 E651.66766
G1 X66.464 Y125.807 Z0.550 E651.92733
G1 X66.926 Y125.727 Z0.550 E652.19043
G1 X67.388 Y125.593 Z0.550 E652.46025
G1 X67.850 Y125.407 Z0.550 E652.73986
G1 X68.312 Y125.167 Z0.550 E653.03201
G1 X70.621 Y123.833 Z0.550 E654.52871
G1 X71.041 Y123.613 Z0.550 E654.79487
G1 X71.461 Y123.437 Z0.550 E655.05047
G1 X71.881 Y123.304 Z0.550 E655.29755
G1 X72.301 Y123.216 Z0.550 E655.53836
G1 X72.721 Y123.172 Z0.550 E655.77533
G1 X73.141 Y123.172 Z0.550 E656.01100
G1 X73.561 Y123.216 Z0.550 E656.24796
G1 X73.981 Y123.304 Z0.550 E656.48877
G1 X74.400 Y123.437 Z0.550 E656.73585
G1 X74.820 Y123.613 Z0.550 E656.99145
G1 X75.240 Y123.833 Z0.550 E657.25761
G1 X77.550 Y125.167 Z0.550 E658.75432
G1 X77.969 Y125.387 Z0.550 E659.02048
G1 X78.389 Y125.563 Z0.550 E659.27608
G1 X78.809 Y125.696 Z0.550 E659.52316
G1 X79.229 Y125.784 Z0.550 E659.76397
G1 X79.649 Y125.828 Z0.550 E660.00093
G1 X80.069 Y125.828 Z0.550 E660.23660
G1 X80.489 Y125.784 Z0.550 E660.47357
G1 X80.909 Y125.696 Z0.550 E660.71438
G1 X81.329 Y125.563 Z0.550 E660.96146
G1 X81.748 Y125.387 Z0.550 E661.21706
G1 X82.168 Y125.167 Z0.550 E661.48322
G1 X84.478 Y123.833 Z0.550 E662.97992
G1 X84.940 Y123.593 Z0.550 E663.27207
G1 X85.402 Y123.407 Z0.550 E663.55168
G1 X85.863 Y123.273 Z0.550 E663.82150
G1 X86.325 Y123.193 Z0.550 E664.08460
G1 X86.787 Y123.167 Z0.550 E664.34426
G1 X87.249 Y123.193 Z0.550 E664.60393
G1 X87.711 Y123.273 Z0.550 E664.86703
G1 X88.173 Y123.407 Z0.550 E665.13685
G1 X88.635 Y123.593 Z0.550 E665.41646
G1 X89.097 Y123.833 Z0.550 E665.70861
G1 X91.406 Y125.167 Z0.550 E667.20531
G1 X91.826 Y125.387 Z0.550 E667.47147
G1 X92.246 Y125.563 Z0.550 E667.72707
G1 X92.666 Y125.696 Z0.550 E667.97415
G1 X93.086 Y125.784 Z0.550 E668.21496
G1 X93.505 Y125.828 Z0.550 E668.45193
G1 X93.925 Y125.828 Z0.550 E668.68760
G1 X94.345 Y125.784 Z0.550 E668.92456
G1 X94.765 Y125.696 Z0.550 E669.16537
G1 X95.185 Y125.563 Z0.550 E669.41245
G1 X95.605 Y125.387 Z0.550 E669.66805
G1 X96.025 Y125.167 Z0.550 E669.93421
G1 X98.334 Y123.833 Z0.550 E671.43092
G1 X98.754 Y123.613 Z0.550 E671.69708
G1 X99.174 Y123.437 Z0.550 E671.95268
G1 X99.594 Y123.304 Z0.550 E672.19976
G1 X100.014 Y123.216 Z0.550 E672.44057
G1 X100.434 Y123.172 Z0.550 E672.67753
G1 X100.854 Y123.172 Z0.550 E672.91320
G1 X101.273 Y123.216 Z0.550 E673.15017
G1 X101.693 Y123.304 Z0.550 E673.39098
G1 X102.113 Y123.437 Z0.550 E673.63806
G1 X102.533 Y123.613 Z0.550 E673.89366
G1 X102.953 Y123.833 Z0.550 E674.15982
G1 X105.262 Y125.167 Z0.550 E675.65652
G1 X105.724 Y125.407 Z0.550 E675.94867
G1 X106.186 Y125.593 Z0.550 E676.22828
G1 X106.648 Y125.727 Z0.550 E676.49810
G1 X107.110 Y125.807 Z0.550 E676.76120
G1 X107.572 Y125.833 Z0.550 E677.02086
G1 X108.034 Y125.807 Z0.550 E677.28053
G1 X108.496 Y125.727 Z0.550 E677.54363
G1 X108.957 Y125.593 Z0.550 E677.81345
G1 X109.419 Y125.407 Z0.550 E678.09306
G1 X109.881 Y125.167 Z0.550 E678.38521
G1 X112.191 Y123.833 Z0.550 E679.88191
G1 X112.610 Y123.613 Z0.550 E680.14807
G1 X113.030 Y123.437 Z0.550 E680.40367
G1 X113.450 Y123.304 Z0.550 E680.65075
G1 X113.870 Y123.216 Z0.550 E680.89156
G1 X114.290 Y123.172 Z0.550 E681.12853
G1 X114.710 Y123.172 Z0.550 E681.36420
G1 X115.130 Y123.216 Z0.550 E681.60116
G1 X115.550 Y123.304 Z0.550 E681.84197
G1 X115.970 Y123.437 Z0.550 E682.08905
G1 X116.390 Y123.613 Z0.550 E682.34465
G1 X116.809 Y123.833 Z0.550 E682.61081
G1 X119.119 Y125.167 Z0.550 E684.10752
G1 X119.539 Y125.387 Z0.550 E684.37368
G1 X119.959 Y125.563 Z0.550 E684.62928
G1 X120.378 Y125.696 Z0.550 E684.87636
G1 X120.798 Y125.784 Z0.550 E685.11717
G1 X121.218 Y125.828 Z0.550 E685.35413
G1 X121.638 Y125.828 Z0.550 E685.58980
G1 X122.058 Y125.784 Z0.550 E685.82677
G1 X122.478 Y125.696 Z0.550 E686.06758
G1 X122.898 Y125.563 Z0.550 E686.31466
G1 X123.318 Y125.387 Z0.550 E686.57026
G1 X123.738 Y125.167 Z0.550 E686.83642
G1 X126.047 Y123.833 Z0.550 E688.33312
G1 X126.509 Y123.593 Z0.550 E688.62527
G1 X126.971 Y123.407 Z0.550 E688.90488
G1 X127.433 Y123.273 Z0.550 E689.17470
G1 X127.895 Y123.193 Z0.550 E689.43780
G1 X128.356 Y123.167 Z0.550 E689.69746
G1 X128.818 Y123.193 Z0.550 E689.95713
G1 X129.280 Y123.273 Z0.550 E690.22023
G1 X129.742 Y123.407 Z0.550 E690.49005
G1 X130.204 Y123.593 Z0.550 E690.76966
G1 X130.666 Y123.833 Z0.550 E691.06181
G1 X132.975 Y125.167 Z0.550 E692.55851
G1 X133.437 Y125.407 Z0.550 E692.85066
G1 X133.899 Y125.593 Z0.550 E693.13027
G1 X134.361 Y125.727 Z0.550 E693.40009
G1 X134.823 Y125.807 Z0.550 E693.66318
G1 X135.285 Y125.833 Z0.550 E693.92285
G1 X135.746 Y125.807 Z0.550 E694.18252
G1 X136.208 Y125.727 Z0.550 E694.44562
G1 X136.670 Y125.593 Z0.550 E694.71544
G1 X137.132 Y125.407 Z0.550 E694.99505
G1 X137.594 Y125.167 Z0.550 E695.28719
G1 X139.903 Y123.833 Z0.550 E696.78390
G1 X140.323 Y123.613 Z0.550 E697.05006
G1 X140.743 Y123.437 Z0.550 E697.30566
G1 X141.163 Y123.304 Z0.550 E697.55274
G1 X141.583 Y123.216 Z0.550 E697.79355
G1 X142.003 Y123.172 Z0.550 E698.03052
G1 X142.423 Y123.172 Z0.550 E698.26619
G1 X142.843 Y123.216 Z0.550 E698.50315
G1 X143.263 Y123.304 Z0.550 E698.74396
G1 X143.682 Y123.437 Z0.550 E698.99104
G1 X144.102 Y123.613 Z0.550 E699.24664
G1 X144.522 Y123.833 Z0.550 E699.51280
G1 X146.832 Y125.167 Z0.550 E701.00951
G1 X147.293 Y125.407 Z0.550 E701.30165
G1 X147.755 Y125.593 Z0.550 E701.58126
G1 X148.217 Y125.727 Z0.550 E701.85108
G1 X148.679 Y125.807 Z0.550 E702.11418
G1 X149.141 Y125.833 Z0.550 E702.37385
G1 X149.603 Y125.807 Z0.550 E702.63352
G1 X150.065 Y125.727 Z0.550 E702.89661
G1 X150.527 Y125.593 Z0.550 E703.16644
G1 X150.989 Y125.407 Z0.550 E703.44604
G1 X151.450 Y125.167 Z0.550 E703.73819
G1 X153.760 Y123.833 Z0.550 E705.23490
G1 X154.222 Y123.593 Z0.550 E705.52704
G1 X154.684 Y123.407 Z0.550 E705.80665
G1 X155.145 Y123.273 Z0.550 E706.07647
G1 X155.607 Y123.193 Z0.550 E706.33957
G1 X156.069 Y123.167 Z0.550 E706.59924
G1 X156.531 Y123.193 Z0.550 E706.85891
G1 X156.993 Y123.273 Z0.550 E707.12200
G1 X157.455 Y123.407 Z0.550 E707.39182
G1 X157.917 Y123.593 Z0.550 E707.67143
G1 X158.379 Y123.833 Z0.550 E707.96358
G1 X160.688 Y125.167 Z0.550 E709.46028
G1 X161.108 Y125.387 Z0.550 E709.72644
G1 X161.528 Y125.563 Z0.550 E709.98205
G1 X161.948 Y125.696 Z0.550 E710.22913
G1 X162.368 Y125.784 Z0.550 E710.46993
G1 X162.787 Y125.828 Z0.550 E710.70690
G1 X163.207 Y125.828 Z0.550 E710.94257
G1 X163.627 Y125.784 Z0.550 E711.17953
G1 X164.047 Y125.696 Z0.550 E711.42034
G1 X164.467 Y125.563 Z0.550 E711.66742
G1 X164.887 Y125.387 Z0.550 E711.92302
G1 X165.307 Y125.167 Z0.550 E712.18918
G1 X167.616 Y123.833 Z0.550 E713.68589
G1 X168.078 Y123.593 Z0.550 E713.97804
G1 X168.540 Y123.407 Z0.550 E714.25764
G1 X169.002 Y123.273 Z0.550 E714.52747
G1 X169.464 Y123.193 Z0.550 E714.79056
G1 X169.926 Y123.167 Z0.550 E715.05023
G1 X170.388 Y123.193 Z0.550 E715.30990
G1 X170.849 Y123.273 Z0.550 E715.57300
G1 X171.311 Y123.407 Z0.550 E715.84282
G1 X171.773 Y123.593 Z0.550 E716.12243
G1 X172.235 Y123.833 Z0.550 E716.41457
G1 X174.544 Y125.167 Z0.550 E717.91128
G1 X175.006 Y125.407 Z0.550 E718.20342
G1 X175.468 Y125.593 Z0.550 E718.48303
G1 X175.930 Y125.727 Z0.550 E718.75285
G1 X176.392 Y125.807 Z0.550 E719.01595
G1 X176.854 Y125.833 Z0.550 E719.27562
G1 X177.316 Y125.807 Z0.550 E719.53529
G1 X177.778 Y125.727 Z0.550 E719.79839
G1 X178.239 Y125.593 Z0.550 E720.06821
G1 X178.701 Y125.407 Z0.550 E720.34782
G1 X179.163 Y125.167 Z0.550 E720.63996
G1 X181.473 Y123.833 Z0.550 E722.13667
G1 X181.893 Y123.613 Z0.550 E722.40283
G1 X182.312 Y123.437 Z0.550 E722.65843
G1 X182.732 Y123.304 Z0.550 E722.90551
G1 X183.152 Y123.216 Z0.550 E723.14632
G1 X183.572 Y123.172 Z0.550 E723.38328
G1 X183.992 Y123.172 Z0.550 E723.61895
G1 X184.412 Y123.216 Z0.550 E723.85592
G1 X184.832 Y123.304 Z0.550 E724.09673
G1 X185.252 Y123.437 Z0.550 E724.34381
G1 X185.672 Y123.613 Z0.550 E724.59941
G1 X186.091 Y123.833 Z0.550 E724.86557
G1 X188.401 Y125.167 Z0.550 E726.36227
G1 X188.863 Y125.407 Z0.550 E726.65442
G1 X189.325 Y125.593 Z0.550 E726.93403
G1 X189.786 Y125.727 Z0.550 E727.20385
G1 X190.248 Y125.807 Z0.550 E727.46695
G1 X190.710 Y125.833 Z0.550 E727.72661
G1 X191.172 Y125.807 Z0.550 E727.98628
G1 X191.634 Y125.727 Z0.550 E728.24938
G1 X192.096 Y125.593 Z0.550 E728.51920
G1 X192.558 Y125.407 Z0.550 E728.79881
G1 X193.020 Y125.167 Z0.550 E729.09096
G1 X195.329 Y123.833 Z0.550 E730.58766
G1 X195.554 Y123.710 Z0.550 E730.73176
G1 X195.768 Y123.607 Z0.550 E730.86494
G1 X195.970 Y123.523 Z0.550 E730.98763
G1 X196.160 Y123.460 Z0.550 E731.10031
G1 X196.339 Y123.417 Z0.550 E731.20367
G1 X196.507 Y123.393 Z0.550 E731.29855
G1 X196.663 Y123.390 Z0.550 E731.38607
G1 X196.807 Y123.407 Z0.550 E731.46762
G1 X196.940 Y123.443 Z0.550 E731.54494
G1 X197.061 Y123.500 Z0.550 E731.62005
G1 X197.171 Y123.577 Z0.550 E731.69517
G1 X197.269 Y123.673 Z0.550 E731.77249
G1 X197.356 Y123.790 Z0.550 E731.85404
G1 X197.431 Y123.927 Z0.550 E731.94155
G1 X197.494 Y124.083 Z0.550 E732.03643
G1 X197.546 Y124.260 Z0.550 E732.13979
G1 X197.586 Y124.457 Z0.550 E732.25248
G1 X197.615 Y124.673 Z0.550 E732.37516
G1 X197.633 Y124.910 Z0.550 E732.50835
G1 X197.638 Y125.167 Z0.550 E732.65244
G1 X197.638 Y127.833 Z0.550 E734.14915
G1 X197.619 Y128.307 Z0.550 E734.41530
G1 X197.562 Y128.759 Z0.550 E734.67091
G1 X197.467 Y129.189 Z0.550 E734.91799
G1 X197.333 Y129.596 Z0.550 E735.15880
G1 X197.161 Y129.982 Z0.550 E735.39576
G1 X196.951 Y130.346 Z0.550 E735.63143
G1 X196.703 Y130.687 Z0.550 E735.86840
G1 X196.417 Y131.007 Z0.550 E736.10920
G1 X196.092 Y131.304 Z0.550 E736.35628
G1 X195.730 Y131.580 Z0.550 E736.61189
G1 X195.329 Y131.833 Z0.550 E736.87805
G1 X193.020 Y133.167 Z0.550 E738.37475
G1 X192.558 Y133.407 Z0.550 E738.66690
G1 X192.096 Y133.593 Z0.550 E738.94650
G1 X191.634 Y133.727 Z0.550 E739.21633
G1 X191.172 Y133.807 Z0.550 E739.47942
G1 X190.710 Y133.833 Z0.550 E739.73909
G1 X190.248 Y133.807 Z0.550 E739.99876
G1 X189.786 Y133.727 Z0.550 E740.26186
G1 X189.325 Y133.593 Z0.550 E740.53168
G1 X188.863 Y133.407 Z0.550 E740.81129
G1 X188.401 Y133.167 Z0.550 E741.10343
G1 X186.091 Y131.833 Z0.550 E742.60014
G1 X185.672 Y131.613 Z0.550 E742.86630
G1 X185.252 Y131.437 Z0.550 E743.12190
G1 X184.832 Y131.304 Z0.550 E743.36898
G1 X184.412 Y131.216 Z0.550 E743.60979
G1 X183.992 Y131.172 Z0.550 E743.84675
G1 X183.572 Y131.172 Z0.550 E744.08242
G1 X183.152 Y131.216 Z0.550 E744.31939
G1 X182.732 Y131.304 Z0.550 E744.56020
G1 X182.312 Y131.437 Z0.550 E744.80728
G1 X181.893 Y131.613 Z0.550 E745.06288
G1 X181.473 Y131.833 Z0.550 E745.32904
G1 X179.163 Y133.167 Z0.550 E746.82575
G1 X178.701 Y133.407 Z0.550 E747.11789
G1 X178.239 Y133.593 Z0.550 E747.39750
G1 X177.778 Y133.727 Z0.550 E747.66732
G1 X177.316 Y133.807 Z0.550 E747.93042
G1 X176.854 Y133.833 Z0.550 E748.19009
G1 X176.392 Y133.807 Z0.550 E748.44976
G1 X175.930 Y133.727 Z0.550 E748.71285
G1 X175.468 Y133.593 Z0.550 E748.98268
G1 X175.006 Y133.407 Z0.550 E749.26228
G1 X174.544 Y133.167 Z0.550 E749.55443
G1 X172.235 Y131.833 Z0.550 E751.05113
G1 X171.773 Y131.593 Z0.550 E751.34328
G1 X171.311 Y131.407 Z0.550 E751.62289
G1 X170.849 Y131.273 Z0.550 E751.89271
G1 X170.388 Y131.193 Z0.550 E752.15581
G1 X169.926 Y131.167 Z0.550 E752.41548
G1 X169.464 Y131.193 Z0.550 E752.67514
G1 X169.002 Y131.273 Z0.550 E752.93824
G1 X168.540 Y131.407 Z0.550 E753.20806
G1 X168.078 Y131.593 Z0.550 E753.48767
G1 X167.616 Y131.833 Z0.550 E753.77982
G1 X165.307 Y133.167 Z0.550 E755.27652
G1 X164.887 Y133.387 Z0.550 E755.54268
G1 X164.467 Y133.563 Z0.550 E755.79829
G1 X164.047 Y133.696 Z0.550 E756.04537
G1 X163.627 Y133.784 Z0.550 E756.28617
G1 X163.207 Y133.828 Z0.550 E756.52314
G1 X162.787 Y133.828 Z0.550 E756.75881
G1 X162.368 Y133.784 Z0.550 E756.99577
G1 X161.948 Y133.696 Z0.550 E757.23658
G1 X161.528 Y133.563 Z0.550 E757.48366
G1 X161.108 Y133.387 Z0.550 E757.73926
G1 X160.688 Y133.167 Z0.550 E758.00542
G1 X158.379 Y131.833 Z0.550 E759.50213
G1 X157.917 Y131.593 Z0.550 E759.79427
G1 X157.455 Y131.407 Z0.550 E760.07388
G1 X156.993 Y131.273 Z0.550 E760.34370
G1 X156.531 Y131.193 Z0.550 E760.60680
G1 X156.069 Y131.167 Z0.550 E760.86647
G1 X155.607 Y131.193 Z0.550 E761.12614
G1 X155.145 Y131.273 Z0.550 E761.38924
G1 X154.684 Y131.407 Z0.550 E761.65906
G1 X154.222 Y131.593 Z0.550 E761.93867
G1 X153.760 Y131.833 Z0.550 E762.23081
G1 X151.450 Y133.167 Z0.550 E763.72752
G1 X150.989 Y133.407 Z0.550 E764.01966
G1 X150.527 Y133.593 Z0.550 E764.29927
G1 X150.065 Y133.727 Z0.550 E764.56909
G1 X149.603 Y133.807 Z0.550 E764.83219
G1 X149.141 Y133.833 Z0.550 E765.09186
G1 X148.679 Y133.807 Z0.550 E765.35153
G1 X148.217 Y133.727 Z0.550 E765.61462
G1 X147.755 Y133.593 Z0.550 E765.88445
G1 X147.293 Y133.407 Z0.550 E766.16406
G1 X146.832 Y133.167 Z0.550 E766.45620
G1 X144.522 Y131.833 Z0.550 E767.95291
G1 X144.102 Y131.613 Z0.550 E768.21907
G1 X143.682 Y131.437 Z0.550 E768.47467
G1 X143.263 Y131.304 Z0.550 E768.72175
G1 X142.843 Y131.216 Z0.550 E768.96256
G1 X142.423 Y131.172 Z0.550 E769.19952
G1 X142.003 Y131.172 Z0.550 E769.43519
G1 X141.583 Y131.216 Z0.550 E769.67216
G1 X141.163 Y131.304 Z0.550 E769.91296
G1 X140.743 Y131.437 Z0.550 E770.16004
G1 X140.323 Y131.613 Z0.550 E770.41565
G1 X139.903 Y131.833 Z0.550 E770.68181
G1 X137.594 Y133.167 Z0.550 E772.17851
G1 X137.132 Y133.407 Z0.550 E772.47066
G1 X136.670 Y133.593 Z0.550 E772.75027
G1 X136.208 Y133.727 Z0.550 E773.02009
G1 X135.746 Y133.807 Z0.550 E773.28318
G1 X135.285 Y133.833 Z0.550 E773.54285
G1 X134.823 Y133.807 Z0.550 E773.80252
G1 X134.361 Y133.727 Z0.550 E774.06562
G1 X133.899 Y133.593 Z0.550 E774.33544
G1 X133.437 Y133.407 Z0.550 E774.61505
G1 X132.975 Y133.167 Z0.550 E774.90719
G1 X130.666 Y131.833 Z0.550 E776.40390
G1 X130.204 Y131.593 Z0.550 E776.69605
G1 X129.742 Y131.407 Z0.550 E776.97565
G1 X129.280 Y131.273 Z0.550 E777.24548
G1 X128.818 Y131.193 Z0.550 E777.50857
G1 X128.356 Y131.167 Z0.550 E777.76824
G1 X127.895 Y131.193 Z0.550 E778.02791
G1 X127.433 Y131.273 Z0.550 E778.29101
G1 X126.971 Y131.407 Z0.550 E778.56083
G1 X126.509 Y131.593 Z0.550 E778.84044
G1 X126.047 Y131.833 Z0.550 E779.13258
G1 X123.738 Y133.167 Z0.550 E780.62929
G1 X123.318 Y133.387 Z0.550 E780.89545
G1 X122.898 Y133.563 Z0.550 E781.15105
G1 X122.478 Y133.696 Z0.550 E781.39813
G1 X122.058 Y133.784 Z0.550 E781.63894
G1 X121.638 Y133.828 Z0.550 E781.87590
G1 X121.218 Y133.828 Z0.550 E782.11157
G1 X120.798 Y133.784 Z0.550 E782.34854
G1 X120.378 Y133.696 Z0.550 E782.58935
G1 X119.959 Y133.563 Z0.550 E782.83643
G1 X119.539 Y133.387 Z0.550 E783.09203
G1 X119.119 Y133.167 Z0.550 E783.35819
G1 X116.809 Y131.833 Z0.550 E784.85490
G1 X116.390 Y131.613 Z0.550 E785.12105
G1 X115.970 Y131.437 Z0.550 E785.37666
G1 X115.550 Y131.304 Z0.550 E785.62374
G1 X115.130 Y131.216 Z0.550 E785.86455
G1 X114.710 Y131.172 Z0.550 E786.10151
G1 X114.290 Y131.172 Z0.550 E786.33718
G1 X113.870 Y131.216 Z0.550 E786.57415
G1 X113.450 Y131.304 Z0.550 E786.81495
G1 X113.030 Y131.437 Z0.550 E787.06203
G1 X112.610 Y131.613 Z0.550 E787.31764
G1 X112.191 Y131.833 Z0.550 E787.58379
G1 X109.881 Y133.167 Z0.550 E789.08050
G1 X109.419 Y133.407 Z0.550 E789.37265
G1 X108.957 Y133.593 Z0.550 E789.65225
G1 X108.496 Y133.727 Z0.550 E789.92208
G1 X108.034 Y133.807 Z0.550 E790.18517
G1 X107.572 Y133.833 Z0.550 E790.44484
G1 X107.110 Y133.807 Z0.550 E790.70451
G1 X106.648 Y133.727 Z0.550 E790.96761
G1 X106.186 Y133.593 Z0.550 E791.23743
G1 X105.724 Y133.407 Z0.550 E791.51704
G1 X105.262 Y133.167 Z0.550 E791.80918
G1 X102.953 Y131.833 Z0.550 E793.30589
G1 X102.533 Y131.613 Z0.550 E793.57205
G1 X102.113 Y131.437 Z0.550 E793.82765
G1 X101.693 Y131.304 Z0.550 E794.07473
G1 X101.273 Y131.216 Z0.550 E794.31554
G1 X100.854 Y131.172 Z0.550 E794.55250
G1 X100.434 Y131.172 Z0.550 E794.78817
G1 X100.014 Y131.216 Z0.550 E795.02514
G1 X99.594 Y131.304 Z0.550 E795.26595
G1 X99.174 Y131.437 Z0.550 E795.51303
G1 X98.754 Y131.613 Z0.550 E795.76863
G1 X98.334 Y131.833 Z0.550 E796.03479
G1 X96.025 Y133.167 Z0.550 E797.53150
G1 X95.605 Y133.387 Z0.550 E797.79765
G1 X95.185 Y133.563 Z0.550 E798.05326
G1 X94.765 Y133.696 Z0.550 E798.30034
G1 X94.345 Y133.784 Z0.550 E798.54115
G1 X93.925 Y133.828 Z0.550 E798.77811
G1 X93.505 Y133.828 Z0.550 E799.01378
G1 X93.086 Y133.784 Z0.550 E799.25075
G1 X92.666 Y133.696 Z0.550 E799.49155
G1 X92.246 Y133.563 Z0.550 E799.73863
G1 X91.826 Y133.387 Z0.550 E799.99424
G1 X91.406 Y133.167 Z0.550 E800.26039
G1 X89.097 Y131.833 Z0.550 E801.75710
G1 X88.635 Y131.593 Z0.550 E802.04925
G1 X88.173 Y131.407 Z0.550 E802.32885
G1 X87.711 Y131.273 Z0.550 E802.59868
G1 X87.249 Y131.193 Z0.550 E802.86177
G1 X86.787 Y131.167 Z0.550 E803.12144
G1 X86.325 Y131.193 Z0.550 E803.38111
G1 X85.863 Y131.273 Z0.550 E803.64421
G1 X85.402 Y131.407 Z0.550 E803.91403
G1 X84.940 Y131.593 Z0.550 E804.19364
G1 X84.478 Y131.833 Z0.550 E804.48578
G1 X82.168 Y133.167 Z0.550 E805.98249
G1 X81.748 Y133.387 Z0.550 E806.24865
G1 X81.329 Y133.563 Z0.550 E806.50425
G1 X80.909 Y133.696 Z0.550 E806.75133
G1 X80.489 Y133.784 Z0.550 E806.99214
G1 X80.069 Y133.828 Z0.550 E807.22910
G1 X79.649 Y133.828 Z0.550 E807.46477
G1 X79.229 Y133.784 Z0.550 E807.70174
G1 X78.809 Y133.696 Z0.550 E807.94255
G1 X78.389 Y133.563 Z0.550 E808.18963
G1 X77.969 Y133.387 Z0.550 E808.44523
G1 X77.550 Y133.167 Z0.550 E808.71139
G1 X75.240 Y131.833 Z0.550 E810.20810
G1 X74.820 Y131.613 Z0.550 E810.47425
G1 X74.400 Y131.437 Z0.550 E810.72986
G1 X73.981 Y131.304 Z0.550 E810.97694
G1 X73.561 Y131.216 Z0.550 E811.21775
G1 X73.141 Y131.172 Z0.550 E811.45471
G1 X72.721 Y131.172 Z0.550 E811.69038
G1 X72.301 Y131.216 Z0.550 E811.92735
G1 X71.881 Y131.304 Z0.550 E812.16815
G1 X71.461 Y131.437 Z0.550 E812.41523
G1 X71.041 Y131.613 Z0.550 E812.67084
G1 X70.621 Y131.833 Z0.550 E812.93699
G1 X68.312 Y133.167 Z0.550 E814.43370
G1 X67.850 Y133.407 Z0.550 E814.72585
G1 X67.388 Y133.593 Z0.550 E815.00545
G1 X66.926 Y133.727 Z0.550 E815.27528
G1 X66.464 Y133.807 Z0.550 E815.53837
G1 X66.003 Y133.833 Z0.550 E815.79804
G1 X65.541 Y133.807 Z0.550 E816.05771
G1 X65.079 Y133.727 Z0.550 E816.32081
G1 X64.617 Y133.593 Z0.550 E816.59063
G1 X64.155 Y133.407 Z0.550 E816.87024
G1 X63.693 Y133.167 Z0.550 E817.16238
G1 X61.384 Y131.833 Z0.550 E818.65909
G1 X60.964 Y131.613 Z0.550 E818.92525
G1 X60.544 Y131.437 Z0.550 E819.18085
G1 X60.124 Y131.304 Z0.550 E819.42793
G1 X59.704 Y131.216 Z0.550 E819.66874
G1 X59.284 Y131.172 Z0.550 E819.90570
G1 X58.864 Y131.172 Z0.550 E820.14137
G1 X58.445 Y131.216 Z0.550 E820.37834
G1 X58.025 Y131.304 Z0.550 E820.61915
G1 X57.605 Y131.437 Z0.550 E820.86623
G1 X57.185 Y131.613 Z0.550 E821.12183
G1 X56.765 Y131.833 Z0.550 E821.38799
G1 X54.456 Y133.167 Z0.550 E822.88470
G1 X53.994 Y133.407 Z0.550 E823.17684
G1 X53.532 Y133.593 Z0.550 E823.45645
G1 X53.070 Y133.727 Z0.550 E823.72627
G1 X52.608 Y133.807 Z0.550 E823.98937
G1 X52.146 Y133.833 Z0.550 E824.24904
G1 X51.684 Y133.807 Z0.550 E824.50871
G1 X51.222 Y133.727 Z0.550 E824.77180
G1 X50.761 Y133.593 Z0.550 E825.04163
G1 X50.299 Y133.407 Z0.550 E825.32123
G1 X49.837 Y133.167 Z0.550 E825.61338
G1 X47.527 Y131.833 Z0.550 E827.11008
G1 X47.065 Y131.593 Z0.550 E827.40223
G1 X46.604 Y131.407 Z0.550 E827.68184
G1 X46.142 Y131.273 Z0.550 E827.95166
G1 X45.680 Y131.193 Z0.550 E828.21476
G1 X45.218 Y131.167 Z0.550 E828.47443
G1 X44.756 Y131.193 Z0.550 E828.73409
G1 X44.294 Y131.273 Z0.550 E828.99719
G1 X43.832 Y131.407 Z0.550 E829.26701
G1 X43.370 Y131.593 Z0.550 E829.54662
G1 X42.909 Y131.833 Z0.550 E829.83877
G1 X40.599 Y133.167 Z0.550 E831.33547
G1 X40.179 Y133.387 Z0.550 E831.60163
G1 X39.759 Y133.563 Z0.550 E831.85723
G1 X39.339 Y133.696 Z0.550 E832.10431
G1 X38.920 Y133.784 Z0.550 E832.34512
G1 X38.500 Y133.828 Z0.550 E832.58209
G1 X38.080 Y133.828 Z0.550 E832.81776
G1 X37.660 Y133.784 Z0.550 E833.05472
G1 X37.240 Y133.696 Z0.550 E833.29553
G1 X36.820 Y133.563 Z0.550 E833.54261
G1 X36.400 Y133.387 Z0.550 E833.79821
G1 X35.980 Y133.167 Z0.550 E834.06437
G1 X33.671 Y131.833 Z0.550 E835.56108
G1 X33.446 Y131.710 Z0.550 E835.70517
G1 X33.232 Y131.607 Z0.550 E835.83836
G1 X33.030 Y131.523 Z0.550 E835.96104
G1 X32.840 Y131.460 Z0.550 E836.07373
G1 X32.661 Y131.417 Z0.550 E836.17709
G1 X32.493 Y131.393 Z0.550 E836.27197
G1 X32.337 Y131.390 Z0.550 E836.35948
G1 X32.193 Y131.407 Z0.550 E836.44103
G1 X32.060 Y131.443 Z0.550 E836.51835
G1 X31.939 Y131.500 Z0.550 E836.59347
G1 X31.829 Y131.577 Z0.550 E836.66858
G1 X31.731 Y131.673 Z0.550 E836.74590
G1 X31.644 Y131.790 Z0.550 E836.82745
G1 X31.569 Y131.927 Z0.550 E836.91497
G1 X31.506 Y132.083 Z0.550 E837.00985
G1 X31.454 Y132.260 Z0.550 E837.11320
G1 X31.414 Y132.457 Z0.550 E837.22589
G1 X31.385 Y132.673 Z0.550 E837.34857
G1 X31.367 Y132.910 Z0.550 E837.48176
G1 X31.362 Y133.167 Z0.550 E837.62586
G1 X31.362 Y135.833 Z0.550 E839.12256
G1 X31.385 Y136.353 Z0.550 E839.41471
G1 X31.454 Y136.847 Z0.550 E839.69432
G1 X31.569 Y137.313 Z0.550 E839.96414
G1 X31.731 Y137.753 Z0.550 E840.22724
G1 X31.939 Y138.167 Z0.550 E840.48690
G1 X32.193 Y138.553 Z0.550 E840.74657
G1 X32.493 Y138.913 Z0.550 E841.00967
G1 X32.840 Y139.247 Z0.550 E841.27949
G1 X33.232 Y139.553 Z0.550 E841.55910
G1 X33.671 Y139.833 Z0.550 E841.85125
G1 X35.980 Y141.167 Z0.550 E843.34795
G1 X36.400 Y141.387 Z0.550 E843.61411
G1 X36.820 Y141.563 Z0.550 E843.86971
G1 X37.240 Y141.696 Z0.550 E844.11679
G1 X37.660 Y141.784 Z0.550 E844.35760
G1 X38.080 Y141.828 Z0.550 E844.59457
G1 X38.500 Y141.828 Z0.550 E844.83024
G1 X38.920 Y141.784 Z0.550 E845.06720
G1 X39.339 Y141.696 Z0.550 E845.30801
G1 X39.759 Y141.563 Z0.550 E845.55509
G1 X40.179 Y141.387 Z0.550 E845.81069
G1 X40.599 Y141.167 Z0.550 E846.07685
G1 X42.909 Y139.833 Z0.550 E847.57356
G1 X43.370 Y139.593 Z0.550 E847.86570
G1 X43.832 Y139.407 Z0.550 E848.14531
G1 X44.294 Y139.273 Z0.550 E848.41513
G1 X44.756 Y139.193 Z0.550 E848.67823
G1 X45.218 Y139.167 Z0.550 E848.93790
G1 X45.680 Y139.193 Z0.550 E849.19757
G1 X46.142 Y139.273 Z0.550 E849.46066
G1 X46.604 Y139.407 Z0.550 E849.73049
G1 X47.065 Y139.593 Z0.550 E850.01009
G1 X47.527 Y139.833 Z0.550 E850.30224
G1 X49.837 Y141.167 Z0.550 E851.79895
G1 X50.299 Y141.407 Z0.550 E852.09109
G1 X50.761 Y141.593 Z0.550 E852.37070
G1 X51.222 Y141.727 Z0.550 E852.64052
G1 X51.684 Y141.807 Z0.550 E852.90362
G1 X52.146 Y141.833 Z0.550 E853.16329
G1 X52.608 Y141.807 Z0.550 E853.42296
G1 X53.070 Y141.727 Z0.550 E853.68605
G1 X53.532 Y141.593 Z0.550 E853.95588
G1 X53.994 Y141.407 Z0.550 E854.23548
G1 X54.456 Y141.167 Z0.550 E854.52763
G1 X56.765 Y139.833 Z0.550 E856.02433
G1 X57.185 Y139.613 Z0.550 E856.29049
G1 X57.605 Y139.437 Z0.550 E856.54610
G1 X58.025 Y139.304 Z0.550 E856.79318
G1 X58.445 Y139.216 Z0.550 E857.03398
G1 X58.864 Y139.172 Z0.550 E857.27095
G1 X59.284 Y139.172 Z0.550 E857.50662
G1 X59.704 Y139.216 Z0.550 E857.74358
G1 X60.124 Y139.304 Z0.550 E857.98439
G1 X60.544 Y139.437 Z0.550 E858.23147
G1 X60.964 Y139.613 Z0.550 E858.48707
G1 X61.384 Y139.833 Z0.550 E858.75323
G1 X63.693 Y141.167 Z0.550 E860.24994
G1 X64.155 Y141.407 Z0.550 E860.54209
G1 X64.617 Y141.593 Z0.550 E860.82169
G1 X65.079 Y141.727 Z0.550 E861.09152
G1 X65.541 Y141.807 Z0.550 E861.35461
G1 X66.003 Y141.833 Z0.550 E861.61428
G1 X66.464 Y141.807 Z0.550 E861.87395
G1 X66.926 Y141.727 Z0.550 E862.13705
G1 X67.388 Y141.593 Z0.550 E862.40687
G1 X67.850 Y141.407 Z0.550 E862.68648
G1 X68.312 Y141.167 Z0.550 E862.97862
G1 X70.621 Y139.833 Z0.550 E864.47533
G1 X71.041 Y139.613 Z0.550 E864.74149
G1 X71.461 Y139.437 Z0.550 E864.99709
G1 X71.881 Y139.304 Z0.550 E865.24417
G1 X72.301 Y139.216 Z0.550 E865.48498
G1 X72.721 Y139.172 Z0.550 E865.72194
G1 X73.141 Y139.172 Z0.550 E865.95761
G1 X73.561 Y139.216 Z0.550 E866.19458
G1 X73.981 Y139.304 Z0.550 E866.43539
G1 X74.400 Y139.437 Z0.550 E866.68247
G1 X74.820 Y139.613 Z0.550 E866.93807
G1 X75.240 Y139.833 Z0.550 E867.20423
G1 X77.550 Y141.167 Z0.550 E868.70093
G1 X77.969 Y141.387 Z0.550 E868.96709
G1 X78.389 Y141.563 Z0.550 E869.22270
G1 X78.809 Y141.696 Z0.550 E869.46978
G1 X79.229 Y141.784 Z0.550 E869.71058
G1 X79.649 Y141.828 Z0.550 E869.94755
G1 X80.069 Y141.828 Z0.550 E870.18322
G1 X80.489 Y141.784 Z0.550 E870.42018
G1 X80.909 Y141.696 Z0.550 E870.66099
G1 X81.329 Y141.563 Z0.550 E870.90807
G1 X81.748 Y141.387 Z0.550 E871.16367
G1 X82.168 Y141.167 Z0.550 E871.42983
G1 X84.478 Y139.833 Z0.550 E872.92654
G1 X84.940 Y139.593 Z0.550 E873.21869
G1 X85.402 Y139.407 Z0.550 E873.49829
G1 X85.863 Y139.273 Z0.550 E873.76812
G1 X86.325 Y139.193 Z0.550 E874.03121
G1 X86.787 Y139.167 Z0.550 E874.29088
G1 X87.249 Y139.193 Z0.550 E874.55055
G1 X87.711 Y139.273 Z0.550 E874.81365
G1 X88.173 Y139.407 Z0.550 E875.08347
G1 X88.635 Y139.593 Z0.550 E875.36308
G1 X89.097 Y139.833 Z0.550 E875.65522
G1 X91.406 Y141.167 Z0.550 E877.15193
G1 X91.826 Y141.387 Z0.550 E877.41809
G1 X92.246 Y141.563 Z0.550 E877.67369
G1 X92.666 Y141.696 Z0.550 E877.92077
G1 X93.086 Y141.784 Z0.550 E878.16158
G1 X93.505 Y141.828 Z0.550 E878.39854
G1 X93.925 Y141.828 Z0.550 E878.63421
G1 X94.345 Y141.784 Z0.550 E878.87118
G1 X94.765 Y141.696 Z0.550 E879.11199
G1 X95.185 Y141.563 Z0.550 E879.35907
G1 X95.605 Y141.387 Z0.550 E879.61467
G1 X96.025 Y141.167 Z0.550 E879.88083
G1 X98.334 Y139.833 Z0.550 E881.37753
G1 X98.754 Y139.613 Z0.550 E881.64369
G1 X99.174 Y139.437 Z0.550 E881.89930
G1 X99.594 Y139.304 Z0.550 E882.14638
G1 X100.014 Y139.216 Z0.550 E882.38718
G1 X100.434 Y139.172 Z0.550 E882.62415
G1 X100.854 Y139.172 Z0.550 E882.85982
G1 X101.273 Y139.216 Z0.550 E883.09678
G1 X101.693 Y139.304 Z0.550 E883.33759
G1 X102.113 Y139.437 Z0.550 E883.58467
G1 X102.533 Y139.613 Z0.550 E883.84027
G1 X102.953 Y139.833 Z0.550 E884.10643
G1 X105.262 Y141.167 Z0.550 E885.60314
G1 X105.724 Y141.407 Z0.550 E885.89529
G1 X106.186 Y141.593 Z0.550 E886.17489
G1 X106.648 Y141.727 Z0.550 E886.44472
G1 X107.110 Y141.807 Z0.550 E886.70781
G1 X107.572 Y141.833 Z0.550 E886.96748
G1 X108.034 Y141.807 Z0.550 E887.22715
G1 X108.496 Y141.727 Z0.550 E887.49025
G1 X108.957 Y141.593 Z0.550 E887.76007
G1 X109.419 Y141.407 Z0.550 E888.03968
G1 X109.881 Y141.167 Z0.550 E888.33182
G1 X112.191 Y139.833 Z0.550 E889.82853
G1 X112.610 Y139.613 Z0.550 E890.09469
G1 X113.030 Y139.437 Z0.550 E890.35029
G1 X113.450 Y139.304 Z0.550 E890.59737
G1 X113.870 Y139.216 Z0.550 E890.83818
G1 X114.290 Y139.172 Z0.550 E891.07514
G1 X114.710 Y139.172 Z0.550 E891.31081
G1 X115.130 Y139.216 Z0.550 E891.54778
G1 X115.550 Y139.304 Z0.550 E891.78859
G1 X115.970 Y139.437 Z0.550 E892.03567
G1 X116.390 Y139.613 Z0.550 E892.29127
G1 X116.809 Y139.833 Z0.550 E892.55743
G1 X119.119 Y141.167 Z0.550 E894.05413
G1 X119.539 Y141.387 Z0.550 E894.32029
G1 X119.959 Y141.563 Z0.550 E894.57590
G1 X120.378 Y141.696 Z0.550 E894.82298
G1 X120.798 Y141.784 Z0.550 E895.06378
G1 X121.218 Y141.828 Z0.550 E895.30075
G1 X121.638 Y141.828 Z0.550 E895.53642
G1 X122.058 Y141.784 Z0.550 E895.77338
G1 X122.478 Y141.696 Z0.550 E896.01419
G1 X122.898 Y141.563 Z0.550 E896.26127
G1 X123.318 Y141.387 Z0.550 E896.51687
G1 X123.738 Y141.167 Z0.550 E896.78303
G1 X126.047 Y139.833 Z0.550 E898.27974
G1 X126.509 Y139.593 Z0.550 E898.57189
G1 X126.971 Y139.407 Z0.550 E898.85149
G1 X127.433 Y139.273 Z0.550 E899.12132
G1 X127.895 Y139.193 Z0.550 E899.38441
G1 X128.356 Y139.167 Z0.550 E899.64408
G1 X128.818 Y139.193 Z0.550 E899.90375
G1 X129.280 Y139.273 Z0.550 E900.16685
G1 X129.742 Y139.407 Z0.550 E900.43667
G1 X130.204 Y139.593 Z0.550 E900.71628
G1 X130.666 Y139.833 Z0.550 E901.00842
G1 X132.975 Y141.167 Z0.550 E902.50513
G1 X133.437 Y141.407 Z0.550 E902.79727
G1 X133.899 Y141.593 Z0.550 E903.07688
G1 X134.361 Y141.727 Z0.550 E903.34670
G1 X134.823 Y141.807 Z0.550 E903.60980
G1 X135.285 Y141.833 Z0.550 E903.86947
G1 X135.746 Y141.807 Z0.550 E904.12914
G1 X136.208 Y141.727 Z0.550 E904.39224
G1 X136.670 Y141.593 Z0.550 E904.66206
G1 X137.132 Y141.407 Z0.550 E904.94167
G1 X137.594 Y141.167 Z0.550 E905.23381
G1 X139.903 Y139.833 Z0.550 E906.73052
G1 X140.323 Y139.613 Z0.550 E906.99668
G1 X140.743 Y139.437 Z0.550 E907.25228
G1 X141.163 Y139.304 Z0.550 E907.49936
G1 X141.583 Y139.216 Z0.550 E907.74017
G1 X142.003 Y139.172 Z0.550 E907.97713
G1 X142.423 Y139.172 Z0.550 E908.21280
G1 X142.843 Y139.216 Z0.550 E908.44977
G1 X143.263 Y139.304 Z0.550 E908.69058
G1 X143.682 Y139.437 Z0.550 E908.93766
G1 X144.102 Y139.613 Z0.550 E909.19326
G1 X144.522 Y139.833 Z0.550 E909.45942
G1 X146.832 Y141.167 Z0.550 E910.95612
G1 X147.293 Y141.407 Z0.550 E911.24827
G1 X147.755 Y141.593 Z0.550 E911.52788
G1 X148.217 Y141.727 Z0.550 E911.79770
G1 X148.679 Y141.807 Z0.550 E912.06080
G1 X149.141 Y141.833 Z0.550 E912.32046
G1 X149.603 Y141.807 Z0.550 E912.58013
G1 X150.065 Y141.727 Z0.550 E912.84323
G1 X150.527 Y141.593 Z0.550 E913.11305
G1 X150.989 Y141.407 Z0.550 E913.39266
G1 X151.450 Y141.167 Z0.550 E913.68481
G1 X153.760 Y139.833 Z0.550 E915.18151
G1 X154.222 Y139.593 Z0.550 E915.47366
G1 X154.684 Y139.407 Z0.550 E915.75327
G1 X155.145 Y139.273 Z0.550 E916.02309
G1 X155.607 Y139.193 Z0.550 E916.28618
G1 X156.069 Y139.167 Z0.550 E916.54585
G1 X156.531 Y139.193 Z0.550 E916.80552
G1 X156.993 Y139.273 Z0.550 E917.06862
G1 X157.455 Y139.407 Z0.550 E917.33844
G1 X157.917 Y139.593 Z0.550 E917.61805
G1 X158.379 Y139.833 Z0.550 E917.91020
G1 X160.688 Y141.167 Z0.550 E919.40690
G1 X161.108 Y141.387 Z0.550 E919.67306
G1 X161.528 Y141.563 Z0.550 E919.92866
G1 X161.948 Y141.696 Z0.550 E920.17574
G1 X162.368 Y141.784 Z0.550 E920.41655
G1 X162.787 Y141.828 Z0.550 E920.65352
G1 X163.207 Y141.828 Z0.550 E920.88919
G1 X163.627 Y141.784 Z0.550 E921.12615
G1 X164.047 Y141.696 Z0.550 E921.36696
G1 X164.467 Y141.563 Z0.550 E921.61404
G1 X164.887 Y141.387 Z0.550 E921.86964
G1 X165.307 Y141.167 Z0.550 E922.13580
G1 X167.616 Y139.833 Z0.550 E923.63251
G1 X168.078 Y139.593 Z0.550 E923.92465
G1 X168.540 Y139.407 Z0.550 E924.20426
G1 X169.002 Y139.273 Z0.550 E924.47408
G1 X169.464 Y139.193 Z0.550 E924.73718
G1 X169.926 Y139.167 Z0.550 E924.99685
G1 X170.388 Y139.193 Z0.550 E925.25652
G1 X170.849 Y139.273 Z0.550 E925.51961
G1 X171.311 Y139.407 Z0.550 E925.78944
G1 X171.773 Y139.593 Z0.550 E926.06904
G1 X172.235 Y139.833 Z0.550 E926.36119
G1 X174.544 Y141.167 Z0.550 E927.85790
G1 X175.006 Y141.407 Z0.550 E928.15004
G1 X175.468 Y141.593 Z0.550 E928.42965
G1 X175.930 Y141.727 Z0.550 E928.69947
G1 X176.392 Y141.807 Z0.550 E928.96257
G1 X176.854 Y141.833 Z0.550 E929.22224
G1 X177.316 Y141.807 Z0.550 E929.48191
G1 X177.778 Y141.727 Z0.550 E929.74500
G1 X178.239 Y141.593 Z0.550 E930.01483
G1 X178.701 Y141.407 Z0.550 E930.29443
G1 X179.163 Y141.167 Z0.550 E930.58658
G1 X181.473 Y139.833 Z0.550 E932.08328
G1 X181.893 Y139.613 Z0.550 E932.34944
G1 X182.312 Y139.437 Z0.550 E932.60505
G1 X182.732 Y139.304 Z0.550 E932.85213
G1 X183.152 Y139.216 Z0.550 E933.09293
G1 X183.572 Y139.172 Z0.550 E933.32990
G1 X183.992 Y139.172 Z0.550 E933.56557
G1 X184.412 Y139.216 Z0.550 E933.80253
G1 X184.832 Y139.304 Z0.550 E934.04334
G1 X185.252 Y139.437 Z0.550 E934.29042
G1 X185.672 Y139.613 Z0.550 E934.54602
G1 X186.091 Y139.833 Z0.550 E934.81218
G1 X188.401 Y141.167 Z0.550 E936.30889
G1 X188.863 Y141.407 Z0.550 E936.60104
G1 X189.325 Y141.593 Z0.550 E936.88064
G1 X189.786 Y141.727 Z0.550 E937.15047
G1 X190.248 Y141.807 Z0.550 E937.41356
G1 X190.710 Y141.833 Z0.550 E937.67323
G1 X191.172 Y141.807 Z0.550 E937.93290
G1 X191.634 Y141.727 Z0.550 E938.19600
G1 X192.096 Y141.593 Z0.550 E938.46582
G1 X192.558 Y141.407 Z0.550 E938.74543
G1 X193.020 Y141.167 Z0.550 E939.03757
G1 X195.329 Y139.833 Z0.550 E940.53428
G1 X195.554 Y139.710 Z0.550 E940.67837
G1 X195.768 Y139.607 Z0.550 E940.81156
G1 X195.970 Y139.523 Z0.550 E940.93424
G1 X196.160 Y139.460 Z0.550 E941.04693
G1 X196.339 Y139.417 Z0.550 E941.15029
G1 X196.507 Y139.393 Z0.550 E941.24517
G1 X196.663 Y139.390 Z0.550 E941.33268
G1 X196.807 Y139.407 Z0.550 E941.41423
G1 X196.940 Y139.443 Z0.550 E941.49155
G1 X197.061 Y139.500 Z0.550 E941.56667
G1 X197.171 Y139.577 Z0.550 E941.64178
G1 X197.269 Y139.673 Z0.550 E941.71910
G1 X197.356 Y139.790 Z0.550 E941.80065
G1 X197.431 Y139.927 Z0.550 E941.88817
G1 X197.494 Y140.083 Z0.550 E941.98305
G1 X197.546 Y140.260 Z0.550 E942.08640
G1 X197.586 Y140.457 Z0.550 E942.19909
G1 X197.615 Y140.673 Z0.550 E942.32177
G1 X197.633 Y140.910 Z0.550 E942.45496
G1 X197.638 Y141.167 Z0.550 E942.59906
G1 X197.638 Y143.833 Z0.550 E944.09576
G1 X197.619 Y144.307 Z0.550 E944.36192
G1 X197.562 Y144.759 Z0.550 E944.61752
G1 X197.467 Y145.189 Z0.550 E944.86460
G1 X197.333 Y145.596 Z0.550 E945.10541
G1 X197.161 Y145.982 Z0.550 E945.34238
G1 X196.951 Y146.346 Z0.550 E945.57805
G1 X196.703 Y146.687 Z0.550 E945.81501
G1 X196.417 Y147.007 Z0.550 E946.05582
G1 X196.092 Y147.304 Z0.550 E946.30290
G1 X195.730 Y147.580 Z0.550 E946.55850
G1 X195.329 Y147.833 Z0.550 E946.82466
G1 X193.020 Y149.167 Z0.550 E948.32137
G1 X192.558 Y149.407 Z0.550 E948.61351
G1 X192.096 Y149.593 Z0.550 E948.89312
G1 X191.634 Y149.727 Z0.550 E949.16294
G1 X191.172 Y149.807 Z0.550 E949.42604
G1 X190.710 Y149.833 Z0.550 E949.68571
G1 X190.248 Y149.807 Z0.550 E949.94538
G1 X189.786 Y149.727 Z0.550 E950.20848
G1 X189.325 Y149.593 Z0.550 E950.47830
G1 X188.863 Y149.407 Z0.550 E950.75791
G1 X188.401 Y149.167 Z0.550 E951.05005
G1 X186.091 Y147.833 Z0.550 E952.54676
G1 X185.672 Y147.613 Z0.550 E952.81292
G1 X185.252 Y147.437 Z0.550 E953.06852
G1 X184.832 Y147.304 Z0.550 E953.31560
G1 X184.412 Y147.216 Z0.550 E953.55641
G1 X183.992 Y147.172 Z0.550 E953.79337
G1 X183.572 Y147.172 Z0.550 E954.02904
G1 X183.152 Y147.216 Z0.550 E954.26601
G1 X182.732 Y147.304 Z0.550 E954.50681
G1 X182.312 Y147.437 Z0.550 E954.75389
G1 X181.893 Y147.613 Z0.550 E955.00950
G1 X181.473 Y147.833 Z0.550 E955.27566
G1 X179.163 Y149.167 Z0.550 E956.77236
G1 X178.701 Y149.407 Z0.550 E957.06451
G1 X178.239 Y149.593 Z0.550 E957.34412
G1 X177.778 Y149.727 Z0.550 E957.61394
G1 X177.316 Y149.807 Z0.550 E957.87704
G1 X176.854 Y149.833 Z0.550 E958.13670
G1 X176.392 Y149.807 Z0.550 E958.39637
G1 X175.930 Y149.727 Z0.550 E958.65947
G1 X175.468 Y149.593 Z0.550 E958.92929
G1 X175.006 Y149.407 Z0.550 E959.20890
G1 X174.544 Y149.167 Z0.550 E959.50105
G1 X172.235 Y147.833 Z0.550 E960.99775
G1 X171.773 Y147.593 Z0.550 E961.28990
G1 X171.311 Y147.407 Z0.550 E961.56950
G1 X170.849 Y147.273 Z0.550 E961.83933
G1 X170.388 Y147.193 Z0.550 E962.10242
G1 X169.926 Y147.167 Z0.550 E962.36209
G1 X169.464 Y147.193 Z0.550 E962.62176
G1 X169.002 Y147.273 Z0.550 E962.88486
G1 X168.540 Y147.407 Z0.550 E963.15468
G1 X168.078 Y147.593 Z0.550 E963.43429
G1 X167.616 Y147.833 Z0.550 E963.72643
G1 X165.307 Y149.167 Z0.550 E965.22314
G1 X164.887 Y149.387 Z0.550 E965.48930
G1 X164.467 Y149.563 Z0.550 E965.74490
G1 X164.047 Y149.696 Z0.550 E965.99198
G1 X163.627 Y149.784 Z0.550 E966.23279
G1 X163.207 Y149.828 Z0.550 E966.46975
G1 X162.787 Y149.828 Z0.550 E966.70543
G1 X162.368 Y149.784 Z0.550 E966.94239
G1 X161.948 Y149.696 Z0.550 E967.18320
G1 X161.528 Y149.563 Z0.550 E967.43028
G1 X161.108 Y149.387 Z0.550 E967.68588
G1 X160.688 Y149.167 Z0.550 E967.95204
G1 X158.379 Y147.833 Z0.550 E969.44875
G1 X157.917 Y147.593 Z0.550 E969.74089
G1 X157.455 Y147.407 Z0.550 E970.02050
G1 X156.993 Y147.273 Z0.550 E970.29032
G1 X156.531 Y147.193 Z0.550 E970.55342
G1 X156.069 Y147.167 Z0.550 E970.81309
G1 X155.607 Y147.193 Z0.550 E971.07276
G1 X155.145 Y147.273 Z0.550 E971.33585
G1 X154.684 Y147.407 Z0.550 E971.60568
G1 X154.222 Y147.593 Z0.550 E971.88528
G1 X153.760 Y147.833 Z0.550 E972.17743
G1 X151.450 Y149.167 Z0.550 E973.67413
G1 X150.989 Y149.407 Z0.550 E973.96628
G1 X150.527 Y149.593 Z0.550 E974.24589
G1 X150.065 Y149.727 Z0.550 E974.51571
G1 X149.603 Y149.807 Z0.550 E974.77881
G1 X149.141 Y149.833 Z0.550 E975.03848
G1 X148.679 Y149.807 Z0.550 E975.29814
G1 X148.217 Y149.727 Z0.550 E975.56124
G1 X147.755 Y149.593 Z0.550 E975.83106
G1 X147.293 Y149.407 Z0.550 E976.11067
G1 X146.832 Y149.167 Z0.550 E976.40282
G1 X144.522 Y147.833 Z0.550 E977.89952
G1 X144.102 Y147.613 Z0.550 E978.16568
G1 X143.682 Y147.437 Z0.550 E978.42129
G1 X143.263 Y147.304 Z0.550 E978.66837
G1 X142.843 Y147.216 Z0.550 E978.90917
G1 X142.423 Y147.172 Z0.550 E979.14614
G1 X142.003 Y147.172 Z0.550 E979.38181
G1 X141.583 Y147.216 Z0.550 E979.61877
G1 X141.163 Y147.304 Z0.550 E979.85958
G1 X140.743 Y147.437 Z0.550 E980.10666
G1 X140.323 Y147.613 Z0.550 E980.36226
G1 X139.903 Y147.833 Z0.550 E980.62842
G1 X137.594 Y149.167 Z0.550 E982.12513
G1 X137.132 Y149.407 Z0.550 E982.41727
G1 X136.670 Y149.593 Z0.550 E982.69688
G1 X136.208 Y149.727 Z0.550 E982.96670
G1 X135.746 Y149.807 Z0.550 E983.22980
G1 X135.285 Y149.833 Z0.550 E983.48947
G1 X134.823 Y149.807 Z0.550 E983.74914
G1 X134.361 Y149.727 Z0.550 E984.01224
G1 X133.899 Y149.593 Z0.550 E984.28206
G1 X133.437 Y149.407 Z0.550 E984.56167
G1 X132.975 Y149.167 Z0.550 E984.85381
G1 X130.666 Y147.833 Z0.550 E986.35052
G1 X130.204 Y147.593 Z0.550 E986.64266
G1 X129.742 Y147.407 Z0.550 E986.92227
G1 X129.280 Y147.273 Z0.550 E987.19209
G1 X128.818 Y147.193 Z0.550 E987.45519
G1 X128.356 Y147.167 Z0.550 E987.71486
G1 X127.895 Y147.193 Z0.550 E987.97453
G1 X127.433 Y147.273 Z0.550 E988.23763
G1 X126.971 Y147.407 Z0.550 E988.50745
G1 X126.509 Y147.593 Z0.550 E988.78706
G1 X126.047 Y147.833 Z0.550 E989.07920
G1 X123.738 Y149.167 Z0.550 E990.57591
G1 X123.318 Y149.387 Z0.550 E990.84207
G1 X122.898 Y149.563 Z0.550 E991.09767
G1 X122.478 Y149.696 Z0.550 E991.34475
G1 X122.058 Y149.784 Z0.550 E991.58556
G1 X121.638 Y149.828 Z0.550 E991.82252
G1 X121.218 Y149.828 Z0.550 E992.05819
G1 X120.798 Y149.784 Z0.550 E992.29516
G1 X120.378 Y149.696 Z0.550 E992.53596
G1 X119.959 Y149.563 Z0.550 E992.78304
G1 X119.539 Y149.387 Z0.550 E993.03865
G1 X119.119 Y149.167 Z0.550 E993.30481
G1 X116.809 Y147.833 Z0.550 E994.80151
G1 X116.390 Y147.613 Z0.550 E995.06767
G1 X115.970 Y147.437 Z0.550 E995.32327
G1 X115.550 Y147.304 Z0.550 E995.57035
G1 X115.130 Y147.216 Z0.550 E995.81116
G1 X114.710 Y147.172 Z0.550 E996.04813
G1 X114.290 Y147.172 Z0.550 E996.28380
G1 X113.870 Y147.216 Z0.550 E996.52076
G1 X113.450 Y147.304 Z0.550 E996.76157
G1 X113.030 Y147.437 Z0.550 E997.00865
G1 X112.610 Y147.613 Z0.550 E997.26425
G1 X112.191 Y147.833 Z0.550 E997.53041
G1 X109.881 Y149.167 Z0.550 E999.02712
G1 X109.419 Y149.407 Z0.550 E999.31926
G1 X108.957 Y149.593 Z0.550 E999.59887
G1 X108.496 Y149.727 Z0.550 E999.86869
G1 X108.034 Y149.807 Z0.550 E1000.13179
G1 X107.572 Y149.833 Z0.550 E1000.39146
G1 X107.110 Y149.807 Z0.550 E1000.65113
G1 X106.648 Y149.727 Z0.550 E1000.91423
G1 X106.186 Y149.593 Z0.550 E1001.18405
G1 X105.724 Y149.407 Z0.550 E1001.46366
G1 X105.262 Y149.167 Z0.550 E1001.75580
G1 X102.953 Y147.833 Z0.550 E1003.25251
G1 X102.533 Y147.613 Z0.550 E1003.51867
G1 X102.113 Y147.437 Z0.550 E1003.77427
G1 X101.693 Y147.304 Z0.550 E1004.02135
G1 X101.273 Y147.216 Z0.550 E1004.26216
G1 X100.854 Y147.172 Z0.550 E1004.49912
G1 X100.434 Y147.172 Z0.550 E1004.73479
G1 X100.014 Y147.216 Z0.550 E1004.97176
G1 X99.594 Y147.304 Z0.550 E1005.21256
G1 X99.174 Y147.437 Z0.550 E1005.45964
G1 X98.754 Y147.613 Z0.550 E1005.71525
G1 X98.334 Y147.833 Z0.550 E1005.98141
G1 X96.025 Y149.167 Z0.550 E1007.47811
G1 X95.605 Y149.387 Z0.550 E1007.74427
G1 X95.185 Y149.563 Z0.550 E1007.99987
G1 X94.765 Y149.696 Z0.550 E1008.24695
G1 X94.345 Y149.784 Z0.550 E1008.48776
G1 X93.925 Y149.828 Z0.550 E1008.72473
G1 X93.505 Y149.828 Z0.550 E1008.96040
G1 X93.086 Y149.784 Z0.550 E1009.19736
G1 X92.666 Y149.696 Z0.550 E1009.43817
G1 X92.246 Y149.563 Z0.550 E1009.68525
G1 X91.826 Y149.387 Z0.550 E1009.94085
G1 X91.406 Y149.167 Z0.550 E1010.20701
G1 X89.097 Y147.833 Z0.550 E1011.70372
G1 X88.635 Y147.593 Z0.550 E1011.99586
G1 X88.173 Y147.407 Z0.550 E1012.27547
G1 X87.711 Y147.273 Z0.550 E1012.54529
G1 X87.249 Y147.193 Z0.550 E1012.80839
G1 X86.787 Y147.167 Z0.550 E1013.06806
G1 X86.325 Y147.193 Z0.550 E1013.32773
G1 X85.863 Y147.273 Z0.550 E1013.59083
G1 X85.402 Y147.407 Z0.550 E1013.86065
G1 X84.940 Y147.593 Z0.550 E1014.14026
G1 X84.478 Y147.833 Z0.550 E1014.43240
G1 X82.168 Y149.167 Z0.550 E1015.92911
G1 X81.748 Y149.387 Z0.550 E1016.19527
G1 X81.329 Y149.563 Z0.550 E1016.45087
G1 X80.909 Y149.696 Z0.550 E1016.69795
G1 X80.489 Y149.784 Z0.550 E1016.93876
G1 X80.069 Y149.828 Z0.550 E1017.17572
G1 X79.649 Y149.828 Z0.550 E1017.41139
G1 X79.229 Y149.784 Z0.550 E1017.64836
G1 X78.809 Y149.696 Z0.550 E1017.88916
G1 X78.389 Y149.563 Z0.550 E1018.13624
G1 X77.969 Y149.387 Z0.550 E1018.39185
G1 X77.550 Y149.167 Z0.550 E1018.65801
G1 X75.240 Y147.833 Z0.550 E1020.15471
G1 X74.820 Y147.613 Z0.550 E1020.42087
G1 X74.400 Y147.437 Z0.550 E1020.67647
G1 X73.981 Y147.304 Z0.550 E1020.92355
G1 X73.561 Y147.216 Z0.550 E1021.16436
G1 X73.141 Y147.172 Z0.550 E1021.40133
G1 X72.721 Y147.172 Z0.550 E1021.63700
G1 X72.301 Y147.216 Z0.550 E1021.87396
G1 X71.881 Y147.304 Z0.550 E1022.11477
G1 X71.461 Y147.437 Z0.550 E1022.36185
G1 X71.041 Y147.613 Z0.550 E1022.61745
G1 X70.621 Y147.833 Z0.550 E1022.88361
G1 X68.312 Y149.167 Z0.550 E1024.38032
G1 X67.850 Y149.407 Z0.550 E1024.67246
G1 X67.388 Y149.593 Z0.550 E1024.95207
G1 X66.926 Y149.727 Z0.550 E1025.22189
G1 X66.464 Y149.807 Z0.550 E1025.48499
G1 X66.003 Y149.833 Z0.550 E1025.74466
G1 X65.541 Y149.807 Z0.550 E1026.00433
G1 X65.079 Y149.727 Z0.550 E1026.26743
G1 X64.617 Y149.593 Z0.550 E1026.53725
G1 X64.155 Y149.407 Z0.550 E1026.81686
G1 X63.693 Y149.167 Z0.550 E1027.10900
G1 X61.384 Y147.833 Z0.550 E1028.60571
G1 X60.964 Y147.613 Z0.550 E1028.87187
G1 X60.544 Y147.437 Z0.550 E1029.12747
G1 X60.124 Y147.304 Z0.550 E1029.37455
G1 X59.704 Y147.216 Z0.550 E1029.61536
G1 X59.284 Y147.172 Z0.550 E1029.85232
G1 X58.864 Y147.172 Z0.550 E1030.08799
G1 X58.445 Y147.216 Z0.550 E1030.32496
G1 X58.025 Y147.304 Z0.550 E1030.56576
G1 X57.605 Y147.437 Z0.550 E1030.81284
G1 X57.185 Y147.613 Z0.550 E1031.06845
G1 X56.765 Y147.833 Z0.550 E1031.33461
G1 X54.456 Y149.167 Z0.550 E1032.83131
G1 X53.994 Y149.407 Z0.550 E1033.12346
G1 X53.532 Y149.593 Z0.550 E1033.40307
G1 X53.070 Y149.727 Z0.550 E1033.67289
G1 X52.608 Y149.807 Z0.550 E1033.93598
G1 X52.146 Y149.833 Z0.550 E1034.19565
G1 X51.684 Y149.807 Z0.550 E1034.45532
G1 X51.222 Y149.727 Z0.550 E1034.71842
G1 X50.761 Y149.593 Z0.550 E1034.98824
G1 X50.299 Y149.407 Z0.550 E1035.26785
G1 X49.837 Y149.167 Z0.550 E1035.56000
G1 X47.527 Y147.833 Z0.550 E1037.05670
G1 X47.065 Y147.593 Z0.550 E1037.34885
G1 X46.604 Y147.407 Z0.550 E1037.62845
G1 X46.142 Y147.273 Z0.550 E1037.89828
G1 X45.680 Y147.193 Z0.550 E1038.16137
G1 X45.218 Y147.167 Z0.550 E1038.42104
G1 X44.756 Y147.193 Z0.550 E1038.68071
G1 X44.294 Y147.273 Z0.550 E1038.94381
G1 X43.832 Y147.407 Z0.550 E1039.21363
G1 X43.370 Y147.593 Z0.550 E1039.49324
G1 X42.909 Y147.833 Z0.550 E1039.78538
G1 X40.599 Y149.167 Z0.550 E1041.28209
G1 X40.179 Y149.387 Z0.550 E1041.54825
G1 X39.759 Y149.563 Z0.550 E1041.80385
G1 X39.339 Y149.696 Z0.550 E1042.05093
G1 X38.920 Y149.784 Z0.550 E1042.29174
G1 X38.500 Y149.828 Z0.550 E1042.52870
G1 X38.080 Y149.828 Z0.550 E1042.76437
G1 X37.660 Y149.784 Z0.550 E1043.00134
G1 X37.240 Y149.696 Z0.550 E1043.24215
G1 X36.820 Y149.563 Z0.550 E1043.48923
G1 X36.400 Y149.387 Z0.550 E1043.74483
G1 X35.980 Y149.167 Z0.550 E1044.01099
G1 X33.671 Y147.833 Z0.550 E1045.50770
G1 X33.232 Y147.553 Z0.550 E1045.79984
G1 X32.840 Y147.247 Z0.550 E1046.07945
G1 X32.493 Y146.913 Z0.550 E1046.34927
G1 X32.193 Y146.553 Z0.550 E1046.61237
G1 X31.939 Y146.167 Z0.550 E1046.87204
G1 X31.731 Y145.753 Z0.550 E1047.13171
G1 X31.569 Y145.313 Z0.550 E1047.39480
G1 X31.454 Y144.847 Z0.550 E1047.66463
G1 X31.385 Y144.353 Z0.550 E1047.94423
G1 X31.362 Y143.833 Z0.550 E1048.23638
G1 X31.362 Y77.167 Z0.550 E1085.65403
M107
M104 S0
M140 S0
G1 Z40.5 F900
G0 X10 Y215 F9000
